symbol,ex_date,type,value
AA,2016-10-06,split,0.3333333333333333
AA,2016-11-01,split,1.2484394506866416
AA,2016-11-02,dividend,0.09
AA,2021-10-28,dividend,0.1
AA,2022-03-07,dividend,0.1
AA,2022-05-16,dividend,0.1
AA,2022-08-08,dividend,0.1
AA,2022-10-31,dividend,0.1
AA,2023-03-06,dividend,0.1
AA,2023-05-15,dividend,0.1
AA,2023-08-07,dividend,0.1
AA,2023-10-30,dividend,0.1
AA,2024-03-04,dividend,0.1
AA,2024-05-20,dividend,0.1
AA,2024-08-12,dividend,0.1
AA,2024-10-29,dividend,0.1
AA,2025-03-04,dividend,0.1
AA,2025-05-20,dividend,0.1
AA,2025-08-12,dividend,0.1
AA,2025-11-04,dividend,0.1
AA,2026-03-10,dividend,0.1
AA,2026-05-19,dividend,0.1
AA,2026-08-11,dividend,0.1
AAL,2016-11-03,dividend,0.1
AAL,2017-02-09,dividend,0.1
AAL,2017-05-12,dividend,0.1
AAL,2017-08-10,dividend,0.1
AAL,2017-11-10,dividend,0.1
AAL,2018-02-05,dividend,0.1
AAL,2018-05-07,dividend,0.1
AAL,2018-08-06,dividend,0.1
AAL,2018-11-05,dividend,0.1
AAL,2019-02-05,dividend,0.1
AAL,2019-05-07,dividend,0.1
AAL,2019-08-06,dividend,0.1
AAL,2019-11-05,dividend,0.1
AAL,2020-02-04,dividend,0.1
AAPL,2016-11-03,dividend,0.1425
AAPL,2017-02-09,dividend,0.1425
AAPL,2017-05-11,dividend,0.1575
AAPL,2017-08-10,dividend,0.1575
AAPL,2017-11-10,dividend,0.1575
AAPL,2018-02-09,dividend,0.1575
AAPL,2018-05-11,dividend,0.1825
AAPL,2018-08-10,dividend,0.1825
AAPL,2018-11-08,dividend,0.1825
AAPL,2019-02-08,dividend,0.1825
AAPL,2019-05-10,dividend,0.1925
AAPL,2019-08-09,dividend,0.1925
AAPL,2019-11-07,dividend,0.1925
AAPL,2020-02-07,dividend,0.1925
AAPL,2020-05-08,dividend,0.205
AAPL,2020-08-07,dividend,0.205
AAPL,2020-08-31,split,4.0
AAPL,2020-11-06,dividend,0.205
AAPL,2021-02-05,dividend,0.205
AAPL,2021-05-07,dividend,0.22
AAPL,2021-08-06,dividend,0.22
AAPL,2021-11-05,dividend,0.22
AAPL,2022-02-04,dividend,0.22
AAPL,2022-05-06,dividend,0.23
AAPL,2022-08-05,dividend,0.23
AAPL,2022-11-04,dividend,0.23
AAPL,2023-02-10,dividend,0.23
AAPL,2023-05-12,dividend,0.24
AAPL,2023-08-11,dividend,0.24
AAPL,2023-11-10,dividend,0.24
AAPL,2024-02-09,dividend,0.24
AAPL,2024-05-10,dividend,0.25
AAPL,2024-08-12,dividend,0.25
AAPL,2024-11-08,dividend,0.25
AAPL,2025-02-10,dividend,0.25
AAPL,2025-05-12,dividend,0.26
AAPL,2025-08-11,dividend,0.26
AAPL,2025-11-10,dividend,0.26
AAPL,2026-02-09,dividend,0.26
AAPL,2026-05-11,dividend,0.27
AAPL,2026-08-10,dividend,0.27
ABAT,2023-09-11,split,0.06666666666666667
ABBV,2016-10-12,dividend,0.57
ABBV,2017-01-11,dividend,0.64
ABBV,2017-04-11,dividend,0.64
ABBV,2017-07-12,dividend,0.64
ABBV,2017-10-12,dividend,0.64
ABBV,2018-01-11,dividend,0.71
ABBV,2018-04-12,dividend,0.96
ABBV,2018-07-12,dividend,0.96
ABBV,2018-10-12,dividend,0.96
ABBV,2019-01-14,dividend,1.07
ABBV,2019-04-12,dividend,1.07
ABBV,2019-07-12,dividend,1.07
ABBV,2019-10-11,dividend,1.07
ABBV,2020-01-14,dividend,1.18
ABBV,2020-04-14,dividend,1.18
ABBV,2020-07-14,dividend,1.18
ABBV,2020-10-14,dividend,1.18
ABBV,2021-01-14,dividend,1.3
ABBV,2021-04-14,dividend,1.3
ABBV,2021-07-14,dividend,1.3
ABBV,2021-10-14,dividend,1.3
ABBV,2022-01-13,dividend,1.41
ABBV,2022-04-13,dividend,1.41
ABBV,2022-07-14,dividend,1.41
ABBV,2022-10-13,dividend,1.41
ABBV,2023-01-12,dividend,1.48
ABBV,2023-04-13,dividend,1.48
ABBV,2023-07-13,dividend,1.48
ABBV,2023-10-12,dividend,1.48
ABBV,2024-01-12,dividend,1.55
ABBV,2024-04-12,dividend,1.55
ABBV,2024-07-15,dividend,1.55
ABBV,2024-10-15,dividend,1.55
ABBV,2025-01-15,dividend,1.64
ABBV,2025-04-15,dividend,1.64
ABBV,2025-07-15,dividend,1.64
ABBV,2025-10-15,dividend,1.64
ABBV,2026-01-16,dividend,1.73
ABBV,2026-04-15,dividend,1.73
ABBV,2026-07-15,dividend,1.73
ABEV,2016-11-01,dividend,0.051
ABEV,2016-12-22,dividend,0.067
ABEV,2017-01-24,dividend,0.021
ABEV,2017-06-26,dividend,0.049
ABEV,2017-12-19,dividend,0.096
ABEV,2018-02-01,dividend,0.022
ABEV,2018-06-18,dividend,0.044
ABEV,2018-12-19,dividend,0.083
ABEV,2019-12-20,dividend,0.117
ABEV,2020-12-18,dividend,0.079
ABEV,2021-01-14,dividend,0.015
ABEV,2021-12-20,dividend,0.108
ABEV,2022-12-20,dividend,0.146
ABEV,2023-12-22,dividend,0.147
ABEV,2024-12-23,dividend,0.108
ABEV,2025-03-18,dividend,0.022
ABEV,2025-05-19,dividend,0.024
ABEV,2025-08-11,dividend,0.023
ABEV,2026-06-24,dividend,0.009
ABT,2016-10-12,dividend,0.26
ABT,2017-01-11,dividend,0.265
ABT,2017-04-11,dividend,0.265
ABT,2017-07-12,dividend,0.265
ABT,2017-10-12,dividend,0.265
ABT,2018-01-11,dividend,0.28
ABT,2018-04-12,dividend,0.28
ABT,2018-07-12,dividend,0.28
ABT,2018-10-12,dividend,0.28
ABT,2019-01-14,dividend,0.32
ABT,2019-04-12,dividend,0.32
ABT,2019-07-12,dividend,0.32
ABT,2019-10-11,dividend,0.32
ABT,2020-01-14,dividend,0.36
ABT,2020-04-14,dividend,0.36
ABT,2020-07-14,dividend,0.36
ABT,2020-10-14,dividend,0.36
ABT,2021-01-14,dividend,0.45
ABT,2021-04-14,dividend,0.45
ABT,2021-07-14,dividend,0.45
ABT,2021-10-14,dividend,0.45
ABT,2022-01-13,dividend,0.47
ABT,2022-04-13,dividend,0.47
ABT,2022-07-14,dividend,0.47
ABT,2022-10-13,dividend,0.47
ABT,2023-01-12,dividend,0.51
ABT,2023-04-13,dividend,0.51
ABT,2023-07-13,dividend,0.51
ABT,2023-10-12,dividend,0.51
ABT,2024-01-11,dividend,0.55
ABT,2024-04-12,dividend,0.55
ABT,2024-07-15,dividend,0.55
ABT,2024-10-15,dividend,0.55
ABT,2025-01-15,dividend,0.59
ABT,2025-04-15,dividend,0.59
ABT,2025-07-15,dividend,0.59
ABT,2025-10-15,dividend,0.59
ABT,2026-01-15,dividend,0.63
ABT,2026-04-15,dividend,0.63
ABT,2026-07-15,dividend,0.63
ACI,2020-10-23,dividend,0.1
ACI,2021-01-25,dividend,0.1
ACI,2021-04-23,dividend,0.1
ACI,2021-07-23,dividend,0.1
ACI,2021-10-28,dividend,0.12
ACI,2022-01-25,dividend,0.12
ACI,2022-04-25,dividend,0.12
ACI,2022-07-25,dividend,0.12
ACI,2022-10-21,dividend,6.85
ACI,2022-10-28,dividend,0.12
ACI,2023-01-25,dividend,0.12
ACI,2023-04-25,dividend,0.12
ACI,2023-07-25,dividend,0.12
ACI,2023-10-30,dividend,0.12
ACI,2024-01-25,dividend,0.12
ACI,2024-04-25,dividend,0.12
ACI,2024-07-26,dividend,0.12
ACI,2024-10-28,dividend,0.12
ACI,2025-01-24,dividend,0.15
ACI,2025-04-25,dividend,0.15
ACI,2025-07-25,dividend,0.15
ACI,2025-10-24,dividend,0.15
ACI,2026-01-23,dividend,0.15
ACI,2026-04-24,dividend,0.17
ACI,2026-07-24,dividend,0.17
ACN,2016-10-19,dividend,1.21
ACN,2017-04-11,dividend,1.21
ACN,2017-10-18,dividend,1.33
ACN,2018-04-11,dividend,1.33
ACN,2018-10-17,dividend,1.46
ACN,2019-04-10,dividend,1.46
ACN,2019-10-16,dividend,0.8
ACN,2020-01-15,dividend,0.8
ACN,2020-04-15,dividend,0.8
ACN,2020-07-15,dividend,0.8
ACN,2020-10-09,dividend,0.88
ACN,2021-01-13,dividend,0.88
ACN,2021-04-14,dividend,0.88
ACN,2021-07-14,dividend,0.88
ACN,2021-10-13,dividend,0.97
ACN,2022-01-12,dividend,0.97
ACN,2022-04-13,dividend,0.97
ACN,2022-07-13,dividend,0.97
ACN,2022-10-12,dividend,1.12
ACN,2023-01-11,dividend,1.12
ACN,2023-04-12,dividend,1.12
ACN,2023-07-12,dividend,1.12
ACN,2023-10-11,dividend,1.29
ACN,2024-01-17,dividend,1.29
ACN,2024-04-10,dividend,1.29
ACN,2024-07-11,dividend,1.29
ACN,2024-10-10,dividend,1.48
ACN,2025-01-16,dividend,1.48
ACN,2025-04-10,dividend,1.48
ACN,2025-07-10,dividend,1.48
ACN,2026-04-09,dividend,1.63
ACN,2026-07-09,dividend,1.63
ADI,2016-11-30,dividend,0.42
ADI,2017-02-22,dividend,0.45
ADI,2017-06-07,dividend,0.45
ADI,2017-09-07,dividend,0.45
ADI,2017-11-30,dividend,0.45
ADI,2018-03-08,dividend,0.48
ADI,2018-06-07,dividend,0.48
ADI,2018-08-30,dividend,0.48
ADI,2018-11-28,dividend,0.48
ADI,2019-02-28,dividend,0.54
ADI,2019-05-30,dividend,0.54
ADI,2019-08-29,dividend,0.54
ADI,2019-12-05,dividend,0.54
ADI,2020-02-27,dividend,0.62
ADI,2020-05-28,dividend,0.62
ADI,2020-08-27,dividend,0.62
ADI,2020-12-03,dividend,0.62
ADI,2021-02-25,dividend,0.69
ADI,2021-05-27,dividend,0.69
ADI,2021-08-26,dividend,0.69
ADI,2021-12-02,dividend,0.69
ADI,2022-02-24,dividend,0.76
ADI,2022-05-27,dividend,0.76
ADI,2022-08-29,dividend,0.76
ADI,2022-12-02,dividend,0.76
ADI,2023-02-24,dividend,0.86
ADI,2023-06-02,dividend,0.86
ADI,2023-09-01,dividend,0.86
ADI,2023-12-01,dividend,0.86
ADI,2024-03-04,dividend,0.92
ADI,2024-06-04,dividend,0.92
ADI,2024-09-03,dividend,0.92
ADI,2024-12-09,dividend,0.92
ADI,2025-03-04,dividend,0.99
ADI,2025-06-04,dividend,0.99
ADI,2025-09-02,dividend,0.99
ADI,2025-12-08,dividend,0.99
ADI,2026-03-03,dividend,1.1
ADI,2026-06-02,dividend,1.1
ADI,2026-09-01,dividend,1.1
ADT,2018-03-23,dividend,0.035
ADT,2018-06-22,dividend,0.035
ADT,2018-09-17,dividend,0.035
ADT,2018-12-13,dividend,0.035
ADT,2019-04-01,dividend,0.035
ADT,2019-06-10,dividend,0.035
ADT,2019-09-10,dividend,0.035
ADT,2019-12-12,dividend,0.735
ADT,2020-03-18,dividend,0.035
ADT,2020-06-17,dividend,0.035
ADT,2020-09-17,dividend,0.035
ADT,2020-12-18,dividend,0.035
ADT,2021-03-17,dividend,0.035
ADT,2021-06-16,dividend,0.035
ADT,2021-09-15,dividend,0.035
ADT,2021-12-15,dividend,0.035
ADT,2022-03-16,dividend,0.035
ADT,2022-06-15,dividend,0.035
ADT,2022-09-14,dividend,0.035
ADT,2022-12-14,dividend,0.035
ADT,2023-03-15,dividend,0.035
ADT,2023-06-14,dividend,0.035
ADT,2023-09-14,dividend,0.035
ADT,2023-12-13,dividend,0.035
ADT,2024-03-13,dividend,0.055
ADT,2024-06-13,dividend,0.055
ADT,2024-09-13,dividend,0.055
ADT,2024-12-12,dividend,0.055
ADT,2025-03-13,dividend,0.055
ADT,2025-06-12,dividend,0.055
ADT,2025-09-11,dividend,0.055
ADT,2025-12-11,dividend,0.055
ADT,2026-03-12,dividend,0.055
ADT,2026-06-11,dividend,0.055
ADT,2026-09-10,dividend,0.055
AEG,2017-05-22,dividend,0.146
AEG,2017-08-17,dividend,0.153
AEG,2018-05-22,dividend,0.165
AEG,2019-05-21,dividend,0.167
AEG,2019-08-23,dividend,0.166
AEG,2020-08-21,dividend,0.071
AEG,2021-06-07,dividend,0.073
AEG,2021-08-26,dividend,0.093
AEG,2022-06-02,dividend,0.096
AEG,2022-08-23,dividend,0.11
AEG,2023-05-26,dividend,0.129
AEG,2023-08-29,dividend,0.151
AEG,2024-06-17,dividend,0.172
AEG,2024-09-05,dividend,0.177
AEG,2025-06-17,dividend,0.22
AEG,2026-06-15,dividend,0.247
AEG,2026-09-03,dividend,0.246
AEHL,2020-09-03,split,0.3333333333333333
AEHL,2023-09-18,split,0.1
AEHL,2025-04-04,split,0.025
AEHL,2026-03-05,split,0.16666666666666666
AEHL,2026-08-10,split,0.0625
AEMD,2019-10-15,split,0.06666666666666667
AEMD,2023-10-05,split,0.1
AEMD,2025-06-09,split,0.125
AEMD,2025-10-20,split,0.1
AEMD,2026-08-04,split,0.2
AEO,2016-10-05,dividend,0.125
AEO,2016-12-14,dividend,0.125
AEO,2017-04-05,dividend,0.125
AEO,2017-07-05,dividend,0.125
AEO,2017-10-05,dividend,0.125
AEO,2017-12-14,dividend,0.125
AEO,2018-04-12,dividend,0.138
AEO,2018-07-12,dividend,0.138
AEO,2018-10-11,dividend,0.138
AEO,2018-12-13,dividend,0.138
AEO,2019-04-11,dividend,0.138
AEO,2019-07-11,dividend,0.138
AEO,2019-10-10,dividend,0.138
AEO,2020-01-02,dividend,0.138
AEO,2020-12-15,dividend,0.138
AEO,2021-03-11,dividend,0.138
AEO,2021-07-08,dividend,0.18
AEO,2021-10-07,dividend,0.18
AEO,2021-12-09,dividend,0.18
AEO,2022-03-10,dividend,0.18
AEO,2022-07-07,dividend,0.18
AEO,2023-04-05,dividend,0.1
AEO,2023-07-06,dividend,0.1
AEO,2023-10-12,dividend,0.1
AEO,2024-01-04,dividend,0.125
AEO,2024-04-11,dividend,0.125
AEO,2024-07-12,dividend,0.125
AEO,2024-10-11,dividend,0.125
AEO,2025-01-10,dividend,0.125
AEO,2025-04-11,dividend,0.125
AEO,2025-07-11,dividend,0.125
AEO,2025-10-10,dividend,0.125
AEO,2026-01-09,dividend,0.125
AEO,2026-04-10,dividend,0.125
AEO,2026-07-10,dividend,0.125
AEON,2025-02-26,split,0.013888888888888888
AEP,2016-11-08,dividend,0.59
AEP,2017-02-08,dividend,0.59
AEP,2017-05-08,dividend,0.59
AEP,2017-08-08,dividend,0.59
AEP,2017-11-09,dividend,0.62
AEP,2018-02-08,dividend,0.62
AEP,2018-05-09,dividend,0.62
AEP,2018-08-09,dividend,0.62
AEP,2018-11-08,dividend,0.67
AEP,2019-02-07,dividend,0.67
AEP,2019-05-09,dividend,0.67
AEP,2019-08-08,dividend,0.67
AEP,2019-11-07,dividend,0.7
AEP,2020-02-07,dividend,0.7
AEP,2020-05-07,dividend,0.7
AEP,2020-08-07,dividend,0.7
AEP,2020-11-09,dividend,0.74
AEP,2021-02-09,dividend,0.74
AEP,2021-05-07,dividend,0.74
AEP,2021-08-09,dividend,0.74
AEP,2021-11-09,dividend,0.78
AEP,2022-02-09,dividend,0.78
AEP,2022-05-09,dividend,0.78
AEP,2022-08-09,dividend,0.78
AEP,2022-11-09,dividend,0.83
AEP,2023-02-09,dividend,0.83
AEP,2023-05-09,dividend,0.83
AEP,2023-08-09,dividend,0.83
AEP,2023-11-09,dividend,0.88
AEP,2024-02-08,dividend,0.88
AEP,2024-05-09,dividend,0.88
AEP,2024-08-09,dividend,0.88
AEP,2024-11-08,dividend,0.93
AEP,2025-02-10,dividend,0.93
AEP,2025-05-09,dividend,0.93
AEP,2025-08-08,dividend,0.93
AEP,2025-11-10,dividend,0.95
AEP,2026-02-10,dividend,0.95
AEP,2026-05-08,dividend,0.95
AEP,2026-08-10,dividend,0.95
AES,2016-10-28,dividend,0.11
AES,2017-01-30,dividend,0.12
AES,2017-04-27,dividend,0.12
AES,2017-08-01,dividend,0.12
AES,2017-10-31,dividend,0.12
AES,2018-01-31,dividend,0.13
AES,2018-04-30,dividend,0.13
AES,2018-08-02,dividend,0.13
AES,2018-10-31,dividend,0.13
AES,2019-01-31,dividend,0.137
AES,2019-04-30,dividend,0.137
AES,2019-07-31,dividend,0.137
AES,2019-10-31,dividend,0.137
AES,2020-01-30,dividend,0.143
AES,2020-04-30,dividend,0.143
AES,2020-07-31,dividend,0.143
AES,2020-10-29,dividend,0.143
AES,2021-01-28,dividend,0.151
AES,2021-04-29,dividend,0.151
AES,2021-07-30,dividend,0.151
AES,2021-11-01,dividend,0.151
AES,2022-01-31,dividend,0.158
AES,2022-04-28,dividend,0.158
AES,2022-07-29,dividend,0.158
AES,2022-10-31,dividend,0.158
AES,2023-01-31,dividend,0.166
AES,2023-04-28,dividend,0.166
AES,2023-07-31,dividend,0.166
AES,2023-10-31,dividend,0.166
AES,2024-01-31,dividend,0.173
AES,2024-04-30,dividend,0.173
AES,2024-08-01,dividend,0.173
AES,2024-11-01,dividend,0.173
AES,2025-01-31,dividend,0.176
AES,2025-05-01,dividend,0.176
AES,2025-08-01,dividend,0.176
AES,2025-10-31,dividend,0.176
AES,2026-01-30,dividend,0.176
AES,2026-05-01,dividend,0.176
AES,2026-07-31,dividend,0.176
AESI,2023-05-12,dividend,0.3
AESI,2023-08-09,dividend,0.2
AESI,2023-11-08,dividend,0.2
AESI,2024-02-21,dividend,0.21
AESI,2024-05-15,dividend,0.22
AESI,2024-08-15,dividend,0.23
AESI,2024-11-07,dividend,0.24
AESI,2025-02-21,dividend,0.25
AESI,2025-05-15,dividend,0.25
AESI,2025-08-14,dividend,0.25
AG,2021-05-14,dividend,0.005
AG,2021-08-25,dividend,0.006
AG,2021-11-16,dividend,0.005
AG,2022-03-18,dividend,0.008
AG,2022-05-24,dividend,0.006
AG,2022-08-15,dividend,0.006
AG,2022-11-21,dividend,0.006
AG,2023-03-09,dividend,0.005
AG,2023-05-17,dividend,0.006
AG,2023-08-15,dividend,0.005
AG,2023-11-14,dividend,0.005
AG,2024-03-13,dividend,0.005
AG,2024-05-16,dividend,0.004
AG,2024-08-16,dividend,0.005
AG,2024-11-15,dividend,0.005
AG,2025-02-28,dividend,0.006
AG,2025-05-16,dividend,0.005
AG,2026-02-27,dividend,0.008
AG,2026-05-20,dividend,0.017
AG,2026-08-14,dividend,0.015
AGI,2016-10-12,dividend,0.01
AGI,2017-04-11,dividend,0.01
AGI,2017-10-13,dividend,0.01
AGI,2018-04-13,dividend,0.01
AGI,2019-03-14,dividend,0.01
AGI,2019-06-13,dividend,0.01
AGI,2019-09-13,dividend,0.01
AGI,2019-12-05,dividend,0.01
AGI,2020-03-16,dividend,0.015
AGI,2020-06-15,dividend,0.015
AGI,2020-09-15,dividend,0.015
AGI,2020-12-04,dividend,0.02
AGI,2021-03-16,dividend,0.025
AGI,2021-06-15,dividend,0.025
AGI,2021-09-15,dividend,0.025
AGI,2021-12-06,dividend,0.025
AGI,2022-03-16,dividend,0.025
AGI,2022-06-15,dividend,0.025
AGI,2022-09-14,dividend,0.025
AGI,2022-12-05,dividend,0.025
AGI,2023-03-15,dividend,0.025
AGI,2023-06-14,dividend,0.025
AGI,2023-09-13,dividend,0.025
AGI,2023-12-05,dividend,0.025
AGI,2024-03-13,dividend,0.025
AGI,2024-06-13,dividend,0.025
AGI,2024-09-12,dividend,0.025
AGI,2024-12-05,dividend,0.025
AGI,2025-03-13,dividend,0.025
AGI,2025-06-12,dividend,0.025
AGI,2026-03-12,dividend,0.04
AGI,2026-06-11,dividend,0.04
AGI,2026-09-10,dividend,0.04
AGNC,2016-09-28,dividend,0.18
AGNC,2016-10-27,dividend,0.18
AGNC,2016-11-28,dividend,0.18
AGNC,2016-12-28,dividend,0.18
AGNC,2017-01-27,dividend,0.18
AGNC,2017-02-24,dividend,0.18
AGNC,2017-03-29,dividend,0.18
AGNC,2017-04-26,dividend,0.18
AGNC,2017-05-26,dividend,0.18
AGNC,2017-06-28,dividend,0.18
AGNC,2017-07-27,dividend,0.18
AGNC,2017-08-29,dividend,0.18
AGNC,2017-09-28,dividend,0.18
AGNC,2017-10-30,dividend,0.18
AGNC,2017-11-29,dividend,0.18
AGNC,2017-12-28,dividend,0.18
AGNC,2018-01-30,dividend,0.18
AGNC,2018-02-27,dividend,0.18
AGNC,2018-03-28,dividend,0.18
AGNC,2018-04-27,dividend,0.18
AGNC,2018-05-30,dividend,0.18
AGNC,2018-06-28,dividend,0.18
AGNC,2018-07-30,dividend,0.18
AGNC,2018-08-30,dividend,0.18
AGNC,2018-09-27,dividend,0.18
AGNC,2018-10-30,dividend,0.18
AGNC,2018-11-29,dividend,0.18
AGNC,2018-12-28,dividend,0.18
AGNC,2019-01-30,dividend,0.18
AGNC,2019-02-27,dividend,0.18
AGNC,2019-03-28,dividend,0.18
AGNC,2019-04-29,dividend,0.18
AGNC,2019-05-30,dividend,0.16
AGNC,2019-06-27,dividend,0.16
AGNC,2019-07-30,dividend,0.16
AGNC,2019-08-29,dividend,0.16
AGNC,2019-09-27,dividend,0.16
AGNC,2019-10-30,dividend,0.16
AGNC,2019-11-27,dividend,0.16
AGNC,2019-12-30,dividend,0.16
AGNC,2020-01-30,dividend,0.16
AGNC,2020-02-27,dividend,0.16
AGNC,2020-03-30,dividend,0.16
AGNC,2020-04-29,dividend,0.12
AGNC,2020-05-28,dividend,0.12
AGNC,2020-06-29,dividend,0.12
AGNC,2020-07-30,dividend,0.12
AGNC,2020-08-28,dividend,0.12
AGNC,2020-09-29,dividend,0.12
AGNC,2020-10-29,dividend,0.12
AGNC,2020-11-27,dividend,0.12
AGNC,2020-12-30,dividend,0.12
AGNC,2021-01-28,dividend,0.12
AGNC,2021-02-25,dividend,0.12
AGNC,2021-03-30,dividend,0.12
AGNC,2021-04-29,dividend,0.12
AGNC,2021-05-27,dividend,0.12
AGNC,2021-06-29,dividend,0.12
AGNC,2021-07-29,dividend,0.12
AGNC,2021-08-30,dividend,0.12
AGNC,2021-09-29,dividend,0.12
AGNC,2021-10-28,dividend,0.12
AGNC,2021-11-29,dividend,0.12
AGNC,2021-12-30,dividend,0.12
AGNC,2022-01-28,dividend,0.12
AGNC,2022-02-25,dividend,0.12
AGNC,2022-03-30,dividend,0.12
AGNC,2022-04-28,dividend,0.12
AGNC,2022-05-27,dividend,0.12
AGNC,2022-06-29,dividend,0.12
AGNC,2022-07-28,dividend,0.12
AGNC,2022-08-30,dividend,0.12
AGNC,2022-09-29,dividend,0.12
AGNC,2022-10-28,dividend,0.12
AGNC,2022-11-29,dividend,0.12
AGNC,2022-12-29,dividend,0.12
AGNC,2023-01-30,dividend,0.12
AGNC,2023-02-27,dividend,0.12
AGNC,2023-03-30,dividend,0.12
AGNC,2023-04-27,dividend,0.12
AGNC,2023-05-30,dividend,0.12
AGNC,2023-06-29,dividend,0.12
AGNC,2023-07-28,dividend,0.12
AGNC,2023-08-30,dividend,0.12
AGNC,2023-09-28,dividend,0.12
AGNC,2023-10-30,dividend,0.12
AGNC,2023-11-29,dividend,0.12
AGNC,2023-12-28,dividend,0.12
AGNC,2024-01-30,dividend,0.12
AGNC,2024-02-28,dividend,0.12
AGNC,2024-03-27,dividend,0.12
AGNC,2024-04-29,dividend,0.12
AGNC,2024-05-31,dividend,0.12
AGNC,2024-06-28,dividend,0.12
AGNC,2024-07-31,dividend,0.12
AGNC,2024-08-30,dividend,0.12
AGNC,2024-09-30,dividend,0.12
AGNC,2024-10-31,dividend,0.12
AGNC,2024-11-29,dividend,0.12
AGNC,2024-12-31,dividend,0.12
AGNC,2025-01-31,dividend,0.12
AGNC,2025-02-28,dividend,0.12
AGNC,2025-03-31,dividend,0.12
AGNC,2025-04-30,dividend,0.12
AGNC,2025-05-30,dividend,0.12
AGNC,2025-06-30,dividend,0.12
AGNC,2025-07-31,dividend,0.12
AGNC,2025-08-29,dividend,0.12
AGNC,2025-09-30,dividend,0.12
AGNC,2025-10-31,dividend,0.12
AGNC,2025-11-28,dividend,0.12
AGNC,2025-12-31,dividend,0.12
AGNC,2026-01-30,dividend,0.12
AGNC,2026-02-27,dividend,0.12
AGNC,2026-03-31,dividend,0.12
AGNC,2026-04-30,dividend,0.12
AGNC,2026-05-29,dividend,0.12
AGNC,2026-06-30,dividend,0.12
AGNC,2026-07-31,dividend,0.12
AGNC,2026-08-31,dividend,0.12
AHR,2024-03-27,dividend,0.25
AHR,2024-06-27,dividend,0.25
AHR,2024-09-20,dividend,0.25
AHR,2024-12-31,dividend,0.25
AHR,2025-03-31,dividend,0.25
AHR,2025-06-30,dividend,0.25
AHR,2025-09-30,dividend,0.25
AHR,2025-12-31,dividend,0.25
AHR,2026-03-31,dividend,0.25
AHR,2026-06-30,dividend,0.25
AIM,2019-06-11,split,0.022727272727272728
AIM,2025-06-12,split,0.01
AIM,2026-02-10,split,1.031
AIXC,2018-03-23,split,0.1
AIXC,2020-05-26,split,0.04
AIXC,2022-11-23,split,0.1
AIXC,2024-11-05,split,0.02
AIXI,2024-08-23,split,0.1111111111111111
AIXI,2026-05-11,split,0.05
AIXI,2026-09-08,split,0.14285714285714285
ALM,2025-07-07,split,0.6666666666666666
ALM,2025-07-08,split,0.6666666666666666
ALT,2018-09-14,split,0.03333333333333333
AMAT,2016-11-22,dividend,0.1
AMAT,2017-02-17,dividend,0.1
AMAT,2017-05-23,dividend,0.1
AMAT,2017-08-22,dividend,0.1
AMAT,2017-11-22,dividend,0.1
AMAT,2018-02-20,dividend,0.1
AMAT,2018-05-23,dividend,0.2
AMAT,2018-08-22,dividend,0.2
AMAT,2018-11-21,dividend,0.2
AMAT,2019-02-20,dividend,0.2
AMAT,2019-05-22,dividend,0.21
AMAT,2019-08-21,dividend,0.21
AMAT,2019-11-20,dividend,0.21
AMAT,2020-02-18,dividend,0.21
AMAT,2020-05-20,dividend,0.22
AMAT,2020-08-19,dividend,0.22
AMAT,2020-11-18,dividend,0.22
AMAT,2021-02-24,dividend,0.22
AMAT,2021-05-26,dividend,0.24
AMAT,2021-08-25,dividend,0.24
AMAT,2021-11-24,dividend,0.24
AMAT,2022-02-22,dividend,0.24
AMAT,2022-05-25,dividend,0.26
AMAT,2022-08-24,dividend,0.26
AMAT,2022-11-23,dividend,0.26
AMAT,2023-02-22,dividend,0.26
AMAT,2023-05-24,dividend,0.32
AMAT,2023-08-23,dividend,0.32
AMAT,2023-11-22,dividend,0.32
AMAT,2024-02-21,dividend,0.32
AMAT,2024-05-22,dividend,0.4
AMAT,2024-08-22,dividend,0.4
AMAT,2024-11-21,dividend,0.4
AMAT,2025-02-20,dividend,0.4
AMAT,2025-05-22,dividend,0.46
AMAT,2025-08-21,dividend,0.46
AMAT,2025-11-20,dividend,0.46
AMAT,2026-02-19,dividend,0.46
AMAT,2026-05-21,dividend,0.53
AMAT,2026-08-20,dividend,0.53
AMC,2016-12-01,dividend,2.0
AMC,2017-03-09,dividend,2.0
AMC,2017-06-01,dividend,2.0
AMC,2017-09-08,dividend,2.0
AMC,2017-12-01,dividend,2.0
AMC,2018-03-09,dividend,2.0
AMC,2018-06-08,dividend,2.0
AMC,2018-09-07,dividend,2.0
AMC,2018-09-24,dividend,15.5
AMC,2018-12-07,dividend,2.0
AMC,2019-03-08,dividend,2.0
AMC,2019-06-07,dividend,2.0
AMC,2019-09-06,dividend,2.0
AMC,2019-11-29,dividend,2.0
AMC,2020-03-06,dividend,0.3
AMC,2023-08-24,split,0.1
AMCR,2017-02-24,dividend,0.99
AMCR,2017-09-04,dividend,0.238
AMCR,2017-09-05,dividend,1.19
AMCR,2018-02-27,dividend,1.03
AMCR,2018-09-07,dividend,1.175
AMCR,2019-03-04,dividend,1.055
AMCR,2019-04-26,dividend,0.59
AMCR,2019-09-10,dividend,0.6
AMCR,2019-11-26,dividend,0.575
AMCR,2020-03-03,dividend,0.575
AMCR,2020-05-27,dividend,0.575
AMCR,2020-09-02,dividend,0.575
AMCR,2020-11-23,dividend,0.59
AMCR,2021-02-23,dividend,0.59
AMCR,2021-05-25,dividend,0.59
AMCR,2021-09-07,dividend,0.59
AMCR,2021-11-23,dividend,0.6
AMCR,2022-02-22,dividend,0.6
AMCR,2022-05-24,dividend,0.6
AMCR,2022-09-07,dividend,0.6
AMCR,2022-11-22,dividend,0.615
AMCR,2023-02-28,dividend,0.615
AMCR,2023-05-23,dividend,0.615
AMCR,2023-09-06,dividend,0.615
AMCR,2023-11-21,dividend,0.625
AMCR,2024-02-27,dividend,0.625
AMCR,2024-05-21,dividend,0.625
AMCR,2024-09-06,dividend,0.625
AMCR,2024-11-21,dividend,0.64
AMCR,2025-02-26,dividend,0.64
AMCR,2025-05-22,dividend,0.64
AMCR,2025-09-05,dividend,0.64
AMCR,2025-11-28,dividend,0.65
AMCR,2026-01-15,split,0.2
AMCR,2026-02-25,dividend,0.65
AMCR,2026-05-28,dividend,0.65
AMCR,2026-09-04,dividend,0.65
AMIX,2024-10-25,split,0.05
AMIX,2026-06-24,split,0.047619047619047616
AMKR,2020-12-17,dividend,0.04
AMKR,2021-02-22,dividend,0.04
AMKR,2021-06-04,dividend,0.04
AMKR,2021-09-03,dividend,0.04
AMKR,2021-12-06,dividend,0.05
AMKR,2022-02-28,dividend,0.05
AMKR,2022-06-06,dividend,0.05
AMKR,2022-09-02,dividend,0.05
AMKR,2022-12-05,dividend,0.075
AMKR,2023-02-27,dividend,0.075
AMKR,2023-06-05,dividend,0.075
AMKR,2023-09-01,dividend,0.075
AMKR,2023-12-04,dividend,0.079
AMKR,2024-03-11,dividend,0.079
AMKR,2024-06-04,dividend,0.079
AMKR,2024-09-03,dividend,0.079
AMKR,2024-12-04,dividend,0.488
AMKR,2025-03-13,dividend,0.083
AMKR,2025-06-05,dividend,0.083
AMKR,2025-09-03,dividend,0.083
AMKR,2025-12-03,dividend,0.084
AMKR,2026-03-12,dividend,0.084
AMKR,2026-06-03,dividend,0.084
AMKR,2026-09-02,dividend,0.084
AMZN,2022-06-06,split,20.0
ANET,2021-11-18,split,4.0
ANET,2024-12-04,split,4.0
APA,2016-10-19,dividend,0.25
APA,2017-01-18,dividend,0.25
APA,2017-04-19,dividend,0.25
APA,2017-07-19,dividend,0.25
APA,2017-10-20,dividend,0.25
APA,2018-01-19,dividend,0.25
APA,2018-04-20,dividend,0.25
APA,2018-07-20,dividend,0.25
APA,2018-10-19,dividend,0.25
APA,2019-01-18,dividend,0.25
APA,2019-04-18,dividend,0.25
APA,2019-07-19,dividend,0.25
APA,2019-10-21,dividend,0.25
APA,2020-01-21,dividend,0.25
APA,2020-04-21,dividend,0.025
APA,2020-07-21,dividend,0.025
APA,2020-10-21,dividend,0.025
APA,2021-01-21,dividend,0.025
APA,2021-04-21,dividend,0.025
APA,2021-07-21,dividend,0.025
APA,2021-10-21,dividend,0.063
APA,2022-01-20,dividend,0.125
APA,2022-04-21,dividend,0.125
APA,2022-07-21,dividend,0.125
APA,2022-10-20,dividend,0.25
APA,2023-01-20,dividend,0.25
APA,2023-04-20,dividend,0.25
APA,2023-07-20,dividend,0.25
APA,2023-10-20,dividend,0.25
APA,2024-01-19,dividend,0.25
APA,2024-04-19,dividend,0.25
APA,2024-07-22,dividend,0.25
APA,2024-10-22,dividend,0.25
APA,2025-01-22,dividend,0.25
APA,2025-04-22,dividend,0.25
APA,2025-07-22,dividend,0.25
APA,2025-10-22,dividend,0.25
APA,2026-01-22,dividend,0.25
APA,2026-04-22,dividend,0.25
APA,2026-07-22,dividend,0.25
APH,2016-12-09,dividend,0.02
APH,2017-03-16,dividend,0.02
APH,2017-06-15,dividend,0.02
APH,2017-09-15,dividend,0.02375
APH,2017-12-15,dividend,0.02375
APH,2018-03-16,dividend,0.02375
APH,2018-06-15,dividend,0.02875
APH,2018-09-14,dividend,0.02875
APH,2018-12-14,dividend,0.02875
APH,2019-03-18,dividend,0.02875
APH,2019-06-18,dividend,0.02875
APH,2019-09-16,dividend,0.03125
APH,2019-12-16,dividend,0.03125
APH,2020-03-16,dividend,0.03125
APH,2020-06-15,dividend,0.03125
APH,2020-09-14,dividend,0.03125
APH,2020-12-14,dividend,0.03625
APH,2021-03-05,split,2.0
APH,2021-03-22,dividend,0.03625
APH,2021-06-21,dividend,0.03625
APH,2021-09-20,dividend,0.03625
APH,2021-12-20,dividend,0.05
APH,2022-03-21,dividend,0.05
APH,2022-06-17,dividend,0.05
APH,2022-09-19,dividend,0.05
APH,2022-12-19,dividend,0.0525
APH,2023-03-20,dividend,0.0525
APH,2023-06-16,dividend,0.0525
APH,2023-09-18,dividend,0.0525
APH,2023-12-18,dividend,0.055
APH,2024-03-18,dividend,0.055
APH,2024-06-12,split,2.0
APH,2024-06-18,dividend,0.055
APH,2024-09-17,dividend,0.0825
APH,2024-12-17,dividend,0.0825
APH,2025-03-18,dividend,0.0825
APH,2025-06-17,dividend,0.0825
APH,2025-09-16,dividend,0.0825
APH,2025-12-16,dividend,0.125
APH,2026-03-23,dividend,0.125
APH,2026-06-23,dividend,0.125
APH,2026-09-03,split,2.0
APLD,2022-04-13,split,0.16666666666666666
APLE,2016-09-30,dividend,0.1
APLE,2016-10-31,dividend,0.1
APLE,2016-11-30,dividend,0.1
APLE,2016-12-29,dividend,0.1
APLE,2017-02-01,dividend,0.1
APLE,2017-03-01,dividend,0.1
APLE,2017-03-31,dividend,0.1
APLE,2017-04-28,dividend,0.1
APLE,2017-05-31,dividend,0.1
APLE,2017-06-29,dividend,0.1
APLE,2017-08-01,dividend,0.1
APLE,2017-08-31,dividend,0.1
APLE,2017-10-03,dividend,0.1
APLE,2017-11-02,dividend,0.1
APLE,2017-12-01,dividend,0.1
APLE,2018-01-02,dividend,0.1
APLE,2018-02-01,dividend,0.1
APLE,2018-03-01,dividend,0.1
APLE,2018-04-02,dividend,0.1
APLE,2018-05-01,dividend,0.1
APLE,2018-06-01,dividend,0.1
APLE,2018-06-29,dividend,0.1
APLE,2018-08-01,dividend,0.1
APLE,2018-08-31,dividend,0.1
APLE,2018-10-02,dividend,0.1
APLE,2018-11-01,dividend,0.1
APLE,2018-11-30,dividend,0.1
APLE,2018-12-31,dividend,0.1
APLE,2019-02-01,dividend,0.1
APLE,2019-03-04,dividend,0.1
APLE,2019-04-02,dividend,0.1
APLE,2019-05-01,dividend,0.1
APLE,2019-05-31,dividend,0.1
APLE,2019-07-01,dividend,0.1
APLE,2019-08-01,dividend,0.1
APLE,2019-08-30,dividend,0.1
APLE,2019-10-01,dividend,0.1
APLE,2019-11-01,dividend,0.1
APLE,2019-12-02,dividend,0.1
APLE,2020-01-02,dividend,0.1
APLE,2020-02-03,dividend,0.1
APLE,2020-03-03,dividend,0.1
APLE,2021-03-30,dividend,0.01
APLE,2021-06-29,dividend,0.01
APLE,2021-09-29,dividend,0.01
APLE,2021-12-30,dividend,0.01
APLE,2022-03-03,dividend,0.05
APLE,2022-04-01,dividend,0.05
APLE,2022-05-02,dividend,0.05
APLE,2022-06-01,dividend,0.05
APLE,2022-07-01,dividend,0.05
APLE,2022-08-01,dividend,0.05
APLE,2022-09-01,dividend,0.07
APLE,2022-10-03,dividend,0.07
APLE,2022-11-01,dividend,0.08
APLE,2022-12-01,dividend,0.08
APLE,2022-12-29,dividend,0.16
APLE,2023-01-30,dividend,0.08
APLE,2023-02-27,dividend,0.08
APLE,2023-03-30,dividend,0.08
APLE,2023-04-27,dividend,0.08
APLE,2023-05-30,dividend,0.08
APLE,2023-06-29,dividend,0.08
APLE,2023-07-28,dividend,0.08
APLE,2023-08-30,dividend,0.08
APLE,2023-09-28,dividend,0.08
APLE,2023-10-30,dividend,0.08
APLE,2023-11-29,dividend,0.08
APLE,2023-12-28,dividend,0.13
APLE,2024-01-30,dividend,0.08
APLE,2024-02-28,dividend,0.08
APLE,2024-03-27,dividend,0.08
APLE,2024-04-29,dividend,0.08
APLE,2024-05-31,dividend,0.08
APLE,2024-06-28,dividend,0.08
APLE,2024-07-31,dividend,0.08
APLE,2024-08-30,dividend,0.08
APLE,2024-09-30,dividend,0.08
APLE,2024-10-31,dividend,0.08
APLE,2024-11-29,dividend,0.08
APLE,2024-12-31,dividend,0.13
APLE,2025-01-31,dividend,0.08
APLE,2025-02-28,dividend,0.08
APLE,2025-03-31,dividend,0.08
APLE,2025-04-30,dividend,0.08
APLE,2025-05-30,dividend,0.08
APLE,2025-06-30,dividend,0.08
APLE,2025-07-31,dividend,0.08
APLE,2025-08-29,dividend,0.08
APLE,2025-09-30,dividend,0.08
APLE,2025-10-31,dividend,0.08
APLE,2025-11-28,dividend,0.08
APLE,2025-12-31,dividend,0.08
APLE,2026-01-30,dividend,0.08
APLE,2026-02-27,dividend,0.08
APLE,2026-03-31,dividend,0.08
APLE,2026-04-30,dividend,0.08
APLE,2026-05-29,dividend,0.08
APLE,2026-06-30,dividend,0.08
APLE,2026-07-31,dividend,0.08
APLE,2026-08-31,dividend,0.08
APO,2016-11-17,dividend,0.35
APO,2017-02-16,dividend,0.45
APO,2017-05-17,dividend,0.49
APO,2017-08-18,dividend,0.52
APO,2017-11-20,dividend,0.39
APO,2018-02-20,dividend,0.66
APO,2018-05-17,dividend,0.38
APO,2018-08-16,dividend,0.43
APO,2018-11-19,dividend,0.46
APO,2019-02-20,dividend,0.56
APO,2019-05-20,dividend,0.46
APO,2019-08-15,dividend,0.5
APO,2019-11-19,dividend,0.5
APO,2020-02-10,dividend,0.89
APO,2020-05-15,dividend,0.42
APO,2020-08-17,dividend,0.49
APO,2020-11-19,dividend,0.51
APO,2021-02-18,dividend,0.6
APO,2021-05-19,dividend,0.5
APO,2021-08-18,dividend,0.5
APO,2021-11-18,dividend,0.5
APO,2022-02-17,dividend,0.4
APO,2022-05-17,dividend,0.4
APO,2022-08-17,dividend,0.4
APO,2022-11-16,dividend,0.4
APO,2023-02-17,dividend,0.4
APO,2023-05-19,dividend,0.43
APO,2023-08-17,dividend,0.43
APO,2023-11-16,dividend,0.43
APO,2024-02-16,dividend,0.43
APO,2024-05-16,dividend,0.463
APO,2024-08-16,dividend,0.463
APO,2024-11-18,dividend,0.463
APO,2025-02-18,dividend,0.463
APO,2025-05-16,dividend,0.51
APO,2025-08-18,dividend,0.51
APO,2025-11-17,dividend,0.51
APO,2026-02-19,dividend,0.51
APO,2026-05-19,dividend,0.563
APO,2026-08-19,dividend,0.563
APTV,2016-11-07,dividend,0.243085
APTV,2017-02-02,dividend,0.243085
APTV,2017-05-08,dividend,0.243085
APTV,2017-08-07,dividend,0.243085
APTV,2017-11-07,dividend,0.243085
APTV,2017-12-05,split,1.193
APTV,2018-02-02,dividend,0.22
APTV,2018-05-08,dividend,0.22
APTV,2019-02-05,dividend,0.22
APTV,2019-05-07,dividend,0.22
APTV,2019-08-06,dividend,0.22
APTV,2019-11-05,dividend,0.22
APTV,2020-02-04,dividend,0.22
ARCC,2016-12-13,dividend,0.38
ARCC,2017-03-13,dividend,0.38
ARCC,2017-06-13,dividend,0.38
ARCC,2017-09-14,dividend,0.38
ARCC,2017-12-14,dividend,0.38
ARCC,2018-03-14,dividend,0.38
ARCC,2018-06-14,dividend,0.38
ARCC,2018-09-13,dividend,0.39
ARCC,2018-12-13,dividend,0.39
ARCC,2019-03-14,dividend,0.42
ARCC,2019-06-13,dividend,0.42
ARCC,2019-09-13,dividend,0.42
ARCC,2019-12-13,dividend,0.42
ARCC,2020-03-13,dividend,0.4
ARCC,2020-06-12,dividend,0.4
ARCC,2020-09-14,dividend,0.4
ARCC,2020-12-14,dividend,0.4
ARCC,2021-03-12,dividend,0.4
ARCC,2021-06-14,dividend,0.4
ARCC,2021-09-14,dividend,0.41
ARCC,2021-12-14,dividend,0.41
ARCC,2022-03-14,dividend,0.45
ARCC,2022-06-14,dividend,0.45
ARCC,2022-09-14,dividend,0.46
ARCC,2022-12-14,dividend,0.51
ARCC,2023-03-14,dividend,0.48
ARCC,2023-06-14,dividend,0.48
ARCC,2023-09-14,dividend,0.48
ARCC,2023-12-14,dividend,0.48
ARCC,2024-03-14,dividend,0.48
ARCC,2024-06-14,dividend,0.48
ARCC,2024-09-13,dividend,0.48
ARCC,2024-12-13,dividend,0.48
ARCC,2025-03-14,dividend,0.48
ARCC,2025-06-13,dividend,0.48
ARCC,2025-09-15,dividend,0.48
ARCC,2025-12-15,dividend,0.48
ARCC,2026-03-13,dividend,0.48
ARCC,2026-06-15,dividend,0.48
ARCC,2026-09-15,dividend,0.48
ASST,2024-07-02,split,0.2
ASST,2026-02-06,split,0.05
ASX,2017-08-09,dividend,0.231
ASX,2018-04-18,dividend,0.368
ASX,2018-08-10,dividend,0.164
ASX,2019-08-13,dividend,0.16
ASX,2020-08-13,dividend,0.136
ASX,2021-09-03,dividend,0.302
ASX,2022-06-29,dividend,0.479
ASX,2023-06-30,dividend,0.571
ASX,2024-07-02,dividend,0.322
ASX,2025-07-02,dividend,0.356
ASX,2026-07-06,dividend,0.417
AVGO,2016-12-14,dividend,0.102
AVGO,2017-03-16,dividend,0.102
AVGO,2017-06-15,dividend,0.102
AVGO,2017-09-18,dividend,0.102
AVGO,2017-12-18,dividend,0.175
AVGO,2018-03-21,dividend,0.35
AVGO,2018-06-19,dividend,0.35
AVGO,2018-09-18,dividend,0.175
AVGO,2018-12-18,dividend,0.265
AVGO,2019-03-20,dividend,0.265
AVGO,2019-06-21,dividend,0.265
AVGO,2019-09-20,dividend,0.265
AVGO,2019-12-20,dividend,0.325
AVGO,2020-03-20,dividend,0.325
AVGO,2020-06-19,dividend,0.325
AVGO,2020-09-21,dividend,0.325
AVGO,2020-12-18,dividend,0.36
AVGO,2021-03-19,dividend,0.36
AVGO,2021-06-21,dividend,0.36
AVGO,2021-09-21,dividend,0.36
AVGO,2021-12-21,dividend,0.41
AVGO,2022-03-21,dividend,0.41
AVGO,2022-06-21,dividend,0.41
AVGO,2022-09-21,dividend,0.41
AVGO,2022-12-19,dividend,0.46
AVGO,2023-03-21,dividend,0.46
AVGO,2023-06-21,dividend,0.46
AVGO,2023-09-20,dividend,0.46
AVGO,2023-12-19,dividend,0.525
AVGO,2024-03-20,dividend,0.525
AVGO,2024-06-24,dividend,0.525
AVGO,2024-07-15,split,10.0
AVGO,2024-09-19,dividend,0.53
AVGO,2024-12-23,dividend,0.59
AVGO,2025-03-20,dividend,0.59
AVGO,2025-06-20,dividend,0.59
AVGO,2025-09-22,dividend,0.59
AVGO,2025-12-22,dividend,0.65
AVGO,2026-03-23,dividend,0.65
AVGO,2026-06-22,dividend,0.65
AZI,2025-12-12,split,0.02
AZI,2026-03-23,split,0.1
AZTR,2024-07-01,split,0.03333333333333333
AZTR,2025-08-21,split,0.15
B,2016-11-28,dividend,0.02
B,2017-02-24,dividend,0.03
B,2017-05-26,dividend,0.03
B,2017-08-29,dividend,0.03
B,2017-11-29,dividend,0.03
B,2018-02-27,dividend,0.03
B,2018-05-30,dividend,0.03
B,2018-08-30,dividend,0.03
B,2018-11-29,dividend,0.03
B,2018-12-27,dividend,0.07
B,2019-05-30,dividend,0.04
B,2019-08-29,dividend,0.04
B,2019-11-29,dividend,0.05
B,2020-02-27,dividend,0.07
B,2020-05-28,dividend,0.07
B,2020-08-28,dividend,0.08
B,2020-11-27,dividend,0.09
B,2021-02-26,dividend,0.09
B,2021-05-27,dividend,0.23
B,2021-08-30,dividend,0.23
B,2021-11-29,dividend,0.23
B,2022-02-25,dividend,0.1
B,2022-05-26,dividend,0.2
B,2022-08-30,dividend,0.2
B,2022-11-29,dividend,0.15
B,2023-02-27,dividend,0.1
B,2023-05-30,dividend,0.1
B,2023-08-30,dividend,0.1
B,2023-11-29,dividend,0.1
B,2024-02-28,dividend,0.1
B,2024-05-31,dividend,0.1
B,2024-08-30,dividend,0.1
B,2024-11-29,dividend,0.1
B,2025-02-28,dividend,0.1
B,2025-05-30,dividend,0.1
B,2025-08-29,dividend,0.15
B,2025-11-28,dividend,0.175
B,2026-02-27,dividend,0.42
B,2026-05-29,dividend,0.175
B,2026-08-31,dividend,0.175
BA,2016-11-08,dividend,1.09
BA,2017-02-08,dividend,1.42
BA,2017-05-10,dividend,1.42
BA,2017-08-09,dividend,1.42
BA,2017-11-09,dividend,1.42
BA,2018-02-08,dividend,1.71
BA,2018-05-10,dividend,1.71
BA,2018-08-09,dividend,1.71
BA,2018-11-08,dividend,1.71
BA,2019-02-07,dividend,2.055
BA,2019-05-09,dividend,2.055
BA,2019-08-08,dividend,2.055
BA,2019-11-07,dividend,2.055
BA,2020-02-13,dividend,2.055
BABA,2023-12-20,dividend,1.0
BABA,2024-06-13,dividend,1.66
BABA,2025-06-12,dividend,2.0
BABA,2026-06-11,dividend,1.05
BAC,2016-11-30,dividend,0.075
BAC,2017-03-01,dividend,0.075
BAC,2017-05-31,dividend,0.075
BAC,2017-08-30,dividend,0.12
BAC,2017-11-30,dividend,0.12
BAC,2018-03-01,dividend,0.12
BAC,2018-05-31,dividend,0.12
BAC,2018-09-06,dividend,0.15
BAC,2018-12-06,dividend,0.15
BAC,2019-02-28,dividend,0.15
BAC,2019-06-06,dividend,0.15
BAC,2019-09-05,dividend,0.18
BAC,2019-12-05,dividend,0.18
BAC,2020-03-05,dividend,0.18
BAC,2020-06-04,dividend,0.18
BAC,2020-09-03,dividend,0.18
BAC,2020-12-03,dividend,0.18
BAC,2021-03-04,dividend,0.18
BAC,2021-06-03,dividend,0.18
BAC,2021-09-02,dividend,0.21
BAC,2021-12-02,dividend,0.21
BAC,2022-03-03,dividend,0.21
BAC,2022-06-02,dividend,0.21
BAC,2022-09-01,dividend,0.22
BAC,2022-12-01,dividend,0.22
BAC,2023-03-02,dividend,0.22
BAC,2023-06-01,dividend,0.22
BAC,2023-08-31,dividend,0.24
BAC,2023-11-30,dividend,0.24
BAC,2024-02-29,dividend,0.24
BAC,2024-06-07,dividend,0.24
BAC,2024-09-06,dividend,0.26
BAC,2024-12-06,dividend,0.26
BAC,2025-03-07,dividend,0.26
BAC,2025-06-06,dividend,0.26
BAC,2025-09-05,dividend,0.28
BAC,2025-12-05,dividend,0.28
BAC,2026-03-06,dividend,0.28
BAC,2026-06-05,dividend,0.28
BAC,2026-09-04,dividend,0.32
BAM,2023-02-27,dividend,0.32
BAM,2023-05-30,dividend,0.32
BAM,2023-08-30,dividend,0.32
BAM,2023-11-29,dividend,0.32
BAM,2024-02-28,dividend,0.38
BAM,2024-05-31,dividend,0.38
BAM,2024-08-30,dividend,0.38
BAM,2024-11-29,dividend,0.38
BAM,2025-02-28,dividend,0.438
BAM,2025-05-30,dividend,0.438
BAM,2025-08-29,dividend,0.438
BAM,2025-11-28,dividend,0.438
BAM,2026-02-27,dividend,0.502
BAM,2026-05-29,dividend,0.502
BAM,2026-08-31,dividend,0.502
BAOS,2023-03-22,split,0.16666666666666666
BAX,2016-11-30,dividend,0.13
BAX,2017-03-01,dividend,0.13
BAX,2017-05-31,dividend,0.16
BAX,2017-08-30,dividend,0.16
BAX,2017-11-30,dividend,0.16
BAX,2018-03-01,dividend,0.16
BAX,2018-05-31,dividend,0.19
BAX,2018-08-30,dividend,0.19
BAX,2018-11-30,dividend,0.19
BAX,2019-02-28,dividend,0.19
BAX,2019-06-06,dividend,0.22
BAX,2019-08-29,dividend,0.22
BAX,2019-12-05,dividend,0.22
BAX,2020-02-27,dividend,0.22
BAX,2020-06-04,dividend,0.245
BAX,2020-08-28,dividend,0.245
BAX,2020-12-03,dividend,0.245
BAX,2021-02-25,dividend,0.245
BAX,2021-06-03,dividend,0.28
BAX,2021-09-02,dividend,0.28
BAX,2021-12-02,dividend,0.28
BAX,2022-02-24,dividend,0.28
BAX,2022-06-02,dividend,0.29
BAX,2022-09-01,dividend,0.29
BAX,2022-12-01,dividend,0.29
BAX,2023-02-23,dividend,0.29
BAX,2023-06-01,dividend,0.29
BAX,2023-08-31,dividend,0.29
BAX,2023-11-30,dividend,0.29
BAX,2024-02-29,dividend,0.29
BAX,2024-05-31,dividend,0.29
BAX,2024-08-30,dividend,0.29
BAX,2024-11-29,dividend,0.17
BAX,2025-02-28,dividend,0.17
BAX,2025-05-30,dividend,0.17
BAX,2025-08-29,dividend,0.17
BAX,2025-11-28,dividend,0.01
BAX,2026-02-27,dividend,0.01
BAX,2026-05-29,dividend,0.01
BAX,2026-08-28,dividend,0.01
BBD,2016-10-03,dividend,0.148485
BBD,2016-10-04,dividend,0.004545
BBD,2016-11-03,dividend,0.004545
BBD,2016-12-02,dividend,0.004545
BBD,2016-12-22,dividend,0.063636
BBD,2017-01-03,dividend,0.004545
BBD,2017-02-02,dividend,0.004545
BBD,2017-03-02,dividend,0.004545
BBD,2017-04-04,dividend,0.004545
BBD,2017-05-02,split,1.1
BBD,2017-05-03,dividend,0.005
BBD,2017-06-02,dividend,0.005
BBD,2017-07-03,dividend,0.0525
BBD,2017-08-02,dividend,0.005
BBD,2017-09-06,dividend,0.005
BBD,2017-10-03,dividend,0.005
BBD,2017-11-02,dividend,0.005
BBD,2017-12-04,dividend,0.005
BBD,2017-12-26,dividend,0.2075
BBD,2018-01-03,dividend,0.005
BBD,2018-02-02,dividend,0.005
BBD,2018-03-02,dividend,0.005
BBD,2018-04-03,dividend,0.005
BBD,2018-04-06,dividend,0.005
BBD,2018-05-03,dividend,0.005
BBD,2018-06-04,dividend,0.004167
BBD,2018-07-02,dividend,0.041667
BBD,2018-07-03,dividend,0.004167
BBD,2018-08-02,dividend,0.004167
BBD,2018-09-04,dividend,0.004167
BBD,2018-10-02,dividend,0.004167
BBD,2018-11-05,dividend,0.004167
BBD,2018-12-04,dividend,0.004167
BBD,2018-12-26,dividend,0.158333
BBD,2019-01-03,dividend,0.004167
BBD,2019-02-04,dividend,0.004167
BBD,2019-03-06,dividend,0.004167
BBD,2019-04-01,split,1.2
BBD,2019-04-05,dividend,0.005
BBD,2019-05-03,dividend,0.005
BBD,2019-06-04,dividend,0.005
BBD,2019-07-01,dividend,0.049
BBD,2019-07-02,dividend,0.005
BBD,2019-08-02,dividend,0.005
BBD,2019-09-03,dividend,0.005
BBD,2019-10-02,dividend,0.005
BBD,2019-10-18,dividend,0.256
BBD,2019-11-04,dividend,0.005
BBD,2019-12-03,dividend,0.005
BBD,2019-12-20,dividend,0.136
BBD,2020-01-03,dividend,0.005
BBD,2020-02-04,dividend,0.005
BBD,2020-02-18,dividend,0.015
BBD,2020-03-03,dividend,0.004
BBD,2020-04-02,dividend,0.003
BBD,2020-05-08,dividend,0.004
BBD,2020-06-02,dividend,0.003
BBD,2020-07-02,dividend,0.004
BBD,2020-08-04,dividend,0.003
BBD,2020-09-02,dividend,0.003
BBD,2020-10-02,dividend,0.004
BBD,2020-11-04,dividend,0.003
BBD,2020-12-02,dividend,0.004
BBD,2020-12-29,dividend,0.078
BBD,2021-01-05,dividend,0.003
BBD,2021-02-02,dividend,0.004
BBD,2021-02-18,dividend,0.004
BBD,2021-03-02,dividend,0.004
BBD,2021-04-01,dividend,0.003
BBD,2021-05-04,dividend,0.004
BBD,2021-06-03,dividend,0.004
BBD,2021-07-02,dividend,0.106
BBD,2021-08-03,dividend,0.004
BBD,2021-09-02,dividend,0.004
BBD,2021-10-04,dividend,0.003
BBD,2021-11-03,dividend,0.003
BBD,2021-12-02,dividend,0.003
BBD,2021-12-21,dividend,0.042
BBD,2022-01-04,dividend,0.004
BBD,2022-02-02,dividend,0.003
BBD,2022-03-03,dividend,0.004
BBD,2022-04-04,dividend,0.004
BBD,2022-05-03,dividend,0.004
BBD,2022-06-02,dividend,0.004
BBD,2022-06-21,dividend,0.04
BBD,2022-07-01,dividend,0.004
BBD,2022-08-02,dividend,0.003
BBD,2022-09-02,dividend,0.004
BBD,2022-10-04,dividend,0.004
BBD,2022-11-03,dividend,0.004
BBD,2022-12-02,dividend,0.004
BBD,2023-01-05,dividend,0.004
BBD,2023-01-09,dividend,0.11
BBD,2023-02-02,dividend,0.004
BBD,2023-03-02,dividend,0.004
BBD,2023-04-04,dividend,0.004
BBD,2023-05-03,dividend,0.004
BBD,2023-06-02,dividend,0.004
BBD,2023-06-27,dividend,0.041
BBD,2023-07-03,dividend,0.004
BBD,2023-08-02,dividend,0.004
BBD,2023-09-01,dividend,0.004
BBD,2023-10-03,dividend,0.004
BBD,2023-11-02,dividend,0.004
BBD,2023-12-04,dividend,0.004
BBD,2023-12-22,dividend,0.14
BBD,2024-01-03,dividend,0.004
BBD,2024-02-02,dividend,0.004
BBD,2024-03-04,dividend,0.004
BBD,2024-04-02,dividend,0.004
BBD,2024-05-03,dividend,0.004
BBD,2024-06-05,dividend,0.007
BBD,2024-06-20,dividend,0.067
BBD,2024-07-03,dividend,0.003
BBD,2024-08-05,dividend,0.003
BBD,2024-09-04,dividend,0.003
BBD,2024-10-02,dividend,0.036
BBD,2024-10-03,dividend,0.003
BBD,2024-11-05,dividend,0.003
BBD,2024-12-04,dividend,0.003
BBD,2025-01-03,dividend,0.048
BBD,2025-01-06,dividend,0.003
BBD,2025-02-05,dividend,0.003
BBD,2025-03-07,dividend,0.003
BBD,2025-04-02,dividend,0.04
BBD,2025-04-03,dividend,0.003
BBD,2025-05-06,dividend,0.003
BBD,2025-06-04,dividend,0.003
BBD,2025-07-02,dividend,0.054
BBD,2025-07-03,dividend,0.003
BBD,2025-08-05,dividend,0.003
BBD,2026-02-04,dividend,0.004
BBD,2026-03-04,dividend,0.004
BBD,2026-04-06,dividend,0.004
BBD,2026-04-08,dividend,0.057
BBD,2026-05-06,dividend,0.004
BBD,2026-06-03,dividend,0.004
BBD,2026-07-06,dividend,0.004
BBD,2026-07-07,dividend,0.067
BBD,2026-08-05,dividend,0.004
BBD,2026-09-03,dividend,0.004
BBWI,2016-11-16,dividend,0.485044
BBWI,2017-02-15,dividend,0.485044
BBWI,2017-05-31,dividend,0.485044
BBWI,2017-08-17,dividend,0.485044
BBWI,2017-11-22,dividend,0.485044
BBWI,2018-02-22,dividend,0.485044
BBWI,2018-05-31,dividend,0.485044
BBWI,2018-08-23,dividend,0.485044
BBWI,2018-11-21,dividend,0.485044
BBWI,2019-02-21,dividend,0.242522
BBWI,2019-05-30,dividend,0.242522
BBWI,2019-08-22,dividend,0.242522
BBWI,2019-11-21,dividend,0.242522
BBWI,2020-02-20,dividend,0.242522
BBWI,2021-06-03,dividend,0.121261
BBWI,2021-08-03,split,1.237
BBWI,2021-08-19,dividend,0.15
BBWI,2021-11-18,dividend,0.15
BBWI,2022-02-17,dividend,0.2
BBWI,2022-06-02,dividend,0.2
BBWI,2022-08-18,dividend,0.2
BBWI,2022-11-17,dividend,0.2
BBWI,2023-02-16,dividend,0.2
BBWI,2023-06-01,dividend,0.2
BBWI,2023-08-17,dividend,0.2
BBWI,2023-11-16,dividend,0.2
BBWI,2024-02-22,dividend,0.2
BBWI,2024-06-07,dividend,0.2
BBWI,2024-08-23,dividend,0.2
BBWI,2024-11-22,dividend,0.2
BBWI,2025-02-21,dividend,0.2
BBWI,2025-06-06,dividend,0.2
BBWI,2025-08-22,dividend,0.2
BBWI,2025-11-21,dividend,0.2
BBWI,2026-02-20,dividend,0.2
BBWI,2026-06-05,dividend,0.2
BBWI,2026-08-21,dividend,0.2
BBY,2016-12-06,dividend,0.28
BBY,2017-03-20,dividend,0.34
BBY,2017-06-13,dividend,0.34
BBY,2017-09-18,dividend,0.34
BBY,2017-12-06,dividend,0.34
BBY,2018-03-21,dividend,0.45
BBY,2018-06-13,dividend,0.45
BBY,2018-09-17,dividend,0.45
BBY,2018-12-10,dividend,0.45
BBY,2019-03-19,dividend,0.5
BBY,2019-06-12,dividend,0.5
BBY,2019-09-18,dividend,0.5
BBY,2019-12-16,dividend,0.5
BBY,2020-03-18,dividend,0.55
BBY,2020-06-10,dividend,0.55
BBY,2020-09-14,dividend,0.55
BBY,2020-12-14,dividend,0.55
BBY,2021-03-17,dividend,0.7
BBY,2021-06-16,dividend,0.7
BBY,2021-09-13,dividend,0.7
BBY,2021-12-13,dividend,0.7
BBY,2022-03-23,dividend,0.88
BBY,2022-06-13,dividend,0.88
BBY,2022-09-19,dividend,0.88
BBY,2022-12-12,dividend,0.88
BBY,2023-03-22,dividend,0.92
BBY,2023-06-14,dividend,0.92
BBY,2023-09-18,dividend,0.92
BBY,2023-12-11,dividend,0.92
BBY,2024-03-20,dividend,0.94
BBY,2024-06-20,dividend,0.94
BBY,2024-09-19,dividend,0.94
BBY,2024-12-17,dividend,0.94
BBY,2025-03-25,dividend,0.95
BBY,2025-06-18,dividend,0.95
BBY,2025-09-18,dividend,0.95
BBY,2025-12-16,dividend,0.95
BBY,2026-03-24,dividend,0.96
BBY,2026-06-18,dividend,0.96
BCE,2016-12-13,dividend,0.52
BCE,2017-03-13,dividend,0.533
BCE,2017-06-13,dividend,0.539
BCE,2017-09-14,dividend,0.589
BCE,2017-12-14,dividend,0.56
BCE,2018-03-14,dividend,0.582
BCE,2018-06-14,dividend,0.581
BCE,2018-09-13,dividend,0.581
BCE,2019-03-14,dividend,0.596
BCE,2019-06-13,dividend,0.594
BCE,2019-09-13,dividend,0.6
BCE,2019-12-13,dividend,0.601
BCE,2020-03-13,dividend,0.598
BCE,2020-06-12,dividend,0.611
BCE,2020-09-14,dividend,0.632
BCE,2020-12-14,dividend,0.652
BCE,2021-03-12,dividend,0.698
BCE,2021-06-14,dividend,0.72
BCE,2021-09-14,dividend,0.692
BCE,2021-12-14,dividend,0.683
BCE,2022-03-14,dividend,0.722
BCE,2022-06-14,dividend,0.714
BCE,2022-09-14,dividend,0.699
BCE,2022-12-14,dividend,0.679
BCE,2023-03-14,dividend,0.705
BCE,2023-06-14,dividend,0.727
BCE,2023-09-14,dividend,0.714
BCE,2023-12-14,dividend,0.716
BCE,2024-03-14,dividend,0.741
BCE,2024-06-14,dividend,0.726
BCE,2024-09-16,dividend,0.734
BCE,2024-12-16,dividend,0.695
BCE,2025-03-14,dividend,0.718
BCE,2025-06-16,dividend,0.319
BCE,2025-09-15,dividend,0.311
BCE,2025-12-15,dividend,0.315
BCE,2026-03-16,dividend,0.319
BCE,2026-06-15,dividend,0.313
BCE,2026-09-15,dividend,0.315
BEEM,2019-04-16,split,0.02
BEKE,2023-09-14,dividend,0.171
BEKE,2024-04-04,dividend,0.351
BEKE,2025-04-09,dividend,0.36
BEKE,2026-04-08,dividend,0.276
BHP,2017-03-08,dividend,0.713649
BHP,2017-09-07,dividend,0.767172
BHP,2018-03-08,dividend,0.981267
BHP,2018-09-06,dividend,1.123996
BHP,2019-01-10,dividend,1.819804
BHP,2019-03-07,dividend,0.981267
BHP,2019-09-05,dividend,1.391615
BHP,2020-03-05,dividend,1.159679
BHP,2020-09-03,dividend,0.981267
BHP,2021-03-04,dividend,1.801963
BHP,2021-09-02,dividend,3.568243
BHP,2022-02-24,dividend,2.676182
BHP,2022-06-02,split,1.121
BHP,2022-09-01,dividend,3.5
BHP,2023-03-09,dividend,1.8
BHP,2023-09-07,dividend,1.6
BHP,2024-03-07,dividend,1.44
BHP,2024-09-13,dividend,1.48
BHP,2025-03-07,dividend,1.0
BHP,2026-03-06,dividend,1.46
BHP,2026-09-04,dividend,1.98
BIVI,2024-08-06,split,0.1
BIVI,2025-07-07,split,0.1
BKNG,2024-03-07,dividend,0.35
BKNG,2024-06-07,dividend,0.35
BKNG,2024-09-06,dividend,0.35
BKNG,2024-12-06,dividend,0.35
BKNG,2025-03-07,dividend,0.384
BKNG,2025-06-06,dividend,0.384
BKNG,2025-09-05,dividend,0.384
BKNG,2025-12-05,dividend,0.384
BKNG,2026-03-06,dividend,0.42
BKNG,2026-04-06,split,25.0
BKNG,2026-06-05,dividend,0.42
BKNG,2026-09-11,dividend,0.42
BKR,2016-11-03,dividend,0.17
BKR,2017-02-02,dividend,0.17
BKR,2017-05-04,dividend,0.17
BKR,2017-07-05,dividend,17.5
BKR,2017-08-09,dividend,0.17
BKR,2017-11-03,dividend,0.18
BKR,2018-02-02,dividend,0.18
BKR,2018-05-21,dividend,0.18
BKR,2018-08-13,dividend,0.18
BKR,2018-11-15,dividend,0.18
BKR,2019-02-01,dividend,0.18
BKR,2019-05-20,dividend,0.18
BKR,2019-08-12,dividend,0.18
BKR,2019-11-07,dividend,0.18
BKR,2020-01-31,dividend,0.18
BKR,2020-05-22,dividend,0.18
BKR,2020-08-07,dividend,0.18
BKR,2020-11-06,dividend,0.18
BKR,2021-02-08,dividend,0.18
BKR,2021-05-24,dividend,0.18
BKR,2021-08-09,dividend,0.18
BKR,2021-11-01,dividend,0.18
BKR,2022-02-04,dividend,0.18
BKR,2022-05-27,dividend,0.18
BKR,2022-08-08,dividend,0.18
BKR,2022-11-04,dividend,0.19
BKR,2023-02-03,dividend,0.19
BKR,2023-05-26,dividend,0.19
BKR,2023-08-07,dividend,0.2
BKR,2023-11-03,dividend,0.2
BKR,2024-02-12,dividend,0.21
BKR,2024-05-03,dividend,0.21
BKR,2024-08-06,dividend,0.21
BKR,2024-11-04,dividend,0.21
BKR,2025-02-11,dividend,0.23
BKR,2025-05-06,dividend,0.23
BKR,2025-08-05,dividend,0.23
BKR,2025-11-04,dividend,0.23
BKR,2026-02-17,dividend,0.23
BKR,2026-05-05,dividend,0.23
BKR,2026-08-07,dividend,0.23
BMNR,2025-12-08,dividend,0.01
BMY,2016-10-05,dividend,0.38
BMY,2017-01-04,dividend,0.39
BMY,2017-04-05,dividend,0.39
BMY,2017-07-05,dividend,0.39
BMY,2017-10-05,dividend,0.39
BMY,2018-01-04,dividend,0.4
BMY,2018-04-05,dividend,0.4
BMY,2018-07-05,dividend,0.4
BMY,2018-10-04,dividend,0.4
BMY,2019-01-03,dividend,0.41
BMY,2019-04-04,dividend,0.41
BMY,2019-07-03,dividend,0.41
BMY,2019-10-03,dividend,0.41
BMY,2020-01-02,dividend,0.45
BMY,2020-04-02,dividend,0.45
BMY,2020-07-02,dividend,0.45
BMY,2020-10-01,dividend,0.45
BMY,2020-12-31,dividend,0.49
BMY,2021-03-31,dividend,0.49
BMY,2021-07-01,dividend,0.49
BMY,2021-09-30,dividend,0.49
BMY,2022-01-06,dividend,0.54
BMY,2022-03-31,dividend,0.54
BMY,2022-06-30,dividend,0.54
BMY,2022-10-06,dividend,0.54
BMY,2023-01-05,dividend,0.57
BMY,2023-04-06,dividend,0.57
BMY,2023-07-06,dividend,0.57
BMY,2023-10-05,dividend,0.57
BMY,2024-01-04,dividend,0.6
BMY,2024-04-04,dividend,0.6
BMY,2024-07-05,dividend,0.6
BMY,2024-10-04,dividend,0.6
BMY,2025-01-03,dividend,0.62
BMY,2025-04-04,dividend,0.62
BMY,2025-07-03,dividend,0.62
BMY,2025-10-03,dividend,0.62
BMY,2026-01-02,dividend,0.63
BMY,2026-04-02,dividend,0.63
BMY,2026-07-02,dividend,0.63
BN,2016-11-28,dividend,0.046383
BN,2017-02-24,dividend,0.049951
BN,2017-05-30,dividend,0.049951
BN,2017-08-29,dividend,0.049951
BN,2017-11-29,dividend,0.049951
BN,2018-02-27,dividend,0.053519
BN,2018-05-30,dividend,0.053519
BN,2018-08-30,dividend,0.053519
BN,2018-11-29,dividend,0.053519
BN,2019-02-27,dividend,0.057087
BN,2019-05-30,dividend,0.057087
BN,2019-08-29,dividend,0.057087
BN,2019-11-29,dividend,0.057087
BN,2020-02-27,dividend,0.064223
BN,2020-04-02,split,1.5
BN,2020-05-28,dividend,0.064223
BN,2020-08-28,dividend,0.064223
BN,2020-11-27,dividend,0.064223
BN,2021-02-25,dividend,0.069575
BN,2021-05-27,dividend,0.069575
BN,2021-08-30,dividend,0.070062
BN,2021-11-29,dividend,0.070062
BN,2022-02-25,dividend,0.075451
BN,2022-05-27,dividend,0.075451
BN,2022-05-31,dividend,0.075451
BN,2022-08-30,dividend,0.075451
BN,2022-11-29,dividend,0.075451
BN,2022-12-12,split,1.237
BN,2023-02-27,dividend,0.046667
BN,2023-05-30,dividend,0.046667
BN,2023-08-30,dividend,0.046667
BN,2023-11-29,dividend,0.046667
BN,2024-03-12,dividend,0.053333
BN,2024-06-13,dividend,0.053333
BN,2024-09-12,dividend,0.053333
BN,2024-12-16,dividend,0.053333
BN,2025-03-14,dividend,0.06
BN,2025-06-13,dividend,0.06
BN,2025-09-12,dividend,0.06
BN,2025-10-10,split,1.5
BN,2025-12-16,dividend,0.06
BN,2026-03-17,dividend,0.07
BN,2026-06-15,dividend,0.07
BN,2026-09-14,dividend,0.07
BNL,2020-09-29,dividend,0.135
BNL,2020-12-30,dividend,0.25
BNL,2021-03-30,dividend,0.25
BNL,2021-06-29,dividend,0.255
BNL,2021-09-29,dividend,0.255
BNL,2021-12-30,dividend,0.265
BNL,2022-03-30,dividend,0.265
BNL,2022-06-29,dividend,0.27
BNL,2022-09-29,dividend,0.27
BNL,2022-12-29,dividend,0.275
BNL,2023-03-30,dividend,0.275
BNL,2023-06-29,dividend,0.28
BNL,2023-09-28,dividend,0.28
BNL,2023-12-28,dividend,0.285
BNL,2024-03-27,dividend,0.285
BNL,2024-06-28,dividend,0.29
BNL,2024-09-30,dividend,0.29
BNL,2024-12-31,dividend,0.29
BNL,2025-03-31,dividend,0.29
BNL,2025-06-30,dividend,0.29
BNL,2025-09-30,dividend,0.29
BNL,2025-12-31,dividend,0.29
BNL,2026-03-31,dividend,0.293
BNL,2026-06-30,dividend,0.293
BORR,2021-12-14,split,0.5
BORR,2024-01-02,dividend,0.05
BORR,2024-03-01,dividend,0.05
BORR,2024-06-03,dividend,0.1
BORR,2024-08-21,dividend,0.1
BORR,2024-08-22,dividend,0.1
BORR,2024-11-29,dividend,0.02
BORR,2025-03-03,dividend,0.02
BP,2016-11-08,dividend,0.6
BP,2017-02-15,dividend,0.6
BP,2017-05-10,dividend,0.6
BP,2017-08-09,dividend,0.6
BP,2017-11-09,dividend,0.6
BP,2018-02-15,dividend,0.6
BP,2018-05-10,dividend,0.6
BP,2018-08-09,dividend,0.615
BP,2018-11-08,dividend,0.615
BP,2019-02-14,dividend,0.615
BP,2019-05-09,dividend,0.615
BP,2019-08-08,dividend,0.615
BP,2019-11-07,dividend,0.615
BP,2020-02-13,dividend,0.63
BP,2020-05-08,dividend,0.63
BP,2020-08-13,dividend,0.315
BP,2020-11-05,dividend,0.315
BP,2021-02-18,dividend,0.315
BP,2021-05-06,dividend,0.315
BP,2021-08-12,dividend,0.328
BP,2021-11-10,dividend,0.328
BP,2022-02-17,dividend,0.328
BP,2022-05-12,dividend,0.328
BP,2022-08-11,dividend,0.36
BP,2022-11-09,dividend,0.36
BP,2023-02-16,dividend,0.397
BP,2023-05-11,dividend,0.397
BP,2023-08-10,dividend,0.436
BP,2023-11-09,dividend,0.436
BP,2024-02-15,dividend,0.436
BP,2024-05-16,dividend,0.436
BP,2024-08-09,dividend,0.48
BP,2024-11-08,dividend,0.48
BP,2025-02-21,dividend,0.48
BP,2025-05-16,dividend,0.48
BP,2025-08-15,dividend,0.499
BP,2025-11-14,dividend,0.499
BP,2026-02-20,dividend,0.499
BP,2026-05-15,dividend,0.499
BP,2026-08-14,dividend,0.52
BRX,2016-10-03,dividend,0.245
BRX,2017-01-03,dividend,0.26
BRX,2017-04-03,dividend,0.26
BRX,2017-07-03,dividend,0.26
BRX,2017-10-04,dividend,0.26
BRX,2018-01-03,dividend,0.275
BRX,2018-04-04,dividend,0.275
BRX,2018-07-05,dividend,0.275
BRX,2018-10-04,dividend,0.275
BRX,2019-01-03,dividend,0.28
BRX,2019-04-04,dividend,0.28
BRX,2019-07-03,dividend,0.28
BRX,2019-10-03,dividend,0.28
BRX,2020-01-03,dividend,0.285
BRX,2020-04-03,dividend,0.285
BRX,2021-01-05,dividend,0.215
BRX,2021-04-01,dividend,0.215
BRX,2021-07-02,dividend,0.215
BRX,2021-10-04,dividend,0.215
BRX,2022-01-04,dividend,0.24
BRX,2022-04-04,dividend,0.24
BRX,2022-07-01,dividend,0.24
BRX,2022-10-03,dividend,0.24
BRX,2023-01-03,dividend,0.26
BRX,2023-04-03,dividend,0.26
BRX,2023-07-03,dividend,0.26
BRX,2023-10-02,dividend,0.26
BRX,2024-01-02,dividend,0.273
BRX,2024-04-01,dividend,0.273
BRX,2024-07-02,dividend,0.273
BRX,2024-10-02,dividend,0.273
BRX,2025-01-03,dividend,0.288
BRX,2025-04-02,dividend,0.288
BRX,2025-07-02,dividend,0.288
BRX,2025-10-02,dividend,0.288
BRX,2026-01-05,dividend,0.308
BRX,2026-04-02,dividend,0.308
BRX,2026-07-02,dividend,0.308
BTAI,2025-02-10,split,0.0625
BTCT,2023-08-24,split,0.05
BTE,2023-09-14,dividend,0.017
BTE,2023-12-14,dividend,0.017
BTE,2024-03-14,dividend,0.017
BTE,2024-06-14,dividend,0.016
BTE,2024-09-16,dividend,0.017
BTE,2024-12-13,dividend,0.016
BTE,2025-03-14,dividend,0.016
BTE,2025-06-13,dividend,0.017
BTE,2026-03-13,dividend,0.016
BTE,2026-06-15,dividend,0.016
BTE,2026-09-15,dividend,0.016
BTG,2019-11-26,dividend,0.01
BTG,2020-03-06,dividend,0.01
BTG,2020-06-22,dividend,0.02
BTG,2020-09-21,dividend,0.04
BTG,2020-12-07,dividend,0.04
BTG,2021-03-05,dividend,0.04
BTG,2021-06-21,dividend,0.04
BTG,2021-09-21,dividend,0.04
BTG,2021-12-07,dividend,0.04
BTG,2022-03-08,dividend,0.04
BTG,2022-06-17,dividend,0.04
BTG,2022-09-20,dividend,0.04
BTG,2022-12-06,dividend,0.04
BTG,2023-03-07,dividend,0.04
BTG,2023-06-15,dividend,0.04
BTG,2023-09-20,dividend,0.04
BTG,2023-12-01,dividend,0.04
BTG,2024-03-06,dividend,0.04
BTG,2024-06-11,dividend,0.04
BTG,2024-09-10,dividend,0.04
BTG,2024-12-02,dividend,0.04
BTG,2025-03-07,dividend,0.02
BTG,2025-06-11,dividend,0.02
BTG,2026-03-06,dividend,0.02
BTG,2026-06-10,dividend,0.02
BTG,2026-09-10,dividend,0.02
BTI,2017-02-14,split,2.0
BTI,2017-03-15,dividend,1.477
BTI,2017-08-16,dividend,0.738
BTI,2017-12-28,dividend,0.586
BTI,2018-03-22,dividend,0.679
BTI,2018-06-28,dividend,0.679
BTI,2018-10-04,dividend,0.679
BTI,2018-12-27,dividend,0.679
BTI,2019-03-21,dividend,0.674
BTI,2019-06-27,dividend,0.674
BTI,2019-10-03,dividend,0.674
BTI,2019-12-26,dividend,0.674
BTI,2020-03-26,dividend,0.677
BTI,2020-07-09,dividend,0.677
BTI,2020-10-01,dividend,0.677
BTI,2020-12-17,dividend,0.677
BTI,2021-03-25,dividend,0.746
BTI,2021-07-08,dividend,0.746
BTI,2021-09-30,dividend,0.746
BTI,2021-12-22,dividend,0.746
BTI,2022-03-24,dividend,0.74
BTI,2022-07-07,dividend,0.74
BTI,2022-09-29,dividend,0.74
BTI,2022-12-22,dividend,0.74
BTI,2023-03-23,dividend,0.701
BTI,2023-07-13,dividend,0.701
BTI,2023-09-28,dividend,0.701
BTI,2023-12-21,dividend,0.701
BTI,2024-03-21,dividend,0.743
BTI,2024-06-28,dividend,0.743
BTI,2024-09-27,dividend,0.743
BTI,2024-12-20,dividend,0.743
BTI,2025-03-28,dividend,0.749
BTI,2025-06-27,dividend,0.749
BTI,2025-10-03,dividend,0.749
BTI,2025-12-30,dividend,0.749
BTI,2026-03-27,dividend,0.835
BTI,2026-07-10,dividend,0.835
BW,2019-07-24,split,0.1
BX,2016-11-03,dividend,0.41
BX,2017-02-02,dividend,0.47
BX,2017-04-27,dividend,0.87
BX,2017-07-27,dividend,0.54
BX,2017-10-27,dividend,0.44
BX,2018-02-09,dividend,0.85
BX,2018-04-27,dividend,0.35
BX,2018-07-27,dividend,0.58
BX,2018-10-26,dividend,0.64
BX,2019-02-08,dividend,0.58
BX,2019-04-26,dividend,0.37
BX,2019-07-26,dividend,0.48
BX,2019-11-01,dividend,0.49
BX,2020-02-07,dividend,0.61
BX,2020-05-01,dividend,0.39
BX,2020-07-31,dividend,0.37
BX,2020-11-06,dividend,0.54
BX,2021-02-05,dividend,0.96
BX,2021-04-30,dividend,0.82
BX,2021-07-30,dividend,0.7
BX,2021-10-29,dividend,1.09
BX,2022-02-04,dividend,1.45
BX,2022-04-29,dividend,1.32
BX,2022-07-29,dividend,1.27
BX,2022-10-28,dividend,0.9
BX,2023-02-03,dividend,0.91
BX,2023-04-28,dividend,0.82
BX,2023-07-28,dividend,0.79
BX,2023-10-27,dividend,0.8
BX,2024-02-02,dividend,0.94
BX,2024-04-26,dividend,0.83
BX,2024-07-29,dividend,0.82
BX,2024-10-28,dividend,0.86
BX,2025-02-10,dividend,1.44
BX,2025-04-28,dividend,0.93
BX,2025-08-04,dividend,1.03
BX,2025-11-03,dividend,1.29
BX,2026-02-09,dividend,1.49
BX,2026-05-04,dividend,1.16
BX,2026-08-03,dividend,1.29
BZ,2023-12-04,dividend,0.18
BZ,2025-10-08,dividend,0.168
C,2016-11-03,dividend,0.16
C,2017-02-02,dividend,0.16
C,2017-04-27,dividend,0.16
C,2017-08-03,dividend,0.32
C,2017-11-03,dividend,0.32
C,2018-02-02,dividend,0.32
C,2018-05-04,dividend,0.32
C,2018-08-03,dividend,0.45
C,2018-11-02,dividend,0.45
C,2019-02-01,dividend,0.45
C,2019-05-03,dividend,0.45
C,2019-08-02,dividend,0.51
C,2019-11-01,dividend,0.51
C,2020-01-31,dividend,0.51
C,2020-05-01,dividend,0.51
C,2020-07-31,dividend,0.51
C,2020-10-30,dividend,0.51
C,2021-01-29,dividend,0.51
C,2021-04-30,dividend,0.51
C,2021-07-30,dividend,0.51
C,2021-10-29,dividend,0.51
C,2022-02-04,dividend,0.51
C,2022-04-29,dividend,0.51
C,2022-07-29,dividend,0.51
C,2022-11-04,dividend,0.51
C,2023-02-03,dividend,0.51
C,2023-04-28,dividend,0.51
C,2023-08-04,dividend,0.53
C,2023-11-03,dividend,0.53
C,2024-02-02,dividend,0.53
C,2024-05-03,dividend,0.53
C,2024-08-05,dividend,0.56
C,2024-11-04,dividend,0.56
C,2025-02-03,dividend,0.56
C,2025-05-05,dividend,0.56
C,2025-08-04,dividend,0.6
C,2025-11-03,dividend,0.6
C,2026-02-02,dividend,0.6
C,2026-05-04,dividend,0.6
C,2026-08-03,dividend,0.67
CAG,2016-10-27,dividend,0.194553
CAG,2016-11-10,split,1.285
CAG,2017-01-26,dividend,0.2
CAG,2017-04-26,dividend,0.2
CAG,2017-07-27,dividend,0.213
CAG,2017-10-30,dividend,0.213
CAG,2018-01-29,dividend,0.213
CAG,2018-04-27,dividend,0.213
CAG,2018-07-30,dividend,0.213
CAG,2018-10-16,dividend,0.213
CAG,2019-01-29,dividend,0.213
CAG,2019-04-29,dividend,0.213
CAG,2019-07-29,dividend,0.213
CAG,2019-10-31,dividend,0.213
CAG,2020-01-30,dividend,0.213
CAG,2020-04-29,dividend,0.213
CAG,2020-08-03,dividend,0.213
CAG,2020-10-30,dividend,0.275
CAG,2021-01-28,dividend,0.275
CAG,2021-04-29,dividend,0.275
CAG,2021-08-02,dividend,0.313
CAG,2021-10-29,dividend,0.313
CAG,2022-01-28,dividend,0.313
CAG,2022-04-28,dividend,0.313
CAG,2022-08-02,dividend,0.33
CAG,2022-11-02,dividend,0.33
CAG,2023-01-27,dividend,0.33
CAG,2023-04-27,dividend,0.33
CAG,2023-07-28,dividend,0.35
CAG,2023-11-01,dividend,0.35
CAG,2024-01-29,dividend,0.35
CAG,2024-04-29,dividend,0.35
CAG,2024-08-01,dividend,0.35
CAG,2024-10-31,dividend,0.35
CAG,2025-01-27,dividend,0.35
CAG,2025-04-28,dividend,0.35
CAG,2025-07-30,dividend,0.35
CAG,2025-10-30,dividend,0.35
CAG,2026-01-27,dividend,0.35
CAG,2026-04-30,dividend,0.35
CAG,2026-07-30,dividend,0.175
CAPR,2019-06-05,split,0.1
CARR,2020-06-25,dividend,0.08
CARR,2020-10-29,dividend,0.08
CARR,2020-12-22,dividend,0.12
CARR,2021-04-30,dividend,0.12
CARR,2021-06-23,dividend,0.12
CARR,2021-10-28,dividend,0.12
CARR,2021-12-22,dividend,0.15
CARR,2022-04-28,dividend,0.15
CARR,2022-06-22,dividend,0.15
CARR,2022-10-27,dividend,0.15
CARR,2022-12-21,dividend,0.185
CARR,2023-05-04,dividend,0.185
CARR,2023-06-22,dividend,0.185
CARR,2023-10-26,dividend,0.185
CARR,2023-12-20,dividend,0.19
CARR,2024-05-02,dividend,0.19
CARR,2024-06-21,dividend,0.19
CARR,2024-10-25,dividend,0.19
CARR,2024-12-20,dividend,0.225
CARR,2025-05-02,dividend,0.225
CARR,2025-07-21,dividend,0.225
CARR,2025-10-29,dividend,0.225
CARR,2026-01-20,dividend,0.24
CARR,2026-05-04,dividend,0.24
CARR,2026-07-21,dividend,0.24
CATX,2024-06-17,split,0.1
CCL,2016-11-22,dividend,0.35
CCL,2017-02-22,dividend,0.35
CCL,2017-05-24,dividend,0.4
CCL,2017-08-23,dividend,0.4
CCL,2017-11-22,dividend,0.45
CCL,2018-02-22,dividend,0.45
CCL,2018-05-24,dividend,0.5
CCL,2018-08-23,dividend,0.5
CCL,2018-11-21,dividend,0.5
CCL,2019-02-21,dividend,0.5
CCL,2019-05-23,dividend,0.5
CCL,2019-08-22,dividend,0.5
CCL,2019-11-21,dividend,0.5
CCL,2020-02-20,dividend,0.5
CCL,2026-02-13,dividend,0.15
CCL,2026-05-18,dividend,0.15
CCL,2026-08-07,dividend,0.15
CCO,2017-02-24,dividend,0.78
CCO,2017-10-06,dividend,0.069
CCO,2017-11-01,dividend,0.069
CCO,2018-01-25,dividend,0.082
CDE,2026-05-22,dividend,0.02
CDTG,2026-06-01,split,0.04
CELH,2023-11-15,split,3.0
CELU,2024-02-29,split,0.1
CG,2016-11-04,dividend,0.5
CG,2017-02-16,dividend,0.16
CG,2017-05-11,dividend,0.1
CG,2017-08-10,dividend,0.42
CG,2017-11-09,dividend,0.56
CG,2018-02-16,dividend,0.33
CG,2018-05-10,dividend,0.27
CG,2018-08-10,dividend,0.22
CG,2018-11-09,dividend,0.42
CG,2019-02-15,dividend,0.43
CG,2019-05-10,dividend,0.19
CG,2019-08-09,dividend,0.43
CG,2019-11-08,dividend,0.31
CG,2020-02-14,dividend,0.25
CG,2020-05-11,dividend,0.25
CG,2020-08-10,dividend,0.25
CG,2020-11-09,dividend,0.25
CG,2021-02-12,dividend,0.25
CG,2021-05-10,dividend,0.25
CG,2021-08-09,dividend,0.25
CG,2021-11-08,dividend,0.25
CG,2022-02-14,dividend,0.25
CG,2022-05-09,dividend,0.325
CG,2022-08-08,dividend,0.325
CG,2022-11-17,dividend,0.325
CG,2023-02-21,dividend,0.325
CG,2023-05-15,dividend,0.35
CG,2023-08-14,dividend,0.35
CG,2023-11-20,dividend,0.35
CG,2024-02-22,dividend,0.35
CG,2024-05-13,dividend,0.35
CG,2024-08-16,dividend,0.35
CG,2024-11-18,dividend,0.35
CG,2025-02-21,dividend,0.35
CG,2025-05-19,dividend,0.35
CG,2025-08-18,dividend,0.35
CG,2025-11-10,dividend,0.35
CG,2026-02-13,dividend,0.35
CG,2026-05-18,dividend,0.35
CG,2026-08-17,dividend,0.35
CGC,2023-12-20,split,0.1
CHAI,2023-08-09,split,0.01
CHAI,2023-12-04,split,0.14285714285714285
CHAI,2024-08-02,split,0.05555555555555555
CHAI,2024-12-27,split,0.1
CHAI,2025-10-07,split,0.25
CIG,2016-12-29,dividend,0.070769
CIG,2017-05-15,dividend,0.059231
CIG,2017-12-08,dividend,0.010769
CIG,2018-05-02,dividend,0.115385
CIG,2018-12-28,dividend,0.028462
CIG,2019-05-06,dividend,0.087692
CIG,2020-01-03,dividend,0.052308
CIG,2020-08-13,dividend,0.036154
CIG,2020-10-02,dividend,0.010769
CIG,2021-01-07,dividend,0.042308
CIG,2021-05-03,dividend,0.085385
CIG,2021-12-22,dividend,0.076923
CIG,2022-04-01,dividend,0.023077
CIG,2022-05-02,dividend,0.099231
CIG,2022-06-27,dividend,0.023846
CIG,2022-09-30,dividend,0.031538
CIG,2022-12-23,dividend,0.026154
CIG,2022-12-30,dividend,0.034615
CIG,2023-03-31,dividend,0.028462
CIG,2023-04-28,dividend,0.009231
CIG,2023-06-30,dividend,0.031538
CIG,2023-09-29,dividend,0.03
CIG,2023-12-22,dividend,0.093846
CIG,2024-03-28,dividend,0.026923
CIG,2024-05-02,dividend,0.067692
CIG,2024-05-24,split,1.3
CIG,2024-07-01,dividend,0.028
CIG,2024-08-26,dividend,0.088
CIG,2024-09-30,dividend,0.03
CIG,2024-12-30,dividend,0.032
CIG,2025-03-31,dividend,0.033
CIG,2025-05-12,dividend,0.119
CIG,2025-06-30,dividend,0.038
CIG,2026-03-30,dividend,0.043
CIG,2026-05-14,dividend,0.048
CIG,2026-07-02,dividend,0.043
CL,2016-10-20,dividend,0.39
CL,2017-01-19,dividend,0.39
CL,2017-04-19,dividend,0.4
CL,2017-07-14,dividend,0.4
CL,2017-10-20,dividend,0.4
CL,2018-01-22,dividend,0.4
CL,2018-04-19,dividend,0.42
CL,2018-07-17,dividend,0.42
CL,2018-10-18,dividend,0.42
CL,2019-01-22,dividend,0.42
CL,2019-04-17,dividend,0.43
CL,2019-07-17,dividend,0.43
CL,2019-10-22,dividend,0.43
CL,2020-01-22,dividend,0.43
CL,2020-04-17,dividend,0.44
CL,2020-07-17,dividend,0.44
CL,2020-10-22,dividend,0.44
CL,2021-01-22,dividend,0.44
CL,2021-04-20,dividend,0.45
CL,2021-07-20,dividend,0.45
CL,2021-10-20,dividend,0.45
CL,2022-01-21,dividend,0.45
CL,2022-04-20,dividend,0.47
CL,2022-07-20,dividend,0.47
CL,2022-10-20,dividend,0.47
CL,2023-01-20,dividend,0.47
CL,2023-04-20,dividend,0.48
CL,2023-07-20,dividend,0.48
CL,2023-10-20,dividend,0.48
CL,2024-01-19,dividend,0.48
CL,2024-04-19,dividend,0.5
CL,2024-07-19,dividend,0.5
CL,2024-10-18,dividend,0.5
CL,2025-01-21,dividend,0.5
CL,2025-04-17,dividend,0.52
CL,2025-07-18,dividend,0.52
CL,2025-10-17,dividend,0.52
CL,2026-01-21,dividend,0.52
CL,2026-04-20,dividend,0.53
CL,2026-07-20,dividend,0.53
CLBK,2026-07-21,split,2.2
CLBK,2026-08-12,dividend,0.05
CLF,2019-01-03,dividend,0.05
CLF,2019-04-04,dividend,0.05
CLF,2019-07-03,dividend,0.06
CLF,2019-10-03,dividend,0.1
CLF,2020-01-02,dividend,0.06
CLF,2020-04-02,dividend,0.06
CLGN,2026-09-04,split,0.1
CLM,2016-10-13,dividend,0.279528
CLM,2016-11-10,dividend,0.279528
CLM,2016-12-13,dividend,0.279528
CLM,2017-01-11,dividend,0.229331
CLM,2017-02-13,dividend,0.229331
CLM,2017-03-13,dividend,0.229331
CLM,2017-04-11,dividend,0.229331
CLM,2017-05-11,dividend,0.229331
CLM,2017-06-13,dividend,0.229331
CLM,2017-07-12,dividend,0.229331
CLM,2017-08-16,dividend,0.229331
CLM,2017-09-14,dividend,0.229331
CLM,2017-10-12,dividend,0.229331
CLM,2017-11-14,dividend,0.229331
CLM,2017-12-14,dividend,0.229331
CLM,2018-01-12,dividend,0.233268
CLM,2018-02-14,dividend,0.233268
CLM,2018-03-14,dividend,0.233268
CLM,2018-04-12,dividend,0.233268
CLM,2018-05-14,dividend,0.233268
CLM,2018-06-14,dividend,0.233268
CLM,2018-07-13,dividend,0.233268
CLM,2018-08-16,dividend,0.233268
CLM,2018-09-13,dividend,0.233268
CLM,2018-10-12,dividend,0.233268
CLM,2018-11-14,dividend,0.233268
CLM,2018-12-13,dividend,0.233268
CLM,2019-01-14,dividend,0.201772
CLM,2019-02-14,dividend,0.201772
CLM,2019-03-14,dividend,0.201772
CLM,2019-04-12,dividend,0.201772
CLM,2019-05-14,dividend,0.201772
CLM,2019-06-13,dividend,0.201772
CLM,2019-07-12,dividend,0.201772
CLM,2019-08-14,dividend,0.201772
CLM,2019-09-13,dividend,0.201772
CLM,2019-10-11,dividend,0.201772
CLM,2019-11-14,dividend,0.201772
CLM,2019-12-13,dividend,0.201772
CLM,2020-01-14,dividend,0.182087
CLM,2020-02-13,dividend,0.182087
CLM,2020-03-13,dividend,0.182087
CLM,2020-04-14,dividend,0.182087
CLM,2020-05-14,dividend,0.182087
CLM,2020-06-12,dividend,0.182087
CLM,2020-07-14,dividend,0.182087
CLM,2020-08-13,dividend,0.182087
CLM,2020-09-14,dividend,0.182087
CLM,2020-10-14,dividend,0.182087
CLM,2020-11-13,dividend,0.182087
CLM,2020-12-14,dividend,0.182087
CLM,2021-01-14,dividend,0.15748
CLM,2021-02-12,dividend,0.15748
CLM,2021-03-12,dividend,0.15748
CLM,2021-04-09,dividend,0.15748
CLM,2021-05-13,dividend,0.15748
CLM,2021-06-14,dividend,0.15748
CLM,2021-07-14,dividend,0.15748
CLM,2021-08-13,dividend,0.15748
CLM,2021-09-14,dividend,0.15748
CLM,2021-10-14,dividend,0.15748
CLM,2021-11-12,dividend,0.15748
CLM,2021-12-14,dividend,0.15748
CLM,2022-01-13,dividend,0.17815
CLM,2022-02-14,dividend,0.17815
CLM,2022-03-14,dividend,0.17815
CLM,2022-04-08,dividend,0.17815
CLM,2022-05-13,dividend,0.17815
CLM,2022-06-09,dividend,0.17815
CLM,2022-07-14,dividend,0.17815
CLM,2022-08-12,dividend,0.17815
CLM,2022-09-14,dividend,0.17815
CLM,2022-10-13,dividend,0.17815
CLM,2022-11-14,dividend,0.17815
CLM,2022-12-14,dividend,0.17815
CLM,2023-01-13,dividend,0.121063
CLM,2023-02-14,dividend,0.121063
CLM,2023-03-14,dividend,0.121063
CLM,2023-04-13,dividend,0.121063
CLM,2023-05-12,dividend,0.121063
CLM,2023-06-14,dividend,0.121063
CLM,2023-07-13,dividend,0.121063
CLM,2023-08-14,dividend,0.121063
CLM,2023-09-14,dividend,0.121063
CLM,2023-10-13,dividend,0.121063
CLM,2023-11-14,dividend,0.121063
CLM,2023-12-14,dividend,0.121063
CLM,2024-01-12,dividend,0.107283
CLM,2024-02-14,dividend,0.107283
CLM,2024-03-14,dividend,0.107283
CLM,2024-04-12,dividend,0.107283
CLM,2024-05-14,dividend,0.107283
CLM,2024-06-14,dividend,0.107283
CLM,2024-07-15,dividend,0.107283
CLM,2024-08-15,dividend,0.107283
CLM,2024-09-16,dividend,0.107283
CLM,2024-10-15,dividend,0.107283
CLM,2024-11-15,dividend,0.107283
CLM,2024-12-16,dividend,0.107283
CLM,2025-01-15,dividend,0.120079
CLM,2025-02-14,dividend,0.120079
CLM,2025-03-14,dividend,0.120079
CLM,2025-04-15,dividend,0.120079
CLM,2025-05-15,dividend,0.122
CLM,2025-06-16,dividend,0.122
CLM,2025-07-15,dividend,0.122
CLM,2025-08-15,dividend,0.122
CLM,2025-09-15,dividend,0.122
CLM,2025-10-15,dividend,0.122
CLM,2025-11-14,dividend,0.122
CLM,2025-12-15,dividend,0.122
CLM,2026-01-15,dividend,0.122
CLM,2026-02-17,dividend,0.122
CLM,2026-03-16,dividend,0.122
CLM,2026-04-15,dividend,0.122
CLM,2026-05-15,dividend,0.122
CLM,2026-06-15,dividend,0.122
CLM,2026-07-15,dividend,0.122
CLM,2026-08-14,dividend,0.122
CLM,2026-09-15,dividend,0.122
CLSK,2019-12-11,split,0.1
CMCSA,2016-10-03,dividend,0.128866
CMCSA,2016-12-30,dividend,0.128866
CMCSA,2017-02-21,split,2.0
CMCSA,2017-04-03,dividend,0.148079
CMCSA,2017-06-30,dividend,0.148079
CMCSA,2017-10-03,dividend,0.148079
CMCSA,2018-01-02,dividend,0.148079
CMCSA,2018-04-03,dividend,0.178069
CMCSA,2018-07-02,dividend,0.178069
CMCSA,2018-10-02,dividend,0.178069
CMCSA,2018-12-31,dividend,0.178069
CMCSA,2019-04-02,dividend,0.196813
CMCSA,2019-07-02,dividend,0.196813
CMCSA,2019-10-01,dividend,0.196813
CMCSA,2020-01-07,dividend,0.196813
CMCSA,2020-03-31,dividend,0.215558
CMCSA,2020-06-30,dividend,0.215558
CMCSA,2020-10-06,dividend,0.215558
CMCSA,2021-01-05,dividend,0.215558
CMCSA,2021-04-06,dividend,0.234302
CMCSA,2021-07-06,dividend,0.234302
CMCSA,2021-10-05,dividend,0.234302
CMCSA,2022-01-04,dividend,0.234302
CMCSA,2022-04-05,dividend,0.253046
CMCSA,2022-07-05,dividend,0.253046
CMCSA,2022-10-04,dividend,0.253046
CMCSA,2023-01-03,dividend,0.253046
CMCSA,2023-04-04,dividend,0.27179
CMCSA,2023-07-03,dividend,0.27179
CMCSA,2023-10-03,dividend,0.27179
CMCSA,2024-01-02,dividend,0.27179
CMCSA,2024-04-02,dividend,0.290534
CMCSA,2024-07-03,dividend,0.290534
CMCSA,2024-10-02,dividend,0.290534
CMCSA,2025-01-08,dividend,0.290534
CMCSA,2025-04-02,dividend,0.309278
CMCSA,2025-07-02,dividend,0.309278
CMCSA,2025-10-01,dividend,0.309278
CMCSA,2026-01-05,split,1.067
CMCSA,2026-01-14,dividend,0.33
CMCSA,2026-04-01,dividend,0.33
CMCSA,2026-07-01,dividend,0.33
CMG,2024-06-26,split,50.0
CNH,2017-04-24,dividend,0.102698
CNH,2018-04-23,dividend,0.149695
CNH,2019-04-23,dividend,0.176675
CNH,2021-04-19,dividend,0.114883
CNH,2022-04-19,dividend,0.302
CNH,2023-04-24,dividend,0.396
CNH,2024-05-10,dividend,0.47
CNH,2025-05-21,dividend,0.25
CNH,2026-05-21,dividend,0.1
CNP,2016-11-14,dividend,0.258
CNP,2017-02-14,dividend,0.268
CNP,2017-05-12,dividend,0.268
CNP,2017-08-14,dividend,0.268
CNP,2017-11-15,dividend,0.268
CNP,2018-02-14,dividend,0.278
CNP,2018-05-16,dividend,0.278
CNP,2018-08-15,dividend,0.278
CNP,2018-11-14,dividend,0.278
CNP,2019-02-20,dividend,0.288
CNP,2019-05-15,dividend,0.288
CNP,2019-08-14,dividend,0.288
CNP,2019-11-20,dividend,0.288
CNP,2020-02-19,dividend,0.29
CNP,2020-05-20,dividend,0.15
CNP,2020-08-19,dividend,0.15
CNP,2020-11-18,dividend,0.15
CNP,2021-02-17,dividend,0.16
CNP,2021-05-19,dividend,0.16
CNP,2021-08-18,dividend,0.16
CNP,2021-11-17,dividend,0.17
CNP,2022-02-16,dividend,0.17
CNP,2022-05-18,dividend,0.17
CNP,2022-08-17,dividend,0.18
CNP,2022-11-16,dividend,0.18
CNP,2023-02-15,dividend,0.19
CNP,2023-05-17,dividend,0.19
CNP,2023-08-16,dividend,0.19
CNP,2023-11-15,dividend,0.2
CNP,2024-02-14,dividend,0.2
CNP,2024-05-15,dividend,0.2
CNP,2024-08-15,dividend,0.2
CNP,2024-11-21,dividend,0.21
CNP,2025-02-20,dividend,0.22
CNP,2025-05-15,dividend,0.22
CNP,2025-08-21,dividend,0.22
CNP,2025-11-20,dividend,0.22
CNP,2026-02-19,dividend,0.23
CNP,2026-05-21,dividend,0.23
CNP,2026-08-20,dividend,0.24
CNQ,2016-12-07,dividend,0.092067
CNQ,2017-03-15,dividend,0.099902
CNQ,2017-06-14,dividend,0.101861
CNQ,2017-09-14,dividend,0.110676
CNQ,2017-12-11,dividend,0.104799
CNQ,2018-03-15,dividend,0.126836
CNQ,2018-06-14,dividend,0.126347
CNQ,2018-09-13,dividend,0.126347
CNQ,2019-03-21,dividend,0.1381
CNQ,2019-06-13,dividend,0.13761
CNQ,2019-09-12,dividend,0.139079
CNQ,2019-12-10,dividend,0.13859
CNQ,2020-03-19,dividend,0.143487
CNQ,2020-06-11,dividend,0.15524
CNQ,2020-09-17,dividend,0.158178
CNQ,2020-12-08,dividend,0.162586
CNQ,2021-03-18,dividend,0.185602
CNQ,2021-06-17,dividend,0.187561
CNQ,2021-09-16,dividend,0.182174
CNQ,2021-12-09,dividend,0.227228
CNQ,2022-03-17,dividend,0.289912
CNQ,2022-06-16,dividend,0.285015
CNQ,2022-08-22,dividend,0.5775
CNQ,2022-08-22,split,1.021
CNQ,2022-09-15,dividend,0.285
CNQ,2022-12-15,dividend,0.314
CNQ,2023-03-16,dividend,0.327
CNQ,2023-06-15,dividend,0.338
CNQ,2023-09-14,dividend,0.332
CNQ,2023-12-07,dividend,0.368
CNQ,2024-03-14,dividend,0.39
CNQ,2024-06-11,split,2.0
CNQ,2024-06-17,dividend,0.382
CNQ,2024-09-13,dividend,0.387
CNQ,2024-12-13,dividend,0.39
CNQ,2025-03-21,dividend,0.41
CNQ,2025-06-13,dividend,0.432
CNQ,2026-03-20,dividend,0.455
CNQ,2026-06-23,dividend,0.442
CNQ,2026-09-11,dividend,0.452
COGT,2020-11-09,split,0.25
COP,2016-10-13,dividend,0.25
COP,2017-02-10,dividend,0.265
COP,2017-05-11,dividend,0.265
COP,2017-07-20,dividend,0.265
COP,2017-10-13,dividend,0.265
COP,2018-02-09,dividend,0.285
COP,2018-05-11,dividend,0.285
COP,2018-07-20,dividend,0.285
COP,2018-10-12,dividend,0.305
COP,2019-02-08,dividend,0.305
COP,2019-05-10,dividend,0.305
COP,2019-07-19,dividend,0.305
COP,2019-10-16,dividend,0.42
COP,2020-02-13,dividend,0.42
COP,2020-05-08,dividend,0.42
COP,2020-07-17,dividend,0.42
COP,2020-10-16,dividend,0.43
COP,2021-02-11,dividend,0.43
COP,2021-05-13,dividend,0.43
COP,2021-07-23,dividend,0.43
COP,2021-10-27,dividend,0.46
COP,2021-12-31,dividend,0.2
COP,2022-02-11,dividend,0.46
COP,2022-03-30,dividend,0.3
COP,2022-05-16,dividend,0.46
COP,2022-06-27,dividend,0.7
COP,2022-08-15,dividend,0.46
COP,2022-09-28,dividend,1.4
COP,2022-11-14,dividend,0.51
COP,2022-12-23,dividend,0.7
COP,2023-02-13,dividend,0.51
COP,2023-03-28,dividend,0.6
COP,2023-05-15,dividend,0.51
COP,2023-06-26,dividend,0.6
COP,2023-08-15,dividend,0.51
COP,2023-09-27,dividend,0.6
COP,2023-11-13,dividend,0.58
COP,2024-02-15,dividend,0.78
COP,2024-05-10,dividend,0.78
COP,2024-08-12,dividend,0.78
COP,2024-11-08,dividend,0.78
COP,2025-02-14,dividend,0.78
COP,2025-05-19,dividend,0.78
COP,2025-08-18,dividend,0.78
COP,2025-11-17,dividend,0.84
COP,2026-02-18,dividend,0.84
COP,2026-05-11,dividend,0.84
COP,2026-08-17,dividend,0.84
COTY,2016-12-15,dividend,0.125
COTY,2017-02-24,dividend,0.125
COTY,2017-05-26,dividend,0.125
COTY,2017-08-30,dividend,0.125
COTY,2017-11-29,dividend,0.125
COTY,2018-02-27,dividend,0.125
COTY,2018-05-30,dividend,0.125
COTY,2018-08-30,dividend,0.125
COTY,2018-11-29,dividend,0.125
COTY,2019-02-27,dividend,0.125
COTY,2019-06-05,dividend,0.125
COTY,2019-09-06,dividend,0.125
COTY,2019-11-15,dividend,0.125
COTY,2020-02-14,dividend,0.125
CP,2016-09-28,dividend,0.0758
CP,2016-12-28,dividend,0.0736
CP,2017-03-29,dividend,0.0748
CP,2017-06-28,dividend,0.0852
CP,2017-09-28,dividend,0.0902
CP,2017-12-28,dividend,0.0888
CP,2018-03-22,dividend,0.0872
CP,2018-06-28,dividend,0.0974
CP,2018-09-27,dividend,0.0998
CP,2018-12-27,dividend,0.0958
CP,2019-03-28,dividend,0.097
CP,2019-06-27,dividend,0.1264
CP,2019-09-26,dividend,0.1252
CP,2019-12-24,dividend,0.1262
CP,2020-03-26,dividend,0.117
CP,2020-06-25,dividend,0.1218
CP,2020-09-24,dividend,0.142
CP,2020-12-30,dividend,0.1482
CP,2021-03-25,dividend,0.151
CP,2021-05-14,split,5.0
CP,2021-06-24,dividend,0.154
CP,2021-09-23,dividend,0.149
CP,2021-12-30,dividend,0.149
CP,2022-03-24,dividend,0.151
CP,2022-06-23,dividend,0.147
CP,2022-09-28,dividend,0.138
CP,2022-09-29,dividend,0.14
CP,2022-12-29,dividend,0.14
CP,2023-03-30,dividend,0.14
CP,2023-06-29,dividend,0.143
CP,2023-09-28,dividend,0.141
CP,2023-12-28,dividend,0.144
CP,2024-03-27,dividend,0.14
CP,2024-06-28,dividend,0.139
CP,2024-09-27,dividend,0.141
CP,2024-12-27,dividend,0.132
CP,2025-03-28,dividend,0.133
CP,2025-06-27,dividend,0.167
CP,2025-09-26,dividend,0.164
CP,2026-03-27,dividend,0.165
CP,2026-06-26,dividend,0.189
CPB,2016-10-07,dividend,0.35
CPB,2017-01-09,dividend,0.35
CPB,2017-04-10,dividend,0.35
CPB,2017-07-11,dividend,0.35
CPB,2017-10-12,dividend,0.35
CPB,2018-01-09,dividend,0.35
CPB,2018-04-10,dividend,0.35
CPB,2018-07-12,dividend,0.35
CPB,2018-10-11,dividend,0.35
CPB,2019-01-08,dividend,0.35
CPB,2019-04-10,dividend,0.35
CPB,2019-07-11,dividend,0.35
CPB,2019-10-09,dividend,0.35
CPB,2020-01-07,dividend,0.35
CPB,2020-04-08,dividend,0.35
CPB,2020-07-14,dividend,0.35
CPB,2020-10-07,dividend,0.35
CPB,2021-01-07,dividend,0.37
CPB,2021-04-07,dividend,0.37
CPB,2021-07-13,dividend,0.37
CPB,2021-10-06,dividend,0.37
CPB,2022-01-05,dividend,0.37
CPB,2022-04-06,dividend,0.37
CPB,2022-07-06,dividend,0.37
CPB,2022-10-05,dividend,0.37
CPB,2023-01-04,dividend,0.37
CPB,2023-04-05,dividend,0.37
CPB,2023-07-05,dividend,0.37
CPB,2023-10-04,dividend,0.37
CPB,2024-01-03,dividend,0.37
CPB,2024-04-03,dividend,0.37
CPB,2024-07-03,dividend,0.37
CPB,2024-10-03,dividend,0.37
CPB,2025-01-02,dividend,0.39
CPB,2025-04-03,dividend,0.39
CPB,2025-07-03,dividend,0.39
CPB,2025-10-02,dividend,0.39
CPB,2026-01-08,dividend,0.39
CPB,2026-04-02,dividend,0.39
CPB,2026-07-02,dividend,0.39
CPRT,2017-04-11,split,2.0
CPRT,2022-11-04,split,2.0
CPRT,2023-08-22,split,2.0
CRE,2026-02-13,split,0.08333333333333333
CRGY,2022-03-17,dividend,0.12
CRGY,2022-05-23,dividend,0.17
CRGY,2022-08-22,dividend,0.17
CRGY,2022-11-22,dividend,0.17
CRGY,2023-03-17,dividend,0.17
CRGY,2023-05-23,dividend,0.12
CRGY,2023-08-22,dividend,0.12
CRGY,2023-11-17,dividend,0.12
CRGY,2024-03-14,dividend,0.12
CRGY,2024-05-20,dividend,0.12
CRGY,2024-08-19,dividend,0.12
CRGY,2024-11-18,dividend,0.12
CRGY,2025-03-12,dividend,0.12
CRGY,2025-05-19,dividend,0.12
CRGY,2025-08-18,dividend,0.12
CRGY,2025-11-17,dividend,0.12
CRGY,2026-03-11,dividend,0.12
CRGY,2026-05-18,dividend,0.12
CRGY,2026-08-17,dividend,0.12
CRH,2017-03-09,dividend,0.488
CRH,2017-09-07,dividend,0.231
CRH,2018-03-09,dividend,0.601
CRH,2018-09-06,dividend,0.228
CRH,2019-03-14,dividend,0.593
CRH,2019-09-05,dividend,0.222
CRH,2020-03-12,dividend,0.704
CRH,2020-09-03,dividend,0.22
CRH,2021-03-18,dividend,0.93
CRH,2021-09-09,dividend,0.23
CRH,2022-03-10,dividend,1.006
CRH,2022-03-16,dividend,0.98
CRH,2022-09-08,dividend,0.24
CRH,2023-03-16,dividend,1.03
CRH,2023-10-19,dividend,0.25
CRH,2023-12-14,dividend,1.08
CRH,2024-03-14,dividend,0.35
CRH,2024-05-23,dividend,0.35
CRH,2024-08-23,dividend,0.35
CRH,2024-11-22,dividend,0.35
CRH,2025-03-14,dividend,0.37
CRH,2025-05-23,dividend,0.37
CRH,2026-03-06,dividend,0.39
CRH,2026-05-15,dividend,0.39
CRH,2026-08-14,dividend,0.39
CRK,2022-11-30,dividend,0.125
CRK,2023-02-28,dividend,0.125
CRK,2023-05-31,dividend,0.125
CRK,2023-08-31,dividend,0.125
CRK,2023-11-30,dividend,0.125
CRM,2024-03-13,dividend,0.4
CRM,2024-07-09,dividend,0.4
CRM,2024-09-18,dividend,0.4
CRM,2024-12-18,dividend,0.4
CRM,2025-04-10,dividend,0.416
CRM,2025-06-18,dividend,0.416
CRM,2025-09-17,dividend,0.416
CRM,2025-12-18,dividend,0.416
CRM,2026-04-09,dividend,0.44
CRM,2026-06-11,dividend,0.44
CRWD,2026-07-02,split,4.0
CSCO,2016-10-03,dividend,0.26
CSCO,2017-01-04,dividend,0.26
CSCO,2017-04-04,dividend,0.29
CSCO,2017-07-05,dividend,0.29
CSCO,2017-10-04,dividend,0.29
CSCO,2018-01-04,dividend,0.29
CSCO,2018-04-04,dividend,0.33
CSCO,2018-07-05,dividend,0.33
CSCO,2018-10-04,dividend,0.33
CSCO,2019-01-03,dividend,0.33
CSCO,2019-04-04,dividend,0.35
CSCO,2019-07-03,dividend,0.35
CSCO,2019-10-03,dividend,0.35
CSCO,2020-01-02,dividend,0.35
CSCO,2020-04-02,dividend,0.36
CSCO,2020-07-02,dividend,0.36
CSCO,2020-10-01,dividend,0.36
CSCO,2021-01-04,dividend,0.36
CSCO,2021-04-05,dividend,0.37
CSCO,2021-07-02,dividend,0.37
CSCO,2021-10-04,dividend,0.37
CSCO,2022-01-04,dividend,0.37
CSCO,2022-04-05,dividend,0.38
CSCO,2022-07-05,dividend,0.38
CSCO,2022-10-04,dividend,0.38
CSCO,2023-01-04,dividend,0.38
CSCO,2023-04-04,dividend,0.39
CSCO,2023-07-05,dividend,0.39
CSCO,2023-10-03,dividend,0.39
CSCO,2024-01-03,dividend,0.39
CSCO,2024-04-03,dividend,0.4
CSCO,2024-07-05,dividend,0.4
CSCO,2024-10-02,dividend,0.4
CSCO,2025-01-03,dividend,0.4
CSCO,2025-04-03,dividend,0.41
CSCO,2025-07-03,dividend,0.41
CSCO,2025-10-03,dividend,0.41
CSCO,2026-01-02,dividend,0.41
CSCO,2026-04-02,dividend,0.42
CSCO,2026-07-06,dividend,0.42
CSGP,2021-06-28,split,10.0
CSX,2016-11-28,dividend,0.06
CSX,2017-02-24,dividend,0.06
CSX,2017-05-26,dividend,0.066667
CSX,2017-08-29,dividend,0.066667
CSX,2017-11-29,dividend,0.066667
CSX,2018-02-28,dividend,0.073333
CSX,2018-05-30,dividend,0.073333
CSX,2018-08-30,dividend,0.073333
CSX,2018-11-29,dividend,0.073333
CSX,2019-02-27,dividend,0.08
CSX,2019-05-30,dividend,0.08
CSX,2019-08-29,dividend,0.08
CSX,2019-11-27,dividend,0.08
CSX,2020-02-27,dividend,0.086667
CSX,2020-05-28,dividend,0.086667
CSX,2020-08-28,dividend,0.086667
CSX,2020-11-27,dividend,0.086667
CSX,2021-02-25,dividend,0.093333
CSX,2021-05-27,dividend,0.093333
CSX,2021-06-29,split,3.0
CSX,2021-08-30,dividend,0.093
CSX,2021-11-29,dividend,0.093
CSX,2022-02-25,dividend,0.1
CSX,2022-05-27,dividend,0.1
CSX,2022-08-30,dividend,0.1
CSX,2022-11-29,dividend,0.1
CSX,2023-02-27,dividend,0.11
CSX,2023-05-30,dividend,0.11
CSX,2023-08-30,dividend,0.11
CSX,2023-11-29,dividend,0.11
CSX,2024-02-28,dividend,0.12
CSX,2024-05-31,dividend,0.12
CSX,2024-08-30,dividend,0.12
CSX,2024-11-29,dividend,0.12
CSX,2025-02-28,dividend,0.13
CSX,2025-05-30,dividend,0.13
CSX,2025-08-29,dividend,0.13
CSX,2025-11-28,dividend,0.13
CSX,2026-02-27,dividend,0.14
CSX,2026-05-29,dividend,0.14
CSX,2026-08-31,dividend,0.14
CTSH,2017-05-18,dividend,0.15
CTSH,2017-08-18,dividend,0.15
CTSH,2017-11-17,dividend,0.15
CTSH,2018-02-21,dividend,0.2
CTSH,2018-05-21,dividend,0.2
CTSH,2018-08-21,dividend,0.2
CTSH,2018-11-19,dividend,0.2
CTSH,2019-02-20,dividend,0.2
CTSH,2019-05-21,dividend,0.2
CTSH,2019-08-21,dividend,0.2
CTSH,2019-11-18,dividend,0.2
CTSH,2020-02-14,dividend,0.22
CTSH,2020-05-19,dividend,0.22
CTSH,2020-08-20,dividend,0.22
CTSH,2020-11-18,dividend,0.22
CTSH,2021-02-17,dividend,0.24
CTSH,2021-05-19,dividend,0.24
CTSH,2021-08-19,dividend,0.24
CTSH,2021-11-18,dividend,0.24
CTSH,2022-02-17,dividend,0.27
CTSH,2022-05-19,dividend,0.27
CTSH,2022-08-18,dividend,0.27
CTSH,2022-11-17,dividend,0.27
CTSH,2023-02-16,dividend,0.29
CTSH,2023-05-18,dividend,0.29
CTSH,2023-08-18,dividend,0.29
CTSH,2023-11-20,dividend,0.29
CTSH,2024-02-16,dividend,0.3
CTSH,2024-05-17,dividend,0.3
CTSH,2024-08-20,dividend,0.3
CTSH,2024-11-19,dividend,0.3
CTSH,2025-02-18,dividend,0.31
CTSH,2025-05-19,dividend,0.31
CTSH,2025-08-18,dividend,0.31
CTSH,2025-11-18,dividend,0.31
CTSH,2026-02-18,dividend,0.33
CTSH,2026-05-18,dividend,0.33
CTSH,2026-08-18,dividend,0.33
CTVA,2019-07-30,dividend,0.13
CTVA,2019-11-27,dividend,0.13
CTVA,2020-03-02,dividend,0.13
CTVA,2020-05-14,dividend,0.13
CTVA,2020-08-13,dividend,0.13
CTVA,2020-11-12,dividend,0.13
CTVA,2021-02-26,dividend,0.13
CTVA,2021-05-13,dividend,0.13
CTVA,2021-08-12,dividend,0.14
CTVA,2021-11-10,dividend,0.14
CTVA,2022-02-28,dividend,0.14
CTVA,2022-05-12,dividend,0.14
CTVA,2022-08-11,dividend,0.15
CTVA,2022-11-10,dividend,0.15
CTVA,2023-02-28,dividend,0.15
CTVA,2023-05-31,dividend,0.15
CTVA,2023-08-31,dividend,0.16
CTVA,2023-11-30,dividend,0.16
CTVA,2024-02-29,dividend,0.16
CTVA,2024-06-04,dividend,0.16
CTVA,2024-09-03,dividend,0.17
CTVA,2024-12-02,dividend,0.17
CTVA,2025-03-03,dividend,0.17
CTVA,2025-06-02,dividend,0.17
CTVA,2025-09-02,dividend,0.18
CTVA,2025-12-01,dividend,0.18
CTVA,2026-03-02,dividend,0.18
CTVA,2026-06-01,dividend,0.18
CTVA,2026-09-01,dividend,0.18
CVE,2016-12-13,dividend,0.038
CVE,2017-03-13,dividend,0.037
CVE,2017-06-13,dividend,0.038
CVE,2017-09-14,dividend,0.041
CVE,2017-12-14,dividend,0.039
CVE,2018-03-14,dividend,0.039
CVE,2018-06-14,dividend,0.039
CVE,2018-09-13,dividend,0.038
CVE,2019-03-14,dividend,0.038
CVE,2019-06-13,dividend,0.037
CVE,2019-09-12,dividend,0.038
CVE,2019-12-12,dividend,0.047
CVE,2020-03-12,dividend,0.045
CVE,2021-03-12,dividend,0.014
CVE,2021-06-14,dividend,0.014
CVE,2021-09-14,dividend,0.014
CVE,2021-12-14,dividend,0.027
CVE,2022-03-14,dividend,0.027
CVE,2022-06-14,dividend,0.081
CVE,2022-09-14,dividend,0.08
CVE,2022-11-17,dividend,0.086
CVE,2022-12-14,dividend,0.078
CVE,2023-03-14,dividend,0.076
CVE,2023-06-14,dividend,0.105
CVE,2023-09-14,dividend,0.103
CVE,2023-12-14,dividend,0.104
CVE,2024-03-14,dividend,0.104
CVE,2024-05-16,dividend,0.099
CVE,2024-06-14,dividend,0.131
CVE,2024-09-13,dividend,0.133
CVE,2024-12-13,dividend,0.127
CVE,2025-03-14,dividend,0.125
CVE,2025-06-13,dividend,0.147
CVE,2026-03-13,dividend,0.147
CVE,2026-06-15,dividend,0.157
CVE,2026-09-15,dividend,0.158
CVNA,2026-05-08,split,5.0
CVS,2016-10-20,dividend,0.425
CVS,2017-01-20,dividend,0.5
CVS,2017-04-19,dividend,0.5
CVS,2017-07-20,dividend,0.5
CVS,2017-10-23,dividend,0.5
CVS,2018-01-23,dividend,0.5
CVS,2018-04-20,dividend,0.5
CVS,2018-07-24,dividend,0.5
CVS,2018-10-23,dividend,0.5
CVS,2019-01-24,dividend,0.5
CVS,2019-04-22,dividend,0.5
CVS,2019-07-24,dividend,0.5
CVS,2019-10-23,dividend,0.5
CVS,2020-01-22,dividend,0.5
CVS,2020-04-22,dividend,0.5
CVS,2020-07-22,dividend,0.5
CVS,2020-10-21,dividend,0.5
CVS,2021-01-21,dividend,0.5
CVS,2021-04-22,dividend,0.5
CVS,2021-07-22,dividend,0.5
CVS,2021-10-21,dividend,0.5
CVS,2022-01-20,dividend,0.55
CVS,2022-04-21,dividend,0.55
CVS,2022-07-21,dividend,0.55
CVS,2022-10-20,dividend,0.55
CVS,2023-01-19,dividend,0.605
CVS,2023-04-20,dividend,0.605
CVS,2023-07-20,dividend,0.605
CVS,2023-10-19,dividend,0.605
CVS,2024-01-19,dividend,0.665
CVS,2024-04-19,dividend,0.665
CVS,2024-07-22,dividend,0.665
CVS,2024-10-21,dividend,0.665
CVS,2025-01-23,dividend,0.665
CVS,2025-04-22,dividend,0.665
CVS,2025-07-22,dividend,0.665
CVS,2025-10-23,dividend,0.665
CVS,2026-01-22,dividend,0.665
CVS,2026-04-23,dividend,0.665
CVS,2026-07-23,dividend,0.665
CVX,2016-11-16,dividend,1.08
CVX,2017-02-14,dividend,1.08
CVX,2017-05-17,dividend,1.08
CVX,2017-08-16,dividend,1.08
CVX,2017-11-16,dividend,1.08
CVX,2018-02-15,dividend,1.12
CVX,2018-05-17,dividend,1.12
CVX,2018-08-16,dividend,1.12
CVX,2018-11-15,dividend,1.12
CVX,2019-02-14,dividend,1.19
CVX,2019-05-16,dividend,1.19
CVX,2019-08-16,dividend,1.19
CVX,2019-11-15,dividend,1.19
CVX,2020-02-14,dividend,1.29
CVX,2020-05-18,dividend,1.29
CVX,2020-08-18,dividend,1.29
CVX,2020-11-17,dividend,1.29
CVX,2021-02-16,dividend,1.29
CVX,2021-05-18,dividend,1.34
CVX,2021-08-18,dividend,1.34
CVX,2021-11-17,dividend,1.34
CVX,2022-02-15,dividend,1.42
CVX,2022-05-18,dividend,1.42
CVX,2022-08-18,dividend,1.42
CVX,2022-11-17,dividend,1.42
CVX,2023-02-15,dividend,1.51
CVX,2023-05-18,dividend,1.51
CVX,2023-08-17,dividend,1.51
CVX,2023-11-16,dividend,1.51
CVX,2024-02-15,dividend,1.63
CVX,2024-05-16,dividend,1.63
CVX,2024-08-19,dividend,1.63
CVX,2024-11-18,dividend,1.63
CVX,2025-02-14,dividend,1.71
CVX,2025-05-19,dividend,1.71
CVX,2025-08-19,dividend,1.71
CVX,2025-11-18,dividend,1.71
CVX,2026-02-17,dividend,1.78
CVX,2026-05-19,dividend,1.78
CVX,2026-08-19,dividend,1.78
CX,2017-05-03,split,1.04
CX,2019-06-17,dividend,0.05
CX,2019-12-13,dividend,0.05
CX,2024-06-17,dividend,0.021
CX,2024-09-13,dividend,0.021
CX,2024-12-10,dividend,0.021
CX,2025-03-10,dividend,0.021
CX,2025-06-17,dividend,0.022
CX,2026-03-11,dividend,0.023
CX,2026-06-17,dividend,0.031
CX,2026-09-15,dividend,0.031
CYPH,2023-06-21,split,0.1
D,2016-11-30,dividend,0.7
D,2017-03-01,dividend,0.755
D,2017-05-31,dividend,0.755
D,2017-08-30,dividend,0.755
D,2017-11-30,dividend,0.77
D,2018-03-01,dividend,0.835
D,2018-05-31,dividend,0.835
D,2018-09-06,dividend,0.835
D,2018-12-06,dividend,0.835
D,2019-02-28,dividend,0.918
D,2019-06-06,dividend,0.918
D,2019-09-05,dividend,0.918
D,2019-12-05,dividend,0.918
D,2020-02-27,dividend,0.94
D,2020-06-04,dividend,0.94
D,2020-09-03,dividend,0.94
D,2020-12-03,dividend,0.63
D,2021-03-04,dividend,0.63
D,2021-06-03,dividend,0.63
D,2021-09-02,dividend,0.63
D,2021-12-02,dividend,0.63
D,2022-03-03,dividend,0.668
D,2022-06-02,dividend,0.668
D,2022-09-01,dividend,0.668
D,2022-12-01,dividend,0.668
D,2023-03-02,dividend,0.668
D,2023-06-01,dividend,0.668
D,2023-08-31,dividend,0.668
D,2023-11-30,dividend,0.668
D,2024-02-29,dividend,0.668
D,2024-05-31,dividend,0.668
D,2024-08-30,dividend,0.668
D,2024-11-29,dividend,0.668
D,2025-02-28,dividend,0.668
D,2025-05-29,dividend,0.668
D,2025-09-05,dividend,0.668
D,2025-12-05,dividend,0.668
D,2026-02-27,dividend,0.668
D,2026-05-29,dividend,0.668
D,2026-09-04,dividend,0.668
DAIC,2026-06-01,split,0.04
DAL,2016-11-08,dividend,0.203
DAL,2017-02-22,dividend,0.203
DAL,2017-05-17,dividend,0.203
DAL,2017-08-21,dividend,0.305
DAL,2017-11-16,dividend,0.305
DAL,2018-02-22,dividend,0.305
DAL,2018-05-10,dividend,0.305
DAL,2018-07-25,dividend,0.35
DAL,2018-11-06,dividend,0.35
DAL,2019-02-28,dividend,0.35
DAL,2019-05-01,dividend,0.35
DAL,2019-07-24,dividend,0.403
DAL,2019-10-23,dividend,0.403
DAL,2020-02-19,dividend,0.403
DAL,2023-07-14,dividend,0.1
DAL,2023-10-11,dividend,0.1
DAL,2024-02-23,dividend,0.1
DAL,2024-05-13,dividend,0.1
DAL,2024-07-30,dividend,0.15
DAL,2024-10-10,dividend,0.15
DAL,2025-02-27,dividend,0.15
DAL,2025-05-13,dividend,0.15
DAL,2025-07-31,dividend,0.188
DAL,2025-10-16,dividend,0.188
DAL,2026-02-26,dividend,0.188
DAL,2026-05-14,dividend,0.188
DAL,2026-07-09,dividend,0.215
DBRG,2016-11-09,dividend,0.4
DBRG,2017-01-11,dividend,4.64
DBRG,2017-03-29,dividend,1.08
DBRG,2017-06-28,dividend,1.08
DBRG,2017-09-28,dividend,1.08
DBRG,2017-12-28,dividend,1.08
DBRG,2018-03-28,dividend,0.44
DBRG,2018-06-28,dividend,0.44
DBRG,2018-09-27,dividend,0.44
DBRG,2018-12-28,dividend,0.44
DBRG,2019-03-28,dividend,0.44
DBRG,2019-06-27,dividend,0.44
DBRG,2019-09-27,dividend,0.44
DBRG,2019-12-30,dividend,0.44
DBRG,2020-03-30,dividend,0.44
DBRG,2022-08-23,split,0.25
DBRG,2022-09-29,dividend,0.01
DBRG,2022-12-29,dividend,0.01
DBRG,2023-03-30,dividend,0.01
DBRG,2023-06-29,dividend,0.01
DBRG,2023-09-28,dividend,0.01
DBRG,2023-12-28,dividend,0.01
DBRG,2024-03-27,dividend,0.01
DBRG,2024-06-28,dividend,0.01
DBRG,2024-09-30,dividend,0.01
DBRG,2024-12-31,dividend,0.01
DBRG,2025-03-31,dividend,0.01
DBRG,2025-06-30,dividend,0.01
DBRG,2025-09-30,dividend,0.01
DBRG,2025-12-31,dividend,0.01
DBRG,2026-03-31,dividend,0.01
DBRG,2026-06-30,dividend,0.01
DEI,2016-09-28,dividend,0.22
DEI,2016-12-28,dividend,0.23
DEI,2017-03-29,dividend,0.23
DEI,2017-06-28,dividend,0.23
DEI,2017-09-28,dividend,0.23
DEI,2017-12-28,dividend,0.25
DEI,2018-03-28,dividend,0.25
DEI,2018-06-28,dividend,0.25
DEI,2018-09-27,dividend,0.25
DEI,2018-12-28,dividend,0.26
DEI,2019-03-28,dividend,0.26
DEI,2019-06-27,dividend,0.26
DEI,2019-09-27,dividend,0.26
DEI,2019-12-30,dividend,0.28
DEI,2020-03-30,dividend,0.28
DEI,2020-06-29,dividend,0.28
DEI,2020-09-29,dividend,0.28
DEI,2020-12-30,dividend,0.28
DEI,2021-03-30,dividend,0.28
DEI,2021-06-29,dividend,0.28
DEI,2021-09-29,dividend,0.28
DEI,2021-12-30,dividend,0.28
DEI,2022-03-30,dividend,0.28
DEI,2022-06-29,dividend,0.28
DEI,2022-09-29,dividend,0.28
DEI,2022-12-29,dividend,0.19
DEI,2023-03-30,dividend,0.19
DEI,2023-06-29,dividend,0.19
DEI,2023-09-28,dividend,0.19
DEI,2023-12-28,dividend,0.19
DEI,2024-03-27,dividend,0.19
DEI,2024-06-28,dividend,0.19
DEI,2024-09-30,dividend,0.19
DEI,2024-12-31,dividend,0.19
DEI,2025-03-31,dividend,0.19
DEI,2025-06-30,dividend,0.19
DEI,2025-09-30,dividend,0.19
DEI,2025-12-31,dividend,0.19
DEI,2026-03-31,dividend,0.19
DEI,2026-06-30,dividend,0.19
DELL,2018-12-28,split,1.806
DELL,2021-11-02,split,1.973
DELL,2022-04-19,dividend,0.33
DELL,2022-07-19,dividend,0.33
DELL,2022-10-18,dividend,0.33
DELL,2023-01-24,dividend,0.33
DELL,2023-04-24,dividend,0.37
DELL,2023-07-24,dividend,0.37
DELL,2023-10-23,dividend,0.37
DELL,2024-01-22,dividend,0.37
DELL,2024-04-22,dividend,0.445
DELL,2024-07-23,dividend,0.445
DELL,2024-10-22,dividend,0.445
DELL,2025-01-22,dividend,0.445
DELL,2025-04-22,dividend,0.525
DELL,2025-07-22,dividend,0.525
DELL,2025-10-21,dividend,0.525
DELL,2026-01-20,dividend,0.525
DELL,2026-04-21,dividend,0.63
DELL,2026-07-21,dividend,0.63
DIS,2016-12-08,dividend,0.78
DIS,2017-07-06,dividend,0.78
DIS,2017-12-08,dividend,0.84
DIS,2018-07-06,dividend,0.84
DIS,2018-12-07,dividend,0.88
DIS,2019-07-05,dividend,0.88
DIS,2019-12-13,dividend,0.88
DIS,2023-12-08,dividend,0.3
DIS,2024-07-08,dividend,0.45
DIS,2024-12-16,dividend,0.5
DIS,2025-06-24,dividend,0.5
DIS,2025-12-15,dividend,0.75
DIS,2026-06-30,dividend,0.75
DKS,2016-12-07,dividend,0.151
DKS,2017-03-08,dividend,0.17
DKS,2017-06-07,dividend,0.17
DKS,2017-09-07,dividend,0.17
DKS,2017-12-07,dividend,0.17
DKS,2018-03-08,dividend,0.225
DKS,2018-06-07,dividend,0.225
DKS,2018-09-13,dividend,0.225
DKS,2018-12-13,dividend,0.225
DKS,2019-03-14,dividend,0.275
DKS,2019-06-13,dividend,0.275
DKS,2019-09-12,dividend,0.275
DKS,2019-12-12,dividend,0.275
DKS,2020-03-19,dividend,0.313
DKS,2020-06-19,dividend,0.313
DKS,2020-09-10,dividend,0.313
DKS,2020-12-10,dividend,0.313
DKS,2021-03-18,dividend,0.363
DKS,2021-06-10,dividend,0.363
DKS,2021-09-09,dividend,5.938
DKS,2021-12-09,dividend,0.438
DKS,2022-03-17,dividend,0.488
DKS,2022-06-09,dividend,0.488
DKS,2022-09-08,dividend,0.488
DKS,2022-12-08,dividend,0.488
DKS,2023-03-16,dividend,1.0
DKS,2023-06-15,dividend,1.0
DKS,2023-09-14,dividend,1.0
DKS,2023-12-14,dividend,1.0
DKS,2024-03-27,dividend,1.1
DKS,2024-06-14,dividend,1.1
DKS,2024-09-20,dividend,1.1
DKS,2024-12-13,dividend,1.1
DKS,2025-03-28,dividend,1.213
DKS,2025-06-13,dividend,1.213
DKS,2025-09-12,dividend,1.213
DKS,2025-12-12,dividend,1.213
DKS,2026-03-27,dividend,1.25
DKS,2026-06-12,dividend,1.25
DKS,2026-09-11,dividend,1.25
DLO,2025-05-27,dividend,0.525
DLO,2026-05-27,dividend,0.194
DNUT,2021-10-26,dividend,0.035
DNUT,2022-01-25,dividend,0.035
DNUT,2022-04-26,dividend,0.035
DNUT,2022-07-26,dividend,0.035
DNUT,2022-10-25,dividend,0.035
DNUT,2023-01-24,dividend,0.035
DNUT,2023-04-25,dividend,0.035
DNUT,2023-07-25,dividend,0.035
DNUT,2023-10-25,dividend,0.035
DNUT,2024-01-23,dividend,0.035
DNUT,2024-04-23,dividend,0.035
DNUT,2024-07-24,dividend,0.035
DNUT,2024-10-23,dividend,0.035
DNUT,2025-01-22,dividend,0.035
DNUT,2025-04-23,dividend,0.035
DOC,2016-11-01,split,1.098
DOC,2016-11-08,dividend,0.37
DOC,2017-02-13,dividend,0.37
DOC,2017-05-04,dividend,0.37
DOC,2017-08-03,dividend,0.37
DOC,2017-11-03,dividend,0.37
DOC,2018-02-14,dividend,0.37
DOC,2018-05-04,dividend,0.37
DOC,2018-08-03,dividend,0.37
DOC,2018-11-02,dividend,0.37
DOC,2019-02-15,dividend,0.37
DOC,2019-05-03,dividend,0.37
DOC,2019-08-02,dividend,0.37
DOC,2019-11-01,dividend,0.37
DOC,2020-02-14,dividend,0.37
DOC,2020-05-07,dividend,0.37
DOC,2020-08-13,dividend,0.37
DOC,2020-11-10,dividend,0.37
DOC,2021-02-19,dividend,0.3
DOC,2021-05-07,dividend,0.3
DOC,2021-08-06,dividend,0.3
DOC,2021-11-05,dividend,0.3
DOC,2022-02-10,dividend,0.3
DOC,2022-05-06,dividend,0.3
DOC,2022-08-05,dividend,0.3
DOC,2022-11-04,dividend,0.3
DOC,2023-02-08,dividend,0.3
DOC,2023-05-05,dividend,0.3
DOC,2023-08-04,dividend,0.3
DOC,2023-11-06,dividend,0.3
DOC,2024-02-13,dividend,0.3
DOC,2024-05-03,dividend,0.3
DOC,2024-08-05,dividend,0.3
DOC,2024-11-04,dividend,0.3
DOC,2025-02-14,dividend,0.305
DOC,2025-04-17,dividend,0.102
DOC,2025-05-19,dividend,0.102
DOC,2025-06-16,dividend,0.102
DOC,2025-07-18,dividend,0.102
DOC,2025-08-18,dividend,0.102
DOC,2025-09-19,dividend,0.102
DOC,2025-10-17,dividend,0.102
DOC,2025-11-14,dividend,0.102
DOC,2025-12-19,dividend,0.102
DOC,2026-01-16,dividend,0.102
DOC,2026-02-13,dividend,0.102
DOC,2026-03-17,dividend,0.102
DOC,2026-04-17,dividend,0.102
DOC,2026-05-18,dividend,0.102
DOC,2026-06-15,dividend,0.102
DOC,2026-07-20,dividend,0.102
DOC,2026-08-17,dividend,0.102
DOC,2026-09-14,dividend,0.102
DOW,2019-05-30,dividend,0.7
DOW,2019-08-29,dividend,0.7
DOW,2019-11-27,dividend,0.7
DOW,2020-02-27,dividend,0.7
DOW,2020-05-28,dividend,0.7
DOW,2020-08-28,dividend,0.7
DOW,2020-11-27,dividend,0.7
DOW,2021-02-25,dividend,0.7
DOW,2021-05-27,dividend,0.7
DOW,2021-08-30,dividend,0.7
DOW,2021-11-29,dividend,0.7
DOW,2022-02-25,dividend,0.7
DOW,2022-05-27,dividend,0.7
DOW,2022-08-30,dividend,0.7
DOW,2022-11-29,dividend,0.7
DOW,2023-02-27,dividend,0.7
DOW,2023-05-30,dividend,0.7
DOW,2023-08-30,dividend,0.7
DOW,2023-11-29,dividend,0.7
DOW,2024-02-28,dividend,0.7
DOW,2024-05-31,dividend,0.7
DOW,2024-08-30,dividend,0.7
DOW,2024-11-29,dividend,0.7
DOW,2025-02-28,dividend,0.7
DOW,2025-05-30,dividend,0.7
DOW,2025-08-29,dividend,0.35
DOW,2025-11-28,dividend,0.35
DOW,2026-02-27,dividend,0.35
DOW,2026-05-29,dividend,0.35
DOW,2026-08-31,dividend,0.35
DUO,2022-06-07,split,0.06666666666666667
DUO,2023-08-04,split,0.06666666666666667
DUO,2025-06-09,split,0.0625
DVLT,2020-04-09,split,0.05
DVLT,2023-01-27,split,0.01
DVLT,2024-04-15,split,0.006666666666666667
DVN,2016-12-13,dividend,0.06
DVN,2017-03-13,dividend,0.06
DVN,2017-06-13,dividend,0.06
DVN,2017-09-14,dividend,0.06
DVN,2017-12-14,dividend,0.06
DVN,2018-03-14,dividend,0.06
DVN,2018-06-14,dividend,0.08
DVN,2018-09-13,dividend,0.08
DVN,2018-12-13,dividend,0.08
DVN,2019-03-14,dividend,0.08
DVN,2019-06-13,dividend,0.09
DVN,2019-09-12,dividend,0.09
DVN,2019-12-12,dividend,0.09
DVN,2020-03-12,dividend,0.09
DVN,2020-06-12,dividend,0.11
DVN,2020-08-13,dividend,0.26
DVN,2020-09-11,dividend,0.11
DVN,2020-12-10,dividend,0.11
DVN,2021-03-12,dividend,0.3
DVN,2021-06-11,dividend,0.34
DVN,2021-09-10,dividend,0.49
DVN,2021-12-09,dividend,0.84
DVN,2022-03-11,dividend,1.0
DVN,2022-06-10,dividend,1.27
DVN,2022-09-09,dividend,1.55
DVN,2022-12-09,dividend,1.35
DVN,2023-03-14,dividend,0.89
DVN,2023-06-14,dividend,0.72
DVN,2023-09-14,dividend,0.49
DVN,2023-12-14,dividend,0.77
DVN,2024-03-14,dividend,0.44
DVN,2024-06-14,dividend,0.35
DVN,2024-09-13,dividend,0.44
DVN,2024-12-13,dividend,0.22
DVN,2025-03-14,dividend,0.24
DVN,2025-06-13,dividend,0.24
DVN,2025-09-15,dividend,0.24
DVN,2025-12-15,dividend,0.24
DVN,2026-03-13,dividend,0.24
DVN,2026-06-15,dividend,0.32
DVN,2026-09-15,dividend,0.32
DX,2016-10-03,dividend,0.63
DX,2016-12-28,dividend,0.63
DX,2017-04-03,dividend,0.54
DX,2017-07-03,dividend,0.54
DX,2017-10-02,dividend,0.54
DX,2017-12-28,dividend,0.54
DX,2018-04-02,dividend,0.54
DX,2018-07-03,dividend,0.54
DX,2018-10-02,dividend,0.54
DX,2018-12-28,dividend,0.54
DX,2019-01-17,dividend,0.18
DX,2019-02-13,dividend,0.18
DX,2019-03-21,dividend,0.18
DX,2019-04-18,dividend,0.18
DX,2019-05-24,dividend,0.18
DX,2019-06-21,split,0.3333333333333333
DX,2019-06-25,dividend,0.18
DX,2019-07-19,dividend,0.18
DX,2019-08-21,dividend,0.15
DX,2019-09-20,dividend,0.15
DX,2019-10-18,dividend,0.15
DX,2019-11-21,dividend,0.15
DX,2019-12-20,dividend,0.15
DX,2020-01-23,dividend,0.15
DX,2020-02-21,dividend,0.15
DX,2020-03-20,dividend,0.15
DX,2020-04-21,dividend,0.15
DX,2020-05-21,dividend,0.15
DX,2020-06-19,dividend,0.13
DX,2020-07-22,dividend,0.13
DX,2020-08-20,dividend,0.13
DX,2020-09-23,dividend,0.13
DX,2020-10-22,dividend,0.13
DX,2020-11-19,dividend,0.13
DX,2020-12-18,dividend,0.13
DX,2021-01-22,dividend,0.13
DX,2021-02-19,dividend,0.13
DX,2021-03-19,dividend,0.13
DX,2021-04-21,dividend,0.13
DX,2021-05-21,dividend,0.13
DX,2021-06-18,dividend,0.13
DX,2021-07-21,dividend,0.13
DX,2021-08-20,dividend,0.13
DX,2021-09-21,dividend,0.13
DX,2021-10-21,dividend,0.13
DX,2021-11-19,dividend,0.13
DX,2021-12-17,dividend,0.13
DX,2022-01-21,dividend,0.13
DX,2022-02-18,dividend,0.13
DX,2022-03-21,dividend,0.13
DX,2022-04-21,dividend,0.13
DX,2022-05-20,dividend,0.13
DX,2022-06-23,dividend,0.13
DX,2022-07-21,dividend,0.13
DX,2022-08-19,dividend,0.13
DX,2022-09-22,dividend,0.13
DX,2022-10-20,dividend,0.13
DX,2022-11-18,dividend,0.13
DX,2022-12-22,dividend,0.13
DX,2023-01-20,dividend,0.13
DX,2023-02-17,dividend,0.13
DX,2023-03-20,dividend,0.13
DX,2023-04-20,dividend,0.13
DX,2023-05-19,dividend,0.13
DX,2023-06-22,dividend,0.13
DX,2023-07-20,dividend,0.13
DX,2023-08-22,dividend,0.13
DX,2023-09-21,dividend,0.13
DX,2023-10-25,dividend,0.13
DX,2023-11-22,dividend,0.13
DX,2023-12-21,dividend,0.13
DX,2024-01-22,dividend,0.13
DX,2024-02-22,dividend,0.13
DX,2024-03-21,dividend,0.13
DX,2024-04-22,dividend,0.13
DX,2024-05-22,dividend,0.13
DX,2024-06-24,dividend,0.13
DX,2024-07-23,dividend,0.13
DX,2024-08-23,dividend,0.13
DX,2024-09-23,dividend,0.13
DX,2024-10-25,dividend,0.13
DX,2024-11-22,dividend,0.15
DX,2025-01-02,dividend,0.15
DX,2025-01-23,dividend,0.15
DX,2025-02-24,dividend,0.15
DX,2025-03-24,dividend,0.17
DX,2025-04-23,dividend,0.17
DX,2025-05-23,dividend,0.17
DX,2025-06-23,dividend,0.17
DX,2025-07-23,dividend,0.17
DX,2025-08-22,dividend,0.17
DX,2025-09-22,dividend,0.17
DX,2025-10-23,dividend,0.17
DX,2025-11-21,dividend,0.17
DX,2026-01-02,dividend,0.17
DX,2026-01-21,dividend,0.17
DX,2026-02-23,dividend,0.17
DX,2026-03-23,dividend,0.17
DX,2026-04-23,dividend,0.17
DX,2026-05-21,dividend,0.17
DX,2026-06-22,dividend,0.17
DX,2026-07-23,dividend,0.17
DX,2026-08-21,dividend,0.17
DXC,2016-12-30,dividend,0.121107
DXC,2017-03-27,dividend,0.121107
DXC,2017-06-09,dividend,0.155709
DXC,2017-09-01,dividend,0.155709
DXC,2017-12-05,dividend,0.155709
DXC,2018-03-27,dividend,0.155709
DXC,2018-06-01,split,1.156
DXC,2018-06-05,dividend,0.19
DXC,2018-09-04,dividend,0.19
DXC,2018-12-04,dividend,0.19
DXC,2019-03-26,dividend,0.19
DXC,2019-06-04,dividend,0.21
DXC,2019-09-03,dividend,0.21
DXC,2019-12-03,dividend,0.21
DXC,2020-03-24,dividend,0.21
DXCM,2022-06-13,split,4.0
EBAY,2019-02-28,dividend,0.14
EBAY,2019-05-30,dividend,0.14
EBAY,2019-08-30,dividend,0.14
EBAY,2019-11-29,dividend,0.14
EBAY,2020-02-28,dividend,0.16
EBAY,2020-05-29,dividend,0.16
EBAY,2020-08-31,dividend,0.16
EBAY,2020-11-30,dividend,0.16
EBAY,2021-02-26,dividend,0.18
EBAY,2021-05-28,dividend,0.18
EBAY,2021-08-31,dividend,0.18
EBAY,2021-11-30,dividend,0.18
EBAY,2022-03-09,dividend,0.22
EBAY,2022-05-31,dividend,0.22
EBAY,2022-08-31,dividend,0.22
EBAY,2022-11-30,dividend,0.22
EBAY,2023-03-09,dividend,0.25
EBAY,2023-05-31,dividend,0.25
EBAY,2023-08-31,dividend,0.25
EBAY,2023-11-30,dividend,0.25
EBAY,2024-03-08,dividend,0.27
EBAY,2024-05-31,dividend,0.27
EBAY,2024-08-30,dividend,0.27
EBAY,2024-11-29,dividend,0.27
EBAY,2025-03-14,dividend,0.29
EBAY,2025-05-30,dividend,0.29
EBAY,2025-08-29,dividend,0.29
EBAY,2025-11-28,dividend,0.29
EBAY,2026-03-06,dividend,0.31
EBAY,2026-05-29,dividend,0.31
EBAY,2026-08-28,dividend,0.31
ECHO,2019-09-11,split,1.234
EHGO,2026-04-20,split,0.0625
EIX,2016-09-28,dividend,0.48
EIX,2016-12-28,dividend,0.543
EIX,2017-03-29,dividend,0.543
EIX,2017-06-28,dividend,0.543
EIX,2017-09-28,dividend,0.543
EIX,2017-12-28,dividend,0.605
EIX,2018-03-28,dividend,0.605
EIX,2018-06-29,dividend,0.605
EIX,2018-09-27,dividend,0.605
EIX,2018-12-28,dividend,0.613
EIX,2019-03-28,dividend,0.613
EIX,2019-07-05,dividend,0.613
EIX,2019-09-27,dividend,0.613
EIX,2019-12-30,dividend,0.638
EIX,2020-03-30,dividend,0.638
EIX,2020-07-02,dividend,0.638
EIX,2020-09-29,dividend,0.638
EIX,2020-12-30,dividend,0.663
EIX,2021-03-30,dividend,0.663
EIX,2021-07-02,dividend,0.663
EIX,2021-09-29,dividend,0.663
EIX,2021-12-30,dividend,0.7
EIX,2022-03-30,dividend,0.7
EIX,2022-07-01,dividend,0.7
EIX,2022-09-29,dividend,0.7
EIX,2022-12-29,dividend,0.738
EIX,2023-03-30,dividend,0.738
EIX,2023-07-03,dividend,0.738
EIX,2023-09-28,dividend,0.738
EIX,2023-12-28,dividend,0.78
EIX,2024-03-27,dividend,0.78
EIX,2024-07-08,dividend,0.78
EIX,2024-10-07,dividend,0.78
EIX,2025-01-07,dividend,0.828
EIX,2025-04-07,dividend,0.828
EIX,2025-07-07,dividend,0.828
EIX,2025-10-07,dividend,0.828
EIX,2026-01-07,dividend,0.878
EIX,2026-04-07,dividend,0.878
EIX,2026-07-07,dividend,0.878
EL,2016-11-28,dividend,0.34
EL,2017-02-24,dividend,0.34
EL,2017-05-26,dividend,0.34
EL,2017-08-29,dividend,0.34
EL,2017-11-29,dividend,0.38
EL,2018-02-27,dividend,0.38
EL,2018-05-30,dividend,0.38
EL,2018-08-30,dividend,0.38
EL,2018-11-29,dividend,0.43
EL,2019-02-27,dividend,0.43
EL,2019-05-30,dividend,0.43
EL,2019-08-29,dividend,0.43
EL,2019-11-27,dividend,0.48
EL,2020-02-27,dividend,0.48
EL,2020-08-28,dividend,0.48
EL,2020-11-27,dividend,0.53
EL,2021-02-25,dividend,0.53
EL,2021-05-27,dividend,0.53
EL,2021-08-30,dividend,0.53
EL,2021-11-29,dividend,0.6
EL,2022-02-25,dividend,0.6
EL,2022-05-27,dividend,0.6
EL,2022-08-30,dividend,0.6
EL,2022-11-29,dividend,0.66
EL,2023-02-27,dividend,0.66
EL,2023-05-30,dividend,0.66
EL,2023-08-30,dividend,0.66
EL,2023-11-29,dividend,0.66
EL,2024-02-28,dividend,0.66
EL,2024-05-31,dividend,0.66
EL,2024-08-30,dividend,0.66
EL,2024-11-29,dividend,0.35
EL,2025-02-28,dividend,0.35
EL,2025-05-30,dividend,0.35
EL,2025-09-02,dividend,0.35
EL,2025-11-28,dividend,0.35
EL,2026-02-27,dividend,0.35
EL,2026-05-29,dividend,0.35
EL,2026-08-31,dividend,0.35
ENB,2016-11-10,dividend,0.395
ENB,2017-02-13,dividend,0.446
ENB,2017-05-11,dividend,0.447
ENB,2017-08-11,dividend,0.479
ENB,2017-11-14,dividend,0.479
ENB,2018-02-14,dividend,0.533
ENB,2018-05-14,dividend,0.524
ENB,2018-11-14,dividend,0.051
ENB,2019-02-14,dividend,0.557
ENB,2019-05-14,dividend,0.548
ENB,2019-08-14,dividend,0.558
ENB,2019-11-14,dividend,0.557
ENB,2020-02-13,dividend,0.611
ENB,2020-05-14,dividend,0.574
ENB,2020-08-13,dividend,0.611
ENB,2020-11-12,dividend,0.62
ENB,2021-02-11,dividend,0.657
ENB,2021-05-13,dividend,0.688
ENB,2021-08-12,dividend,0.668
ENB,2021-11-12,dividend,0.664
ENB,2022-02-14,dividend,0.675
ENB,2022-05-12,dividend,0.662
ENB,2022-08-12,dividend,0.674
ENB,2022-11-14,dividend,0.649
ENB,2023-02-14,dividend,0.666
ENB,2023-05-12,dividend,0.658
ENB,2023-08-14,dividend,0.66
ENB,2023-11-14,dividend,0.643
ENB,2024-02-14,dividend,0.675
ENB,2024-05-14,dividend,0.67
ENB,2024-08-15,dividend,0.668
ENB,2024-11-15,dividend,0.653
ENB,2025-02-14,dividend,0.67
ENB,2025-05-15,dividend,0.68
ENB,2025-08-15,dividend,0.683
ENB,2026-02-17,dividend,0.712
ENB,2026-05-15,dividend,0.707
ENB,2026-08-14,dividend,0.696
EPD,2016-10-27,dividend,0.405
EPD,2017-01-27,dividend,0.41
EPD,2017-04-26,dividend,0.415
EPD,2017-07-27,dividend,0.42
EPD,2017-10-30,dividend,0.423
EPD,2018-01-30,dividend,0.425
EPD,2018-04-27,dividend,0.428
EPD,2018-07-30,dividend,0.43
EPD,2018-10-30,dividend,0.433
EPD,2019-01-30,dividend,0.435
EPD,2019-04-29,dividend,0.438
EPD,2019-07-30,dividend,0.44
EPD,2019-10-30,dividend,0.443
EPD,2020-01-30,dividend,0.445
EPD,2020-04-29,dividend,0.445
EPD,2020-07-30,dividend,0.445
EPD,2020-10-29,dividend,0.445
EPD,2021-01-28,dividend,0.45
EPD,2021-04-29,dividend,0.45
EPD,2021-07-29,dividend,0.45
EPD,2021-10-28,dividend,0.45
EPD,2022-01-28,dividend,0.465
EPD,2022-04-28,dividend,0.465
EPD,2022-07-28,dividend,0.475
EPD,2022-10-28,dividend,0.475
EPD,2023-01-30,dividend,0.49
EPD,2023-04-27,dividend,0.49
EPD,2023-07-28,dividend,0.5
EPD,2023-10-30,dividend,0.5
EPD,2024-01-30,dividend,0.515
EPD,2024-04-29,dividend,0.515
EPD,2024-07-31,dividend,0.525
EPD,2024-10-31,dividend,0.525
EPD,2025-01-31,dividend,0.535
EPD,2025-04-30,dividend,0.535
EPD,2025-07-31,dividend,0.545
EPD,2025-10-31,dividend,0.545
EPD,2026-01-30,dividend,0.55
EPD,2026-04-30,dividend,0.55
EPD,2026-07-31,dividend,0.56
EQT,2016-11-08,dividend,0.016331
EQT,2017-02-15,dividend,0.016331
EQT,2017-05-10,dividend,0.016331
EQT,2017-08-09,dividend,0.016331
EQT,2017-11-09,dividend,0.016331
EQT,2018-02-13,dividend,0.016331
EQT,2018-05-10,dividend,0.016331
EQT,2018-08-09,dividend,0.016331
EQT,2018-11-13,split,1.837
EQT,2018-11-20,dividend,0.03
EQT,2019-02-14,dividend,0.03
EQT,2019-05-14,dividend,0.03
EQT,2019-08-08,dividend,0.03
EQT,2019-11-07,dividend,0.03
EQT,2020-02-13,dividend,0.03
EQT,2022-02-11,dividend,0.125
EQT,2022-05-10,dividend,0.125
EQT,2022-08-08,dividend,0.15
EQT,2022-11-08,dividend,0.15
EQT,2023-02-17,dividend,0.15
EQT,2023-05-09,dividend,0.15
EQT,2023-08-08,dividend,0.15
EQT,2023-11-07,dividend,0.158
EQT,2024-02-16,dividend,0.158
EQT,2024-05-07,dividend,0.158
EQT,2024-08-07,dividend,0.158
EQT,2024-11-06,dividend,0.158
EQT,2025-02-18,dividend,0.158
EQT,2025-05-07,dividend,0.158
EQT,2025-08-06,dividend,0.158
EQT,2025-11-05,dividend,0.165
EQT,2026-02-17,dividend,0.165
EQT,2026-05-06,dividend,0.165
EQT,2026-08-05,dividend,0.165
EQX,2019-08-20,split,0.2
EQX,2026-03-12,dividend,0.015
EQX,2026-05-21,dividend,0.015
EQX,2026-08-19,dividend,0.023
ESI,2020-11-24,dividend,0.05
ESI,2021-02-26,dividend,0.05
ESI,2021-05-28,dividend,0.06
ESI,2021-08-31,dividend,0.06
ESI,2021-11-30,dividend,0.08
ESI,2022-02-28,dividend,0.08
ESI,2022-05-31,dividend,0.08
ESI,2022-08-31,dividend,0.08
ESI,2022-11-30,dividend,0.08
ESI,2023-02-28,dividend,0.08
ESI,2023-05-31,dividend,0.08
ESI,2023-08-31,dividend,0.08
ESI,2023-11-30,dividend,0.08
ESI,2024-02-29,dividend,0.08
ESI,2024-05-31,dividend,0.08
ESI,2024-08-30,dividend,0.08
ESI,2024-12-02,dividend,0.08
ESI,2025-03-03,dividend,0.08
ESI,2025-06-02,dividend,0.08
ESI,2025-09-02,dividend,0.08
ESI,2025-12-01,dividend,0.08
ESI,2026-03-02,dividend,0.08
ESI,2026-06-01,dividend,0.08
ESI,2026-09-01,dividend,0.08
ETR,2016-11-08,dividend,0.435
ETR,2017-02-07,dividend,0.435
ETR,2017-05-09,dividend,0.435
ETR,2017-08-08,dividend,0.435
ETR,2017-11-08,dividend,0.445
ETR,2018-02-07,dividend,0.445
ETR,2018-05-09,dividend,0.445
ETR,2018-08-08,dividend,0.445
ETR,2018-11-07,dividend,0.455
ETR,2019-02-13,dividend,0.455
ETR,2019-05-08,dividend,0.455
ETR,2019-08-07,dividend,0.455
ETR,2019-11-06,dividend,0.465
ETR,2020-02-12,dividend,0.465
ETR,2020-05-06,dividend,0.465
ETR,2020-08-12,dividend,0.465
ETR,2020-11-10,dividend,0.475
ETR,2021-02-11,dividend,0.475
ETR,2021-05-05,dividend,0.475
ETR,2021-08-11,dividend,0.475
ETR,2021-11-12,dividend,0.505
ETR,2022-02-10,dividend,0.505
ETR,2022-05-04,dividend,0.505
ETR,2022-08-10,dividend,0.505
ETR,2022-11-10,dividend,0.535
ETR,2023-02-09,dividend,0.535
ETR,2023-05-03,dividend,0.535
ETR,2023-08-10,dividend,0.535
ETR,2023-11-13,dividend,0.565
ETR,2024-02-08,dividend,0.565
ETR,2024-05-01,dividend,0.565
ETR,2024-08-13,dividend,0.565
ETR,2024-11-13,dividend,0.6
ETR,2024-12-13,split,2.0
ETR,2025-02-10,dividend,0.6
ETR,2025-05-02,dividend,0.6
ETR,2025-08-13,dividend,0.6
ETR,2025-11-13,dividend,0.64
ETR,2026-02-09,dividend,0.64
ETR,2026-05-01,dividend,0.64
ETR,2026-08-13,dividend,0.64
EU,2022-09-14,split,0.3333333333333333
EVRG,2016-12-07,dividend,0.38
EVRG,2017-03-07,dividend,0.4
EVRG,2017-06-07,dividend,0.4
EVRG,2017-09-07,dividend,0.4
EVRG,2017-12-07,dividend,0.4
EVRG,2018-03-08,dividend,0.4
EVRG,2018-05-29,dividend,0.4
EVRG,2018-08-28,dividend,0.46
EVRG,2018-11-28,dividend,0.475
EVRG,2019-03-01,dividend,0.475
EVRG,2019-05-29,dividend,0.475
EVRG,2019-08-29,dividend,0.475
EVRG,2019-11-26,dividend,0.505
EVRG,2020-03-06,dividend,0.505
EVRG,2020-05-19,dividend,0.505
EVRG,2020-08-19,dividend,0.505
EVRG,2020-11-19,dividend,0.535
EVRG,2021-03-05,dividend,0.535
EVRG,2021-05-20,dividend,0.535
EVRG,2021-08-19,dividend,0.535
EVRG,2021-11-18,dividend,0.573
EVRG,2022-03-04,dividend,0.573
EVRG,2022-05-19,dividend,0.573
EVRG,2022-08-18,dividend,0.573
EVRG,2022-11-17,dividend,0.613
EVRG,2023-03-08,dividend,0.613
EVRG,2023-05-18,dividend,0.613
EVRG,2023-08-18,dividend,0.613
EVRG,2023-11-21,dividend,0.643
EVRG,2024-03-08,dividend,0.643
EVRG,2024-05-17,dividend,0.643
EVRG,2024-08-20,dividend,0.643
EVRG,2024-11-21,dividend,0.668
EVRG,2025-03-10,dividend,0.668
EVRG,2025-05-23,dividend,0.668
EVRG,2025-08-22,dividend,0.668
EVRG,2025-11-21,dividend,0.695
EVRG,2026-03-10,dividend,0.695
EVRG,2026-05-22,dividend,0.695
EVRG,2026-08-18,dividend,0.695
EVTL,2024-09-23,split,0.1
EXC,2016-11-10,dividend,0.226819
EXC,2017-02-13,dividend,0.233951
EXC,2017-05-11,dividend,0.233951
EXC,2017-08-11,dividend,0.233951
EXC,2017-11-14,dividend,0.233951
EXC,2018-02-14,dividend,0.246077
EXC,2018-05-14,dividend,0.246077
EXC,2018-08-14,dividend,0.246077
EXC,2018-11-14,dividend,0.246077
EXC,2019-02-19,dividend,0.258916
EXC,2019-05-14,dividend,0.258916
EXC,2019-08-14,dividend,0.258916
EXC,2019-11-14,dividend,0.258916
EXC,2020-02-19,dividend,0.273181
EXC,2020-05-14,dividend,0.273181
EXC,2020-08-13,dividend,0.273181
EXC,2020-11-13,dividend,0.273181
EXC,2021-03-05,dividend,0.273181
EXC,2021-05-13,dividend,0.273181
EXC,2021-08-12,dividend,0.273181
EXC,2021-11-12,dividend,0.273181
EXC,2022-02-02,split,1.402
EXC,2022-02-24,dividend,0.338
EXC,2022-05-12,dividend,0.338
EXC,2022-08-12,dividend,0.338
EXC,2022-11-14,dividend,0.338
EXC,2023-02-24,dividend,0.36
EXC,2023-05-12,dividend,0.36
EXC,2023-08-14,dividend,0.36
EXC,2023-11-14,dividend,0.36
EXC,2024-03-01,dividend,0.38
EXC,2024-05-10,dividend,0.38
EXC,2024-08-12,dividend,0.38
EXC,2024-11-08,dividend,0.38
EXC,2025-02-24,dividend,0.4
EXC,2025-05-12,dividend,0.4
EXC,2025-08-11,dividend,0.4
EXC,2025-11-10,dividend,0.4
EXC,2026-03-02,dividend,0.42
EXC,2026-06-04,dividend,0.42
EXC,2026-09-04,dividend,0.42
EYPT,2020-12-09,split,0.1
F,2016-10-25,dividend,0.15
F,2017-01-18,dividend,0.2
F,2017-04-18,dividend,0.15
F,2017-07-20,dividend,0.15
F,2017-10-20,dividend,0.15
F,2018-01-29,dividend,0.28
F,2018-04-19,dividend,0.15
F,2018-07-20,dividend,0.15
F,2018-10-22,dividend,0.15
F,2019-01-30,dividend,0.15
F,2019-04-23,dividend,0.15
F,2019-07-22,dividend,0.15
F,2019-10-21,dividend,0.15
F,2020-01-29,dividend,0.15
F,2021-11-18,dividend,0.1
F,2022-01-28,dividend,0.1
F,2022-04-25,dividend,0.1
F,2022-08-10,dividend,0.15
F,2022-11-14,dividend,0.15
F,2023-02-10,dividend,0.8
F,2023-04-25,dividend,0.15
F,2023-07-24,dividend,0.15
F,2023-10-31,dividend,0.15
F,2024-02-15,dividend,0.33
F,2024-05-07,dividend,0.15
F,2024-08-07,dividend,0.15
F,2024-11-07,dividend,0.15
F,2025-02-18,dividend,0.3
F,2025-05-12,dividend,0.15
F,2025-08-11,dividend,0.15
F,2025-11-07,dividend,0.15
F,2026-02-13,dividend,0.15
F,2026-05-12,dividend,0.15
F,2026-08-11,dividend,0.15
FAMI,2022-05-31,split,0.04
FAMI,2023-09-25,split,0.125
FAMI,2025-03-17,split,0.08333333333333333
FAST,2016-10-21,dividend,0.075
FAST,2017-01-30,dividend,0.08
FAST,2017-04-24,dividend,0.08
FAST,2017-07-24,dividend,0.08
FAST,2017-10-24,dividend,0.08
FAST,2018-01-30,dividend,0.0925
FAST,2018-04-24,dividend,0.0925
FAST,2018-07-24,dividend,0.1
FAST,2018-10-23,dividend,0.1
FAST,2019-01-30,dividend,0.1075
FAST,2019-04-23,dividend,0.1075
FAST,2019-05-23,split,2.0
FAST,2019-07-24,dividend,0.11
FAST,2019-10-24,dividend,0.11
FAST,2020-01-30,dividend,0.125
FAST,2020-04-27,dividend,0.125
FAST,2020-07-27,dividend,0.125
FAST,2020-10-26,dividend,0.125
FAST,2020-12-01,dividend,0.2
FAST,2021-02-02,dividend,0.14
FAST,2021-04-23,dividend,0.14
FAST,2021-07-26,dividend,0.14
FAST,2021-10-25,dividend,0.14
FAST,2022-02-01,dividend,0.155
FAST,2022-04-26,dividend,0.155
FAST,2022-07-26,dividend,0.155
FAST,2022-10-26,dividend,0.155
FAST,2023-02-01,dividend,0.175
FAST,2023-04-26,dividend,0.175
FAST,2023-07-26,dividend,0.175
FAST,2023-10-25,dividend,0.175
FAST,2023-12-05,dividend,0.19
FAST,2024-01-31,dividend,0.195
FAST,2024-04-24,dividend,0.195
FAST,2024-07-26,dividend,0.195
FAST,2024-10-25,dividend,0.195
FAST,2025-01-31,dividend,0.215
FAST,2025-04-25,dividend,0.22
FAST,2025-05-22,split,2.0
FAST,2025-07-29,dividend,0.22
FAST,2025-10-28,dividend,0.22
FAST,2026-01-29,dividend,0.24
FAST,2026-04-28,dividend,0.24
FAST,2026-07-28,dividend,0.26
FCEL,2019-05-09,split,0.08333333333333333
FCEL,2024-11-11,split,0.03333333333333333
FCX,2018-04-12,dividend,0.05
FCX,2018-07-12,dividend,0.05
FCX,2018-10-12,dividend,0.05
FCX,2019-01-14,dividend,0.05
FCX,2019-04-12,dividend,0.05
FCX,2019-07-12,dividend,0.05
FCX,2019-10-11,dividend,0.05
FCX,2020-01-14,dividend,0.05
FCX,2021-04-14,dividend,0.075
FCX,2021-07-14,dividend,0.075
FCX,2021-10-14,dividend,0.075
FCX,2022-01-13,dividend,0.15
FCX,2022-04-13,dividend,0.15
FCX,2022-07-14,dividend,0.15
FCX,2022-10-13,dividend,0.15
FCX,2023-01-12,dividend,0.15
FCX,2023-04-13,dividend,0.15
FCX,2023-07-13,dividend,0.15
FCX,2023-10-12,dividend,0.15
FCX,2024-01-11,dividend,0.15
FCX,2024-04-12,dividend,0.15
FCX,2024-07-15,dividend,0.15
FCX,2024-10-15,dividend,0.15
FCX,2025-01-15,dividend,0.15
FCX,2025-04-15,dividend,0.15
FCX,2025-07-15,dividend,0.15
FCX,2025-10-15,dividend,0.15
FCX,2026-01-15,dividend,0.15
FCX,2026-04-15,dividend,0.15
FCX,2026-07-15,dividend,0.15
FE,2016-11-03,dividend,0.36
FE,2017-02-03,dividend,0.36
FE,2017-05-03,dividend,0.36
FE,2017-08-03,dividend,0.36
FE,2017-11-06,dividend,0.36
FE,2018-02-06,dividend,0.36
FE,2018-05-04,dividend,0.36
FE,2018-08-06,dividend,0.36
FE,2018-11-06,dividend,0.36
FE,2019-02-06,dividend,0.38
FE,2019-05-06,dividend,0.38
FE,2019-08-06,dividend,0.38
FE,2019-11-06,dividend,0.38
FE,2020-02-06,dividend,0.39
FE,2020-05-06,dividend,0.39
FE,2020-08-06,dividend,0.39
FE,2020-11-05,dividend,0.39
FE,2021-02-04,dividend,0.39
FE,2021-05-06,dividend,0.39
FE,2021-08-05,dividend,0.39
FE,2021-11-04,dividend,0.39
FE,2022-02-04,dividend,0.39
FE,2022-05-05,dividend,0.39
FE,2022-08-04,dividend,0.39
FE,2022-11-04,dividend,0.39
FE,2023-02-06,dividend,0.39
FE,2023-05-04,dividend,0.39
FE,2023-08-04,dividend,0.39
FE,2023-11-06,dividend,0.41
FE,2024-02-06,dividend,0.41
FE,2024-05-06,dividend,0.425
FE,2024-08-07,dividend,0.425
FE,2024-11-07,dividend,0.425
FE,2025-02-07,dividend,0.425
FE,2025-05-07,dividend,0.445
FE,2025-08-07,dividend,0.445
FE,2025-11-07,dividend,0.445
FE,2026-02-06,dividend,0.445
FE,2026-05-07,dividend,0.465
FE,2026-08-07,dividend,0.465
FGL,2026-02-10,split,0.01
FGL,2026-09-01,split,0.01
FIP,2022-11-10,dividend,0.03
FIP,2023-03-13,dividend,0.03
FIP,2023-05-12,dividend,0.03
FIP,2023-08-07,dividend,0.03
FIP,2023-11-08,dividend,0.03
FIP,2024-03-26,dividend,0.03
FIP,2024-05-16,dividend,0.03
FIP,2024-08-12,dividend,0.03
FIP,2024-11-12,dividend,0.03
FIP,2025-03-14,dividend,0.03
FIP,2025-05-19,dividend,0.03
FIP,2025-08-25,dividend,0.03
FIP,2025-11-14,dividend,0.03
FIP,2026-03-13,dividend,0.03
FIP,2026-05-18,dividend,0.03
FIP,2026-08-24,dividend,0.03
FIS,2016-12-14,dividend,0.26
FIS,2017-03-15,dividend,0.29
FIS,2017-06-14,dividend,0.29
FIS,2017-09-14,dividend,0.29
FIS,2017-12-14,dividend,0.29
FIS,2018-03-15,dividend,0.32
FIS,2018-06-14,dividend,0.32
FIS,2018-09-13,dividend,0.32
FIS,2018-12-13,dividend,0.32
FIS,2019-03-14,dividend,0.35
FIS,2019-06-13,dividend,0.35
FIS,2019-09-12,dividend,0.35
FIS,2019-12-12,dividend,0.35
FIS,2020-03-12,dividend,0.35
FIS,2020-06-11,dividend,0.35
FIS,2020-09-10,dividend,0.35
FIS,2020-12-11,dividend,0.35
FIS,2021-03-11,dividend,0.39
FIS,2021-06-10,dividend,0.39
FIS,2021-09-09,dividend,0.39
FIS,2021-12-10,dividend,0.39
FIS,2022-03-10,dividend,0.47
FIS,2022-06-09,dividend,0.47
FIS,2022-09-15,dividend,0.47
FIS,2022-12-08,dividend,0.47
FIS,2023-03-09,dividend,0.52
FIS,2023-06-08,dividend,0.52
FIS,2023-09-07,dividend,0.52
FIS,2023-12-07,dividend,0.52
FIS,2024-03-07,dividend,0.36
FIS,2024-06-10,dividend,0.36
FIS,2024-09-10,dividend,0.36
FIS,2024-12-09,dividend,0.36
FIS,2025-03-11,dividend,0.4
FIS,2025-06-10,dividend,0.4
FIS,2025-09-10,dividend,0.4
FIS,2025-12-09,dividend,0.4
FIS,2026-03-10,dividend,0.44
FIS,2026-06-11,dividend,0.44
FIS,2026-09-11,dividend,0.44
FISV,2018-03-20,split,2.0
FITB,2016-09-28,dividend,0.13
FITB,2016-12-28,dividend,0.14
FITB,2017-03-29,dividend,0.14
FITB,2017-06-28,dividend,0.14
FITB,2017-09-28,dividend,0.16
FITB,2017-12-28,dividend,0.16
FITB,2018-03-28,dividend,0.16
FITB,2018-06-28,dividend,0.18
FITB,2018-09-27,dividend,0.18
FITB,2018-12-28,dividend,0.22
FITB,2019-03-28,dividend,0.22
FITB,2019-06-27,dividend,0.24
FITB,2019-09-27,dividend,0.24
FITB,2019-12-30,dividend,0.24
FITB,2020-03-30,dividend,0.27
FITB,2020-06-29,dividend,0.27
FITB,2020-10-01,dividend,0.27
FITB,2020-12-30,dividend,0.27
FITB,2021-03-30,dividend,0.27
FITB,2021-06-29,dividend,0.27
FITB,2021-09-29,dividend,0.3
FITB,2021-12-30,dividend,0.3
FITB,2022-03-30,dividend,0.3
FITB,2022-06-29,dividend,0.3
FITB,2022-09-29,dividend,0.33
FITB,2022-12-29,dividend,0.33
FITB,2023-03-30,dividend,0.33
FITB,2023-06-29,dividend,0.33
FITB,2023-09-28,dividend,0.35
FITB,2023-12-28,dividend,0.35
FITB,2024-03-27,dividend,0.35
FITB,2024-06-28,dividend,0.35
FITB,2024-09-30,dividend,0.37
FITB,2024-12-31,dividend,0.37
FITB,2025-03-31,dividend,0.37
FITB,2025-06-30,dividend,0.37
FITB,2025-09-30,dividend,0.4
FITB,2025-12-31,dividend,0.4
FITB,2026-03-31,dividend,0.4
FITB,2026-06-30,dividend,0.4
FLG,2016-11-03,dividend,0.51
FLG,2017-02-03,dividend,0.51
FLG,2017-05-04,dividend,0.51
FLG,2017-08-03,dividend,0.51
FLG,2017-11-06,dividend,0.51
FLG,2018-02-12,dividend,0.51
FLG,2018-05-07,dividend,0.51
FLG,2018-08-06,dividend,0.51
FLG,2018-11-05,dividend,0.51
FLG,2019-02-11,dividend,0.51
FLG,2019-05-13,dividend,0.51
FLG,2019-08-09,dividend,0.51
FLG,2019-11-07,dividend,0.51
FLG,2020-02-07,dividend,0.51
FLG,2020-05-07,dividend,0.51
FLG,2020-08-06,dividend,0.51
FLG,2020-11-05,dividend,0.51
FLG,2021-02-04,dividend,0.51
FLG,2021-05-06,dividend,0.51
FLG,2021-08-05,dividend,0.51
FLG,2021-11-04,dividend,0.51
FLG,2022-02-04,dividend,0.51
FLG,2022-05-06,dividend,0.51
FLG,2022-08-05,dividend,0.51
FLG,2022-11-04,dividend,0.51
FLG,2023-02-03,dividend,0.51
FLG,2023-05-05,dividend,0.51
FLG,2023-08-04,dividend,0.51
FLG,2023-11-03,dividend,0.51
FLG,2024-02-13,dividend,0.15
FLG,2024-06-07,dividend,0.03
FLG,2024-07-12,split,0.3333333333333333
FLG,2024-09-06,dividend,0.01
FLG,2024-12-06,dividend,0.01
FLG,2025-03-07,dividend,0.01
FLG,2025-06-06,dividend,0.01
FLG,2025-09-05,dividend,0.01
FLG,2025-12-05,dividend,0.01
FLG,2026-03-06,dividend,0.01
FLG,2026-06-05,dividend,0.01
FLG,2026-09-04,dividend,0.01
FLO,2016-11-30,dividend,0.16
FLO,2017-03-01,dividend,0.16
FLO,2017-06-07,dividend,0.17
FLO,2017-08-30,dividend,0.17
FLO,2017-11-30,dividend,0.17
FLO,2018-03-01,dividend,0.17
FLO,2018-06-06,dividend,0.18
FLO,2018-08-30,dividend,0.18
FLO,2018-11-29,dividend,0.18
FLO,2019-02-28,dividend,0.18
FLO,2019-06-06,dividend,0.19
FLO,2019-08-29,dividend,0.19
FLO,2019-11-27,dividend,0.19
FLO,2020-02-27,dividend,0.19
FLO,2020-06-04,dividend,0.2
FLO,2020-08-27,dividend,0.2
FLO,2020-11-25,dividend,0.2
FLO,2021-03-04,dividend,0.2
FLO,2021-06-09,dividend,0.21
FLO,2021-09-02,dividend,0.21
FLO,2021-12-02,dividend,0.21
FLO,2022-03-03,dividend,0.21
FLO,2022-06-08,dividend,0.22
FLO,2022-09-01,dividend,0.22
FLO,2022-12-01,dividend,0.22
FLO,2023-03-02,dividend,0.22
FLO,2023-06-07,dividend,0.23
FLO,2023-08-31,dividend,0.23
FLO,2023-11-30,dividend,0.23
FLO,2024-02-29,dividend,0.23
FLO,2024-06-06,dividend,0.24
FLO,2024-09-06,dividend,0.24
FLO,2024-11-29,dividend,0.24
FLO,2025-02-28,dividend,0.24
FLO,2025-06-05,dividend,0.248
FLO,2025-09-05,dividend,0.248
FLO,2025-11-28,dividend,0.248
FLO,2026-03-06,dividend,0.248
FLO,2026-06-12,dividend,0.125
FLO,2026-09-11,dividend,0.125
FMC,2016-09-28,dividend,0.143105
FMC,2016-12-28,dividend,0.143105
FMC,2017-03-29,dividend,0.143105
FMC,2017-06-28,dividend,0.143105
FMC,2017-09-28,dividend,0.143105
FMC,2017-12-28,dividend,0.143105
FMC,2018-03-28,dividend,0.143105
FMC,2018-06-28,dividend,0.143105
FMC,2018-09-27,dividend,0.143105
FMC,2018-12-27,dividend,0.346921
FMC,2019-03-04,split,1.153
FMC,2019-03-28,dividend,0.4
FMC,2019-06-27,dividend,0.4
FMC,2019-09-27,dividend,0.4
FMC,2019-12-30,dividend,0.44
FMC,2020-03-30,dividend,0.44
FMC,2020-06-29,dividend,0.44
FMC,2020-09-29,dividend,0.44
FMC,2020-12-30,dividend,0.48
FMC,2021-03-30,dividend,0.48
FMC,2021-06-29,dividend,0.48
FMC,2021-09-29,dividend,0.48
FMC,2021-12-30,dividend,0.53
FMC,2022-03-30,dividend,0.53
FMC,2022-06-29,dividend,0.53
FMC,2022-09-29,dividend,0.53
FMC,2022-12-29,dividend,0.58
FMC,2023-03-30,dividend,0.58
FMC,2023-06-29,dividend,0.58
FMC,2023-09-28,dividend,0.58
FMC,2023-12-28,dividend,0.58
FMC,2024-03-27,dividend,0.58
FMC,2024-06-28,dividend,0.58
FMC,2024-09-30,dividend,0.58
FMC,2024-12-31,dividend,0.58
FMC,2025-03-31,dividend,0.58
FMC,2025-06-30,dividend,0.58
FMC,2025-09-30,dividend,0.58
FMC,2025-12-31,dividend,0.08
FMC,2026-03-31,dividend,0.08
FMC,2026-06-30,dividend,0.08
FNB,2016-11-29,dividend,0.12
FNB,2017-02-28,dividend,0.12
FNB,2017-05-30,dividend,0.12
FNB,2017-08-30,dividend,0.12
FNB,2017-11-30,dividend,0.12
FNB,2018-03-02,dividend,0.12
FNB,2018-05-31,dividend,0.12
FNB,2018-08-31,dividend,0.12
FNB,2018-11-30,dividend,0.12
FNB,2019-03-04,dividend,0.12
FNB,2019-05-30,dividend,0.12
FNB,2019-09-03,dividend,0.12
FNB,2019-12-02,dividend,0.12
FNB,2020-03-04,dividend,0.12
FNB,2020-05-29,dividend,0.12
FNB,2020-09-03,dividend,0.12
FNB,2020-12-02,dividend,0.12
FNB,2021-03-04,dividend,0.12
FNB,2021-05-28,dividend,0.12
FNB,2021-09-02,dividend,0.12
FNB,2021-12-02,dividend,0.12
FNB,2022-03-03,dividend,0.12
FNB,2022-06-02,dividend,0.12
FNB,2022-09-01,dividend,0.12
FNB,2022-12-02,dividend,0.12
FNB,2023-03-02,dividend,0.12
FNB,2023-06-01,dividend,0.12
FNB,2023-09-01,dividend,0.12
FNB,2023-12-04,dividend,0.12
FNB,2024-03-05,dividend,0.12
FNB,2024-06-06,dividend,0.12
FNB,2024-09-05,dividend,0.12
FNB,2024-12-02,dividend,0.12
FNB,2025-03-03,dividend,0.12
FNB,2025-06-02,dividend,0.12
FNB,2025-09-02,dividend,0.12
FNB,2025-12-01,dividend,0.12
FNB,2026-03-02,dividend,0.12
FNB,2026-06-01,dividend,0.13
FNB,2026-09-01,dividend,0.13
FOXA,2019-05-17,dividend,0.23
FOXA,2019-09-03,dividend,0.23
FOXA,2020-03-03,dividend,0.23
FOXA,2020-09-01,dividend,0.23
FOXA,2021-03-09,dividend,0.23
FOXA,2021-08-31,dividend,0.24
FOXA,2022-03-01,dividend,0.24
FOXA,2022-08-30,dividend,0.25
FOXA,2023-02-28,dividend,0.25
FOXA,2023-08-29,dividend,0.26
FOXA,2024-03-05,dividend,0.26
FOXA,2024-09-04,dividend,0.27
FOXA,2025-03-05,dividend,0.27
FOXA,2025-09-03,dividend,0.28
FOXA,2026-03-04,dividend,0.28
FOXA,2026-09-02,dividend,0.29
FTNT,2022-06-23,split,5.0
FUN,2016-12-01,dividend,0.855
FUN,2017-03-01,dividend,0.855
FUN,2017-06-01,dividend,0.855
FUN,2017-09-01,dividend,0.855
FUN,2017-12-01,dividend,0.89
FUN,2018-03-08,dividend,0.89
FUN,2018-06-01,dividend,0.89
FUN,2018-09-04,dividend,0.89
FUN,2018-12-03,dividend,0.925
FUN,2019-03-08,dividend,0.925
FUN,2019-06-03,dividend,0.925
FUN,2019-09-03,dividend,0.925
FUN,2019-12-03,dividend,0.935
FUN,2020-03-03,dividend,0.935
FUN,2022-08-30,dividend,0.3
FUN,2022-11-30,dividend,0.3
FUN,2023-03-06,dividend,0.3
FUN,2023-06-06,dividend,0.3
FUN,2023-09-05,dividend,0.3
FUN,2023-12-05,dividend,0.3
FUN,2024-03-05,dividend,0.3
FUN,2024-06-05,dividend,0.3
GAP,2016-10-03,dividend,0.23
GAP,2016-12-30,dividend,0.23
GAP,2017-04-03,dividend,0.23
GAP,2017-06-30,dividend,0.23
GAP,2017-10-03,dividend,0.23
GAP,2018-01-02,dividend,0.23
GAP,2018-04-10,dividend,0.243
GAP,2018-07-10,dividend,0.243
GAP,2018-10-09,dividend,0.243
GAP,2019-01-08,dividend,0.243
GAP,2019-04-09,dividend,0.243
GAP,2019-07-09,dividend,0.243
GAP,2019-10-08,dividend,0.243
GAP,2020-01-07,dividend,0.243
GAP,2021-04-06,dividend,0.243
GAP,2021-07-06,dividend,0.12
GAP,2021-10-05,dividend,0.12
GAP,2022-01-04,dividend,0.12
GAP,2022-04-05,dividend,0.15
GAP,2022-07-05,dividend,0.15
GAP,2022-10-04,dividend,0.15
GAP,2023-01-03,dividend,0.15
GAP,2023-04-04,dividend,0.15
GAP,2023-07-03,dividend,0.15
GAP,2023-10-03,dividend,0.15
GAP,2024-01-02,dividend,0.15
GAP,2024-04-09,dividend,0.15
GAP,2024-07-10,dividend,0.15
GAP,2024-10-09,dividend,0.15
GAP,2025-01-08,dividend,0.15
GAP,2025-04-09,dividend,0.165
GAP,2025-07-09,dividend,0.165
GAP,2025-10-08,dividend,0.165
GAP,2026-01-07,dividend,0.165
GAP,2026-04-08,dividend,0.175
GAP,2026-07-08,dividend,0.175
GAUZ,2026-09-11,split,0.05
GE,2016-12-22,dividend,1.150185
GE,2017-02-23,dividend,1.150185
GE,2017-06-15,dividend,1.150185
GE,2017-09-15,dividend,1.150185
GE,2017-12-26,dividend,0.575092
GE,2018-02-23,dividend,0.575092
GE,2018-06-15,dividend,0.575092
GE,2018-09-14,dividend,0.575092
GE,2018-12-19,dividend,0.047924
GE,2019-02-26,split,1.04
GE,2019-03-08,dividend,0.049841
GE,2019-06-28,dividend,0.049841
GE,2019-09-13,dividend,0.049841
GE,2019-12-20,dividend,0.049841
GE,2020-03-06,dividend,0.049841
GE,2020-06-26,dividend,0.049841
GE,2020-09-25,dividend,0.049841
GE,2020-12-18,dividend,0.049841
GE,2021-03-05,dividend,0.049841
GE,2021-06-25,dividend,0.049841
GE,2021-08-02,split,0.125
GE,2021-09-24,dividend,0.049841
GE,2021-12-20,dividend,0.049841
GE,2022-03-07,dividend,0.049841
GE,2022-06-27,dividend,0.049841
GE,2022-09-26,dividend,0.049841
GE,2022-12-14,dividend,0.049841
GE,2023-01-04,split,1.281
GE,2023-03-06,dividend,0.063847
GE,2023-07-10,dividend,0.063847
GE,2023-09-25,dividend,0.063847
GE,2023-12-27,dividend,0.063847
GE,2024-04-02,split,1.253
GE,2024-04-12,dividend,0.28
GE,2024-07-11,dividend,0.28
GE,2024-09-26,dividend,0.28
GE,2024-12-27,dividend,0.28
GE,2025-03-10,dividend,0.36
GE,2025-07-07,dividend,0.36
GE,2025-09-29,dividend,0.36
GE,2025-12-29,dividend,0.36
GE,2026-03-09,dividend,0.47
GE,2026-07-06,dividend,0.47
GEHC,2023-05-22,dividend,0.03
GEHC,2023-07-20,dividend,0.03
GEHC,2023-10-19,dividend,0.03
GEHC,2024-01-12,dividend,0.03
GEHC,2024-04-18,dividend,0.03
GEHC,2024-07-19,dividend,0.03
GEHC,2024-10-18,dividend,0.03
GEHC,2025-01-14,dividend,0.035
GEHC,2025-04-25,dividend,0.035
GEHC,2025-07-25,dividend,0.035
GEHC,2025-10-24,dividend,0.035
GEHC,2026-01-09,dividend,0.035
GEHC,2026-04-02,dividend,0.035
GEHC,2026-07-24,dividend,0.035
GEN,2016-11-17,dividend,0.075
GEN,2017-02-15,dividend,0.075
GEN,2017-06-05,dividend,0.075
GEN,2017-08-17,dividend,0.075
GEN,2017-11-17,dividend,0.075
GEN,2018-02-21,dividend,0.075
GEN,2018-06-07,dividend,0.075
GEN,2018-08-17,dividend,0.075
GEN,2018-11-16,dividend,0.075
GEN,2019-02-15,dividend,0.075
GEN,2019-06-07,dividend,0.075
GEN,2019-08-23,dividend,0.075
GEN,2019-11-22,dividend,0.125
GEN,2020-02-03,dividend,12.0
GEN,2020-02-21,dividend,0.125
GEN,2020-06-09,dividend,0.125
GEN,2020-08-21,dividend,0.125
GEN,2020-11-20,dividend,0.125
GEN,2021-02-19,dividend,0.125
GEN,2021-06-08,dividend,0.125
GEN,2021-08-20,dividend,0.125
GEN,2021-11-19,dividend,0.125
GEN,2022-02-18,dividend,0.125
GEN,2022-06-07,dividend,0.125
GEN,2022-08-19,dividend,0.125
GEN,2022-11-18,dividend,0.125
GEN,2023-02-16,dividend,0.125
GEN,2023-05-19,dividend,0.125
GEN,2023-08-18,dividend,0.125
GEN,2023-11-17,dividend,0.125
GEN,2024-02-15,dividend,0.125
GEN,2024-05-17,dividend,0.125
GEN,2024-08-19,dividend,0.125
GEN,2024-11-18,dividend,0.125
GEN,2025-02-14,dividend,0.125
GEN,2025-05-19,dividend,0.125
GEN,2025-08-18,dividend,0.125
GEN,2025-11-17,dividend,0.125
GEN,2026-02-13,dividend,0.125
GEN,2026-05-18,dividend,0.125
GEN,2026-08-17,dividend,0.125
GEVO,2017-01-06,split,0.05
GEVO,2018-06-04,split,0.05
GFL,2020-04-17,dividend,0.01
GFL,2020-07-17,dividend,0.01
GFL,2020-10-16,dividend,0.01
GFL,2021-01-19,dividend,0.01
GFL,2021-04-16,dividend,0.011
GFL,2021-07-16,dividend,0.011
GFL,2021-10-15,dividend,0.011
GFL,2022-01-18,dividend,0.012
GFL,2022-04-14,dividend,0.012
GFL,2022-07-15,dividend,0.012
GFL,2022-10-14,dividend,0.012
GFL,2023-01-17,dividend,0.012
GFL,2023-04-14,dividend,0.013
GFL,2023-07-14,dividend,0.013
GFL,2023-10-13,dividend,0.013
GFL,2024-01-16,dividend,0.013
GFL,2024-04-12,dividend,0.014
GFL,2024-07-15,dividend,0.014
GFL,2024-10-16,dividend,0.014
GFL,2025-01-13,dividend,0.014
GFL,2025-04-14,dividend,0.015
GFL,2025-07-14,dividend,0.015
GFL,2026-04-13,dividend,0.017
GFL,2026-07-13,dividend,0.017
GGB,2016-11-22,dividend,0.004762
GGB,2017-08-22,dividend,0.004762
GGB,2017-11-22,dividend,0.007143
GGB,2018-03-09,dividend,0.007143
GGB,2018-05-23,dividend,0.018254
GGB,2018-08-23,dividend,0.029365
GGB,2018-11-23,dividend,0.027778
GGB,2019-03-08,dividend,0.021429
GGB,2019-05-21,dividend,0.014286
GGB,2019-08-19,dividend,0.014286
GGB,2019-11-12,dividend,0.007937
GGB,2020-03-02,dividend,0.005556
GGB,2020-11-09,dividend,0.016667
GGB,2020-12-22,dividend,0.02619
GGB,2021-03-12,dividend,0.019048
GGB,2021-05-17,dividend,0.05873
GGB,2021-08-17,dividend,0.083333
GGB,2021-09-29,dividend,0.057143
GGB,2021-11-08,dividend,0.230952
GGB,2022-03-08,dividend,0.031746
GGB,2022-05-17,dividend,0.092063
GGB,2022-08-16,dividend,0.10873
GGB,2022-11-22,dividend,0.330159
GGB,2023-03-15,dividend,0.030159
GGB,2023-03-22,split,1.05
GGB,2023-05-16,dividend,0.084167
GGB,2023-08-21,dividend,0.073333
GGB,2023-11-20,dividend,0.08
GGB,2024-03-04,dividend,0.016667
GGB,2024-04-18,split,1.2
GGB,2024-05-17,dividend,0.054
GGB,2024-08-13,dividend,0.022
GGB,2024-11-21,dividend,0.049
GGB,2025-03-07,dividend,0.017
GGB,2025-05-12,dividend,0.021
GGB,2025-08-13,dividend,0.022
GGB,2026-03-12,dividend,0.019
GGB,2026-05-15,dividend,0.036
GGB,2026-08-21,dividend,0.045
GILD,2016-12-13,dividend,0.47
GILD,2017-03-14,dividend,0.52
GILD,2017-06-14,dividend,0.52
GILD,2017-09-14,dividend,0.52
GILD,2017-12-14,dividend,0.52
GILD,2018-03-15,dividend,0.57
GILD,2018-06-14,dividend,0.57
GILD,2018-09-13,dividend,0.57
GILD,2018-12-13,dividend,0.57
GILD,2019-03-14,dividend,0.63
GILD,2019-06-13,dividend,0.63
GILD,2019-09-12,dividend,0.63
GILD,2019-12-12,dividend,0.63
GILD,2020-03-12,dividend,0.68
GILD,2020-06-11,dividend,0.68
GILD,2020-09-14,dividend,0.68
GILD,2020-12-14,dividend,0.68
GILD,2021-03-12,dividend,0.71
GILD,2021-06-14,dividend,0.71
GILD,2021-09-14,dividend,0.71
GILD,2021-12-14,dividend,0.71
GILD,2022-03-14,dividend,0.73
GILD,2022-06-14,dividend,0.73
GILD,2022-09-14,dividend,0.73
GILD,2022-12-14,dividend,0.73
GILD,2023-03-14,dividend,0.75
GILD,2023-06-14,dividend,0.75
GILD,2023-09-14,dividend,0.75
GILD,2023-12-14,dividend,0.75
GILD,2024-03-14,dividend,0.77
GILD,2024-06-14,dividend,0.77
GILD,2024-09-13,dividend,0.77
GILD,2024-12-13,dividend,0.77
GILD,2025-03-14,dividend,0.79
GILD,2025-06-13,dividend,0.79
GILD,2025-09-15,dividend,0.79
GILD,2025-12-15,dividend,0.79
GILD,2026-03-13,dividend,0.82
GILD,2026-06-15,dividend,0.82
GILD,2026-09-15,dividend,0.82
GIPR,2021-10-14,dividend,0.54
GIPR,2021-11-12,dividend,0.54
GIPR,2021-12-14,dividend,0.54
GIPR,2022-01-13,dividend,0.54
GIPR,2022-02-14,dividend,0.54
GIPR,2022-03-14,dividend,0.54
GIPR,2022-04-13,dividend,0.54
GIPR,2022-05-12,dividend,0.54
GIPR,2022-06-14,dividend,0.54
GIPR,2022-07-14,dividend,0.54
GIPR,2022-08-12,dividend,0.54
GIPR,2022-09-14,dividend,0.54
GIPR,2022-10-13,dividend,0.39
GIPR,2022-11-14,dividend,0.39
GIPR,2022-12-14,dividend,0.39
GIPR,2023-01-12,dividend,0.39
GIPR,2023-02-14,dividend,0.39
GIPR,2023-03-14,dividend,0.39
GIPR,2023-04-13,dividend,0.39
GIPR,2023-05-12,dividend,0.39
GIPR,2023-06-14,dividend,0.39
GIPR,2023-07-13,dividend,0.39
GIPR,2023-08-14,dividend,0.39
GIPR,2023-09-14,dividend,0.39
GIPR,2023-10-12,dividend,0.39
GIPR,2023-11-14,dividend,0.39
GIPR,2023-12-14,dividend,0.39
GIPR,2024-01-11,dividend,0.39
GIPR,2024-02-14,dividend,0.39
GIPR,2024-03-14,dividend,0.39
GIPR,2024-04-12,dividend,0.39
GIPR,2024-05-14,dividend,0.39
GIPR,2024-06-14,dividend,0.39
GIPR,2026-07-10,split,0.1
GIS,2016-10-05,dividend,0.48
GIS,2017-01-06,dividend,0.48
GIS,2017-04-06,dividend,0.48
GIS,2017-07-06,dividend,0.49
GIS,2017-10-06,dividend,0.49
GIS,2018-01-09,dividend,0.49
GIS,2018-04-09,dividend,0.49
GIS,2018-07-09,dividend,0.49
GIS,2018-10-09,dividend,0.49
GIS,2019-01-09,dividend,0.49
GIS,2019-04-09,dividend,0.49
GIS,2019-07-09,dividend,0.49
GIS,2019-10-09,dividend,0.49
GIS,2020-01-09,dividend,0.49
GIS,2020-04-08,dividend,0.49
GIS,2020-07-09,dividend,0.49
GIS,2020-10-08,dividend,0.51
GIS,2021-01-07,dividend,0.51
GIS,2021-04-08,dividend,0.51
GIS,2021-07-08,dividend,0.51
GIS,2021-10-07,dividend,0.51
GIS,2022-01-07,dividend,0.51
GIS,2022-04-07,dividend,0.51
GIS,2022-07-07,dividend,0.54
GIS,2022-10-06,dividend,0.54
GIS,2023-01-09,dividend,0.54
GIS,2023-04-06,dividend,0.54
GIS,2023-07-07,dividend,0.59
GIS,2023-10-06,dividend,0.59
GIS,2024-01-09,dividend,0.59
GIS,2024-04-09,dividend,0.59
GIS,2024-07-10,dividend,0.6
GIS,2024-10-10,dividend,0.6
GIS,2025-01-10,dividend,0.6
GIS,2025-04-10,dividend,0.6
GIS,2025-07-10,dividend,0.61
GIS,2025-10-10,dividend,0.61
GIS,2026-01-09,dividend,0.61
GIS,2026-04-10,dividend,0.61
GIS,2026-07-10,dividend,0.61
GLPI,2016-12-01,dividend,0.6
GLPI,2017-03-09,dividend,0.62
GLPI,2017-06-14,dividend,0.62
GLPI,2017-09-07,dividend,0.63
GLPI,2017-11-30,dividend,0.63
GLPI,2018-03-08,dividend,0.63
GLPI,2018-06-14,dividend,0.63
GLPI,2018-09-06,dividend,0.63
GLPI,2018-12-13,dividend,0.68
GLPI,2019-03-07,dividend,0.68
GLPI,2019-06-13,dividend,0.68
GLPI,2019-09-05,dividend,0.68
GLPI,2019-12-12,dividend,0.7
GLPI,2020-03-05,dividend,0.7
GLPI,2020-05-12,dividend,0.12
GLPI,2020-08-14,dividend,0.6
GLPI,2020-11-13,dividend,0.12
GLPI,2021-03-08,dividend,0.65
GLPI,2021-06-10,dividend,0.67
GLPI,2021-09-09,dividend,0.67
GLPI,2021-12-08,dividend,0.67
GLPI,2021-12-23,dividend,0.24
GLPI,2022-03-10,dividend,0.69
GLPI,2022-06-09,dividend,0.705
GLPI,2022-09-15,dividend,0.705
GLPI,2022-12-08,dividend,0.705
GLPI,2023-03-09,dividend,0.97
GLPI,2023-06-15,dividend,0.72
GLPI,2023-09-14,dividend,0.73
GLPI,2023-12-07,dividend,0.73
GLPI,2024-03-14,dividend,0.76
GLPI,2024-06-07,dividend,0.76
GLPI,2024-09-13,dividend,0.76
GLPI,2024-12-06,dividend,0.76
GLPI,2025-03-14,dividend,0.76
GLPI,2025-06-13,dividend,0.78
GLPI,2025-09-12,dividend,0.78
GLPI,2025-12-05,dividend,0.78
GLPI,2026-03-13,dividend,0.78
GLPI,2026-06-12,dividend,0.82
GLPI,2026-09-11,dividend,0.82
GLW,2016-11-15,dividend,0.135
GLW,2017-02-24,dividend,0.155
GLW,2017-05-26,dividend,0.155
GLW,2017-08-29,dividend,0.155
GLW,2017-11-15,dividend,0.155
GLW,2018-02-27,dividend,0.18
GLW,2018-05-30,dividend,0.18
GLW,2018-08-30,dividend,0.18
GLW,2018-11-15,dividend,0.18
GLW,2019-02-27,dividend,0.2
GLW,2019-05-30,dividend,0.2
GLW,2019-08-29,dividend,0.2
GLW,2019-11-14,dividend,0.2
GLW,2020-02-27,dividend,0.22
GLW,2020-05-28,dividend,0.22
GLW,2020-08-27,dividend,0.22
GLW,2020-11-12,dividend,0.22
GLW,2021-02-25,dividend,0.24
GLW,2021-05-27,dividend,0.24
GLW,2021-08-30,dividend,0.24
GLW,2021-11-10,dividend,0.24
GLW,2022-02-25,dividend,0.27
GLW,2022-05-27,dividend,0.27
GLW,2022-08-30,dividend,0.27
GLW,2022-11-17,dividend,0.27
GLW,2023-02-27,dividend,0.28
GLW,2023-05-30,dividend,0.28
GLW,2023-08-30,dividend,0.28
GLW,2023-11-16,dividend,0.28
GLW,2024-02-28,dividend,0.28
GLW,2024-05-31,dividend,0.28
GLW,2024-08-30,dividend,0.28
GLW,2024-11-15,dividend,0.28
GLW,2025-02-28,dividend,0.28
GLW,2025-05-30,dividend,0.28
GLW,2025-08-29,dividend,0.28
GLW,2025-11-14,dividend,0.28
GLW,2026-02-27,dividend,0.28
GLW,2026-05-29,dividend,0.28
GLW,2026-08-31,dividend,0.28
GM,2016-12-05,dividend,0.38
GM,2017-03-08,dividend,0.38
GM,2017-06-07,dividend,0.38
GM,2017-09-07,dividend,0.38
GM,2017-12-07,dividend,0.38
GM,2018-03-08,dividend,0.38
GM,2018-06-07,dividend,0.38
GM,2018-09-06,dividend,0.38
GM,2018-12-06,dividend,0.38
GM,2019-03-07,dividend,0.38
GM,2019-06-06,dividend,0.38
GM,2019-09-05,dividend,0.38
GM,2019-12-05,dividend,0.38
GM,2020-03-05,dividend,0.38
GM,2022-08-30,dividend,0.09
GM,2022-12-01,dividend,0.09
GM,2023-03-02,dividend,0.09
GM,2023-06-01,dividend,0.09
GM,2023-08-31,dividend,0.09
GM,2023-11-30,dividend,0.09
GM,2024-02-29,dividend,0.12
GM,2024-06-07,dividend,0.12
GM,2024-09-06,dividend,0.12
GM,2024-12-06,dividend,0.12
GM,2025-03-07,dividend,0.12
GM,2025-06-06,dividend,0.15
GM,2025-09-05,dividend,0.15
GM,2025-12-05,dividend,0.15
GM,2026-03-06,dividend,0.18
GM,2026-06-05,dividend,0.18
GM,2026-09-04,dividend,0.18
GME,2016-11-29,dividend,0.0925
GME,2017-03-10,dividend,0.095
GME,2017-06-05,dividend,0.095
GME,2017-09-07,dividend,0.095
GME,2017-11-30,dividend,0.095
GME,2018-03-02,dividend,0.095
GME,2018-06-11,dividend,0.095
GME,2018-09-17,dividend,0.095
GME,2018-12-10,dividend,0.095
GME,2019-03-14,dividend,0.095
GME,2022-07-22,split,4.0
GNS,2024-08-16,split,0.1
GOF,2016-10-12,dividend,0.182
GOF,2016-11-10,dividend,0.182
GOF,2016-12-13,dividend,0.182
GOF,2017-01-11,dividend,0.182
GOF,2017-02-13,dividend,0.182
GOF,2017-03-13,dividend,0.182
GOF,2017-04-11,dividend,0.182
GOF,2017-05-11,dividend,0.182
GOF,2017-06-13,dividend,0.182
GOF,2017-07-12,dividend,0.182
GOF,2017-08-11,dividend,0.182
GOF,2017-09-14,dividend,0.182
GOF,2017-10-12,dividend,0.182
GOF,2017-11-14,dividend,0.182
GOF,2017-12-14,dividend,0.182
GOF,2018-01-11,dividend,0.182
GOF,2018-02-14,dividend,0.182
GOF,2018-03-14,dividend,0.182
GOF,2018-04-12,dividend,0.182
GOF,2018-05-14,dividend,0.182
GOF,2018-06-14,dividend,0.182
GOF,2018-07-12,dividend,0.182
GOF,2018-08-14,dividend,0.182
GOF,2018-09-13,dividend,0.182
GOF,2018-10-12,dividend,0.182
GOF,2018-11-14,dividend,0.182
GOF,2018-12-13,dividend,0.182
GOF,2019-01-14,dividend,0.182
GOF,2019-02-14,dividend,0.182
GOF,2019-03-14,dividend,0.182
GOF,2019-04-12,dividend,0.182
GOF,2019-05-14,dividend,0.182
GOF,2019-06-13,dividend,0.182
GOF,2019-07-12,dividend,0.182
GOF,2019-08-14,dividend,0.182
GOF,2019-09-12,dividend,0.182
GOF,2019-10-11,dividend,0.182
GOF,2019-11-14,dividend,0.182
GOF,2019-12-12,dividend,0.182
GOF,2020-01-14,dividend,0.182
GOF,2020-02-13,dividend,0.182
GOF,2020-03-12,dividend,0.182
GOF,2020-04-14,dividend,0.182
GOF,2020-05-14,dividend,0.182
GOF,2020-06-12,dividend,0.182
GOF,2020-07-14,dividend,0.182
GOF,2020-08-13,dividend,0.182
GOF,2020-09-14,dividend,0.182
GOF,2020-10-14,dividend,0.182
GOF,2020-11-12,dividend,0.182
GOF,2020-12-14,dividend,0.182
GOF,2021-01-14,dividend,0.182
GOF,2021-02-11,dividend,0.182
GOF,2021-03-12,dividend,0.182
GOF,2021-04-14,dividend,0.182
GOF,2021-05-13,dividend,0.182
GOF,2021-06-14,dividend,0.182
GOF,2021-07-14,dividend,0.182
GOF,2021-08-12,dividend,0.182
GOF,2021-09-14,dividend,0.182
GOF,2021-10-14,dividend,0.182
GOF,2021-11-12,dividend,0.182
GOF,2021-12-14,dividend,0.182
GOF,2022-01-13,dividend,0.182
GOF,2022-02-14,dividend,0.182
GOF,2022-03-14,dividend,0.182
GOF,2022-04-13,dividend,0.182
GOF,2022-05-12,dividend,0.182
GOF,2022-06-14,dividend,0.182
GOF,2022-07-14,dividend,0.182
GOF,2022-08-12,dividend,0.182
GOF,2022-09-14,dividend,0.182
GOF,2022-10-13,dividend,0.182
GOF,2022-11-14,dividend,0.182
GOF,2022-12-14,dividend,0.182
GOF,2023-01-12,dividend,0.182
GOF,2023-02-14,dividend,0.182
GOF,2023-03-14,dividend,0.182
GOF,2023-04-13,dividend,0.182
GOF,2023-05-12,dividend,0.182
GOF,2023-06-14,dividend,0.182
GOF,2023-07-13,dividend,0.182
GOF,2023-08-14,dividend,0.182
GOF,2023-09-14,dividend,0.182
GOF,2023-10-12,dividend,0.182
GOF,2023-11-14,dividend,0.182
GOF,2023-12-14,dividend,0.182
GOF,2024-01-11,dividend,0.182
GOF,2024-02-14,dividend,0.182
GOF,2024-03-14,dividend,0.182
GOF,2024-04-12,dividend,0.182
GOF,2024-05-14,dividend,0.182
GOF,2024-06-14,dividend,0.182
GOF,2024-07-15,dividend,0.182
GOF,2024-08-15,dividend,0.182
GOF,2024-09-13,dividend,0.182
GOF,2024-10-15,dividend,0.182
GOF,2024-11-15,dividend,0.182
GOF,2024-12-13,dividend,0.182
GOF,2025-01-15,dividend,0.182
GOF,2025-02-14,dividend,0.182
GOF,2025-03-14,dividend,0.182
GOF,2025-04-15,dividend,0.182
GOF,2025-05-15,dividend,0.182
GOF,2025-06-13,dividend,0.182
GOF,2025-07-15,dividend,0.182
GOF,2025-08-15,dividend,0.182
GOF,2025-09-15,dividend,0.182
GOF,2025-10-15,dividend,0.182
GOF,2025-11-14,dividend,0.182
GOF,2025-12-15,dividend,0.182
GOF,2026-01-15,dividend,0.182
GOF,2026-02-13,dividend,0.182
GOF,2026-03-13,dividend,0.182
GOF,2026-04-15,dividend,0.182
GOF,2026-05-15,dividend,0.182
GOF,2026-06-15,dividend,0.182
GOF,2026-07-15,dividend,0.182
GOF,2026-08-14,dividend,0.182
GOF,2026-09-15,dividend,0.182
GOOG,2022-07-18,split,20.0
GOOG,2024-06-10,dividend,0.2
GOOG,2024-09-09,dividend,0.2
GOOG,2024-12-09,dividend,0.2
GOOG,2025-03-10,dividend,0.2
GOOG,2025-06-09,dividend,0.21
GOOG,2025-09-08,dividend,0.21
GOOG,2025-12-08,dividend,0.21
GOOG,2026-03-09,dividend,0.21
GOOG,2026-06-08,dividend,0.22
GOOG,2026-09-04,dividend,0.22
GOOGL,2022-07-18,split,20.0
GOOGL,2024-06-10,dividend,0.2
GOOGL,2024-09-09,dividend,0.2
GOOGL,2024-12-09,dividend,0.2
GOOGL,2025-03-10,dividend,0.2
GOOGL,2025-06-09,dividend,0.21
GOOGL,2025-09-08,dividend,0.21
GOOGL,2025-12-08,dividend,0.21
GOOGL,2026-03-09,dividend,0.21
GOOGL,2026-06-08,dividend,0.22
GOOGL,2026-09-04,dividend,0.22
GOSS,2026-09-11,split,0.0125
GPGI,2024-05-17,dividend,0.249169
GPGI,2025-02-28,split,1.204
GPGI,2026-02-13,dividend,0.003
GPGI,2026-05-18,dividend,0.003
GPGI,2026-08-17,dividend,0.003
GPK,2016-12-13,dividend,0.075
GPK,2017-03-13,dividend,0.075
GPK,2017-03-27,dividend,0.075
GPK,2017-06-13,dividend,0.075
GPK,2017-09-14,dividend,0.075
GPK,2017-12-14,dividend,0.075
GPK,2018-03-14,dividend,0.075
GPK,2018-06-14,dividend,0.075
GPK,2018-09-13,dividend,0.075
GPK,2018-12-13,dividend,0.075
GPK,2019-03-14,dividend,0.075
GPK,2019-06-13,dividend,0.075
GPK,2019-09-12,dividend,0.075
GPK,2019-12-12,dividend,0.075
GPK,2020-03-12,dividend,0.075
GPK,2020-06-12,dividend,0.075
GPK,2020-09-14,dividend,0.075
GPK,2020-12-14,dividend,0.075
GPK,2021-03-12,dividend,0.075
GPK,2021-06-14,dividend,0.075
GPK,2021-09-14,dividend,0.075
GPK,2021-12-14,dividend,0.075
GPK,2022-03-14,dividend,0.075
GPK,2022-06-14,dividend,0.075
GPK,2022-09-14,dividend,0.075
GPK,2022-12-14,dividend,0.1
GPK,2023-03-14,dividend,0.1
GPK,2023-06-14,dividend,0.1
GPK,2023-09-14,dividend,0.1
GPK,2023-12-14,dividend,0.1
GPK,2024-03-14,dividend,0.1
GPK,2024-06-14,dividend,0.1
GPK,2024-09-13,dividend,0.1
GPK,2024-12-13,dividend,0.1
GPK,2025-03-14,dividend,0.11
GPK,2025-06-13,dividend,0.11
GPK,2025-09-15,dividend,0.11
GPK,2025-12-15,dividend,0.11
GPK,2026-03-13,dividend,0.11
GPK,2026-06-15,dividend,0.11
GPK,2026-09-15,dividend,0.11
GPUS,2019-03-15,split,0.05
GPUS,2019-08-06,split,0.025
GPUS,2023-05-18,split,0.0033333333333333335
GPUS,2023-06-23,split,1.318
GPUS,2024-01-17,split,0.04
GPUS,2024-04-12,split,1.024
GPUS,2024-11-25,split,0.02857142857142857
GPUS,2026-08-25,split,0.2
GSUN,2024-04-19,split,0.1
GT,2016-10-28,dividend,0.1
GT,2017-01-30,dividend,0.1
GT,2017-04-27,dividend,0.1
GT,2017-07-28,dividend,0.1
GT,2017-10-31,dividend,0.14
GT,2018-01-31,dividend,0.14
GT,2018-04-30,dividend,0.14
GT,2018-07-31,dividend,0.14
GT,2018-10-31,dividend,0.16
GT,2019-01-31,dividend,0.16
GT,2019-04-30,dividend,0.16
GT,2019-07-31,dividend,0.16
GT,2019-10-31,dividend,0.16
GT,2020-01-31,dividend,0.16
HAL,2016-12-05,dividend,0.18
HAL,2017-02-27,dividend,0.18
HAL,2017-06-05,dividend,0.18
HAL,2017-09-01,dividend,0.18
HAL,2017-12-06,dividend,0.18
HAL,2018-03-06,dividend,0.18
HAL,2018-06-05,dividend,0.18
HAL,2018-09-04,dividend,0.18
HAL,2018-12-06,dividend,0.18
HAL,2019-03-05,dividend,0.18
HAL,2019-06-04,dividend,0.18
HAL,2019-09-03,dividend,0.18
HAL,2019-12-04,dividend,0.18
HAL,2020-03-03,dividend,0.18
HAL,2020-06-02,dividend,0.045
HAL,2020-09-01,dividend,0.045
HAL,2020-12-02,dividend,0.045
HAL,2021-03-02,dividend,0.045
HAL,2021-06-01,dividend,0.045
HAL,2021-08-31,dividend,0.045
HAL,2021-12-08,dividend,0.045
HAL,2022-03-01,dividend,0.12
HAL,2022-05-31,dividend,0.12
HAL,2022-09-06,dividend,0.12
HAL,2022-12-07,dividend,0.12
HAL,2023-02-28,dividend,0.16
HAL,2023-06-06,dividend,0.16
HAL,2023-09-05,dividend,0.16
HAL,2023-12-06,dividend,0.16
HAL,2024-03-05,dividend,0.17
HAL,2024-06-05,dividend,0.17
HAL,2024-09-04,dividend,0.17
HAL,2024-12-04,dividend,0.17
HAL,2025-03-05,dividend,0.17
HAL,2025-06-04,dividend,0.17
HAL,2025-09-03,dividend,0.17
HAL,2025-12-03,dividend,0.17
HAL,2026-03-04,dividend,0.17
HAL,2026-06-03,dividend,0.17
HAL,2026-09-02,dividend,0.17
HBAN,2016-12-16,dividend,0.08
HBAN,2017-03-16,dividend,0.08
HBAN,2017-06-15,dividend,0.08
HBAN,2017-09-15,dividend,0.08
HBAN,2017-12-15,dividend,0.11
HBAN,2018-03-16,dividend,0.11
HBAN,2018-06-15,dividend,0.11
HBAN,2018-09-14,dividend,0.14
HBAN,2018-12-17,dividend,0.14
HBAN,2019-03-15,dividend,0.14
HBAN,2019-06-14,dividend,0.14
HBAN,2019-09-16,dividend,0.15
HBAN,2019-12-17,dividend,0.15
HBAN,2020-03-17,dividend,0.15
HBAN,2020-06-16,dividend,0.15
HBAN,2020-09-16,dividend,0.15
HBAN,2020-12-17,dividend,0.15
HBAN,2021-03-17,dividend,0.15
HBAN,2021-06-16,dividend,0.15
HBAN,2021-09-16,dividend,0.15
HBAN,2021-12-16,dividend,0.155
HBAN,2022-03-17,dividend,0.155
HBAN,2022-06-16,dividend,0.155
HBAN,2022-09-16,dividend,0.155
HBAN,2022-12-16,dividend,0.155
HBAN,2023-03-17,dividend,0.155
HBAN,2023-06-15,dividend,0.155
HBAN,2023-09-15,dividend,0.155
HBAN,2023-12-15,dividend,0.155
HBAN,2024-03-15,dividend,0.155
HBAN,2024-06-17,dividend,0.155
HBAN,2024-09-17,dividend,0.155
HBAN,2024-12-18,dividend,0.155
HBAN,2025-03-18,dividend,0.155
HBAN,2025-06-17,dividend,0.155
HBAN,2025-09-17,dividend,0.155
HBAN,2025-12-18,dividend,0.155
HBAN,2026-03-18,dividend,0.155
HBAN,2026-06-17,dividend,0.155
HBM,2017-03-08,dividend,0.007
HBM,2017-09-07,dividend,0.008
HBM,2018-03-08,dividend,0.008
HBM,2018-09-06,dividend,0.008
HBM,2019-03-07,dividend,0.007
HBM,2019-09-05,dividend,0.008
HBM,2020-03-09,dividend,0.007
HBM,2020-09-03,dividend,0.008
HBM,2021-03-08,dividend,0.008
HBM,2021-09-02,dividend,0.008
HBM,2022-03-07,dividend,0.008
HBM,2022-09-01,dividend,0.008
HBM,2023-03-06,dividend,0.007
HBM,2023-08-31,dividend,0.007
HBM,2024-03-04,dividend,0.007
HBM,2024-09-03,dividend,0.007
HBM,2025-03-04,dividend,0.007
HBM,2026-03-10,dividend,0.007
HBM,2026-06-09,dividend,0.007
HBM,2026-09-08,dividend,0.007
HD,2016-11-29,dividend,0.69
HD,2017-03-07,dividend,0.89
HD,2017-05-30,dividend,0.89
HD,2017-08-29,dividend,0.89
HD,2017-11-29,dividend,0.89
HD,2018-03-07,dividend,1.03
HD,2018-05-30,dividend,1.03
HD,2018-08-29,dividend,1.03
HD,2018-11-28,dividend,1.03
HD,2019-03-13,dividend,1.36
HD,2019-06-05,dividend,1.36
HD,2019-09-04,dividend,1.36
HD,2019-12-04,dividend,1.36
HD,2020-03-11,dividend,1.5
HD,2020-06-03,dividend,1.5
HD,2020-09-02,dividend,1.5
HD,2020-12-02,dividend,1.5
HD,2021-03-10,dividend,1.65
HD,2021-06-02,dividend,1.65
HD,2021-09-01,dividend,1.65
HD,2021-12-01,dividend,1.65
HD,2022-03-09,dividend,1.9
HD,2022-06-01,dividend,1.9
HD,2022-08-31,dividend,1.9
HD,2022-11-30,dividend,1.9
HD,2023-03-08,dividend,2.09
HD,2023-05-31,dividend,2.09
HD,2023-08-30,dividend,2.09
HD,2023-11-29,dividend,2.09
HD,2024-03-06,dividend,2.25
HD,2024-05-30,dividend,2.25
HD,2024-08-29,dividend,2.25
HD,2024-11-27,dividend,2.25
HD,2025-03-13,dividend,2.3
HD,2025-06-05,dividend,2.3
HD,2025-09-04,dividend,2.3
HD,2025-12-04,dividend,2.3
HD,2026-03-12,dividend,2.33
HD,2026-06-04,dividend,2.33
HD,2026-09-03,dividend,2.33
HDB,2017-06-27,dividend,0.12825
HDB,2018-06-01,dividend,0.14325
HDB,2019-06-19,dividend,0.1615
HDB,2019-07-31,dividend,0.0545
HDB,2019-09-26,split,2.0
HDB,2021-06-28,dividend,0.1315
HDB,2021-07-20,dividend,0.131
HDB,2022-05-11,dividend,0.304
HDB,2022-07-19,dividend,0.29
HDB,2023-05-12,dividend,0.3485
HDB,2023-08-14,dividend,0.342
HDB,2024-08-12,dividend,0.348
HDB,2025-07-31,dividend,0.087
HDB,2025-08-11,dividend,0.3755
HDB,2025-09-08,split,2.0
HE,2016-11-18,dividend,0.31
HE,2017-02-22,dividend,0.31
HE,2017-05-22,dividend,0.31
HE,2017-08-21,dividend,0.31
HE,2017-11-21,dividend,0.31
HE,2018-02-21,dividend,0.31
HE,2018-05-22,dividend,0.31
HE,2018-08-20,dividend,0.31
HE,2018-11-20,dividend,0.31
HE,2019-02-25,dividend,0.32
HE,2019-05-22,dividend,0.32
HE,2019-08-21,dividend,0.32
HE,2019-11-21,dividend,0.32
HE,2020-02-25,dividend,0.33
HE,2020-05-21,dividend,0.33
HE,2020-08-20,dividend,0.33
HE,2020-11-19,dividend,0.33
HE,2021-02-24,dividend,0.34
HE,2021-05-19,dividend,0.34
HE,2021-08-18,dividend,0.34
HE,2021-11-22,dividend,0.34
HE,2022-02-23,dividend,0.35
HE,2022-05-19,dividend,0.35
HE,2022-08-17,dividend,0.35
HE,2022-11-21,dividend,0.35
HE,2023-02-22,dividend,0.36
HE,2023-05-18,dividend,0.36
HE,2023-08-17,dividend,0.36
HIVE,2022-05-24,split,0.2
HL,2016-11-17,dividend,0.003
HL,2017-03-02,dividend,0.003
HL,2017-05-22,dividend,0.003
HL,2017-08-21,dividend,0.003
HL,2017-11-20,dividend,0.003
HL,2018-03-05,dividend,0.003
HL,2018-05-23,dividend,0.003
HL,2018-08-23,dividend,0.003
HL,2018-11-19,dividend,0.003
HL,2019-03-04,dividend,0.003
HL,2019-05-23,dividend,0.003
HL,2019-08-22,dividend,0.003
HL,2019-11-21,dividend,0.003
HL,2020-03-05,dividend,0.003
HL,2020-05-21,dividend,0.003
HL,2020-08-18,dividend,0.003
HL,2020-11-17,dividend,0.009
HL,2021-03-05,dividend,0.009
HL,2021-05-19,dividend,0.011
HL,2021-08-20,dividend,0.011
HL,2021-11-18,dividend,0.006
HL,2022-03-08,dividend,0.006
HL,2022-05-24,dividend,0.006
HL,2022-08-18,dividend,0.006
HL,2022-11-23,dividend,0.004
HL,2023-03-08,dividend,0.006
HL,2023-05-19,dividend,0.006
HL,2023-06-14,dividend,0.006
HL,2023-08-23,dividend,0.006
HL,2023-11-22,dividend,0.006
HL,2024-03-11,dividend,0.006
HL,2024-05-23,dividend,0.006
HL,2024-08-26,dividend,0.014
HL,2024-11-21,dividend,0.014
HL,2025-03-10,dividend,0.004
HL,2025-05-23,dividend,0.004
HL,2025-08-22,dividend,0.004
HL,2025-11-24,dividend,0.004
HL,2026-03-09,dividend,0.004
HL,2026-05-22,dividend,0.004
HL,2026-08-26,dividend,0.004
HMY,2017-03-15,dividend,0.038
HMY,2017-10-12,dividend,0.027
HMY,2021-04-15,dividend,0.073
HMY,2021-10-14,dividend,0.019
HMY,2022-04-07,dividend,0.026
HMY,2022-10-13,dividend,0.013
HMY,2023-10-12,dividend,0.04
HMY,2024-04-11,dividend,0.078
HMY,2024-10-11,dividend,0.052
HMY,2025-04-11,dividend,0.12
HMY,2026-04-24,dividend,0.312
HOG,2016-12-14,dividend,0.35
HOG,2017-02-13,dividend,0.365
HOG,2017-05-23,dividend,0.365
HOG,2017-09-11,dividend,0.365
HOG,2017-12-14,dividend,0.365
HOG,2018-02-13,dividend,0.37
HOG,2018-05-30,dividend,0.37
HOG,2018-09-17,dividend,0.37
HOG,2018-12-13,dividend,0.37
HOG,2019-03-13,dividend,0.375
HOG,2019-05-29,dividend,0.375
HOG,2019-09-16,dividend,0.375
HOG,2019-12-13,dividend,0.375
HOG,2020-03-04,dividend,0.38
HOG,2020-05-21,dividend,0.02
HOG,2020-09-09,dividend,0.02
HOG,2020-12-03,dividend,0.02
HOG,2021-03-01,dividend,0.15
HOG,2021-06-09,dividend,0.15
HOG,2021-09-09,dividend,0.15
HOG,2021-12-07,dividend,0.15
HOG,2022-02-25,dividend,0.158
HOG,2022-06-01,dividend,0.158
HOG,2022-09-09,dividend,0.158
HOG,2022-12-08,dividend,0.158
HOG,2023-03-02,dividend,0.165
HOG,2023-06-02,dividend,0.165
HOG,2023-09-11,dividend,0.165
HOG,2023-12-08,dividend,0.165
HOG,2024-03-01,dividend,0.173
HOG,2024-06-05,dividend,0.173
HOG,2024-09-16,dividend,0.173
HOG,2024-12-10,dividend,0.173
HOG,2025-02-28,dividend,0.18
HOG,2025-06-02,dividend,0.18
HOG,2025-09-10,dividend,0.18
HOG,2025-12-09,dividend,0.18
HOG,2026-03-02,dividend,0.188
HOG,2026-06-08,dividend,0.188
HOG,2026-09-15,dividend,0.188
HPE,2016-10-07,dividend,0.031966
HPE,2016-12-12,dividend,0.037778
HPE,2017-03-13,dividend,0.037778
HPE,2017-04-03,split,1.3348
HPE,2017-06-12,dividend,0.050427
HPE,2017-09-01,split,1.289
HPE,2017-09-12,dividend,0.065
HPE,2017-12-12,dividend,0.075
HPE,2018-03-13,dividend,0.075
HPE,2018-06-12,dividend,0.113
HPE,2018-09-11,dividend,0.113
HPE,2018-12-11,dividend,0.113
HPE,2019-03-12,dividend,0.113
HPE,2019-06-11,dividend,0.113
HPE,2019-09-10,dividend,0.113
HPE,2019-12-10,dividend,0.12
HPE,2020-03-10,dividend,0.12
HPE,2020-06-09,dividend,0.12
HPE,2020-09-08,dividend,0.12
HPE,2020-12-08,dividend,0.12
HPE,2021-03-09,dividend,0.12
HPE,2021-06-15,dividend,0.12
HPE,2021-09-10,dividend,0.12
HPE,2021-12-09,dividend,0.12
HPE,2022-03-10,dividend,0.12
HPE,2022-06-10,dividend,0.12
HPE,2022-09-09,dividend,0.12
HPE,2022-12-13,dividend,0.12
HPE,2023-03-16,dividend,0.12
HPE,2023-06-14,dividend,0.12
HPE,2023-09-13,dividend,0.12
HPE,2023-12-12,dividend,0.13
HPE,2024-03-14,dividend,0.13
HPE,2024-06-18,dividend,0.13
HPE,2024-09-19,dividend,0.13
HPE,2024-12-20,dividend,0.13
HPE,2025-03-21,dividend,0.13
HPE,2025-06-18,dividend,0.13
HPE,2025-09-18,dividend,0.13
HPE,2025-12-19,dividend,0.143
HPE,2026-03-24,dividend,0.143
HPE,2026-06-16,dividend,0.143
HPQ,2016-12-12,dividend,0.133
HPQ,2017-03-06,dividend,0.133
HPQ,2017-06-12,dividend,0.133
HPQ,2017-09-12,dividend,0.133
HPQ,2017-12-12,dividend,0.139
HPQ,2018-03-13,dividend,0.139
HPQ,2018-06-12,dividend,0.139
HPQ,2018-09-11,dividend,0.139
HPQ,2018-12-12,dividend,0.16
HPQ,2019-03-12,dividend,0.16
HPQ,2019-06-11,dividend,0.16
HPQ,2019-09-10,dividend,0.16
HPQ,2019-12-10,dividend,0.176
HPQ,2020-03-10,dividend,0.176
HPQ,2020-06-09,dividend,0.176
HPQ,2020-09-08,dividend,0.176
HPQ,2020-12-08,dividend,0.194
HPQ,2021-03-09,dividend,0.194
HPQ,2021-06-08,dividend,0.194
HPQ,2021-09-07,dividend,0.194
HPQ,2021-12-07,dividend,0.25
HPQ,2022-03-08,dividend,0.25
HPQ,2022-06-07,dividend,0.25
HPQ,2022-09-13,dividend,0.25
HPQ,2022-12-13,dividend,0.263
HPQ,2023-03-07,dividend,0.263
HPQ,2023-06-13,dividend,0.263
HPQ,2023-09-12,dividend,0.263
HPQ,2023-12-12,dividend,0.276
HPQ,2024-03-12,dividend,0.276
HPQ,2024-06-12,dividend,0.276
HPQ,2024-09-11,dividend,0.276
HPQ,2024-12-11,dividend,0.289
HPQ,2025-03-12,dividend,0.289
HPQ,2025-06-11,dividend,0.289
HPQ,2025-09-10,dividend,0.289
HPQ,2025-12-11,dividend,0.3
HPQ,2026-03-11,dividend,0.3
HPQ,2026-06-10,dividend,0.3
HPQ,2026-09-09,dividend,0.3
HRL,2016-10-20,dividend,0.145
HRL,2017-01-12,dividend,0.17
HRL,2017-04-13,dividend,0.17
HRL,2017-07-13,dividend,0.17
HRL,2017-10-20,dividend,0.17
HRL,2018-01-11,dividend,0.188
HRL,2018-04-13,dividend,0.188
HRL,2018-07-13,dividend,0.188
HRL,2018-10-19,dividend,0.188
HRL,2019-01-11,dividend,0.21
HRL,2019-04-12,dividend,0.21
HRL,2019-07-12,dividend,0.21
HRL,2019-10-18,dividend,0.21
HRL,2020-01-10,dividend,0.233
HRL,2020-04-09,dividend,0.233
HRL,2020-07-10,dividend,0.233
HRL,2020-10-16,dividend,0.233
HRL,2021-01-08,dividend,0.245
HRL,2021-04-09,dividend,0.245
HRL,2021-07-09,dividend,0.245
HRL,2021-10-15,dividend,0.245
HRL,2022-01-14,dividend,0.26
HRL,2022-04-08,dividend,0.26
HRL,2022-07-08,dividend,0.26
HRL,2022-10-14,dividend,0.26
HRL,2023-01-13,dividend,0.275
HRL,2023-04-14,dividend,0.275
HRL,2023-07-14,dividend,0.275
HRL,2023-10-13,dividend,0.275
HRL,2024-01-12,dividend,0.283
HRL,2024-04-12,dividend,0.283
HRL,2024-07-15,dividend,0.283
HRL,2024-10-15,dividend,0.283
HRL,2025-01-13,dividend,0.29
HRL,2025-04-14,dividend,0.29
HRL,2025-07-14,dividend,0.29
HRL,2025-10-14,dividend,0.29
HRL,2026-01-12,dividend,0.293
HRL,2026-04-13,dividend,0.293
HRL,2026-07-13,dividend,0.293
HST,2016-09-28,dividend,0.2
HST,2016-12-28,dividend,0.25
HST,2017-03-29,dividend,0.2
HST,2017-06-28,dividend,0.2
HST,2017-09-28,dividend,0.2
HST,2017-12-28,dividend,0.25
HST,2018-03-28,dividend,0.2
HST,2018-06-28,dividend,0.2
HST,2018-09-27,dividend,0.2
HST,2018-12-28,dividend,0.25
HST,2019-03-28,dividend,0.2
HST,2019-06-27,dividend,0.2
HST,2019-09-27,dividend,0.2
HST,2019-12-30,dividend,0.25
HST,2020-03-30,dividend,0.2
HST,2022-03-30,dividend,0.03
HST,2022-06-29,dividend,0.06
HST,2022-09-29,dividend,0.12
HST,2022-12-29,dividend,0.32
HST,2023-03-30,dividend,0.12
HST,2023-06-29,dividend,0.15
HST,2023-09-28,dividend,0.18
HST,2023-12-28,dividend,0.45
HST,2024-03-27,dividend,0.2
HST,2024-06-28,dividend,0.2
HST,2024-09-30,dividend,0.2
HST,2024-12-31,dividend,0.3
HST,2025-03-31,dividend,0.2
HST,2025-06-30,dividend,0.2
HST,2025-09-30,dividend,0.2
HST,2025-12-31,dividend,0.35
HST,2026-03-31,dividend,0.2
HST,2026-06-30,dividend,0.92
HUIZ,2024-12-09,split,0.2
HUT,2023-12-04,split,0.2
IBM,2016-11-08,dividend,1.338432
IBM,2017-02-08,dividend,1.338432
IBM,2017-05-08,dividend,1.434034
IBM,2017-08-08,dividend,1.434034
IBM,2017-11-09,dividend,1.434034
IBM,2018-02-08,dividend,1.434034
IBM,2018-05-09,dividend,1.500956
IBM,2018-08-09,dividend,1.500956
IBM,2018-11-08,dividend,1.500956
IBM,2019-02-07,dividend,1.500956
IBM,2019-05-09,dividend,1.548757
IBM,2019-08-08,dividend,1.548757
IBM,2019-11-07,dividend,1.548757
IBM,2020-02-07,dividend,1.548757
IBM,2020-05-07,dividend,1.558317
IBM,2020-08-07,dividend,1.558317
IBM,2020-11-09,dividend,1.558317
IBM,2021-02-09,dividend,1.558317
IBM,2021-05-07,dividend,1.567878
IBM,2021-08-09,dividend,1.567878
IBM,2021-11-04,split,1.046
IBM,2021-11-09,dividend,1.64
IBM,2022-02-10,dividend,1.64
IBM,2022-05-09,dividend,1.65
IBM,2022-08-09,dividend,1.65
IBM,2022-11-09,dividend,1.65
IBM,2023-02-09,dividend,1.65
IBM,2023-05-09,dividend,1.66
IBM,2023-08-09,dividend,1.66
IBM,2023-11-09,dividend,1.66
IBM,2024-02-08,dividend,1.66
IBM,2024-05-09,dividend,1.67
IBM,2024-08-09,dividend,1.67
IBM,2024-11-12,dividend,1.67
IBM,2025-02-10,dividend,1.67
IBM,2025-05-09,dividend,1.68
IBM,2025-08-08,dividend,1.68
IBM,2025-11-10,dividend,1.68
IBM,2026-02-10,dividend,1.68
IBM,2026-05-08,dividend,1.69
IBM,2026-08-10,dividend,1.69
IBN,2017-06-19,dividend,0.07
IBN,2017-06-19,split,1.1
IBN,2019-07-23,dividend,0.029
IBN,2021-07-28,dividend,0.054
IBN,2022-08-09,dividend,0.126
IBN,2023-08-08,dividend,0.195
IBN,2024-08-12,dividend,0.239
IBN,2025-08-12,dividend,0.257
IBN,2026-08-03,dividend,0.249
IEP,2016-11-09,dividend,1.5
IEP,2017-03-09,dividend,1.5
IEP,2017-05-11,dividend,1.5
IEP,2017-08-10,dividend,1.5
IEP,2017-11-10,dividend,1.5
IEP,2018-03-09,dividend,1.75
IEP,2018-05-11,dividend,1.75
IEP,2018-08-10,dividend,1.75
IEP,2018-11-08,dividend,1.75
IEP,2019-03-08,dividend,2.0
IEP,2019-05-10,dividend,2.0
IEP,2019-08-12,dividend,2.0
IEP,2019-11-14,dividend,2.0
IEP,2020-03-19,dividend,2.0
IEP,2020-05-18,dividend,2.0
IEP,2020-08-20,dividend,2.0
IEP,2020-11-23,dividend,2.0
IEP,2021-03-25,dividend,2.0
IEP,2021-05-28,dividend,2.0
IEP,2021-08-19,dividend,2.0
IEP,2021-11-15,dividend,2.0
IEP,2022-03-17,dividend,2.0
IEP,2022-05-19,dividend,2.0
IEP,2022-08-18,dividend,2.0
IEP,2022-11-17,dividend,2.0
IEP,2023-03-10,dividend,2.0
IEP,2023-05-19,dividend,2.0
IEP,2023-08-17,dividend,1.0
IEP,2023-11-16,dividend,1.0
IEP,2024-03-08,dividend,1.0
IEP,2024-05-17,dividend,1.0
IEP,2024-08-19,dividend,1.0
IEP,2024-11-18,dividend,0.5
IEP,2025-03-10,dividend,0.5
IEP,2025-05-19,dividend,0.5
IEP,2025-08-18,dividend,0.5
IEP,2025-11-17,dividend,0.5
IEP,2026-03-09,dividend,0.5
IEP,2026-05-18,dividend,0.5
IEP,2026-08-17,dividend,0.5
IKT,2023-06-30,split,0.16666666666666666
IMO,2017-03-01,dividend,0.113
IMO,2017-05-31,dividend,0.119
IMO,2017-08-30,dividend,0.128
IMO,2017-11-30,dividend,0.124
IMO,2018-03-01,dividend,0.125
IMO,2018-05-31,dividend,0.148
IMO,2018-11-30,dividend,0.143
IMO,2019-03-01,dividend,0.144
IMO,2019-05-31,dividend,0.163
IMO,2019-09-03,dividend,0.165
IMO,2019-12-02,dividend,0.166
IMO,2020-03-04,dividend,0.164
IMO,2020-06-03,dividend,0.163
IMO,2020-09-03,dividend,0.169
IMO,2020-12-02,dividend,0.17
IMO,2021-03-01,dividend,0.173
IMO,2021-06-02,dividend,0.224
IMO,2021-09-02,dividend,0.214
IMO,2021-12-02,dividend,0.211
IMO,2022-03-02,dividend,0.267
IMO,2022-06-01,dividend,0.269
IMO,2022-09-01,dividend,0.259
IMO,2022-12-01,dividend,0.328
IMO,2023-03-02,dividend,0.324
IMO,2023-06-01,dividend,0.368
IMO,2023-08-31,dividend,0.37
IMO,2023-11-30,dividend,0.368
IMO,2024-03-01,dividend,0.442
IMO,2024-06-03,dividend,0.44
IMO,2024-09-04,dividend,0.443
IMO,2024-12-03,dividend,0.427
IMO,2025-03-05,dividend,0.5
IMO,2025-06-04,dividend,0.529
IMO,2025-09-04,dividend,0.517
IMO,2025-12-03,dividend,0.526
IMO,2026-03-05,dividend,0.638
IMO,2026-06-04,dividend,0.626
IMO,2026-09-04,dividend,0.631
INFY,2016-10-19,dividend,0.0825
INFY,2017-05-31,dividend,0.115
INFY,2017-10-31,dividend,0.1
INFY,2018-06-14,dividend,0.2335
INFY,2018-09-12,split,2.0
INFY,2018-10-25,dividend,0.095
INFY,2019-01-24,dividend,0.057
INFY,2019-06-13,dividend,0.15
INFY,2019-10-22,dividend,0.113
INFY,2020-05-29,dividend,0.127
INFY,2020-10-23,dividend,0.164
INFY,2021-05-28,dividend,0.2
INFY,2021-10-26,dividend,0.199
INFY,2022-05-31,dividend,0.21
INFY,2022-10-27,dividend,0.201
INFY,2023-06-01,dividend,0.213
INFY,2023-10-24,dividend,0.216
INFY,2024-05-31,dividend,0.335
INFY,2024-10-29,dividend,0.25
INFY,2025-05-30,dividend,0.257
INFY,2025-10-27,dividend,0.259
INFY,2026-06-10,dividend,0.259
INO,2024-01-25,split,0.08333333333333333
INTC,2016-11-03,dividend,0.26
INTC,2017-02-03,dividend,0.26
INTC,2017-05-03,dividend,0.273
INTC,2017-08-03,dividend,0.273
INTC,2017-11-06,dividend,0.273
INTC,2018-02-06,dividend,0.3
INTC,2018-05-04,dividend,0.3
INTC,2018-08-06,dividend,0.3
INTC,2018-11-06,dividend,0.3
INTC,2019-02-06,dividend,0.315
INTC,2019-05-06,dividend,0.315
INTC,2019-08-06,dividend,0.315
INTC,2019-11-06,dividend,0.315
INTC,2020-02-06,dividend,0.33
INTC,2020-05-06,dividend,0.33
INTC,2020-08-06,dividend,0.33
INTC,2020-11-05,dividend,0.33
INTC,2021-02-04,dividend,0.348
INTC,2021-05-06,dividend,0.348
INTC,2021-08-05,dividend,0.348
INTC,2021-11-04,dividend,0.348
INTC,2022-02-04,dividend,0.365
INTC,2022-05-05,dividend,0.365
INTC,2022-08-04,dividend,0.365
INTC,2022-11-04,dividend,0.365
INTC,2023-02-06,dividend,0.365
INTC,2023-05-04,dividend,0.125
INTC,2023-08-04,dividend,0.125
INTC,2023-11-06,dividend,0.125
INTC,2024-02-06,dividend,0.125
INTC,2024-05-06,dividend,0.125
INTC,2024-08-07,dividend,0.125
INTR,2024-04-15,dividend,0.03
INTR,2025-02-14,dividend,0.08
INTR,2026-02-20,dividend,0.113
INTU,2016-10-05,dividend,0.34
INTU,2017-01-06,dividend,0.34
INTU,2017-04-06,dividend,0.34
INTU,2017-07-06,dividend,0.34
INTU,2017-10-06,dividend,0.39
INTU,2018-01-09,dividend,0.39
INTU,2018-04-09,dividend,0.39
INTU,2018-07-09,dividend,0.39
INTU,2018-10-09,dividend,0.47
INTU,2019-01-09,dividend,0.47
INTU,2019-04-09,dividend,0.47
INTU,2019-07-09,dividend,0.47
INTU,2019-10-09,dividend,0.53
INTU,2020-01-09,dividend,0.53
INTU,2020-04-09,dividend,0.53
INTU,2020-07-09,dividend,0.53
INTU,2020-10-08,dividend,0.59
INTU,2021-01-08,dividend,0.59
INTU,2021-04-09,dividend,0.59
INTU,2021-07-09,dividend,0.59
INTU,2021-10-07,dividend,0.68
INTU,2022-01-07,dividend,0.68
INTU,2022-04-08,dividend,0.68
INTU,2022-07-08,dividend,0.68
INTU,2022-10-06,dividend,0.78
INTU,2023-01-09,dividend,0.78
INTU,2023-04-06,dividend,0.78
INTU,2023-07-07,dividend,0.78
INTU,2023-10-05,dividend,0.9
INTU,2024-01-09,dividend,0.9
INTU,2024-04-09,dividend,0.9
INTU,2024-07-10,dividend,0.9
INTU,2024-10-10,dividend,1.04
INTU,2025-01-10,dividend,1.04
INTU,2025-04-10,dividend,1.04
INTU,2025-07-10,dividend,1.04
INTU,2025-10-09,dividend,1.2
INTU,2026-01-09,dividend,1.2
INTU,2026-04-09,dividend,1.2
INTU,2026-07-09,dividend,1.2
IP,2016-11-10,dividend,0.438447
IP,2017-02-13,dividend,0.438447
IP,2017-05-24,dividend,0.438447
IP,2017-08-11,dividend,0.438447
IP,2017-11-14,dividend,0.449811
IP,2018-02-20,dividend,0.449811
IP,2018-05-24,dividend,0.449811
IP,2018-08-14,dividend,0.449811
IP,2018-11-14,dividend,0.473485
IP,2019-02-20,dividend,0.473485
IP,2019-05-24,dividend,0.473485
IP,2019-08-14,dividend,0.473485
IP,2019-11-14,dividend,0.485795
IP,2020-02-20,dividend,0.485795
IP,2020-05-26,dividend,0.485795
IP,2020-08-13,dividend,0.485795
IP,2020-11-13,dividend,0.485795
IP,2021-02-17,dividend,0.485795
IP,2021-05-26,dividend,0.485795
IP,2021-08-13,dividend,0.485795
IP,2021-10-01,split,1.056
IP,2021-11-12,dividend,0.463
IP,2022-02-17,dividend,0.463
IP,2022-05-26,dividend,0.463
IP,2022-08-12,dividend,0.463
IP,2022-11-14,dividend,0.463
IP,2023-02-16,dividend,0.463
IP,2023-05-25,dividend,0.463
IP,2023-08-14,dividend,0.463
IP,2023-11-14,dividend,0.463
IP,2024-02-21,dividend,0.463
IP,2024-05-23,dividend,0.463
IP,2024-08-15,dividend,0.463
IP,2024-11-15,dividend,0.463
IP,2025-02-24,dividend,0.463
IP,2025-05-23,dividend,0.463
IP,2025-08-15,dividend,0.463
IP,2025-11-14,dividend,0.463
IP,2026-02-23,dividend,0.463
IP,2026-05-22,dividend,0.463
IP,2026-08-14,dividend,0.463
IPST,2025-11-05,split,0.05
IPST,2026-04-23,split,0.05
IRWD,2019-04-02,split,1.194
ITUB,2016-10-03,dividend,0.002205
ITUB,2016-10-18,split,1.1
ITUB,2016-11-01,dividend,0.002425
ITUB,2016-12-01,dividend,0.00194
ITUB,2016-12-23,dividend,0.068397
ITUB,2017-01-03,dividend,0.00194
ITUB,2017-02-01,dividend,0.002425
ITUB,2017-02-21,dividend,0.120301
ITUB,2017-03-01,dividend,0.002425
ITUB,2017-04-03,dividend,0.002425
ITUB,2017-05-02,dividend,0.002425
ITUB,2017-06-01,dividend,0.002425
ITUB,2017-07-03,dividend,0.002425
ITUB,2017-08-01,dividend,0.002425
ITUB,2017-08-15,dividend,0.061121
ITUB,2017-09-01,dividend,0.002425
ITUB,2017-10-02,dividend,0.002425
ITUB,2017-11-01,dividend,0.002425
ITUB,2017-12-01,dividend,0.002425
ITUB,2017-12-15,dividend,0.021829
ITUB,2018-01-02,dividend,0.002425
ITUB,2018-02-01,dividend,0.002425
ITUB,2018-02-16,dividend,0.336164
ITUB,2018-03-01,dividend,0.002425
ITUB,2018-04-02,dividend,0.002425
ITUB,2018-05-02,dividend,0.00194
ITUB,2018-06-01,dividend,0.00194
ITUB,2018-07-02,dividend,0.00194
ITUB,2018-08-01,dividend,0.00194
ITUB,2018-08-20,dividend,0.086345
ITUB,2018-09-04,dividend,0.00194
ITUB,2018-10-01,dividend,0.00194
ITUB,2018-11-01,dividend,0.00194
ITUB,2018-11-28,split,1.5
ITUB,2018-12-03,dividend,0.002911
ITUB,2018-12-18,dividend,0.002183
ITUB,2019-01-02,dividend,0.002911
ITUB,2019-02-01,dividend,0.002911
ITUB,2019-02-22,dividend,0.354355
ITUB,2019-03-01,dividend,0.002911
ITUB,2019-04-01,dividend,0.002911
ITUB,2019-05-02,dividend,0.002911
ITUB,2019-06-03,dividend,0.002911
ITUB,2019-07-01,dividend,0.002911
ITUB,2019-08-01,dividend,0.002911
ITUB,2019-08-16,dividend,0.139705
ITUB,2019-09-03,dividend,0.002911
ITUB,2019-10-01,dividend,0.002911
ITUB,2019-11-01,dividend,0.002911
ITUB,2019-12-02,dividend,0.002911
ITUB,2019-12-13,dividend,0.006549
ITUB,2020-01-02,dividend,0.002911
ITUB,2020-02-07,dividend,0.002183
ITUB,2020-02-25,dividend,0.157168
ITUB,2020-03-02,dividend,0.002183
ITUB,2020-04-01,dividend,0.002183
ITUB,2020-05-01,dividend,0.002183
ITUB,2020-06-01,dividend,0.002183
ITUB,2020-07-01,dividend,0.002183
ITUB,2020-08-03,dividend,0.002183
ITUB,2020-08-18,dividend,0.007276
ITUB,2020-09-01,dividend,0.002183
ITUB,2020-10-01,dividend,0.002183
ITUB,2020-11-02,dividend,0.002183
ITUB,2020-12-01,dividend,0.002183
ITUB,2020-12-11,dividend,0.008004
ITUB,2021-01-04,dividend,0.002183
ITUB,2021-01-25,dividend,0.006549
ITUB,2021-02-01,dividend,0.002183
ITUB,2021-02-26,dividend,0.018918
ITUB,2021-03-01,dividend,0.002183
ITUB,2021-03-26,dividend,0.007276
ITUB,2021-04-01,dividend,0.002183
ITUB,2021-04-28,dividend,0.008004
ITUB,2021-05-03,dividend,0.002183
ITUB,2021-05-25,dividend,0.006549
ITUB,2021-06-01,dividend,0.002183
ITUB,2021-07-01,dividend,0.002183
ITUB,2021-08-02,dividend,0.002183
ITUB,2021-08-16,dividend,0.014553
ITUB,2021-09-01,dividend,0.002183
ITUB,2021-10-01,dividend,0.002183
ITUB,2021-10-04,split,1.213
ITUB,2021-11-01,dividend,0.002648
ITUB,2021-11-22,dividend,0.041483
ITUB,2021-12-01,dividend,0.002648
ITUB,2022-01-03,dividend,0.002648
ITUB,2022-02-01,dividend,0.002648
ITUB,2022-02-22,dividend,0.002648
ITUB,2022-02-28,dividend,0.00353
ITUB,2022-04-01,dividend,0.00353
ITUB,2022-05-02,dividend,0.00353
ITUB,2022-06-01,dividend,0.002648
ITUB,2022-07-01,dividend,0.002648
ITUB,2022-08-01,dividend,0.002648
ITUB,2022-08-19,dividend,0.053839
ITUB,2022-09-01,dividend,0.002648
ITUB,2022-10-03,dividend,0.002648
ITUB,2022-11-01,dividend,0.002648
ITUB,2022-12-01,dividend,0.002648
ITUB,2022-12-09,dividend,0.082083
ITUB,2022-12-30,dividend,0.002648
ITUB,2023-02-01,dividend,0.002648
ITUB,2023-03-01,dividend,0.002648
ITUB,2023-03-24,dividend,0.047661
ITUB,2023-04-03,dividend,0.00353
ITUB,2023-05-02,dividend,0.00353
ITUB,2023-06-01,dividend,0.00353
ITUB,2023-06-20,dividend,0.047661
ITUB,2023-07-03,dividend,0.00353
ITUB,2023-08-01,dividend,0.00353
ITUB,2023-09-01,dividend,0.002648
ITUB,2023-09-19,dividend,0.047661
ITUB,2023-10-02,dividend,0.00353
ITUB,2023-11-01,dividend,0.00353
ITUB,2023-12-01,dividend,0.00353
ITUB,2023-12-07,dividend,0.043248
ITUB,2023-12-29,dividend,0.00353
ITUB,2024-02-01,dividend,0.00353
ITUB,2024-02-22,dividend,0.198588
ITUB,2024-03-08,dividend,0.002648
ITUB,2024-03-22,dividend,0.080318
ITUB,2024-03-28,dividend,0.002648
ITUB,2024-05-02,dividend,0.002648
ITUB,2024-06-04,dividend,0.002648
ITUB,2024-06-24,dividend,0.038835
ITUB,2024-07-02,dividend,0.002648
ITUB,2024-08-02,dividend,0.002648
ITUB,2024-09-03,dividend,0.002648
ITUB,2024-09-23,dividend,0.041483
ITUB,2024-10-02,dividend,0.002648
ITUB,2024-11-12,dividend,0.002648
ITUB,2024-12-02,dividend,0.002648
ITUB,2024-12-11,dividend,0.047661
ITUB,2025-01-02,dividend,0.002648
ITUB,2025-02-04,dividend,0.002648
ITUB,2025-02-19,dividend,0.241836
ITUB,2025-03-04,dividend,0.002648
ITUB,2025-03-19,split,1.1
ITUB,2025-04-02,dividend,0.002913
ITUB,2025-05-05,dividend,0.002913
ITUB,2025-06-03,dividend,0.002913
ITUB,2025-06-11,dividend,0.057282
ITUB,2025-07-02,dividend,0.002913
ITUB,2025-08-04,dividend,0.002913
ITUB,2025-08-20,dividend,0.065049
ITUB,2025-09-02,dividend,0.002913
ITUB,2025-10-02,dividend,0.002913
ITUB,2025-11-04,dividend,0.002913
ITUB,2025-12-02,dividend,0.002913
ITUB,2025-12-11,dividend,0.393204
ITUB,2025-12-29,split,1.03
ITUB,2026-01-05,dividend,0.003
ITUB,2026-02-03,dividend,0.003
ITUB,2026-03-03,dividend,0.003
ITUB,2026-03-23,dividend,0.068
ITUB,2026-04-02,dividend,0.003
ITUB,2026-05-05,dividend,0.003
ITUB,2026-06-02,dividend,0.003
ITUB,2026-06-22,dividend,0.072
ITUB,2026-07-02,dividend,0.003
ITUB,2026-08-04,dividend,0.003
ITUB,2026-09-02,dividend,0.003
IVF,2023-07-28,split,0.05
IVF,2025-03-18,split,0.08333333333333333
IVF,2025-07-21,split,0.3333333333333333
IVF,2025-11-28,split,0.125
IVF,2026-03-27,split,0.2
JBS,2026-05-18,dividend,1.0
JD,2022-05-19,dividend,1.26
JD,2023-04-05,dividend,0.62
JD,2024-04-04,dividend,0.76
JD,2025-04-08,dividend,1.0
JD,2026-04-09,dividend,1.0
JEPQ,2022-06-01,dividend,0.376
JEPQ,2022-07-01,dividend,0.34
JEPQ,2022-08-01,dividend,0.407
JEPQ,2022-09-01,dividend,0.546
JEPQ,2022-10-03,dividend,0.38
JEPQ,2022-11-01,dividend,0.681
JEPQ,2022-12-01,dividend,0.546
JEPQ,2022-12-29,dividend,0.576
JEPQ,2023-02-01,dividend,0.441
JEPQ,2023-03-01,dividend,0.433
JEPQ,2023-04-03,dividend,0.454
JEPQ,2023-05-01,dividend,0.484
JEPQ,2023-06-01,dividend,0.357
JEPQ,2023-07-03,dividend,0.367
JEPQ,2023-08-01,dividend,0.366
JEPQ,2023-09-01,dividend,0.451
JEPQ,2023-10-02,dividend,0.417
JEPQ,2023-11-01,dividend,0.418
JEPQ,2023-12-01,dividend,0.422
JEPQ,2023-12-28,dividend,0.392
JEPQ,2024-02-01,dividend,0.342
JEPQ,2024-03-01,dividend,0.38
JEPQ,2024-04-01,dividend,0.427
JEPQ,2024-05-01,dividend,0.431
JEPQ,2024-06-03,dividend,0.45
JEPQ,2024-07-01,dividend,0.421
JEPQ,2024-08-01,dividend,0.427
JEPQ,2024-09-03,dividend,0.557
JEPQ,2024-10-01,dividend,0.551
JEPQ,2024-11-01,dividend,0.494
JEPQ,2024-12-02,dividend,0.508
JEPQ,2024-12-31,dividend,0.456
JEPQ,2025-02-03,dividend,0.45
JEPQ,2025-03-03,dividend,0.482
JEPQ,2025-04-01,dividend,0.541
JEPQ,2025-05-01,dividend,0.598
JEPQ,2025-06-02,dividend,0.621
JEPQ,2025-07-01,dividend,0.494
JEPQ,2025-08-01,dividend,0.444
JEPQ,2025-09-02,dividend,0.442
JEPQ,2025-10-01,dividend,0.446
JEPQ,2025-11-03,dividend,0.476
JEPQ,2025-12-01,dividend,0.553
JEPQ,2025-12-31,dividend,0.576
JEPQ,2026-02-02,dividend,0.466
JEPQ,2026-03-02,dividend,0.509
JEPQ,2026-04-01,dividend,0.559
JEPQ,2026-05-01,dividend,0.591
JEPQ,2026-06-01,dividend,0.564
JEPQ,2026-07-01,dividend,0.637
JEPQ,2026-08-03,dividend,0.705
JEPQ,2026-09-01,dividend,0.683
JHX,2016-12-19,dividend,0.1
JHX,2017-06-06,dividend,0.28
JHX,2017-12-12,dividend,0.1
JHX,2018-06-06,dividend,0.3
JHX,2018-12-11,dividend,0.1
JHX,2019-06-05,dividend,0.26
JHX,2019-11-15,dividend,0.1
JHX,2021-02-18,dividend,0.7
JHX,2021-11-18,dividend,0.4
JHX,2022-05-26,dividend,0.3
JNJ,2016-11-18,dividend,0.8
JNJ,2017-02-24,dividend,0.8
JNJ,2017-05-25,dividend,0.84
JNJ,2017-08-25,dividend,0.84
JNJ,2017-11-27,dividend,0.84
JNJ,2018-02-26,dividend,0.84
JNJ,2018-05-25,dividend,0.9
JNJ,2018-08-27,dividend,0.9
JNJ,2018-11-26,dividend,0.9
JNJ,2019-02-25,dividend,0.9
JNJ,2019-05-24,dividend,0.95
JNJ,2019-08-26,dividend,0.95
JNJ,2019-11-25,dividend,0.95
JNJ,2020-02-24,dividend,0.95
JNJ,2020-05-22,dividend,1.01
JNJ,2020-08-24,dividend,1.01
JNJ,2020-11-23,dividend,1.01
JNJ,2021-02-22,dividend,1.01
JNJ,2021-05-24,dividend,1.06
JNJ,2021-08-23,dividend,1.06
JNJ,2021-11-22,dividend,1.06
JNJ,2022-02-18,dividend,1.06
JNJ,2022-05-23,dividend,1.13
JNJ,2022-08-22,dividend,1.13
JNJ,2022-11-21,dividend,1.13
JNJ,2023-02-17,dividend,1.13
JNJ,2023-05-22,dividend,1.19
JNJ,2023-08-25,dividend,1.19
JNJ,2023-11-20,dividend,1.19
JNJ,2024-02-16,dividend,1.19
JNJ,2024-05-20,dividend,1.24
JNJ,2024-08-27,dividend,1.24
JNJ,2024-11-26,dividend,1.24
JNJ,2025-02-18,dividend,1.24
JNJ,2025-05-27,dividend,1.3
JNJ,2025-08-26,dividend,1.3
JNJ,2025-11-25,dividend,1.3
JNJ,2026-02-24,dividend,1.3
JNJ,2026-05-26,dividend,1.34
JNJ,2026-08-25,dividend,1.34
JPM,2016-10-04,dividend,0.48
JPM,2017-01-04,dividend,0.48
JPM,2017-04-04,dividend,0.5
JPM,2017-07-03,dividend,0.5
JPM,2017-10-05,dividend,0.56
JPM,2018-01-04,dividend,0.56
JPM,2018-04-05,dividend,0.56
JPM,2018-07-05,dividend,0.56
JPM,2018-10-04,dividend,0.8
JPM,2019-01-03,dividend,0.8
JPM,2019-04-04,dividend,0.8
JPM,2019-07-03,dividend,0.8
JPM,2019-10-03,dividend,0.9
JPM,2020-01-03,dividend,0.9
JPM,2020-04-03,dividend,0.9
JPM,2020-07-02,dividend,0.9
JPM,2020-10-05,dividend,0.9
JPM,2021-01-05,dividend,0.9
JPM,2021-04-05,dividend,0.9
JPM,2021-07-02,dividend,0.9
JPM,2021-10-05,dividend,1.0
JPM,2022-01-05,dividend,1.0
JPM,2022-04-05,dividend,1.0
JPM,2022-07-05,dividend,1.0
JPM,2022-10-05,dividend,1.0
JPM,2023-01-05,dividend,1.0
JPM,2023-04-05,dividend,1.0
JPM,2023-07-05,dividend,1.0
JPM,2023-10-05,dividend,1.05
JPM,2024-01-04,dividend,1.05
JPM,2024-04-04,dividend,1.15
JPM,2024-07-05,dividend,1.15
JPM,2024-10-04,dividend,1.25
JPM,2025-01-06,dividend,1.25
JPM,2025-04-04,dividend,1.4
JPM,2025-07-03,dividend,1.4
JPM,2025-10-06,dividend,1.5
JPM,2026-01-06,dividend,1.5
JPM,2026-04-06,dividend,1.5
JPM,2026-07-06,dividend,1.5
JUNS,2026-08-07,split,0.013333333333333334
JZ,2024-02-20,split,0.3333333333333333
JZ,2025-06-16,split,0.1
JZ,2026-07-06,split,0.03333333333333333
KDP,2016-12-09,dividend,0.53
KDP,2017-03-10,dividend,0.58
KDP,2017-06-12,dividend,0.58
KDP,2017-09-13,dividend,0.58
KDP,2017-12-13,dividend,0.58
KDP,2018-03-20,dividend,0.58
KDP,2018-07-10,dividend,103.75
KDP,2018-10-04,dividend,0.15
KDP,2019-01-03,dividend,0.15
KDP,2019-04-04,dividend,0.15
KDP,2019-07-03,dividend,0.15
KDP,2019-10-03,dividend,0.15
KDP,2020-01-02,dividend,0.15
KDP,2020-04-02,dividend,0.15
KDP,2020-07-01,dividend,0.15
KDP,2020-10-01,dividend,0.15
KDP,2021-01-07,dividend,0.15
KDP,2021-03-31,dividend,0.15
KDP,2021-06-30,dividend,0.188
KDP,2021-09-30,dividend,0.188
KDP,2022-01-05,dividend,0.188
KDP,2022-03-31,dividend,0.188
KDP,2022-06-30,dividend,0.188
KDP,2022-09-29,dividend,0.2
KDP,2023-01-05,dividend,0.2
KDP,2023-03-30,dividend,0.2
KDP,2023-06-29,dividend,0.2
KDP,2023-09-28,dividend,0.215
KDP,2024-01-04,dividend,0.215
KDP,2024-03-27,dividend,0.215
KDP,2024-06-28,dividend,0.215
KDP,2024-09-27,dividend,0.23
KDP,2025-01-03,dividend,0.23
KDP,2025-03-28,dividend,0.23
KDP,2025-06-27,dividend,0.23
KDP,2025-09-26,dividend,0.23
KDP,2026-01-02,dividend,0.23
KDP,2026-03-27,dividend,0.23
KDP,2026-06-26,dividend,0.23
KEY,2016-11-25,dividend,0.085
KEY,2017-02-24,dividend,0.085
KEY,2017-05-25,dividend,0.095
KEY,2017-08-25,dividend,0.095
KEY,2017-11-27,dividend,0.105
KEY,2018-02-26,dividend,0.105
KEY,2018-05-25,dividend,0.12
KEY,2018-08-27,dividend,0.17
KEY,2018-11-26,dividend,0.17
KEY,2019-03-04,dividend,0.17
KEY,2019-05-24,dividend,0.17
KEY,2019-08-26,dividend,0.185
KEY,2019-12-02,dividend,0.185
KEY,2020-03-02,dividend,0.185
KEY,2020-06-01,dividend,0.185
KEY,2020-08-31,dividend,0.185
KEY,2020-11-30,dividend,0.185
KEY,2021-03-01,dividend,0.185
KEY,2021-05-28,dividend,0.185
KEY,2021-08-30,dividend,0.185
KEY,2021-11-29,dividend,0.195
KEY,2022-02-28,dividend,0.195
KEY,2022-05-27,dividend,0.195
KEY,2022-08-29,dividend,0.195
KEY,2022-11-28,dividend,0.205
KEY,2023-02-27,dividend,0.205
KEY,2023-05-26,dividend,0.205
KEY,2023-08-28,dividend,0.205
KEY,2023-11-27,dividend,0.205
KEY,2024-02-26,dividend,0.205
KEY,2024-05-24,dividend,0.205
KEY,2024-08-27,dividend,0.205
KEY,2024-12-03,dividend,0.205
KEY,2025-03-04,dividend,0.205
KEY,2025-05-27,dividend,0.205
KEY,2025-09-02,dividend,0.205
KEY,2025-12-02,dividend,0.205
KEY,2026-03-03,dividend,0.205
KEY,2026-06-02,dividend,0.205
KEY,2026-09-01,dividend,0.205
KGC,2020-10-07,dividend,0.03
KGC,2020-11-24,dividend,0.03
KGC,2021-03-02,dividend,0.03
KGC,2021-06-02,dividend,0.03
KGC,2021-08-18,dividend,0.03
KGC,2021-11-30,dividend,0.03
KGC,2022-03-08,dividend,0.03
KGC,2022-06-01,dividend,0.03
KGC,2022-08-17,dividend,0.03
KGC,2022-11-30,dividend,0.03
KGC,2023-03-07,dividend,0.03
KGC,2023-05-31,dividend,0.03
KGC,2023-08-23,dividend,0.03
KGC,2023-11-29,dividend,0.03
KGC,2024-03-05,dividend,0.03
KGC,2024-05-30,dividend,0.03
KGC,2024-08-22,dividend,0.03
KGC,2024-11-27,dividend,0.03
KGC,2025-03-05,dividend,0.03
KGC,2025-05-29,dividend,0.03
KGC,2025-08-21,dividend,0.03
KGC,2026-03-11,dividend,0.04
KGC,2026-05-21,dividend,0.04
KGC,2026-08-20,dividend,0.04
KHC,2016-11-30,dividend,0.6
KHC,2017-03-01,dividend,0.6
KHC,2017-05-17,dividend,0.6
KHC,2017-08-16,dividend,0.625
KHC,2017-11-16,dividend,0.625
KHC,2018-03-08,dividend,0.625
KHC,2018-05-17,dividend,0.625
KHC,2018-08-16,dividend,0.625
KHC,2018-11-15,dividend,0.625
KHC,2019-03-07,dividend,0.4
KHC,2019-05-30,dividend,0.4
KHC,2019-08-20,dividend,0.4
KHC,2019-11-14,dividend,0.4
KHC,2020-03-12,dividend,0.4
KHC,2020-05-28,dividend,0.4
KHC,2020-08-27,dividend,0.4
KHC,2020-11-25,dividend,0.4
KHC,2021-03-11,dividend,0.4
KHC,2021-05-27,dividend,0.4
KHC,2021-08-31,dividend,0.4
KHC,2021-11-24,dividend,0.4
KHC,2022-03-10,dividend,0.4
KHC,2022-05-26,dividend,0.4
KHC,2022-08-25,dividend,0.4
KHC,2022-11-23,dividend,0.4
KHC,2023-03-09,dividend,0.4
KHC,2023-06-05,dividend,0.4
KHC,2023-08-31,dividend,0.4
KHC,2023-11-30,dividend,0.4
KHC,2024-03-07,dividend,0.4
KHC,2024-06-06,dividend,0.4
KHC,2024-08-30,dividend,0.4
KHC,2024-11-29,dividend,0.4
KHC,2025-03-07,dividend,0.4
KHC,2025-05-30,dividend,0.4
KHC,2025-08-29,dividend,0.4
KHC,2025-11-28,dividend,0.4
KHC,2026-03-06,dividend,0.4
KHC,2026-06-05,dividend,0.4
KHC,2026-09-04,dividend,0.4
KIM,2016-10-03,dividend,0.255
KIM,2016-12-29,dividend,0.27
KIM,2017-04-03,dividend,0.27
KIM,2017-07-03,dividend,0.27
KIM,2017-10-03,dividend,0.27
KIM,2017-12-29,dividend,0.28
KIM,2018-04-02,dividend,0.28
KIM,2018-07-02,dividend,0.28
KIM,2018-10-01,dividend,0.28
KIM,2018-12-31,dividend,0.28
KIM,2019-04-01,dividend,0.28
KIM,2019-07-01,dividend,0.28
KIM,2019-10-01,dividend,0.28
KIM,2019-12-31,dividend,0.28
KIM,2020-04-01,dividend,0.28
KIM,2020-09-09,dividend,0.1
KIM,2020-12-08,dividend,0.16
KIM,2021-03-09,dividend,0.17
KIM,2021-06-08,dividend,0.17
KIM,2021-09-08,dividend,0.17
KIM,2021-12-08,dividend,0.17
KIM,2022-03-09,dividend,0.19
KIM,2022-06-08,dividend,0.2
KIM,2022-09-08,dividend,0.22
KIM,2022-12-08,dividend,0.23
KIM,2023-03-08,dividend,0.23
KIM,2023-06-07,dividend,0.23
KIM,2023-09-06,dividend,0.23
KIM,2023-12-06,dividend,0.33
KIM,2024-03-06,dividend,0.24
KIM,2024-06-06,dividend,0.24
KIM,2024-09-05,dividend,0.24
KIM,2024-12-05,dividend,0.25
KIM,2025-03-07,dividend,0.25
KIM,2025-06-06,dividend,0.25
KIM,2025-09-05,dividend,0.25
KIM,2025-12-05,dividend,0.26
KIM,2026-03-06,dividend,0.26
KIM,2026-06-05,dividend,0.26
KIM,2026-09-04,dividend,0.28
KLAC,2016-11-10,dividend,0.054
KLAC,2017-02-13,dividend,0.054
KLAC,2017-05-11,dividend,0.054
KLAC,2017-08-11,dividend,0.059
KLAC,2017-11-14,dividend,0.059
KLAC,2018-02-14,dividend,0.059
KLAC,2018-05-14,dividend,0.075
KLAC,2018-08-14,dividend,0.075
KLAC,2018-11-15,dividend,0.075
KLAC,2019-02-14,dividend,0.075
KLAC,2019-05-14,dividend,0.075
KLAC,2019-08-14,dividend,0.075
KLAC,2019-11-15,dividend,0.085
KLAC,2020-02-20,dividend,0.085
KLAC,2020-05-15,dividend,0.085
KLAC,2020-08-14,dividend,0.09
KLAC,2020-11-13,dividend,0.09
KLAC,2021-02-18,dividend,0.09
KLAC,2021-05-14,dividend,0.09
KLAC,2021-08-13,dividend,0.105
KLAC,2021-11-12,dividend,0.105
KLAC,2022-02-11,dividend,0.105
KLAC,2022-05-13,dividend,0.105
KLAC,2022-08-12,dividend,0.13
KLAC,2022-11-14,dividend,0.13
KLAC,2023-02-10,dividend,0.13
KLAC,2023-05-12,dividend,0.13
KLAC,2023-08-14,dividend,0.13
KLAC,2023-11-14,dividend,0.145
KLAC,2024-02-15,dividend,0.145
KLAC,2024-05-14,dividend,0.145
KLAC,2024-08-15,dividend,0.145
KLAC,2024-11-18,dividend,0.17
KLAC,2025-02-24,dividend,0.17
KLAC,2025-05-19,dividend,0.19
KLAC,2025-08-18,dividend,0.19
KLAC,2025-11-17,dividend,0.19
KLAC,2026-02-17,dividend,0.19
KLAC,2026-05-18,dividend,0.23
KLAC,2026-06-12,split,10.0
KLAC,2026-08-17,dividend,0.23
KMB,2016-12-07,dividend,0.92
KMB,2017-03-08,dividend,0.97
KMB,2017-06-07,dividend,0.97
KMB,2017-09-07,dividend,0.97
KMB,2017-12-07,dividend,0.97
KMB,2018-03-08,dividend,1.0
KMB,2018-06-07,dividend,1.0
KMB,2018-09-06,dividend,1.0
KMB,2018-12-06,dividend,1.0
KMB,2019-03-07,dividend,1.03
KMB,2019-06-06,dividend,1.03
KMB,2019-09-05,dividend,1.03
KMB,2019-12-05,dividend,1.03
KMB,2020-03-05,dividend,1.07
KMB,2020-06-04,dividend,1.07
KMB,2020-09-03,dividend,1.07
KMB,2020-12-03,dividend,1.07
KMB,2021-03-04,dividend,1.14
KMB,2021-06-03,dividend,1.14
KMB,2021-09-09,dividend,1.14
KMB,2021-12-09,dividend,1.14
KMB,2022-03-03,dividend,1.16
KMB,2022-06-09,dividend,1.16
KMB,2022-09-08,dividend,1.16
KMB,2022-12-08,dividend,1.16
KMB,2023-03-09,dividend,1.18
KMB,2023-06-08,dividend,1.18
KMB,2023-09-07,dividend,1.18
KMB,2023-12-07,dividend,1.18
KMB,2024-03-07,dividend,1.22
KMB,2024-06-07,dividend,1.22
KMB,2024-09-06,dividend,1.22
KMB,2024-12-06,dividend,1.22
KMB,2025-03-07,dividend,1.26
KMB,2025-06-06,dividend,1.26
KMB,2025-09-05,dividend,1.26
KMB,2025-12-05,dividend,1.26
KMB,2026-03-06,dividend,1.28
KMB,2026-06-05,dividend,1.28
KMB,2026-09-04,dividend,1.28
KMI,2016-10-28,dividend,0.125
KMI,2017-01-30,dividend,0.125
KMI,2017-04-27,dividend,0.125
KMI,2017-07-27,dividend,0.125
KMI,2017-10-30,dividend,0.125
KMI,2018-01-30,dividend,0.125
KMI,2018-04-27,dividend,0.2
KMI,2018-07-30,dividend,0.2
KMI,2018-10-30,dividend,0.2
KMI,2019-01-30,dividend,0.2
KMI,2019-04-29,dividend,0.25
KMI,2019-07-30,dividend,0.25
KMI,2019-10-30,dividend,0.25
KMI,2020-01-31,dividend,0.25
KMI,2020-05-01,dividend,0.263
KMI,2020-07-31,dividend,0.263
KMI,2020-10-30,dividend,0.263
KMI,2021-01-29,dividend,0.263
KMI,2021-04-29,dividend,0.27
KMI,2021-07-30,dividend,0.27
KMI,2021-10-29,dividend,0.27
KMI,2022-01-28,dividend,0.27
KMI,2022-04-29,dividend,0.278
KMI,2022-07-29,dividend,0.278
KMI,2022-10-28,dividend,0.278
KMI,2023-01-30,dividend,0.278
KMI,2023-04-28,dividend,0.283
KMI,2023-07-28,dividend,0.283
KMI,2023-10-30,dividend,0.283
KMI,2024-01-30,dividend,0.283
KMI,2024-04-29,dividend,0.288
KMI,2024-07-31,dividend,0.288
KMI,2024-10-31,dividend,0.288
KMI,2025-02-03,dividend,0.288
KMI,2025-04-30,dividend,0.293
KMI,2025-07-31,dividend,0.293
KMI,2025-11-03,dividend,0.293
KMI,2026-02-02,dividend,0.293
KMI,2026-05-04,dividend,0.298
KMI,2026-08-03,dividend,0.298
KO,2016-11-29,dividend,0.35
KO,2017-03-13,dividend,0.37
KO,2017-06-13,dividend,0.37
KO,2017-09-14,dividend,0.37
KO,2017-11-30,dividend,0.37
KO,2018-03-14,dividend,0.39
KO,2018-06-14,dividend,0.39
KO,2018-09-13,dividend,0.39
KO,2018-11-29,dividend,0.39
KO,2019-03-14,dividend,0.4
KO,2019-06-13,dividend,0.4
KO,2019-09-13,dividend,0.4
KO,2019-11-29,dividend,0.4
KO,2020-03-13,dividend,0.41
KO,2020-06-12,dividend,0.41
KO,2020-09-14,dividend,0.41
KO,2020-11-30,dividend,0.41
KO,2021-03-12,dividend,0.42
KO,2021-06-14,dividend,0.42
KO,2021-09-14,dividend,0.42
KO,2021-11-30,dividend,0.42
KO,2022-03-14,dividend,0.44
KO,2022-06-14,dividend,0.44
KO,2022-09-15,dividend,0.44
KO,2022-11-30,dividend,0.44
KO,2023-03-16,dividend,0.46
KO,2023-06-15,dividend,0.46
KO,2023-09-14,dividend,0.46
KO,2023-11-30,dividend,0.46
KO,2024-03-14,dividend,0.485
KO,2024-06-14,dividend,0.485
KO,2024-09-13,dividend,0.485
KO,2024-11-29,dividend,0.485
KO,2025-03-14,dividend,0.51
KO,2025-06-13,dividend,0.51
KO,2025-09-15,dividend,0.51
KO,2025-12-01,dividend,0.51
KO,2026-03-13,dividend,0.53
KO,2026-06-15,dividend,0.53
KO,2026-09-15,dividend,0.53
KOS,2019-03-06,dividend,0.045
KOS,2019-06-05,dividend,0.045
KOS,2019-09-04,dividend,0.045
KOS,2019-11-29,dividend,0.045
KOS,2020-03-04,dividend,0.045
KR,2016-11-10,dividend,0.12
KR,2017-02-13,dividend,0.12
KR,2017-05-11,dividend,0.12
KR,2017-08-11,dividend,0.125
KR,2017-11-14,dividend,0.125
KR,2018-02-14,dividend,0.125
KR,2018-05-14,dividend,0.125
KR,2018-08-14,dividend,0.14
KR,2018-11-14,dividend,0.14
KR,2019-02-14,dividend,0.14
KR,2019-05-14,dividend,0.14
KR,2019-08-14,dividend,0.16
KR,2019-11-14,dividend,0.16
KR,2020-02-13,dividend,0.16
KR,2020-05-14,dividend,0.16
KR,2020-08-13,dividend,0.18
KR,2020-11-12,dividend,0.18
KR,2021-02-11,dividend,0.18
KR,2021-05-13,dividend,0.18
KR,2021-08-12,dividend,0.21
KR,2021-11-12,dividend,0.21
KR,2022-02-14,dividend,0.21
KR,2022-05-12,dividend,0.21
KR,2022-08-12,dividend,0.26
KR,2022-11-14,dividend,0.26
KR,2023-02-14,dividend,0.26
KR,2023-05-12,dividend,0.26
KR,2023-08-14,dividend,0.29
KR,2023-11-14,dividend,0.29
KR,2024-02-14,dividend,0.29
KR,2024-05-14,dividend,0.29
KR,2024-08-15,dividend,0.32
KR,2024-11-15,dividend,0.32
KR,2025-02-14,dividend,0.32
KR,2025-05-15,dividend,0.32
KR,2025-08-15,dividend,0.35
KR,2025-11-14,dividend,0.35
KR,2026-02-13,dividend,0.35
KR,2026-05-15,dividend,0.35
KR,2026-08-14,dividend,0.39
KSS,2016-12-05,dividend,0.5
KSS,2017-03-06,dividend,0.55
KSS,2017-06-05,dividend,0.55
KSS,2017-09-01,dividend,0.55
KSS,2017-12-05,dividend,0.55
KSS,2018-03-13,dividend,0.61
KSS,2018-06-12,dividend,0.61
KSS,2018-09-11,dividend,0.61
KSS,2018-12-11,dividend,0.61
KSS,2019-03-19,dividend,0.67
KSS,2019-06-11,dividend,0.67
KSS,2019-09-10,dividend,0.67
KSS,2019-12-10,dividend,0.67
KSS,2020-03-17,dividend,0.704
KSS,2021-03-16,dividend,0.25
KSS,2021-06-08,dividend,0.25
KSS,2021-09-07,dividend,0.25
KSS,2021-12-07,dividend,0.25
KSS,2022-03-15,dividend,0.5
KSS,2022-06-07,dividend,0.5
KSS,2022-09-06,dividend,0.5
KSS,2022-12-06,dividend,0.5
KSS,2023-03-14,dividend,0.5
KSS,2023-06-06,dividend,0.5
KSS,2023-09-05,dividend,0.5
KSS,2023-12-05,dividend,0.5
KSS,2024-03-19,dividend,0.5
KSS,2024-06-12,dividend,0.5
KSS,2024-09-11,dividend,0.5
KSS,2024-12-11,dividend,0.5
KSS,2025-03-21,dividend,0.125
KSS,2025-06-11,dividend,0.125
KSS,2025-09-10,dividend,0.125
KSS,2025-12-10,dividend,0.125
KSS,2026-03-18,dividend,0.125
KSS,2026-06-10,dividend,0.125
KSS,2026-09-09,dividend,0.125
KVUE,2023-08-25,dividend,0.2
KVUE,2023-11-07,dividend,0.2
KVUE,2024-02-13,dividend,0.2
KVUE,2024-05-07,dividend,0.2
KVUE,2024-08-14,dividend,0.205
KVUE,2024-11-13,dividend,0.205
KVUE,2025-02-12,dividend,0.205
KVUE,2025-05-14,dividend,0.205
KVUE,2025-08-13,dividend,0.208
KVUE,2025-11-12,dividend,0.208
KVUE,2026-02-11,dividend,0.208
KVUE,2026-05-13,dividend,0.208
KVUE,2026-08-12,dividend,0.21
LCID,2025-09-02,split,0.1
LDI,2021-04-30,dividend,0.612
LDI,2021-06-30,dividend,0.08
LDI,2021-10-01,dividend,0.08
LDI,2021-12-31,dividend,0.08
LDI,2022-04-01,dividend,0.08
LEN,2016-10-03,dividend,0.038075
LEN,2017-01-25,dividend,0.038075
LEN,2017-04-28,dividend,0.038075
LEN,2017-07-11,dividend,0.038075
LEN,2017-10-18,dividend,0.038075
LEN,2017-11-09,split,1.017
LEN,2018-01-25,dividend,0.038722
LEN,2018-04-24,dividend,0.038722
LEN,2018-07-11,dividend,0.038722
LEN,2018-10-18,dividend,0.038722
LEN,2019-01-24,dividend,0.038722
LEN,2019-04-23,dividend,0.038722
LEN,2019-07-10,dividend,0.038722
LEN,2019-10-17,dividend,0.038722
LEN,2020-01-23,dividend,0.121007
LEN,2020-04-20,dividend,0.121007
LEN,2020-07-09,dividend,0.121007
LEN,2020-10-15,dividend,0.242014
LEN,2021-01-28,dividend,0.242014
LEN,2021-04-20,dividend,0.242014
LEN,2021-07-01,dividend,0.242014
LEN,2021-10-13,dividend,0.242014
LEN,2022-01-26,dividend,0.36302
LEN,2022-04-25,dividend,0.36302
LEN,2022-07-06,dividend,0.36302
LEN,2022-10-12,dividend,0.36302
LEN,2023-01-26,dividend,0.36302
LEN,2023-04-25,dividend,0.36302
LEN,2023-07-06,dividend,0.36302
LEN,2023-10-11,dividend,0.36302
LEN,2024-01-23,dividend,0.484027
LEN,2024-04-23,dividend,0.484027
LEN,2024-07-05,dividend,0.484027
LEN,2024-10-09,dividend,0.484027
LEN,2025-01-21,split,1.033
LEN,2025-01-29,dividend,0.5
LEN,2025-04-23,dividend,0.5
LEN,2025-07-03,dividend,0.5
LEN,2025-10-10,dividend,0.5
LEN,2026-02-04,dividend,0.5
LEN,2026-04-22,dividend,0.5
LEN,2026-07-10,dividend,0.5
LGCL,2025-10-13,split,0.025
LGCL,2026-09-01,split,0.008
LGHL,2023-07-13,split,0.02
LGHL,2025-03-26,split,0.02
LGHL,2025-11-26,split,0.07692307692307693
LGHL,2026-07-14,split,0.1111111111111111
LGHL,2026-09-10,split,0.05
LGPS,2026-06-01,dividend,0.022
LGPS,2026-07-31,dividend,0.012
LNT,2016-10-27,dividend,0.294
LNT,2017-01-27,dividend,0.315
LNT,2017-04-26,dividend,0.315
LNT,2017-07-27,dividend,0.315
LNT,2017-10-30,dividend,0.315
LNT,2018-01-30,dividend,0.336
LNT,2018-04-27,dividend,0.335
LNT,2018-07-30,dividend,0.335
LNT,2018-10-30,dividend,0.335
LNT,2019-01-30,dividend,0.355
LNT,2019-04-29,dividend,0.355
LNT,2019-07-30,dividend,0.355
LNT,2019-10-30,dividend,0.355
LNT,2020-01-30,dividend,0.38
LNT,2020-04-29,dividend,0.38
LNT,2020-07-30,dividend,0.38
LNT,2020-10-29,dividend,0.38
LNT,2021-01-28,dividend,0.403
LNT,2021-04-29,dividend,0.403
LNT,2021-07-29,dividend,0.403
LNT,2021-10-29,dividend,0.403
LNT,2022-01-28,dividend,0.428
LNT,2022-04-28,dividend,0.428
LNT,2022-07-28,dividend,0.428
LNT,2022-10-28,dividend,0.428
LNT,2023-01-30,dividend,0.453
LNT,2023-04-27,dividend,0.453
LNT,2023-07-28,dividend,0.453
LNT,2023-10-30,dividend,0.453
LNT,2024-01-30,dividend,0.48
LNT,2024-04-29,dividend,0.48
LNT,2024-07-31,dividend,0.48
LNT,2024-10-31,dividend,0.48
LNT,2025-01-31,dividend,0.507
LNT,2025-04-30,dividend,0.507
LNT,2025-07-31,dividend,0.507
LNT,2025-10-31,dividend,0.507
LNT,2026-01-30,dividend,0.535
LNT,2026-04-30,dividend,0.535
LNT,2026-07-31,dividend,0.535
LRCX,2016-12-12,dividend,0.045
LRCX,2017-03-06,dividend,0.045
LRCX,2017-06-05,dividend,0.045
LRCX,2017-09-12,dividend,0.045
LRCX,2017-12-05,dividend,0.05
LRCX,2018-03-06,dividend,0.05
LRCX,2018-06-05,dividend,0.11
LRCX,2018-09-11,dividend,0.11
LRCX,2018-12-04,dividend,0.11
LRCX,2019-03-19,dividend,0.11
LRCX,2019-06-11,dividend,0.11
LRCX,2019-09-30,dividend,0.115
LRCX,2019-12-10,dividend,0.115
LRCX,2020-03-24,dividend,0.115
LRCX,2020-06-16,dividend,0.115
LRCX,2020-09-29,dividend,0.13
LRCX,2020-12-08,dividend,0.13
LRCX,2021-03-16,dividend,0.13
LRCX,2021-06-15,dividend,0.13
LRCX,2021-09-27,dividend,0.15
LRCX,2021-12-14,dividend,0.15
LRCX,2022-03-15,dividend,0.15
LRCX,2022-06-14,dividend,0.15
LRCX,2022-09-13,dividend,0.1725
LRCX,2022-12-13,dividend,0.1725
LRCX,2023-03-14,dividend,0.1725
LRCX,2023-06-13,dividend,0.1725
LRCX,2023-09-12,dividend,0.2
LRCX,2023-12-12,dividend,0.2
LRCX,2024-03-12,dividend,0.2
LRCX,2024-06-18,dividend,0.2
LRCX,2024-09-17,dividend,0.23
LRCX,2024-10-03,split,10.0
LRCX,2024-12-11,dividend,0.23
LRCX,2025-03-05,dividend,0.23
LRCX,2025-06-18,dividend,0.23
LRCX,2025-09-24,dividend,0.26
LRCX,2025-12-03,dividend,0.26
LRCX,2026-03-04,dividend,0.26
LRCX,2026-06-17,dividend,0.26
LUCY,2024-07-18,split,0.05
LUMN,2016-11-23,dividend,0.54
LUMN,2017-03-01,dividend,0.54
LUMN,2017-06-01,dividend,0.54
LUMN,2017-08-31,dividend,0.54
LUMN,2017-11-24,dividend,0.54
LUMN,2018-03-02,dividend,0.54
LUMN,2018-06-01,dividend,0.54
LUMN,2018-08-30,dividend,0.54
LUMN,2018-11-23,dividend,0.54
LUMN,2019-03-11,dividend,0.25
LUMN,2019-05-31,dividend,0.25
LUMN,2019-08-29,dividend,0.25
LUMN,2019-11-29,dividend,0.25
LUMN,2020-03-06,dividend,0.25
LUMN,2020-05-29,dividend,0.25
LUMN,2020-08-28,dividend,0.25
LUMN,2020-11-27,dividend,0.25
LUMN,2021-03-05,dividend,0.25
LUMN,2021-05-28,dividend,0.25
LUMN,2021-08-27,dividend,0.25
LUMN,2021-11-26,dividend,0.25
LUMN,2022-03-07,dividend,0.25
LUMN,2022-05-27,dividend,0.25
LUMN,2022-08-29,dividend,0.25
LUV,2016-12-06,dividend,0.1
LUV,2017-03-07,dividend,0.1
LUV,2017-06-05,dividend,0.125
LUV,2017-08-22,dividend,0.125
LUV,2017-12-06,dividend,0.125
LUV,2018-03-06,dividend,0.125
LUV,2018-06-05,dividend,0.16
LUV,2018-08-21,dividend,0.16
LUV,2018-12-04,dividend,0.16
LUV,2019-03-05,dividend,0.16
LUV,2019-06-04,dividend,0.18
LUV,2019-08-20,dividend,0.18
LUV,2019-12-10,dividend,0.18
LUV,2020-03-03,dividend,0.18
LUV,2023-01-09,dividend,0.18
LUV,2023-03-07,dividend,0.18
LUV,2023-06-20,dividend,0.18
LUV,2023-09-05,dividend,0.18
LUV,2023-12-20,dividend,0.18
LUV,2024-03-05,dividend,0.18
LUV,2024-06-18,dividend,0.18
LUV,2024-09-04,dividend,0.18
LUV,2024-12-26,dividend,0.18
LUV,2025-03-12,dividend,0.18
LUV,2025-06-18,dividend,0.18
LUV,2025-09-03,dividend,0.18
LUV,2025-12-26,dividend,0.18
LUV,2026-03-12,dividend,0.18
LUV,2026-06-11,dividend,0.18
LUV,2026-09-03,dividend,0.18
LVS,2016-09-20,dividend,0.72
LVS,2016-12-19,dividend,0.72
LVS,2017-03-21,dividend,0.73
LVS,2017-06-20,dividend,0.73
LVS,2017-09-20,dividend,0.73
LVS,2017-12-20,dividend,0.73
LVS,2018-03-21,dividend,0.75
LVS,2018-06-19,dividend,0.75
LVS,2018-09-18,dividend,0.75
LVS,2018-12-17,dividend,0.75
LVS,2019-03-19,dividend,0.77
LVS,2019-06-18,dividend,0.77
LVS,2019-09-17,dividend,0.77
LVS,2019-12-16,dividend,0.77
LVS,2020-03-17,dividend,0.79
LVS,2023-08-07,dividend,0.2
LVS,2023-11-06,dividend,0.2
LVS,2024-02-05,dividend,0.2
LVS,2024-05-06,dividend,0.2
LVS,2024-08-06,dividend,0.2
LVS,2024-11-05,dividend,0.2
LVS,2025-02-10,dividend,0.25
LVS,2025-05-06,dividend,0.25
LVS,2025-08-05,dividend,0.25
LVS,2025-11-04,dividend,0.25
LVS,2026-02-09,dividend,0.3
LVS,2026-05-05,dividend,0.3
LVS,2026-08-04,dividend,0.3
LYG,2017-04-05,dividend,0.108
LYG,2017-08-09,dividend,0.053
LYG,2018-04-19,dividend,0.114
LYG,2018-08-16,dividend,0.056
LYG,2019-04-04,dividend,0.112
LYG,2019-08-09,dividend,0.055
LYG,2021-04-15,dividend,0.032
LYG,2021-08-06,dividend,0.037
LYG,2022-04-07,dividend,0.07
LYG,2022-08-05,dividend,0.039
LYG,2023-04-13,dividend,0.078
LYG,2023-08-04,dividend,0.048
LYG,2024-04-11,dividend,0.093
LYG,2024-08-05,dividend,0.055
LYG,2025-04-11,dividend,0.104
LYG,2025-08-04,dividend,0.066
LYG,2026-04-10,dividend,0.134
LYG,2026-08-10,dividend,0.084
M,2016-12-13,dividend,0.378
M,2017-03-13,dividend,0.378
M,2017-06-13,dividend,0.378
M,2017-09-14,dividend,0.378
M,2017-12-14,dividend,0.378
M,2018-03-14,dividend,0.378
M,2018-06-14,dividend,0.378
M,2018-09-13,dividend,0.378
M,2018-12-13,dividend,0.378
M,2019-03-14,dividend,0.378
M,2019-06-13,dividend,0.378
M,2019-09-12,dividend,0.378
M,2019-12-12,dividend,0.378
M,2020-03-12,dividend,0.378
M,2021-09-14,dividend,0.15
M,2021-12-14,dividend,0.15
M,2022-03-14,dividend,0.158
M,2022-06-14,dividend,0.158
M,2022-09-14,dividend,0.158
M,2022-12-14,dividend,0.158
M,2023-03-14,dividend,0.165
M,2023-06-14,dividend,0.165
M,2023-09-14,dividend,0.165
M,2023-12-14,dividend,0.165
M,2024-03-14,dividend,0.174
M,2024-06-14,dividend,0.174
M,2024-09-13,dividend,0.174
M,2024-12-13,dividend,0.174
M,2025-03-14,dividend,0.182
M,2025-06-13,dividend,0.182
M,2025-09-15,dividend,0.182
M,2025-12-15,dividend,0.182
M,2026-03-13,dividend,0.192
M,2026-06-15,dividend,0.192
M,2026-09-15,dividend,0.192
MAC,2016-11-08,dividend,0.71
MAC,2017-02-16,dividend,0.71
MAC,2017-05-03,dividend,0.71
MAC,2017-08-16,dividend,0.71
MAC,2017-11-09,dividend,0.74
MAC,2018-02-20,dividend,0.74
MAC,2018-05-07,dividend,0.74
MAC,2018-08-16,dividend,0.74
MAC,2018-11-08,dividend,0.75
MAC,2019-02-20,dividend,0.75
MAC,2019-05-07,dividend,0.75
MAC,2019-08-16,dividend,0.75
MAC,2019-11-07,dividend,0.75
MAC,2020-02-20,dividend,0.75
MAC,2020-04-21,dividend,0.1
MAC,2020-08-18,dividend,0.15
MAC,2020-11-06,dividend,0.15
MAC,2021-02-18,dividend,0.15
MAC,2021-05-06,dividend,0.15
MAC,2021-08-18,dividend,0.15
MAC,2021-11-08,dividend,0.15
MAC,2022-02-17,dividend,0.15
MAC,2022-05-19,dividend,0.15
MAC,2022-08-18,dividend,0.15
MAC,2022-11-08,dividend,0.17
MAC,2023-02-16,dividend,0.17
MAC,2023-05-18,dividend,0.17
MAC,2023-08-17,dividend,0.17
MAC,2023-11-08,dividend,0.17
MAC,2024-02-15,dividend,0.17
MAC,2024-05-17,dividend,0.17
MAC,2024-08-19,dividend,0.17
MAC,2024-11-12,dividend,0.17
MAC,2025-03-04,dividend,0.17
MAC,2025-06-03,dividend,0.17
MAC,2025-09-09,dividend,0.17
MAC,2025-12-15,dividend,0.17
MAC,2026-03-16,dividend,0.17
MAC,2026-06-15,dividend,0.17
MAC,2026-09-14,dividend,0.17
MARA,2017-10-30,split,0.25
MARA,2019-04-08,split,0.25
MAT,2016-11-18,dividend,0.38
MAT,2017-02-14,dividend,0.38
MAT,2017-05-17,dividend,0.38
MAT,2017-08-21,dividend,0.15
MCD,2016-11-29,dividend,0.94
MCD,2017-02-27,dividend,0.94
MCD,2017-06-01,dividend,0.94
MCD,2017-08-30,dividend,0.94
MCD,2017-11-30,dividend,1.01
MCD,2018-02-28,dividend,1.01
MCD,2018-06-01,dividend,1.01
MCD,2018-08-31,dividend,1.01
MCD,2018-11-30,dividend,1.16
MCD,2019-02-28,dividend,1.16
MCD,2019-05-31,dividend,1.16
MCD,2019-08-30,dividend,1.16
MCD,2019-11-29,dividend,1.25
MCD,2020-02-28,dividend,1.25
MCD,2020-05-29,dividend,1.25
MCD,2020-08-31,dividend,1.25
MCD,2020-11-30,dividend,1.29
MCD,2021-02-26,dividend,1.29
MCD,2021-05-28,dividend,1.29
MCD,2021-08-31,dividend,1.29
MCD,2021-11-30,dividend,1.38
MCD,2022-02-28,dividend,1.38
MCD,2022-06-03,dividend,1.38
MCD,2022-08-31,dividend,1.38
MCD,2022-11-30,dividend,1.52
MCD,2023-02-28,dividend,1.52
MCD,2023-06-02,dividend,1.52
MCD,2023-08-31,dividend,1.52
MCD,2023-11-30,dividend,1.67
MCD,2024-02-29,dividend,1.67
MCD,2024-06-03,dividend,1.67
MCD,2024-09-03,dividend,1.67
MCD,2024-12-02,dividend,1.77
MCD,2025-03-03,dividend,1.77
MCD,2025-06-02,dividend,1.77
MCD,2025-09-02,dividend,1.77
MCD,2025-12-01,dividend,1.86
MCD,2026-03-03,dividend,1.86
MCD,2026-06-02,dividend,1.86
MCD,2026-09-01,dividend,1.86
MCHP,2016-11-17,dividend,0.1805
MCHP,2017-02-16,dividend,0.1805
MCHP,2017-05-19,dividend,0.181
MCHP,2017-08-17,dividend,0.181
MCHP,2017-11-20,dividend,0.1815
MCHP,2018-02-20,dividend,0.1815
MCHP,2018-05-18,dividend,0.182
MCHP,2018-08-20,dividend,0.182
MCHP,2018-11-20,dividend,0.1825
MCHP,2019-02-20,dividend,0.1825
MCHP,2019-05-20,dividend,0.183
MCHP,2019-08-20,dividend,0.183
MCHP,2019-11-20,dividend,0.1835
MCHP,2020-02-20,dividend,0.1835
MCHP,2020-05-20,dividend,0.184
MCHP,2020-08-20,dividend,0.184
MCHP,2020-11-19,dividend,0.1845
MCHP,2021-02-19,dividend,0.195
MCHP,2021-05-20,dividend,0.2065
MCHP,2021-08-19,dividend,0.2185
MCHP,2021-10-13,split,2.0
MCHP,2021-11-18,dividend,0.232
MCHP,2022-02-18,dividend,0.253
MCHP,2022-05-19,dividend,0.276
MCHP,2022-08-18,dividend,0.301
MCHP,2022-11-21,dividend,0.328
MCHP,2023-02-17,dividend,0.358
MCHP,2023-05-19,dividend,0.383
MCHP,2023-08-21,dividend,0.41
MCHP,2023-11-21,dividend,0.439
MCHP,2024-02-22,dividend,0.45
MCHP,2024-05-21,dividend,0.452
MCHP,2024-08-22,dividend,0.454
MCHP,2024-11-22,dividend,0.455
MCHP,2025-02-24,dividend,0.455
MCHP,2025-05-22,dividend,0.455
MCHP,2025-08-22,dividend,0.455
MCHP,2025-11-24,dividend,0.455
MCHP,2026-02-23,dividend,0.455
MCHP,2026-05-22,dividend,0.455
MCHP,2026-08-24,dividend,0.455
MDLZ,2016-09-28,dividend,0.19
MDLZ,2016-12-28,dividend,0.19
MDLZ,2017-03-29,dividend,0.19
MDLZ,2017-06-28,dividend,0.19
MDLZ,2017-09-28,dividend,0.22
MDLZ,2017-12-28,dividend,0.22
MDLZ,2018-03-28,dividend,0.22
MDLZ,2018-06-28,dividend,0.22
MDLZ,2018-09-27,dividend,0.26
MDLZ,2018-12-28,dividend,0.26
MDLZ,2019-03-28,dividend,0.26
MDLZ,2019-06-27,dividend,0.26
MDLZ,2019-09-27,dividend,0.285
MDLZ,2019-12-30,dividend,0.285
MDLZ,2020-03-30,dividend,0.285
MDLZ,2020-06-29,dividend,0.285
MDLZ,2020-09-29,dividend,0.315
MDLZ,2020-12-30,dividend,0.315
MDLZ,2021-03-30,dividend,0.315
MDLZ,2021-06-29,dividend,0.315
MDLZ,2021-09-29,dividend,0.35
MDLZ,2021-12-30,dividend,0.35
MDLZ,2022-03-30,dividend,0.35
MDLZ,2022-06-29,dividend,0.35
MDLZ,2022-09-29,dividend,0.385
MDLZ,2022-12-29,dividend,0.385
MDLZ,2023-03-30,dividend,0.385
MDLZ,2023-06-29,dividend,0.385
MDLZ,2023-09-28,dividend,0.425
MDLZ,2023-12-28,dividend,0.425
MDLZ,2024-03-27,dividend,0.425
MDLZ,2024-06-28,dividend,0.425
MDLZ,2024-09-30,dividend,0.47
MDLZ,2024-12-31,dividend,0.47
MDLZ,2025-03-31,dividend,0.47
MDLZ,2025-06-30,dividend,0.47
MDLZ,2025-09-30,dividend,0.5
MDLZ,2025-12-31,dividend,0.5
MDLZ,2026-03-31,dividend,0.5
MDLZ,2026-06-30,dividend,0.5
MDT,2016-09-27,dividend,0.43
MDT,2016-12-21,dividend,0.43
MDT,2017-03-22,dividend,0.43
MDT,2017-07-05,dividend,0.46
MDT,2017-09-28,dividend,0.46
MDT,2017-12-28,dividend,0.46
MDT,2018-03-22,dividend,0.46
MDT,2018-07-05,dividend,0.5
MDT,2018-12-27,dividend,0.5
MDT,2019-03-21,dividend,0.5
MDT,2019-07-05,dividend,0.54
MDT,2019-09-26,dividend,0.54
MDT,2019-12-26,dividend,0.54
MDT,2020-03-26,dividend,0.54
MDT,2020-06-25,dividend,0.58
MDT,2020-09-24,dividend,0.58
MDT,2020-12-21,dividend,0.58
MDT,2021-03-25,dividend,0.58
MDT,2021-06-24,dividend,0.63
MDT,2021-09-23,dividend,0.63
MDT,2021-12-21,dividend,0.63
MDT,2022-03-24,dividend,0.63
MDT,2022-06-23,dividend,0.68
MDT,2022-09-22,dividend,0.68
MDT,2022-12-20,dividend,0.68
MDT,2023-03-23,dividend,0.68
MDT,2023-06-22,dividend,0.69
MDT,2023-09-21,dividend,0.69
MDT,2023-12-19,dividend,0.69
MDT,2024-03-21,dividend,0.69
MDT,2024-06-28,dividend,0.7
MDT,2024-09-27,dividend,0.7
MDT,2024-12-27,dividend,0.7
MDT,2025-03-28,dividend,0.7
MDT,2025-06-27,dividend,0.71
MDT,2025-09-26,dividend,0.71
MDT,2025-12-26,dividend,0.71
MDT,2026-03-27,dividend,0.71
MDT,2026-06-26,dividend,0.72
MERC,2016-09-22,dividend,0.115
MERC,2016-12-20,dividend,0.115
MERC,2017-03-24,dividend,0.115
MERC,2017-06-23,dividend,0.115
MERC,2017-09-26,dividend,0.115
MERC,2017-12-26,dividend,0.125
MERC,2018-03-27,dividend,0.125
MERC,2018-06-26,dividend,0.125
MERC,2018-09-25,dividend,0.125
MERC,2018-12-12,dividend,0.125
MERC,2019-03-26,dividend,0.125
MERC,2019-06-21,dividend,0.138
MERC,2019-09-24,dividend,0.138
MERC,2019-12-11,dividend,0.138
MERC,2020-03-24,dividend,0.138
MERC,2020-06-24,dividend,0.065
MERC,2020-09-28,dividend,0.065
MERC,2020-12-22,dividend,0.065
MERC,2021-03-30,dividend,0.065
MERC,2021-06-29,dividend,0.065
MERC,2021-09-28,dividend,0.065
MERC,2021-12-21,dividend,0.065
MERC,2022-03-29,dividend,0.075
MERC,2022-06-28,dividend,0.075
MERC,2022-09-27,dividend,0.075
MERC,2022-12-20,dividend,0.075
MERC,2023-03-28,dividend,0.075
MERC,2023-06-27,dividend,0.075
MERC,2023-09-26,dividend,0.075
MERC,2023-12-19,dividend,0.075
MERC,2024-03-26,dividend,0.075
MERC,2024-06-26,dividend,0.075
MERC,2024-09-25,dividend,0.075
MERC,2024-12-18,dividend,0.075
MERC,2025-03-26,dividend,0.075
MERC,2025-06-26,dividend,0.075
META,2024-02-21,dividend,0.5
META,2024-06-14,dividend,0.5
META,2024-09-16,dividend,0.5
META,2024-12-16,dividend,0.5
META,2025-03-14,dividend,0.525
META,2025-06-16,dividend,0.525
META,2025-09-22,dividend,0.525
META,2025-12-15,dividend,0.525
META,2026-03-16,dividend,0.525
META,2026-06-15,dividend,0.525
MGM,2017-03-08,dividend,0.11
MGM,2017-06-07,dividend,0.11
MGM,2017-09-08,dividend,0.11
MGM,2017-12-08,dividend,0.11
MGM,2018-03-08,dividend,0.12
MGM,2018-06-07,dividend,0.12
MGM,2018-09-07,dividend,0.12
MGM,2018-12-07,dividend,0.12
MGM,2019-03-07,dividend,0.13
MGM,2019-06-07,dividend,0.13
MGM,2019-09-09,dividend,0.13
MGM,2019-12-09,dividend,0.13
MGM,2020-03-09,dividend,0.15
MGM,2020-06-09,dividend,0.003
MGM,2020-09-09,dividend,0.003
MGM,2020-12-09,dividend,0.003
MGM,2021-03-09,dividend,0.003
MGM,2021-06-09,dividend,0.003
MGM,2021-09-09,dividend,0.003
MGM,2021-12-09,dividend,0.003
MGM,2022-03-09,dividend,0.003
MGM,2022-06-09,dividend,0.003
MGM,2022-09-08,dividend,0.003
MGM,2022-12-08,dividend,0.003
MGN,2026-09-17,split,0.03333333333333333
MGY,2021-08-11,dividend,0.08
MGY,2022-02-11,dividend,0.2
MGY,2022-08-11,dividend,0.1
MGY,2022-11-04,dividend,0.1
MGY,2023-02-09,dividend,0.115
MGY,2023-05-10,dividend,0.115
MGY,2023-08-09,dividend,0.115
MGY,2023-11-08,dividend,0.115
MGY,2024-02-15,dividend,0.13
MGY,2024-05-10,dividend,0.13
MGY,2024-08-09,dividend,0.13
MGY,2024-11-08,dividend,0.13
MGY,2025-02-14,dividend,0.15
MGY,2025-05-12,dividend,0.15
MGY,2025-08-11,dividend,0.15
MGY,2025-11-10,dividend,0.15
MGY,2026-02-10,dividend,0.165
MGY,2026-05-12,dividend,0.165
MGY,2026-08-10,dividend,0.18
MIMI,2026-05-06,split,0.1
MNKD,2017-03-03,split,0.2
MNST,2016-11-10,split,3.0
MNST,2023-03-28,split,2.0
MNST,2026-08-11,split,2.0
MO,2016-12-20,dividend,0.61
MO,2017-03-13,dividend,0.61
MO,2017-06-13,dividend,0.61
MO,2017-09-14,dividend,0.66
MO,2017-12-20,dividend,0.66
MO,2018-03-14,dividend,0.7
MO,2018-06-14,dividend,0.7
MO,2018-09-13,dividend,0.8
MO,2018-12-24,dividend,0.8
MO,2019-03-22,dividend,0.8
MO,2019-06-13,dividend,0.8
MO,2019-09-13,dividend,0.84
MO,2019-12-24,dividend,0.84
MO,2020-03-24,dividend,0.84
MO,2020-06-12,dividend,0.84
MO,2020-09-14,dividend,0.86
MO,2020-12-24,dividend,0.86
MO,2021-03-24,dividend,0.86
MO,2021-06-14,dividend,0.86
MO,2021-09-14,dividend,0.9
MO,2021-12-22,dividend,0.9
MO,2022-03-24,dividend,0.9
MO,2022-06-14,dividend,0.9
MO,2022-09-14,dividend,0.94
MO,2022-12-21,dividend,0.94
MO,2023-03-23,dividend,0.94
MO,2023-06-14,dividend,0.94
MO,2023-09-14,dividend,0.98
MO,2023-12-20,dividend,0.98
MO,2024-03-22,dividend,0.98
MO,2024-06-14,dividend,0.98
MO,2024-09-16,dividend,1.02
MO,2024-12-26,dividend,1.02
MO,2025-03-25,dividend,1.02
MO,2025-06-16,dividend,1.02
MO,2025-09-15,dividend,1.06
MO,2025-12-26,dividend,1.06
MO,2026-03-25,dividend,1.06
MO,2026-06-15,dividend,1.06
MO,2026-09-15,dividend,1.11
MOS,2016-11-29,dividend,0.275
MOS,2017-02-28,dividend,0.275
MOS,2017-05-30,dividend,0.15
MOS,2017-09-06,dividend,0.15
MOS,2017-12-06,dividend,0.025
MOS,2018-02-28,dividend,0.025
MOS,2018-06-06,dividend,0.025
MOS,2018-09-05,dividend,0.025
MOS,2018-12-06,dividend,0.025
MOS,2019-03-06,dividend,0.025
MOS,2019-06-05,dividend,0.05
MOS,2019-09-04,dividend,0.05
MOS,2019-12-04,dividend,0.05
MOS,2020-03-04,dividend,0.05
MOS,2020-06-03,dividend,0.05
MOS,2020-09-02,dividend,0.05
MOS,2020-12-02,dividend,0.05
MOS,2021-03-03,dividend,0.05
MOS,2021-06-02,dividend,0.075
MOS,2021-09-01,dividend,0.075
MOS,2021-12-01,dividend,0.075
MOS,2022-03-02,dividend,0.113
MOS,2022-06-01,dividend,0.15
MOS,2022-08-31,dividend,0.15
MOS,2022-11-30,dividend,0.15
MOS,2023-03-01,dividend,0.2
MOS,2023-03-14,dividend,0.25
MOS,2023-05-31,dividend,0.2
MOS,2023-09-06,dividend,0.2
MOS,2023-12-06,dividend,0.2
MOS,2024-03-06,dividend,0.21
MOS,2024-06-06,dividend,0.21
MOS,2024-09-05,dividend,0.21
MOS,2024-12-05,dividend,0.21
MOS,2025-03-06,dividend,0.22
MOS,2025-06-05,dividend,0.22
MOS,2025-09-08,dividend,0.22
MOS,2025-12-04,dividend,0.22
MOS,2026-03-09,dividend,0.22
MOS,2026-05-21,dividend,0.22
MOS,2026-09-10,dividend,0.22
MRK,2016-12-13,dividend,0.448473
MRK,2017-03-13,dividend,0.448473
MRK,2017-06-13,dividend,0.448473
MRK,2017-09-14,dividend,0.448473
MRK,2017-12-14,dividend,0.458015
MRK,2018-03-14,dividend,0.458015
MRK,2018-06-14,dividend,0.458015
MRK,2018-09-14,dividend,0.458015
MRK,2018-12-14,dividend,0.524809
MRK,2019-03-14,dividend,0.524809
MRK,2019-06-14,dividend,0.524809
MRK,2019-09-13,dividend,0.524809
MRK,2019-12-13,dividend,0.582061
MRK,2020-03-13,dividend,0.582061
MRK,2020-06-12,dividend,0.582061
MRK,2020-09-14,dividend,0.582061
MRK,2020-12-14,dividend,0.620229
MRK,2021-03-12,dividend,0.620229
MRK,2021-06-03,split,1.048
MRK,2021-06-14,dividend,0.65
MRK,2021-09-14,dividend,0.65
MRK,2021-12-14,dividend,0.69
MRK,2022-03-14,dividend,0.69
MRK,2022-06-14,dividend,0.69
MRK,2022-09-14,dividend,0.69
MRK,2022-12-14,dividend,0.73
MRK,2023-03-14,dividend,0.73
MRK,2023-06-14,dividend,0.73
MRK,2023-09-14,dividend,0.73
MRK,2023-12-14,dividend,0.77
MRK,2024-03-14,dividend,0.77
MRK,2024-06-17,dividend,0.77
MRK,2024-09-16,dividend,0.77
MRK,2024-12-16,dividend,0.81
MRK,2025-03-17,dividend,0.81
MRK,2025-06-16,dividend,0.81
MRK,2025-09-15,dividend,0.81
MRK,2025-12-15,dividend,0.85
MRK,2026-03-16,dividend,0.85
MRK,2026-06-15,dividend,0.85
MRK,2026-09-15,dividend,0.85
MRVL,2016-09-26,dividend,0.06
MRVL,2016-12-02,dividend,0.06
MRVL,2017-03-31,dividend,0.06
MRVL,2017-06-30,dividend,0.06
MRVL,2017-10-06,dividend,0.06
MRVL,2017-12-26,dividend,0.06
MRVL,2018-03-28,dividend,0.06
MRVL,2018-07-06,dividend,0.06
MRVL,2018-10-01,dividend,0.06
MRVL,2018-12-24,dividend,0.06
MRVL,2019-04-02,dividend,0.06
MRVL,2019-07-11,dividend,0.06
MRVL,2019-10-09,dividend,0.06
MRVL,2019-12-24,dividend,0.06
MRVL,2020-04-02,dividend,0.06
MRVL,2020-07-10,dividend,0.06
MRVL,2020-10-08,dividend,0.06
MRVL,2020-12-22,dividend,0.06
MRVL,2021-04-08,dividend,0.06
MRVL,2021-07-08,dividend,0.06
MRVL,2021-10-07,dividend,0.06
MRVL,2022-01-06,dividend,0.06
MRVL,2022-04-07,dividend,0.06
MRVL,2022-07-07,dividend,0.06
MRVL,2022-10-06,dividend,0.06
MRVL,2023-01-05,dividend,0.06
MRVL,2023-04-05,dividend,0.06
MRVL,2023-07-06,dividend,0.06
MRVL,2023-10-05,dividend,0.06
MRVL,2024-01-04,dividend,0.06
MRVL,2024-04-11,dividend,0.06
MRVL,2024-07-12,dividend,0.06
MRVL,2024-10-11,dividend,0.06
MRVL,2025-01-10,dividend,0.06
MRVL,2025-04-11,dividend,0.06
MRVL,2025-07-11,dividend,0.06
MRVL,2025-10-10,dividend,0.06
MRVL,2026-01-09,dividend,0.06
MRVL,2026-04-10,dividend,0.06
MRVL,2026-07-10,dividend,0.06
MSFT,2016-11-15,dividend,0.39
MSFT,2017-02-14,dividend,0.39
MSFT,2017-05-16,dividend,0.39
MSFT,2017-08-15,dividend,0.39
MSFT,2017-11-15,dividend,0.42
MSFT,2018-02-14,dividend,0.42
MSFT,2018-05-16,dividend,0.42
MSFT,2018-08-15,dividend,0.42
MSFT,2018-11-14,dividend,0.46
MSFT,2019-02-20,dividend,0.46
MSFT,2019-05-15,dividend,0.46
MSFT,2019-08-14,dividend,0.46
MSFT,2019-11-20,dividend,0.51
MSFT,2020-02-19,dividend,0.51
MSFT,2020-05-20,dividend,0.51
MSFT,2020-08-19,dividend,0.51
MSFT,2020-11-18,dividend,0.56
MSFT,2021-02-17,dividend,0.56
MSFT,2021-05-19,dividend,0.56
MSFT,2021-08-18,dividend,0.56
MSFT,2021-11-17,dividend,0.62
MSFT,2022-02-16,dividend,0.62
MSFT,2022-05-18,dividend,0.62
MSFT,2022-08-17,dividend,0.62
MSFT,2022-11-16,dividend,0.68
MSFT,2023-02-15,dividend,0.68
MSFT,2023-05-17,dividend,0.68
MSFT,2023-08-16,dividend,0.68
MSFT,2023-11-15,dividend,0.75
MSFT,2024-02-14,dividend,0.75
MSFT,2024-05-15,dividend,0.75
MSFT,2024-08-15,dividend,0.75
MSFT,2024-11-21,dividend,0.83
MSFT,2025-02-20,dividend,0.83
MSFT,2025-05-15,dividend,0.83
MSFT,2025-08-21,dividend,0.83
MSFT,2025-11-20,dividend,0.91
MSFT,2026-02-19,dividend,0.91
MSFT,2026-05-21,dividend,0.91
MSFT,2026-08-20,dividend,0.91
MSS,2026-04-24,split,0.1
MSS,2026-07-22,split,0.2
MSTR,2024-08-08,split,10.0
MU,2021-09-30,dividend,0.1
MU,2021-12-31,dividend,0.1
MU,2022-04-08,dividend,0.1
MU,2022-07-08,dividend,0.115
MU,2022-10-07,dividend,0.115
MU,2022-12-30,dividend,0.115
MU,2023-04-06,dividend,0.115
MU,2023-07-07,dividend,0.115
MU,2023-10-06,dividend,0.115
MU,2023-12-29,dividend,0.115
MU,2024-03-28,dividend,0.115
MU,2024-07-08,dividend,0.115
MU,2024-10-07,dividend,0.115
MU,2024-12-30,dividend,0.115
MU,2025-03-31,dividend,0.115
MU,2025-07-07,dividend,0.115
MU,2025-10-03,dividend,0.115
MU,2025-12-29,dividend,0.115
MU,2026-03-30,dividend,0.15
MU,2026-07-06,dividend,0.15
NCPL,2020-11-05,split,0.0005
NCPL,2024-08-02,split,0.014285714285714285
NCRA,2026-07-07,split,0.03333333333333333
NEE,2016-11-22,dividend,0.2175
NEE,2017-02-24,dividend,0.24575
NEE,2017-05-25,dividend,0.24575
NEE,2017-08-23,dividend,0.24575
NEE,2017-11-22,dividend,0.24575
NEE,2018-02-26,dividend,0.2775
NEE,2018-06-04,dividend,0.2775
NEE,2018-08-29,dividend,0.2775
NEE,2018-11-29,dividend,0.2775
NEE,2019-02-27,dividend,0.3125
NEE,2019-05-31,dividend,0.3125
NEE,2019-08-28,dividend,0.3125
NEE,2019-11-27,dividend,0.3125
NEE,2020-02-27,dividend,0.35
NEE,2020-06-01,dividend,0.35
NEE,2020-08-27,dividend,0.35
NEE,2020-10-27,split,4.0
NEE,2020-11-25,dividend,0.35
NEE,2021-02-25,dividend,0.385
NEE,2021-06-01,dividend,0.385
NEE,2021-08-26,dividend,0.385
NEE,2021-11-24,dividend,0.385
NEE,2022-02-28,dividend,0.425
NEE,2022-05-27,dividend,0.425
NEE,2022-08-29,dividend,0.425
NEE,2022-11-23,dividend,0.425
NEE,2023-02-27,dividend,0.468
NEE,2023-05-26,dividend,0.468
NEE,2023-08-29,dividend,0.468
NEE,2023-11-22,dividend,0.468
NEE,2024-02-26,dividend,0.515
NEE,2024-06-03,dividend,0.515
NEE,2024-08-30,dividend,0.515
NEE,2024-11-22,dividend,0.515
NEE,2025-02-28,dividend,0.567
NEE,2025-06-02,dividend,0.567
NEE,2025-08-28,dividend,0.567
NEE,2025-11-21,dividend,0.567
NEE,2026-02-27,dividend,0.623
NEE,2026-06-05,dividend,0.623
NEE,2026-08-28,dividend,0.623
NEM,2016-12-06,dividend,0.05
NEM,2017-03-07,dividend,0.05
NEM,2017-06-06,dividend,0.05
NEM,2017-09-13,dividend,0.075
NEM,2017-12-07,dividend,0.075
NEM,2018-03-07,dividend,0.14
NEM,2018-06-06,dividend,0.14
NEM,2018-09-12,dividend,0.14
NEM,2018-12-06,dividend,0.14
NEM,2019-03-06,dividend,0.14
NEM,2019-04-16,dividend,0.88
NEM,2019-06-05,dividend,0.14
NEM,2019-09-11,dividend,0.14
NEM,2019-12-04,dividend,0.14
NEM,2020-03-04,dividend,0.14
NEM,2020-06-03,dividend,0.25
NEM,2020-09-09,dividend,0.25
NEM,2020-12-10,dividend,0.4
NEM,2021-03-03,dividend,0.55
NEM,2021-06-02,dividend,0.55
NEM,2021-09-08,dividend,0.55
NEM,2021-12-08,dividend,0.55
NEM,2022-03-09,dividend,0.55
NEM,2022-06-01,dividend,0.55
NEM,2022-09-07,dividend,0.55
NEM,2022-12-07,dividend,0.55
NEM,2023-03-08,dividend,0.4
NEM,2023-05-31,dividend,0.4
NEM,2023-09-06,dividend,0.4
NEM,2023-11-29,dividend,0.4
NEM,2024-03-04,dividend,0.25
NEM,2024-06-04,dividend,0.25
NEM,2024-09-05,dividend,0.25
NEM,2024-11-27,dividend,0.25
NEM,2025-03-04,dividend,0.25
NEM,2025-05-27,dividend,0.25
NEM,2025-09-04,dividend,0.25
NEM,2025-11-26,dividend,0.25
NEM,2026-03-03,dividend,0.26
NEM,2026-05-27,dividend,0.26
NEM,2026-09-03,dividend,0.26
NFE,2020-09-03,dividend,5.0
NFE,2020-12-01,dividend,5.0
NFE,2021-03-25,dividend,5.0
NFE,2021-05-28,dividend,5.0
NFE,2021-09-03,dividend,5.0
NFE,2021-12-06,dividend,5.0
NFE,2022-03-17,dividend,5.0
NFE,2022-06-13,dividend,5.0
NFE,2022-09-06,dividend,5.0
NFE,2022-12-06,dividend,5.0
NFE,2023-01-03,dividend,150.0
NFE,2023-03-16,dividend,5.0
NFE,2023-06-14,dividend,5.0
NFE,2023-09-12,dividend,5.0
NFE,2023-12-12,dividend,5.0
NFE,2024-03-14,dividend,5.0
NFE,2024-06-14,dividend,5.0
NFE,2024-09-13,dividend,5.0
NFE,2026-09-14,split,0.02
NFLX,2025-11-17,split,10.0
NI,2016-10-27,dividend,0.165
NI,2017-02-08,dividend,0.175
NI,2017-04-26,dividend,0.175
NI,2017-07-27,dividend,0.175
NI,2017-10-30,dividend,0.175
NI,2018-02-08,dividend,0.195
NI,2018-04-27,dividend,0.195
NI,2018-07-30,dividend,0.195
NI,2018-10-30,dividend,0.195
NI,2019-02-08,dividend,0.2
NI,2019-04-29,dividend,0.2
NI,2019-07-30,dividend,0.2
NI,2019-10-30,dividend,0.2
NI,2020-02-10,dividend,0.21
NI,2020-04-29,dividend,0.21
NI,2020-07-30,dividend,0.21
NI,2020-10-29,dividend,0.21
NI,2021-02-08,dividend,0.22
NI,2021-04-29,dividend,0.22
NI,2021-07-29,dividend,0.22
NI,2021-10-28,dividend,0.22
NI,2022-02-07,dividend,0.235
NI,2022-04-28,dividend,0.235
NI,2022-07-28,dividend,0.235
NI,2022-10-28,dividend,0.235
NI,2023-02-06,dividend,0.25
NI,2023-04-27,dividend,0.25
NI,2023-07-28,dividend,0.25
NI,2023-10-30,dividend,0.25
NI,2024-02-02,dividend,0.265
NI,2024-04-29,dividend,0.265
NI,2024-07-31,dividend,0.265
NI,2024-10-31,dividend,0.265
NI,2025-02-03,dividend,0.28
NI,2025-04-30,dividend,0.28
NI,2025-07-31,dividend,0.28
NI,2025-10-31,dividend,0.28
NI,2026-02-03,dividend,0.3
NI,2026-04-30,dividend,0.3
NI,2026-07-31,dividend,0.3
NKE,2016-12-01,dividend,0.18
NKE,2017-03-02,dividend,0.18
NKE,2017-06-01,dividend,0.18
NKE,2017-08-31,dividend,0.18
NKE,2017-12-01,dividend,0.2
NKE,2018-03-02,dividend,0.2
NKE,2018-06-01,dividend,0.2
NKE,2018-08-31,dividend,0.2
NKE,2018-11-30,dividend,0.22
NKE,2019-03-01,dividend,0.22
NKE,2019-05-31,dividend,0.22
NKE,2019-08-30,dividend,0.22
NKE,2019-11-29,dividend,0.245
NKE,2020-02-28,dividend,0.245
NKE,2020-05-29,dividend,0.245
NKE,2020-08-28,dividend,0.245
NKE,2020-12-04,dividend,0.275
NKE,2021-02-26,dividend,0.275
NKE,2021-05-28,dividend,0.275
NKE,2021-08-27,dividend,0.275
NKE,2021-12-03,dividend,0.305
NKE,2022-03-04,dividend,0.305
NKE,2022-06-03,dividend,0.305
NKE,2022-09-02,dividend,0.305
NKE,2022-12-02,dividend,0.34
NKE,2023-03-03,dividend,0.34
NKE,2023-06-02,dividend,0.34
NKE,2023-09-01,dividend,0.34
NKE,2023-12-01,dividend,0.37
NKE,2024-03-01,dividend,0.37
NKE,2024-06-03,dividend,0.37
NKE,2024-09-03,dividend,0.37
NKE,2024-12-02,dividend,0.4
NKE,2025-03-03,dividend,0.4
NKE,2025-06-02,dividend,0.4
NKE,2025-09-02,dividend,0.4
NKE,2025-12-01,dividend,0.41
NKE,2026-03-02,dividend,0.41
NKE,2026-06-01,dividend,0.41
NKE,2026-09-01,dividend,0.41
NLY,2016-09-28,dividend,1.056
NLY,2016-12-28,dividend,1.2
NLY,2017-03-29,dividend,1.2
NLY,2017-06-28,dividend,1.2
NLY,2017-09-28,dividend,1.2
NLY,2017-12-28,dividend,1.2
NLY,2018-03-28,dividend,1.2
NLY,2018-06-28,dividend,1.2
NLY,2018-09-05,dividend,0.888
NLY,2018-09-27,dividend,0.312
NLY,2018-12-28,dividend,1.2
NLY,2019-03-28,dividend,1.2
NLY,2019-06-27,dividend,1.0
NLY,2019-09-27,dividend,1.0
NLY,2019-12-30,dividend,1.0
NLY,2020-03-30,dividend,1.0
NLY,2020-06-29,dividend,0.88
NLY,2020-09-29,dividend,0.88
NLY,2020-12-30,dividend,0.88
NLY,2021-03-30,dividend,0.88
NLY,2021-06-29,dividend,0.88
NLY,2021-09-29,dividend,0.88
NLY,2021-12-30,dividend,0.88
NLY,2022-03-30,dividend,0.88
NLY,2022-06-29,dividend,0.88
NLY,2022-09-26,split,0.25
NLY,2022-09-29,dividend,0.88
NLY,2022-12-29,dividend,0.88
NLY,2023-03-30,dividend,0.65
NLY,2023-06-29,dividend,0.65
NLY,2023-09-28,dividend,0.65
NLY,2023-12-28,dividend,0.65
NLY,2024-03-27,dividend,0.65
NLY,2024-06-28,dividend,0.65
NLY,2024-09-30,dividend,0.65
NLY,2024-12-31,dividend,0.65
NLY,2025-03-31,dividend,0.7
NLY,2025-06-30,dividend,0.7
NLY,2025-09-30,dividend,0.7
NLY,2025-12-31,dividend,0.7
NLY,2026-03-31,dividend,0.7
NLY,2026-06-30,dividend,0.75
NOG,2020-09-21,split,0.1
NOG,2021-06-29,dividend,0.03
NOG,2021-09-29,dividend,0.045
NOG,2021-12-29,dividend,0.08
NOG,2022-03-29,dividend,0.14
NOG,2022-06-28,dividend,0.19
NOG,2022-09-28,dividend,0.25
NOG,2022-12-28,dividend,0.3
NOG,2023-03-29,dividend,0.34
NOG,2023-06-28,dividend,0.37
NOG,2023-09-27,dividend,0.38
NOG,2023-12-27,dividend,0.4
NOG,2024-03-27,dividend,0.4
NOG,2024-06-27,dividend,0.4
NOG,2024-09-27,dividend,0.42
NOG,2024-12-30,dividend,0.42
NOG,2025-03-28,dividend,0.45
NOG,2025-06-27,dividend,0.45
NOG,2025-09-29,dividend,0.45
NOG,2025-12-30,dividend,0.45
NOG,2026-03-30,dividend,0.45
NOG,2026-06-29,dividend,0.45
NOK,2017-05-24,dividend,0.182
NOK,2018-05-31,dividend,0.236
NOK,2019-05-22,dividend,0.056
NOK,2019-07-29,dividend,0.056
NOK,2022-05-02,dividend,0.021
NOK,2022-07-25,dividend,0.02
NOK,2022-10-24,dividend,0.02
NOK,2023-01-30,dividend,0.022
NOK,2023-04-24,dividend,0.033
NOK,2023-07-24,dividend,0.034
NOK,2023-10-23,dividend,0.032
NOK,2024-01-29,dividend,0.032
NOK,2024-04-22,dividend,0.043
NOK,2024-07-23,dividend,0.032
NOK,2024-10-22,dividend,0.033
NOK,2025-02-04,dividend,0.031
NOK,2025-05-05,dividend,0.046
NOK,2025-07-29,dividend,0.047
NOV,2016-11-30,dividend,0.05
NOV,2017-03-15,dividend,0.05
NOV,2017-06-14,dividend,0.05
NOV,2017-09-14,dividend,0.05
NOV,2017-12-07,dividend,0.05
NOV,2018-03-15,dividend,0.05
NOV,2018-06-14,dividend,0.05
NOV,2018-09-13,dividend,0.05
NOV,2018-12-06,dividend,0.05
NOV,2019-03-14,dividend,0.05
NOV,2019-06-13,dividend,0.05
NOV,2019-09-12,dividend,0.05
NOV,2019-12-05,dividend,0.05
NOV,2020-03-12,dividend,0.05
NOV,2021-12-02,dividend,0.05
NOV,2022-03-10,dividend,0.05
NOV,2022-06-09,dividend,0.05
NOV,2022-09-15,dividend,0.05
NOV,2022-12-08,dividend,0.05
NOV,2023-03-16,dividend,0.05
NOV,2023-06-15,dividend,0.05
NOV,2023-09-14,dividend,0.05
NOV,2023-12-07,dividend,0.05
NOV,2024-03-13,dividend,0.05
NOV,2024-06-14,dividend,0.075
NOV,2024-09-13,dividend,0.075
NOV,2024-12-06,dividend,0.075
NOV,2025-03-14,dividend,0.075
NOV,2025-06-02,dividend,0.21
NOV,2025-06-13,dividend,0.075
NOV,2025-09-12,dividend,0.075
NOV,2025-12-05,dividend,0.075
NOV,2026-03-13,dividend,0.09
NOV,2026-06-01,dividend,0.09
NOV,2026-06-12,dividend,0.09
NOV,2026-09-11,dividend,0.09
NOW,2025-12-18,split,5.0
NVAX,2019-05-10,split,0.05
NVDA,2016-11-23,dividend,0.0035
NVDA,2017-02-22,dividend,0.0035
NVDA,2017-05-19,dividend,0.0035
NVDA,2017-08-22,dividend,0.0035
NVDA,2017-11-22,dividend,0.00375
NVDA,2018-02-22,dividend,0.00375
NVDA,2018-05-23,dividend,0.00375
NVDA,2018-08-29,dividend,0.00375
NVDA,2018-11-29,dividend,0.004
NVDA,2019-02-28,dividend,0.004
NVDA,2019-05-30,dividend,0.004
NVDA,2019-08-28,dividend,0.004
NVDA,2019-11-27,dividend,0.004
NVDA,2020-02-27,dividend,0.004
NVDA,2020-06-04,dividend,0.004
NVDA,2020-09-01,dividend,0.004
NVDA,2020-12-03,dividend,0.004
NVDA,2021-03-09,dividend,0.004
NVDA,2021-06-09,dividend,0.004
NVDA,2021-07-20,split,4.0
NVDA,2021-08-31,dividend,0.004
NVDA,2021-12-01,dividend,0.004
NVDA,2022-03-02,dividend,0.004
NVDA,2022-06-08,dividend,0.004
NVDA,2022-09-07,dividend,0.004
NVDA,2022-11-30,dividend,0.004
NVDA,2023-03-07,dividend,0.004
NVDA,2023-06-07,dividend,0.004
NVDA,2023-09-06,dividend,0.004
NVDA,2023-12-05,dividend,0.004
NVDA,2024-03-05,dividend,0.004
NVDA,2024-06-10,split,10.0
NVDA,2024-06-11,dividend,0.01
NVDA,2024-09-12,dividend,0.01
NVDA,2024-12-05,dividend,0.01
NVDA,2025-03-12,dividend,0.01
NVDA,2025-06-11,dividend,0.01
NVDA,2025-09-11,dividend,0.01
NVDA,2025-12-04,dividend,0.01
NVDA,2026-03-11,dividend,0.01
NVDA,2026-06-04,dividend,0.25
NVDA,2026-09-10,dividend,0.25
NVO,2017-03-23,dividend,0.3315
NVO,2017-08-17,dividend,0.237
NVO,2018-03-23,dividend,0.335
NVO,2018-08-17,dividend,0.2335
NVO,2019-03-22,dividend,0.3945
NVO,2019-08-16,dividend,0.2245
NVO,2020-03-27,dividend,0.3935
NVO,2020-08-14,dividend,0.259
NVO,2021-03-26,dividend,0.4745
NVO,2021-08-16,dividend,0.2785
NVO,2022-03-25,dividend,0.518
NVO,2022-08-12,dividend,0.292
NVO,2023-03-24,dividend,0.5945
NVO,2023-08-18,dividend,0.442
NVO,2023-09-20,split,2.0
NVO,2024-03-22,dividend,0.93
NVO,2024-08-16,dividend,0.513
NVO,2025-03-31,dividend,1.099
NVO,2025-08-18,dividend,0.584
NVO,2026-03-30,dividend,1.275
NVO,2026-08-17,dividend,0.579
NWL,2016-11-28,dividend,0.19
NWL,2017-02-24,dividend,0.19
NWL,2017-05-26,dividend,0.23
NWL,2017-08-29,dividend,0.23
NWL,2017-11-29,dividend,0.23
NWL,2018-02-27,dividend,0.23
NWL,2018-05-30,dividend,0.23
NWL,2018-08-30,dividend,0.23
NWL,2018-11-29,dividend,0.23
NWL,2019-02-27,dividend,0.23
NWL,2019-05-30,dividend,0.23
NWL,2019-08-29,dividend,0.23
NWL,2019-11-26,dividend,0.23
NWL,2020-02-27,dividend,0.23
NWL,2020-05-28,dividend,0.23
NWL,2020-08-28,dividend,0.23
NWL,2020-11-27,dividend,0.23
NWL,2021-02-25,dividend,0.23
NWL,2021-05-27,dividend,0.23
NWL,2021-08-30,dividend,0.23
NWL,2021-11-29,dividend,0.23
NWL,2022-02-25,dividend,0.23
NWL,2022-05-27,dividend,0.23
NWL,2022-08-30,dividend,0.23
NWL,2022-11-29,dividend,0.23
NWL,2023-02-27,dividend,0.23
NWL,2023-05-30,dividend,0.07
NWL,2023-08-30,dividend,0.07
NWL,2023-11-29,dividend,0.07
NWL,2024-02-28,dividend,0.07
NWL,2024-05-31,dividend,0.07
NWL,2024-08-30,dividend,0.07
NWL,2024-11-29,dividend,0.07
NWL,2025-02-28,dividend,0.07
NWL,2025-05-30,dividend,0.07
NWL,2025-08-29,dividend,0.07
NWL,2025-11-28,dividend,0.07
NWL,2026-02-27,dividend,0.07
NWL,2026-05-29,dividend,0.07
NWL,2026-08-31,dividend,0.07
O,2016-09-29,dividend,0.195736
O,2016-10-28,dividend,0.195736
O,2016-11-29,dividend,0.195736
O,2016-12-29,dividend,0.196705
O,2017-01-30,dividend,0.204457
O,2017-02-27,dividend,0.204457
O,2017-03-30,dividend,0.204457
O,2017-04-27,dividend,0.204457
O,2017-05-30,dividend,0.204457
O,2017-06-29,dividend,0.205426
O,2017-07-28,dividend,0.205426
O,2017-08-30,dividend,0.205426
O,2017-09-29,dividend,0.205426
O,2017-10-31,dividend,0.205426
O,2017-11-30,dividend,0.205426
O,2017-12-29,dividend,0.206395
O,2018-01-31,dividend,0.212209
O,2018-02-28,dividend,0.212209
O,2018-03-29,dividend,0.213178
O,2018-04-30,dividend,0.213178
O,2018-05-31,dividend,0.213178
O,2018-06-29,dividend,0.213178
O,2018-07-31,dividend,0.213178
O,2018-08-31,dividend,0.213178
O,2018-09-28,dividend,0.214147
O,2018-10-31,dividend,0.214147
O,2018-11-30,dividend,0.214147
O,2018-12-31,dividend,0.214147
O,2019-01-31,dividend,0.218992
O,2019-02-28,dividend,0.218992
O,2019-03-29,dividend,0.218992
O,2019-04-30,dividend,0.218992
O,2019-05-31,dividend,0.218992
O,2019-06-28,dividend,0.219961
O,2019-07-31,dividend,0.219961
O,2019-08-30,dividend,0.219961
O,2019-09-30,dividend,0.219961
O,2019-10-31,dividend,0.219961
O,2019-11-29,dividend,0.219961
O,2019-12-31,dividend,0.22093
O,2020-01-31,dividend,0.225775
O,2020-02-28,dividend,0.225775
O,2020-03-31,dividend,0.225775
O,2020-04-30,dividend,0.225775
O,2020-05-29,dividend,0.225775
O,2020-06-30,dividend,0.226744
O,2020-07-31,dividend,0.226744
O,2020-08-31,dividend,0.226744
O,2020-09-30,dividend,0.226744
O,2020-10-30,dividend,0.226744
O,2020-11-30,dividend,0.226744
O,2020-12-31,dividend,0.227713
O,2021-01-29,dividend,0.227713
O,2021-02-26,dividend,0.227713
O,2021-03-31,dividend,0.227713
O,2021-04-30,dividend,0.227713
O,2021-05-28,dividend,0.227713
O,2021-06-30,dividend,0.228682
O,2021-07-30,dividend,0.228682
O,2021-08-31,dividend,0.228682
O,2021-09-30,dividend,0.228682
O,2021-11-01,dividend,0.228682
O,2021-11-15,split,1.032
O,2021-11-30,dividend,0.246
O,2021-12-31,dividend,0.247
O,2022-01-31,dividend,0.247
O,2022-02-28,dividend,0.247
O,2022-03-31,dividend,0.247
O,2022-04-29,dividend,0.247
O,2022-05-31,dividend,0.247
O,2022-06-30,dividend,0.248
O,2022-07-29,dividend,0.248
O,2022-08-31,dividend,0.248
O,2022-09-30,dividend,0.248
O,2022-10-31,dividend,0.248
O,2022-11-30,dividend,0.248
O,2022-12-30,dividend,0.249
O,2023-01-31,dividend,0.249
O,2023-02-28,dividend,0.255
O,2023-03-31,dividend,0.255
O,2023-04-28,dividend,0.255
O,2023-05-31,dividend,0.255
O,2023-06-30,dividend,0.256
O,2023-07-31,dividend,0.256
O,2023-08-31,dividend,0.256
O,2023-09-29,dividend,0.256
O,2023-10-31,dividend,0.256
O,2023-11-30,dividend,0.256
O,2023-12-29,dividend,0.257
O,2024-01-31,dividend,0.257
O,2024-02-29,dividend,0.257
O,2024-03-28,dividend,0.257
O,2024-04-30,dividend,0.257
O,2024-06-03,dividend,0.263
O,2024-07-01,dividend,0.263
O,2024-08-01,dividend,0.263
O,2024-09-03,dividend,0.263
O,2024-10-01,dividend,0.264
O,2024-11-01,dividend,0.264
O,2024-12-02,dividend,0.264
O,2025-01-02,dividend,0.264
O,2025-02-03,dividend,0.264
O,2025-03-03,dividend,0.268
O,2025-04-01,dividend,0.269
O,2025-05-01,dividend,0.269
O,2025-06-02,dividend,0.269
O,2025-07-01,dividend,0.269
O,2025-08-01,dividend,0.269
O,2025-09-02,dividend,0.269
O,2025-10-01,dividend,0.27
O,2025-10-31,dividend,0.27
O,2025-11-28,dividend,0.27
O,2025-12-31,dividend,0.27
O,2026-01-30,dividend,0.27
O,2026-02-27,dividend,0.27
O,2026-03-31,dividend,0.271
O,2026-04-30,dividend,0.271
O,2026-05-29,dividend,0.271
O,2026-06-30,dividend,0.271
O,2026-07-31,dividend,0.271
O,2026-08-31,dividend,0.271
OBDC,2019-09-27,dividend,0.33
OBDC,2019-12-30,dividend,0.35
OBDC,2020-03-30,dividend,0.39
OBDC,2020-06-29,dividend,0.39
OBDC,2020-09-29,dividend,0.39
OBDC,2020-12-30,dividend,0.39
OBDC,2021-03-30,dividend,0.31
OBDC,2021-06-29,dividend,0.31
OBDC,2021-09-29,dividend,0.31
OBDC,2021-12-30,dividend,0.31
OBDC,2022-03-30,dividend,0.31
OBDC,2022-06-29,dividend,0.31
OBDC,2022-09-29,dividend,0.31
OBDC,2022-11-29,dividend,0.03
OBDC,2022-12-29,dividend,0.33
OBDC,2023-03-02,dividend,0.04
OBDC,2023-03-30,dividend,0.33
OBDC,2023-05-30,dividend,0.06
OBDC,2023-06-29,dividend,0.33
OBDC,2023-08-30,dividend,0.07
OBDC,2023-09-28,dividend,0.33
OBDC,2023-11-29,dividend,0.08
OBDC,2023-12-28,dividend,0.35
OBDC,2024-02-29,dividend,0.08
OBDC,2024-03-27,dividend,0.37
OBDC,2024-05-31,dividend,0.05
OBDC,2024-06-28,dividend,0.37
OBDC,2024-08-30,dividend,0.06
OBDC,2024-09-30,dividend,0.37
OBDC,2024-11-29,dividend,0.05
OBDC,2024-12-31,dividend,0.37
OBDC,2025-02-28,dividend,0.05
OBDC,2025-03-31,dividend,0.37
OBDC,2025-05-30,dividend,0.01
OBDC,2025-06-30,dividend,0.37
OBDC,2025-08-29,dividend,0.02
OBDC,2025-09-30,dividend,0.37
OBDC,2025-12-31,dividend,0.37
OBDC,2026-03-31,dividend,0.37
OBDC,2026-06-30,dividend,0.31
OBDC,2026-08-31,dividend,0.02
OCGN,2019-09-30,split,0.016666666666666666
OFAL,2026-07-31,split,0.1
OGG,2018-09-20,split,0.571
OGG,2020-12-02,split,0.016666666666666666
OGG,2022-05-04,split,0.3333333333333333
OKE,2016-10-27,dividend,0.615
OKE,2017-01-26,dividend,0.615
OKE,2017-04-27,dividend,0.615
OKE,2017-08-03,dividend,0.745
OKE,2017-11-03,dividend,0.745
OKE,2018-01-26,dividend,0.77
OKE,2018-04-27,dividend,0.795
OKE,2018-08-03,dividend,0.825
OKE,2018-11-02,dividend,0.855
OKE,2019-01-25,dividend,0.86
OKE,2019-04-26,dividend,0.865
OKE,2019-08-05,dividend,0.89
OKE,2019-11-01,dividend,0.915
OKE,2020-01-24,dividend,0.935
OKE,2020-04-24,dividend,0.935
OKE,2020-07-31,dividend,0.935
OKE,2020-10-30,dividend,0.935
OKE,2021-01-29,dividend,0.935
OKE,2021-04-23,dividend,0.935
OKE,2021-07-30,dividend,0.935
OKE,2021-10-29,dividend,0.935
OKE,2022-01-28,dividend,0.935
OKE,2022-04-29,dividend,0.935
OKE,2022-07-29,dividend,0.935
OKE,2022-10-31,dividend,0.935
OKE,2023-01-27,dividend,0.955
OKE,2023-04-28,dividend,0.955
OKE,2023-07-31,dividend,0.955
OKE,2023-10-31,dividend,0.955
OKE,2024-01-29,dividend,0.99
OKE,2024-04-30,dividend,0.99
OKE,2024-08-01,dividend,0.99
OKE,2024-11-01,dividend,0.99
OKE,2025-02-03,dividend,1.03
OKE,2025-05-05,dividend,1.03
OKE,2025-08-01,dividend,1.03
OKE,2025-11-03,dividend,1.03
OKE,2026-02-02,dividend,1.07
OKE,2026-05-04,dividend,1.07
OKE,2026-08-03,dividend,1.07
OMC,2016-09-20,dividend,0.55
OMC,2016-12-15,dividend,0.55
OMC,2017-03-07,dividend,0.55
OMC,2017-06-12,dividend,0.55
OMC,2017-09-21,dividend,0.55
OMC,2017-12-18,dividend,0.6
OMC,2018-03-08,dividend,0.6
OMC,2018-06-13,dividend,0.6
OMC,2018-09-20,dividend,0.6
OMC,2018-12-20,dividend,0.6
OMC,2019-03-08,dividend,0.65
OMC,2019-06-13,dividend,0.65
OMC,2019-09-19,dividend,0.65
OMC,2019-12-19,dividend,0.65
OMC,2020-03-09,dividend,0.65
OMC,2020-06-11,dividend,0.65
OMC,2020-09-18,dividend,0.65
OMC,2020-12-18,dividend,0.65
OMC,2021-03-09,dividend,0.7
OMC,2021-06-10,dividend,0.7
OMC,2021-09-20,dividend,0.7
OMC,2021-12-20,dividend,0.7
OMC,2022-03-09,dividend,0.7
OMC,2022-06-09,dividend,0.7
OMC,2022-09-20,dividend,0.7
OMC,2022-12-20,dividend,0.7
OMC,2023-03-09,dividend,0.7
OMC,2023-06-08,dividend,0.7
OMC,2023-09-20,dividend,0.7
OMC,2023-12-21,dividend,0.7
OMC,2024-03-08,dividend,0.7
OMC,2024-06-10,dividend,0.7
OMC,2024-09-20,dividend,0.7
OMC,2024-12-20,dividend,0.7
OMC,2025-03-11,dividend,0.7
OMC,2025-06-10,dividend,0.7
OMC,2025-09-02,dividend,0.7
OMC,2025-12-19,dividend,0.8
OMC,2026-03-11,dividend,0.8
OMC,2026-06-10,dividend,0.8
ONB,2016-11-29,dividend,0.13
ONB,2017-02-27,dividend,0.13
ONB,2017-05-30,dividend,0.13
ONB,2017-08-30,dividend,0.13
ONB,2017-11-30,dividend,0.13
ONB,2018-02-28,dividend,0.13
ONB,2018-05-31,dividend,0.13
ONB,2018-08-31,dividend,0.13
ONB,2018-11-30,dividend,0.13
ONB,2019-02-28,dividend,0.13
ONB,2019-05-31,dividend,0.13
ONB,2019-08-30,dividend,0.13
ONB,2019-11-29,dividend,0.13
ONB,2020-02-28,dividend,0.14
ONB,2020-05-29,dividend,0.14
ONB,2020-08-31,dividend,0.14
ONB,2020-11-30,dividend,0.14
ONB,2021-02-26,dividend,0.14
ONB,2021-05-28,dividend,0.14
ONB,2021-08-31,dividend,0.14
ONB,2021-12-03,dividend,0.14
ONB,2022-03-03,dividend,0.14
ONB,2022-05-31,dividend,0.14
ONB,2022-08-31,dividend,0.14
ONB,2022-11-30,dividend,0.14
ONB,2023-02-28,dividend,0.14
ONB,2023-05-31,dividend,0.14
ONB,2023-08-31,dividend,0.14
ONB,2023-11-30,dividend,0.14
ONB,2024-03-04,dividend,0.14
ONB,2024-06-05,dividend,0.14
ONB,2024-09-05,dividend,0.14
ONB,2024-12-05,dividend,0.14
ONB,2025-03-05,dividend,0.14
ONB,2025-06-05,dividend,0.14
ONB,2025-09-05,dividend,0.14
ONB,2025-12-05,dividend,0.14
ONB,2026-03-05,dividend,0.145
ONB,2026-06-05,dividend,0.145
ONB,2026-09-04,dividend,0.145
OPTT,2019-03-12,split,0.05
OPTT,2026-09-14,split,0.03333333333333333
OPTU,2018-06-07,dividend,2.035
ORBS,2024-08-16,split,0.2
ORC,2016-09-26,dividend,0.7
ORC,2016-10-25,dividend,0.7
ORC,2016-11-28,dividend,0.7
ORC,2016-12-28,dividend,0.7
ORC,2017-01-27,dividend,0.7
ORC,2017-02-24,dividend,0.7
ORC,2017-03-29,dividend,0.7
ORC,2017-04-26,dividend,0.7
ORC,2017-05-26,dividend,0.7
ORC,2017-06-28,dividend,0.7
ORC,2017-07-27,dividend,0.7
ORC,2017-08-29,dividend,0.7
ORC,2017-09-28,dividend,0.7
ORC,2017-10-30,dividend,0.7
ORC,2017-11-29,dividend,0.7
ORC,2017-12-28,dividend,0.7
ORC,2018-01-30,dividend,0.55
ORC,2018-02-27,dividend,0.55
ORC,2018-03-28,dividend,0.45
ORC,2018-04-27,dividend,0.45
ORC,2018-05-30,dividend,0.45
ORC,2018-06-28,dividend,0.45
ORC,2018-07-30,dividend,0.45
ORC,2018-08-30,dividend,0.4
ORC,2018-09-27,dividend,0.4
ORC,2018-10-30,dividend,0.4
ORC,2018-11-29,dividend,0.4
ORC,2018-12-28,dividend,0.4
ORC,2019-01-30,dividend,0.4
ORC,2019-02-27,dividend,0.4
ORC,2019-03-28,dividend,0.4
ORC,2019-04-29,dividend,0.4
ORC,2019-05-30,dividend,0.4
ORC,2019-06-27,dividend,0.4
ORC,2019-07-30,dividend,0.4
ORC,2019-08-29,dividend,0.4
ORC,2019-09-27,dividend,0.4
ORC,2019-10-30,dividend,0.4
ORC,2019-11-27,dividend,0.4
ORC,2019-12-30,dividend,0.4
ORC,2020-01-30,dividend,0.4
ORC,2020-02-27,dividend,0.4
ORC,2020-03-30,dividend,0.4
ORC,2020-04-29,dividend,0.275
ORC,2020-05-28,dividend,0.275
ORC,2020-06-29,dividend,0.275
ORC,2020-07-30,dividend,0.3
ORC,2020-08-28,dividend,0.325
ORC,2020-09-29,dividend,0.325
ORC,2020-10-29,dividend,0.325
ORC,2020-11-27,dividend,0.325
ORC,2020-12-30,dividend,0.325
ORC,2021-01-28,dividend,0.325
ORC,2021-02-25,dividend,0.325
ORC,2021-03-30,dividend,0.325
ORC,2021-04-29,dividend,0.325
ORC,2021-05-27,dividend,0.325
ORC,2021-06-29,dividend,0.325
ORC,2021-07-29,dividend,0.325
ORC,2021-08-30,dividend,0.325
ORC,2021-09-29,dividend,0.325
ORC,2021-10-28,dividend,0.325
ORC,2021-11-29,dividend,0.325
ORC,2021-12-30,dividend,0.325
ORC,2022-01-28,dividend,0.275
ORC,2022-02-25,dividend,0.275
ORC,2022-03-30,dividend,0.225
ORC,2022-04-28,dividend,0.225
ORC,2022-05-27,dividend,0.225
ORC,2022-06-29,dividend,0.225
ORC,2022-07-28,dividend,0.225
ORC,2022-08-30,dividend,0.16
ORC,2022-08-31,split,0.2
ORC,2022-09-29,dividend,0.16
ORC,2022-10-28,dividend,0.16
ORC,2022-11-29,dividend,0.16
ORC,2022-12-29,dividend,0.16
ORC,2023-01-30,dividend,0.16
ORC,2023-02-27,dividend,0.16
ORC,2023-03-30,dividend,0.16
ORC,2023-04-27,dividend,0.16
ORC,2023-05-30,dividend,0.16
ORC,2023-06-29,dividend,0.16
ORC,2023-07-28,dividend,0.16
ORC,2023-08-30,dividend,0.16
ORC,2023-09-28,dividend,0.16
ORC,2023-10-30,dividend,0.12
ORC,2023-11-29,dividend,0.12
ORC,2023-12-28,dividend,0.12
ORC,2024-01-30,dividend,0.12
ORC,2024-02-28,dividend,0.12
ORC,2024-03-27,dividend,0.12
ORC,2024-04-29,dividend,0.12
ORC,2024-05-31,dividend,0.12
ORC,2024-06-28,dividend,0.12
ORC,2024-07-31,dividend,0.12
ORC,2024-08-30,dividend,0.12
ORC,2024-09-30,dividend,0.12
ORC,2024-10-31,dividend,0.12
ORC,2024-11-29,dividend,0.12
ORC,2024-12-31,dividend,0.12
ORC,2025-01-31,dividend,0.12
ORC,2025-02-28,dividend,0.12
ORC,2025-03-31,dividend,0.12
ORC,2025-04-30,dividend,0.12
ORC,2025-05-30,dividend,0.12
ORC,2025-06-30,dividend,0.12
ORC,2025-07-31,dividend,0.12
ORC,2025-08-29,dividend,0.12
ORC,2025-09-30,dividend,0.12
ORC,2025-10-31,dividend,0.12
ORC,2025-11-28,dividend,0.12
ORC,2025-12-31,dividend,0.12
ORC,2026-01-30,dividend,0.12
ORC,2026-02-27,dividend,0.12
ORC,2026-03-31,dividend,0.12
ORC,2026-04-30,dividend,0.1
ORC,2026-05-29,dividend,0.1
ORC,2026-06-30,dividend,0.1
ORC,2026-07-31,dividend,0.1
ORC,2026-08-31,dividend,0.1
ORCL,2016-10-07,dividend,0.15
ORCL,2017-01-03,dividend,0.15
ORCL,2017-04-10,dividend,0.19
ORCL,2017-07-17,dividend,0.19
ORCL,2017-10-10,dividend,0.19
ORCL,2018-01-09,dividend,0.19
ORCL,2018-04-16,dividend,0.19
ORCL,2018-07-16,dividend,0.19
ORCL,2018-10-15,dividend,0.19
ORCL,2019-01-15,dividend,0.19
ORCL,2019-04-10,dividend,0.24
ORCL,2019-07-16,dividend,0.24
ORCL,2019-10-09,dividend,0.24
ORCL,2020-01-08,dividend,0.24
ORCL,2020-04-08,dividend,0.24
ORCL,2020-07-14,dividend,0.24
ORCL,2020-10-07,dividend,0.24
ORCL,2021-01-06,dividend,0.24
ORCL,2021-04-07,dividend,0.32
ORCL,2021-07-14,dividend,0.32
ORCL,2021-10-08,dividend,0.32
ORCL,2022-01-06,dividend,0.32
ORCL,2022-04-07,dividend,0.32
ORCL,2022-07-11,dividend,0.32
ORCL,2022-10-11,dividend,0.32
ORCL,2023-01-09,dividend,0.32
ORCL,2023-04-10,dividend,0.4
ORCL,2023-07-11,dividend,0.4
ORCL,2023-10-11,dividend,0.4
ORCL,2024-01-10,dividend,0.4
ORCL,2024-04-09,dividend,0.4
ORCL,2024-07-11,dividend,0.4
ORCL,2024-10-10,dividend,0.4
ORCL,2025-01-10,dividend,0.4
ORCL,2025-04-10,dividend,0.5
ORCL,2025-07-10,dividend,0.5
ORCL,2025-10-09,dividend,0.5
ORCL,2026-01-09,dividend,0.5
ORCL,2026-04-09,dividend,0.5
ORCL,2026-07-10,dividend,0.5
ORLY,2025-06-10,split,15.0
OTLK,2019-03-18,split,0.125
OTLK,2024-03-14,split,0.05
OWL,2021-08-23,dividend,0.04
OWL,2021-11-19,dividend,0.09
OWL,2022-02-25,dividend,0.1
OWL,2022-05-19,dividend,0.1
OWL,2022-08-19,dividend,0.11
OWL,2022-11-18,dividend,0.12
OWL,2023-02-23,dividend,0.13
OWL,2023-05-18,dividend,0.14
OWL,2023-08-18,dividend,0.14
OWL,2023-11-17,dividend,0.14
OWL,2024-02-22,dividend,0.14
OWL,2024-05-20,dividend,0.18
OWL,2024-08-21,dividend,0.18
OWL,2024-11-08,dividend,0.18
OWL,2025-02-19,dividend,0.18
OWL,2025-05-14,dividend,0.225
OWL,2025-08-14,dividend,0.225
OWL,2025-11-10,dividend,0.225
OWL,2026-02-20,dividend,0.225
OWL,2026-05-13,dividend,0.23
OWL,2026-08-13,dividend,0.23
OXY,2016-12-07,dividend,0.76
OXY,2017-03-08,dividend,0.76
OXY,2017-06-07,dividend,0.76
OXY,2017-09-08,dividend,0.77
OXY,2017-12-08,dividend,0.77
OXY,2018-03-08,dividend,0.77
OXY,2018-06-08,dividend,0.77
OXY,2018-09-07,dividend,0.78
OXY,2018-12-07,dividend,0.78
OXY,2019-03-08,dividend,0.78
OXY,2019-06-07,dividend,0.78
OXY,2019-09-09,dividend,0.79
OXY,2019-12-09,dividend,0.79
OXY,2020-03-09,dividend,0.79
OXY,2020-06-12,dividend,0.01
OXY,2020-09-14,dividend,0.01
OXY,2020-12-09,dividend,0.01
OXY,2021-03-09,dividend,0.01
OXY,2021-06-09,dividend,0.01
OXY,2021-09-09,dividend,0.01
OXY,2021-12-09,dividend,0.01
OXY,2022-03-09,dividend,0.13
OXY,2022-06-09,dividend,0.13
OXY,2022-09-09,dividend,0.13
OXY,2022-12-09,dividend,0.13
OXY,2023-03-09,dividend,0.18
OXY,2023-06-08,dividend,0.18
OXY,2023-09-07,dividend,0.18
OXY,2023-12-07,dividend,0.18
OXY,2024-03-07,dividend,0.22
OXY,2024-06-10,dividend,0.22
OXY,2024-09-10,dividend,0.22
OXY,2024-12-10,dividend,0.22
OXY,2025-03-10,dividend,0.24
OXY,2025-06-10,dividend,0.24
OXY,2025-09-10,dividend,0.24
OXY,2025-12-10,dividend,0.24
OXY,2026-03-10,dividend,0.26
OXY,2026-06-10,dividend,0.26
OXY,2026-09-10,dividend,0.28
PAAS,2016-11-23,dividend,0.013
PAAS,2017-02-23,dividend,0.025
PAAS,2017-05-18,dividend,0.025
PAAS,2017-08-17,dividend,0.025
PAAS,2017-11-17,dividend,0.025
PAAS,2018-03-02,dividend,0.035
PAAS,2018-05-18,dividend,0.035
PAAS,2018-08-17,dividend,0.035
PAAS,2018-11-16,dividend,0.035
PAAS,2019-03-01,dividend,0.035
PAAS,2019-05-17,dividend,0.035
PAAS,2019-08-16,dividend,0.035
PAAS,2019-11-15,dividend,0.035
PAAS,2020-02-28,dividend,0.05
PAAS,2020-05-15,dividend,0.05
PAAS,2020-08-14,dividend,0.05
PAAS,2020-11-13,dividend,0.07
PAAS,2021-02-26,dividend,0.07
PAAS,2021-05-21,dividend,0.07
PAAS,2021-08-20,dividend,0.1
PAAS,2021-11-19,dividend,0.1
PAAS,2022-03-04,dividend,0.12
PAAS,2022-05-20,dividend,0.12
PAAS,2022-08-19,dividend,0.11
PAAS,2022-11-18,dividend,0.1
PAAS,2023-03-03,dividend,0.1
PAAS,2023-04-13,dividend,0.1
PAAS,2023-08-18,dividend,0.1
PAAS,2023-11-17,dividend,0.1
PAAS,2024-03-01,dividend,0.1
PAAS,2024-05-17,dividend,0.1
PAAS,2024-08-19,dividend,0.1
PAAS,2024-11-18,dividend,0.1
PAAS,2025-03-03,dividend,0.1
PAAS,2025-05-20,dividend,0.1
PAAS,2026-03-02,dividend,0.18
PAAS,2026-05-19,dividend,0.18
PAAS,2026-08-24,dividend,0.184
PAGP,2016-10-27,dividend,0.552
PAGP,2016-11-16,split,0.375
PAGP,2017-01-27,dividend,0.55
PAGP,2017-04-27,dividend,0.55
PAGP,2017-07-27,dividend,0.55
PAGP,2017-10-30,dividend,0.3
PAGP,2018-01-30,dividend,0.3
PAGP,2018-04-30,dividend,0.3
PAGP,2018-07-30,dividend,0.3
PAGP,2018-10-30,dividend,0.3
PAGP,2019-01-30,dividend,0.3
PAGP,2019-04-30,dividend,0.36
PAGP,2019-07-30,dividend,0.36
PAGP,2019-10-30,dividend,0.36
PAGP,2020-01-30,dividend,0.36
PAGP,2020-04-30,dividend,0.18
PAGP,2020-07-30,dividend,0.18
PAGP,2020-10-29,dividend,0.18
PAGP,2021-01-28,dividend,0.18
PAGP,2021-04-29,dividend,0.18
PAGP,2021-07-29,dividend,0.18
PAGP,2021-10-28,dividend,0.18
PAGP,2022-01-28,dividend,0.18
PAGP,2022-04-28,dividend,0.218
PAGP,2022-07-28,dividend,0.218
PAGP,2022-10-28,dividend,0.218
PAGP,2023-01-30,dividend,0.268
PAGP,2023-04-28,dividend,0.268
PAGP,2023-07-28,dividend,0.268
PAGP,2023-10-30,dividend,0.268
PAGP,2024-01-30,dividend,0.318
PAGP,2024-04-30,dividend,0.318
PAGP,2024-07-31,dividend,0.318
PAGP,2024-10-31,dividend,0.318
PAGP,2025-01-31,dividend,0.38
PAGP,2025-05-01,dividend,0.38
PAGP,2025-07-31,dividend,0.38
PAGP,2025-10-31,dividend,0.38
PAGP,2026-01-30,dividend,0.418
PAGP,2026-05-01,dividend,0.418
PAGP,2026-07-31,dividend,0.418
PAGS,2025-05-23,dividend,0.14
PAGS,2025-07-16,dividend,0.12
PAGS,2026-04-22,dividend,0.26
PAGS,2026-09-16,dividend,0.28
PALI,2017-01-09,split,0.07692307692307693
PALI,2019-07-18,split,0.05
PALI,2021-04-28,split,0.16666666666666666
PALI,2022-11-16,split,0.02
PALI,2024-04-08,split,0.06666666666666667
PANW,2022-09-14,split,3.0
PANW,2024-12-16,split,2.0
PAYX,2016-10-28,dividend,0.46
PAYX,2017-01-30,dividend,0.46
PAYX,2017-05-08,dividend,0.46
PAYX,2017-07-28,dividend,0.5
PAYX,2017-10-31,dividend,0.5
PAYX,2018-01-31,dividend,0.5
PAYX,2018-05-08,dividend,0.56
PAYX,2018-07-31,dividend,0.56
PAYX,2018-10-31,dividend,0.56
PAYX,2019-01-31,dividend,0.56
PAYX,2019-05-14,dividend,0.62
PAYX,2019-07-31,dividend,0.62
PAYX,2019-10-31,dividend,0.62
PAYX,2020-01-31,dividend,0.62
PAYX,2020-05-14,dividend,0.62
PAYX,2020-07-31,dividend,0.62
PAYX,2020-10-30,dividend,0.62
PAYX,2021-01-29,dividend,0.62
PAYX,2021-05-11,dividend,0.66
PAYX,2021-07-30,dividend,0.66
PAYX,2021-10-29,dividend,0.66
PAYX,2022-01-28,dividend,0.66
PAYX,2022-05-11,dividend,0.79
PAYX,2022-08-10,dividend,0.79
PAYX,2022-11-08,dividend,0.79
PAYX,2023-02-08,dividend,0.79
PAYX,2023-05-10,dividend,0.89
PAYX,2023-08-09,dividend,0.89
PAYX,2023-11-13,dividend,0.89
PAYX,2024-02-12,dividend,0.89
PAYX,2024-05-09,dividend,0.98
PAYX,2024-08-08,dividend,0.98
PAYX,2024-11-07,dividend,0.98
PAYX,2025-02-07,dividend,0.98
PAYX,2025-05-12,dividend,1.08
PAYX,2025-07-21,dividend,1.08
PAYX,2025-11-07,dividend,1.08
PAYX,2026-01-28,dividend,1.08
PAYX,2026-05-13,dividend,1.19
PAYX,2026-07-28,dividend,1.19
PBR,2018-05-22,dividend,0.028
PBR,2018-08-14,dividend,0.027
PBR,2018-11-23,dividend,0.053
PBR,2018-12-28,dividend,0.026
PBR,2019-05-22,dividend,0.051
PBR,2019-11-12,dividend,0.099
PBR,2020-07-23,dividend,0.087
PBR,2021-04-15,dividend,0.286
PBR,2021-08-17,dividend,0.621
PBR,2021-12-02,dividend,1.173
PBR,2022-04-14,dividend,1.219
PBR,2022-05-24,dividend,1.468
PBR,2022-08-12,dividend,2.59
PBR,2022-11-22,dividend,1.296
PBR,2023-04-28,dividend,1.157
PBR,2023-06-13,dividend,0.763
PBR,2023-08-22,dividend,0.471
PBR,2023-11-22,dividend,0.548
PBR,2024-04-26,dividend,0.436
PBR,2024-05-03,dividend,0.674
PBR,2024-06-13,dividend,0.381
PBR,2024-08-23,dividend,0.386
PBR,2024-12-13,dividend,0.534
PBR,2024-12-27,dividend,0.463
PBR,2025-04-22,dividend,0.261
PBR,2025-06-04,dividend,0.323
PBR,2025-08-25,dividend,0.247
PBR,2026-04-24,dividend,0.124
PBR,2026-06-03,dividend,0.143
PBR,2026-08-25,dividend,0.53
PCG,2016-09-28,dividend,0.49
PCG,2016-12-28,dividend,0.49
PCG,2017-03-29,dividend,0.49
PCG,2017-06-28,dividend,0.53
PCG,2017-09-28,dividend,0.53
PCG,2023-12-28,dividend,0.01
PCG,2024-03-27,dividend,0.01
PCG,2024-06-28,dividend,0.01
PCG,2024-09-30,dividend,0.01
PCG,2024-12-31,dividend,0.025
PCG,2025-03-31,dividend,0.025
PCG,2025-06-30,dividend,0.025
PCG,2025-09-30,dividend,0.025
PCG,2025-12-31,dividend,0.05
PCG,2026-03-31,dividend,0.05
PCG,2026-06-30,dividend,0.05
PEP,2016-11-30,dividend,0.753
PEP,2017-03-01,dividend,0.753
PEP,2017-05-31,dividend,0.805
PEP,2017-08-30,dividend,0.805
PEP,2017-11-30,dividend,0.805
PEP,2018-03-01,dividend,0.805
PEP,2018-05-31,dividend,0.928
PEP,2018-09-06,dividend,0.928
PEP,2018-12-06,dividend,0.928
PEP,2019-02-28,dividend,0.928
PEP,2019-06-06,dividend,0.955
PEP,2019-09-05,dividend,0.955
PEP,2019-12-05,dividend,0.955
PEP,2020-03-05,dividend,0.955
PEP,2020-06-04,dividend,1.023
PEP,2020-09-03,dividend,1.023
PEP,2020-12-03,dividend,1.023
PEP,2021-03-04,dividend,1.023
PEP,2021-06-03,dividend,1.075
PEP,2021-09-02,dividend,1.075
PEP,2021-12-02,dividend,1.075
PEP,2022-03-03,dividend,1.075
PEP,2022-06-02,dividend,1.15
PEP,2022-09-01,dividend,1.15
PEP,2022-12-01,dividend,1.15
PEP,2023-03-02,dividend,1.15
PEP,2023-06-01,dividend,1.265
PEP,2023-08-31,dividend,1.265
PEP,2023-11-30,dividend,1.265
PEP,2024-02-29,dividend,1.265
PEP,2024-06-07,dividend,1.355
PEP,2024-09-06,dividend,1.355
PEP,2024-12-06,dividend,1.355
PEP,2025-03-07,dividend,1.355
PEP,2025-06-06,dividend,1.423
PEP,2025-09-05,dividend,1.423
PEP,2025-12-05,dividend,1.423
PEP,2026-03-06,dividend,1.423
PEP,2026-06-05,dividend,1.48
PEP,2026-09-04,dividend,1.48
PFE,2016-11-08,dividend,0.28463
PFE,2017-02-01,dividend,0.303605
PFE,2017-05-10,dividend,0.303605
PFE,2017-08-02,dividend,0.303605
PFE,2017-11-09,dividend,0.303605
PFE,2018-02-01,dividend,0.322581
PFE,2018-05-10,dividend,0.322581
PFE,2018-08-02,dividend,0.322581
PFE,2018-11-08,dividend,0.322581
PFE,2019-01-31,dividend,0.341556
PFE,2019-05-09,dividend,0.341556
PFE,2019-08-01,dividend,0.341556
PFE,2019-11-07,dividend,0.341556
PFE,2020-01-30,dividend,0.360531
PFE,2020-05-07,dividend,0.360531
PFE,2020-07-30,dividend,0.360531
PFE,2020-11-05,dividend,0.360531
PFE,2020-11-17,split,1.054
PFE,2021-01-28,dividend,0.39
PFE,2021-05-06,dividend,0.39
PFE,2021-07-29,dividend,0.39
PFE,2021-11-04,dividend,0.39
PFE,2022-01-27,dividend,0.4
PFE,2022-05-12,dividend,0.4
PFE,2022-07-28,dividend,0.4
PFE,2022-11-03,dividend,0.4
PFE,2023-01-26,dividend,0.41
PFE,2023-05-11,dividend,0.41
PFE,2023-07-27,dividend,0.41
PFE,2023-11-09,dividend,0.41
PFE,2024-01-25,dividend,0.42
PFE,2024-05-09,dividend,0.42
PFE,2024-07-26,dividend,0.42
PFE,2024-11-08,dividend,0.42
PFE,2025-01-24,dividend,0.43
PFE,2025-05-09,dividend,0.43
PFE,2025-07-25,dividend,0.43
PFE,2025-11-07,dividend,0.43
PFE,2026-01-23,dividend,0.43
PFE,2026-05-08,dividend,0.43
PFE,2026-07-24,dividend,0.43
PFSA,2026-02-09,split,0.013333333333333334
PFSA,2026-07-07,split,0.04
PFSA,2026-08-17,split,0.25
PG,2016-10-19,dividend,0.67
PG,2017-01-18,dividend,0.67
PG,2017-04-19,dividend,0.69
PG,2017-07-19,dividend,0.69
PG,2017-10-19,dividend,0.69
PG,2018-01-18,dividend,0.69
PG,2018-04-19,dividend,0.717
PG,2018-07-19,dividend,0.717
PG,2018-10-18,dividend,0.717
PG,2019-01-17,dividend,0.717
PG,2019-04-17,dividend,0.746
PG,2019-07-18,dividend,0.746
PG,2019-10-17,dividend,0.746
PG,2020-01-23,dividend,0.746
PG,2020-04-23,dividend,0.791
PG,2020-07-23,dividend,0.791
PG,2020-10-22,dividend,0.791
PG,2021-01-21,dividend,0.791
PG,2021-04-22,dividend,0.87
PG,2021-07-22,dividend,0.87
PG,2021-10-21,dividend,0.87
PG,2022-01-20,dividend,0.87
PG,2022-04-21,dividend,0.913
PG,2022-07-21,dividend,0.913
PG,2022-10-20,dividend,0.913
PG,2023-01-19,dividend,0.913
PG,2023-04-20,dividend,0.941
PG,2023-07-20,dividend,0.941
PG,2023-10-19,dividend,0.941
PG,2024-01-18,dividend,0.941
PG,2024-04-18,dividend,1.007
PG,2024-07-19,dividend,1.007
PG,2024-10-18,dividend,1.007
PG,2025-01-24,dividend,1.007
PG,2025-04-21,dividend,1.057
PG,2025-07-18,dividend,1.057
PG,2025-10-24,dividend,1.057
PG,2026-01-23,dividend,1.057
PG,2026-04-24,dividend,1.089
PG,2026-07-24,dividend,1.089
PK,2017-01-17,dividend,2.79
PK,2017-03-29,dividend,0.43
PK,2017-06-28,dividend,0.43
PK,2017-09-28,dividend,0.43
PK,2017-12-28,dividend,0.55
PK,2018-03-28,dividend,0.43
PK,2018-06-28,dividend,0.88
PK,2018-09-27,dividend,0.43
PK,2018-12-28,dividend,1.0
PK,2019-03-28,dividend,0.45
PK,2019-06-27,dividend,0.45
PK,2019-09-27,dividend,0.45
PK,2019-12-30,dividend,0.55
PK,2020-03-30,dividend,0.45
PK,2022-03-30,dividend,0.01
PK,2022-06-29,dividend,0.01
PK,2022-09-29,dividend,0.01
PK,2022-12-29,dividend,0.25
PK,2023-03-30,dividend,0.15
PK,2023-06-29,dividend,0.15
PK,2023-09-28,dividend,0.15
PK,2023-12-28,dividend,1.7
PK,2024-03-27,dividend,0.25
PK,2024-06-28,dividend,0.25
PK,2024-09-30,dividend,0.25
PK,2024-12-31,dividend,0.65
PK,2025-03-31,dividend,0.25
PK,2025-06-30,dividend,0.25
PK,2025-09-30,dividend,0.25
PK,2025-12-31,dividend,0.25
PK,2026-03-31,dividend,0.25
PK,2026-06-30,dividend,0.25
PLD,2016-12-15,dividend,0.42
PLD,2017-03-13,dividend,0.44
PLD,2017-06-12,dividend,0.44
PLD,2017-09-15,dividend,0.44
PLD,2017-12-15,dividend,0.44
PLD,2018-03-14,dividend,0.48
PLD,2018-06-13,dividend,0.48
PLD,2018-09-14,dividend,0.48
PLD,2018-12-17,dividend,0.48
PLD,2019-03-14,dividend,0.53
PLD,2019-06-12,dividend,0.53
PLD,2019-09-19,dividend,0.53
PLD,2019-12-18,dividend,0.53
PLD,2020-03-13,dividend,0.58
PLD,2020-06-15,dividend,0.58
PLD,2020-09-16,dividend,0.58
PLD,2020-12-17,dividend,0.58
PLD,2021-03-18,dividend,0.63
PLD,2021-06-15,dividend,0.63
PLD,2021-09-16,dividend,0.63
PLD,2021-12-13,dividend,0.63
PLD,2022-03-17,dividend,0.79
PLD,2022-06-15,dividend,0.79
PLD,2022-09-14,dividend,0.79
PLD,2022-12-16,dividend,0.79
PLD,2023-03-16,dividend,0.87
PLD,2023-06-15,dividend,0.87
PLD,2023-09-15,dividend,0.87
PLD,2023-12-15,dividend,0.87
PLD,2024-03-15,dividend,0.96
PLD,2024-06-17,dividend,0.96
PLD,2024-09-16,dividend,0.96
PLD,2024-12-16,dividend,0.96
PLD,2025-03-18,dividend,1.01
PLD,2025-06-17,dividend,1.01
PLD,2025-09-16,dividend,1.01
PLD,2025-12-16,dividend,1.01
PLD,2026-03-17,dividend,1.07
PLD,2026-06-16,dividend,1.07
PLD,2026-09-16,dividend,1.07
PM,2016-09-26,dividend,1.04
PM,2016-12-20,dividend,1.04
PM,2017-03-21,dividend,1.04
PM,2017-06-21,dividend,1.04
PM,2017-09-26,dividend,1.07
PM,2017-12-20,dividend,1.07
PM,2018-03-21,dividend,1.07
PM,2018-06-21,dividend,1.14
PM,2018-09-25,dividend,1.14
PM,2018-12-19,dividend,1.14
PM,2019-03-25,dividend,1.14
PM,2019-06-20,dividend,1.14
PM,2019-09-24,dividend,1.17
PM,2019-12-18,dividend,1.17
PM,2020-03-20,dividend,1.17
PM,2020-06-19,dividend,1.17
PM,2020-09-23,dividend,1.2
PM,2020-12-22,dividend,1.2
PM,2021-03-19,dividend,1.2
PM,2021-06-24,dividend,1.2
PM,2021-09-28,dividend,1.25
PM,2021-12-22,dividend,1.25
PM,2022-03-23,dividend,1.25
PM,2022-06-30,dividend,1.25
PM,2022-09-27,dividend,1.27
PM,2022-12-21,dividend,1.27
PM,2023-03-22,dividend,1.27
PM,2023-06-22,dividend,1.27
PM,2023-09-26,dividend,1.3
PM,2023-12-20,dividend,1.3
PM,2024-03-20,dividend,1.3
PM,2024-06-21,dividend,1.3
PM,2024-09-26,dividend,1.35
PM,2024-12-26,dividend,1.35
PM,2025-03-20,dividend,1.35
PM,2025-06-27,dividend,1.35
PM,2025-10-03,dividend,1.47
PM,2025-12-26,dividend,1.47
PM,2026-03-19,dividend,1.47
PM,2026-06-25,dividend,1.47
PMI,2026-08-03,split,0.02
PNR,2016-10-19,dividend,0.228341
PNR,2017-01-25,dividend,0.231699
PNR,2017-04-19,dividend,0.231699
PNR,2017-07-19,dividend,0.231699
PNR,2017-10-19,dividend,0.231699
PNR,2018-01-25,dividend,0.235057
PNR,2018-04-12,dividend,0.235057
PNR,2018-05-01,split,1.489
PNR,2018-07-19,dividend,0.175
PNR,2018-10-18,dividend,0.175
PNR,2019-01-24,dividend,0.18
PNR,2019-04-17,dividend,0.18
PNR,2019-07-18,dividend,0.18
PNR,2019-10-17,dividend,0.18
PNR,2020-01-23,dividend,0.19
PNR,2020-04-16,dividend,0.19
PNR,2020-07-23,dividend,0.19
PNR,2020-10-22,dividend,0.19
PNR,2021-01-21,dividend,0.2
PNR,2021-04-22,dividend,0.2
PNR,2021-07-22,dividend,0.2
PNR,2021-10-21,dividend,0.2
PNR,2022-01-20,dividend,0.21
PNR,2022-04-21,dividend,0.21
PNR,2022-07-21,dividend,0.21
PNR,2022-10-20,dividend,0.21
PNR,2023-01-19,dividend,0.22
PNR,2023-04-20,dividend,0.22
PNR,2023-07-20,dividend,0.22
PNR,2023-10-19,dividend,0.22
PNR,2024-01-18,dividend,0.23
PNR,2024-04-18,dividend,0.23
PNR,2024-07-19,dividend,0.23
PNR,2024-10-18,dividend,0.23
PNR,2025-01-24,dividend,0.25
PNR,2025-04-17,dividend,0.25
PNR,2025-07-18,dividend,0.25
PNR,2025-10-24,dividend,0.25
PNR,2026-01-23,dividend,0.27
PNR,2026-04-17,dividend,0.27
PNR,2026-07-24,dividend,0.27
POET,2022-02-28,split,0.1
PPCB,2017-04-20,split,0.004
PPCB,2019-06-24,split,0.002
PPCB,2020-11-19,split,0.001
PPCB,2025-01-29,split,0.5
PPCB,2026-05-18,split,0.04
PPL,2016-12-07,dividend,0.38
PPL,2017-03-08,dividend,0.395
PPL,2017-06-07,dividend,0.395
PPL,2017-09-07,dividend,0.395
PPL,2017-12-07,dividend,0.395
PPL,2018-03-08,dividend,0.41
PPL,2018-06-07,dividend,0.41
PPL,2018-09-07,dividend,0.41
PPL,2018-12-07,dividend,0.41
PPL,2019-03-07,dividend,0.413
PPL,2019-06-07,dividend,0.413
PPL,2019-09-09,dividend,0.413
PPL,2019-12-09,dividend,0.413
PPL,2020-03-09,dividend,0.415
PPL,2020-06-09,dividend,0.415
PPL,2020-09-09,dividend,0.415
PPL,2020-12-09,dividend,0.415
PPL,2021-03-09,dividend,0.415
PPL,2021-06-09,dividend,0.415
PPL,2021-09-09,dividend,0.415
PPL,2021-12-09,dividend,0.415
PPL,2022-03-09,dividend,0.2
PPL,2022-06-17,dividend,0.225
PPL,2022-09-08,dividend,0.225
PPL,2022-12-08,dividend,0.225
PPL,2023-03-09,dividend,0.24
PPL,2023-06-08,dividend,0.24
PPL,2023-09-07,dividend,0.24
PPL,2023-12-07,dividend,0.24
PPL,2024-03-07,dividend,0.258
PPL,2024-06-10,dividend,0.258
PPL,2024-09-10,dividend,0.258
PPL,2024-12-10,dividend,0.258
PPL,2025-03-10,dividend,0.273
PPL,2025-06-10,dividend,0.273
PPL,2025-09-10,dividend,0.273
PPL,2025-12-10,dividend,0.273
PPL,2026-03-10,dividend,0.285
PPL,2026-06-10,dividend,0.285
PPL,2026-09-10,dividend,0.285
PR,2022-11-18,dividend,0.05
PR,2023-03-06,dividend,0.05
PR,2023-05-15,dividend,0.1
PR,2023-08-14,dividend,0.1
PR,2023-11-17,dividend,0.12
PR,2024-03-12,dividend,0.15
PR,2024-05-20,dividend,0.2
PR,2024-08-19,dividend,0.21
PR,2024-11-14,dividend,0.15
PR,2025-03-17,dividend,0.15
PR,2025-06-16,dividend,0.15
PR,2025-09-16,dividend,0.15
PR,2025-12-17,dividend,0.15
PR,2026-03-17,dividend,0.16
PR,2026-06-16,dividend,0.16
PR,2026-09-16,dividend,0.16
PRGO,2016-11-22,dividend,0.145
PRGO,2017-03-01,dividend,0.16
PRGO,2017-05-24,dividend,0.16
PRGO,2017-08-23,dividend,0.16
PRGO,2017-11-30,dividend,0.16
PRGO,2018-03-01,dividend,0.19
PRGO,2018-05-31,dividend,0.19
PRGO,2018-08-30,dividend,0.19
PRGO,2018-11-29,dividend,0.19
PRGO,2019-02-28,dividend,0.19
PRGO,2019-05-30,dividend,0.21
PRGO,2019-08-29,dividend,0.21
PRGO,2019-11-27,dividend,0.21
PRGO,2020-02-27,dividend,0.225
PRGO,2020-05-28,dividend,0.225
PRGO,2020-08-27,dividend,0.225
PRGO,2020-11-25,dividend,0.225
PRGO,2021-03-11,dividend,0.24
PRGO,2021-06-03,dividend,0.24
PRGO,2021-09-02,dividend,0.24
PRGO,2021-12-02,dividend,0.24
PRGO,2022-02-25,dividend,0.26
PRGO,2022-06-02,dividend,0.26
PRGO,2022-09-01,dividend,0.26
PRGO,2022-12-01,dividend,0.26
PRGO,2023-03-09,dividend,0.273
PRGO,2023-06-01,dividend,0.273
PRGO,2023-08-31,dividend,0.273
PRGO,2023-11-30,dividend,0.273
PRGO,2024-03-07,dividend,0.276
PRGO,2024-05-31,dividend,0.276
PRGO,2024-08-30,dividend,0.276
PRGO,2024-11-29,dividend,0.276
PRGO,2025-03-07,dividend,0.29
PRGO,2025-05-30,dividend,0.29
PRGO,2025-08-29,dividend,0.29
PRGO,2026-03-02,dividend,0.29
PRGO,2026-05-29,dividend,0.29
PRGO,2026-08-28,dividend,0.29
PRMB,2016-11-25,dividend,0.06
PRMB,2017-03-10,dividend,0.06
PRMB,2017-05-31,dividend,0.06
PRMB,2017-08-21,dividend,0.06
PRMB,2017-11-27,dividend,0.06
PRMB,2018-03-12,dividend,0.06
PRMB,2018-05-31,dividend,0.06
PRMB,2018-08-21,dividend,0.06
PRMB,2018-11-26,dividend,0.06
PRMB,2019-03-11,dividend,0.06
PRMB,2019-05-30,dividend,0.06
PRMB,2019-08-20,dividend,0.06
PRMB,2019-11-25,dividend,0.06
PRMB,2020-03-09,dividend,0.06
PRMB,2020-06-04,dividend,0.06
PRMB,2020-08-18,dividend,0.06
PRMB,2020-11-23,dividend,0.06
PRMB,2021-03-11,dividend,0.06
PRMB,2021-06-03,dividend,0.06
PRMB,2021-08-18,dividend,0.06
PRMB,2021-11-22,dividend,0.06
PRMB,2022-03-10,dividend,0.07
PRMB,2022-06-09,dividend,0.07
PRMB,2022-08-23,dividend,0.07
PRMB,2022-11-28,dividend,0.07
PRMB,2023-03-09,dividend,0.08
PRMB,2023-06-01,dividend,0.08
PRMB,2023-08-23,dividend,0.08
PRMB,2023-11-20,dividend,0.08
PRMB,2024-03-07,dividend,0.09
PRMB,2024-06-07,dividend,0.09
PRMB,2024-08-22,dividend,0.09
PRMB,2024-11-05,dividend,0.82
PRMB,2024-11-22,dividend,0.09
PRMB,2025-03-07,dividend,0.1
PRMB,2025-06-06,dividend,0.1
PRMB,2025-08-21,dividend,0.1
PRMB,2025-11-25,dividend,0.1
PRMB,2026-03-06,dividend,0.12
PRMB,2026-06-04,dividend,0.12
PRMB,2026-08-24,dividend,0.12
PSEC,2016-09-28,dividend,0.083
PSEC,2016-10-27,dividend,0.083
PSEC,2016-11-28,dividend,0.083
PSEC,2016-12-28,dividend,0.083
PSEC,2017-01-27,dividend,0.083
PSEC,2017-02-24,dividend,0.083
PSEC,2017-03-29,dividend,0.083
PSEC,2017-04-26,dividend,0.083
PSEC,2017-05-26,dividend,0.083
PSEC,2017-06-28,dividend,0.083
PSEC,2017-07-27,dividend,0.083
PSEC,2017-08-29,dividend,0.083
PSEC,2017-09-28,dividend,0.06
PSEC,2017-10-30,dividend,0.06
PSEC,2017-11-29,dividend,0.06
PSEC,2017-12-28,dividend,0.06
PSEC,2018-01-30,dividend,0.06
PSEC,2018-02-27,dividend,0.06
PSEC,2018-03-28,dividend,0.06
PSEC,2018-04-27,dividend,0.06
PSEC,2018-05-30,dividend,0.06
PSEC,2018-06-28,dividend,0.06
PSEC,2018-07-30,dividend,0.06
PSEC,2018-08-30,dividend,0.06
PSEC,2018-09-27,dividend,0.06
PSEC,2018-10-30,dividend,0.06
PSEC,2018-11-29,dividend,0.06
PSEC,2018-12-31,dividend,0.06
PSEC,2019-01-30,dividend,0.06
PSEC,2019-02-27,dividend,0.06
PSEC,2019-03-28,dividend,0.06
PSEC,2019-04-29,dividend,0.06
PSEC,2019-05-30,dividend,0.06
PSEC,2019-06-27,dividend,0.06
PSEC,2019-07-30,dividend,0.06
PSEC,2019-08-29,dividend,0.06
PSEC,2019-09-27,dividend,0.06
PSEC,2019-10-30,dividend,0.06
PSEC,2019-11-27,dividend,0.06
PSEC,2019-12-31,dividend,0.06
PSEC,2020-01-30,dividend,0.06
PSEC,2020-02-27,dividend,0.06
PSEC,2020-03-30,dividend,0.06
PSEC,2020-04-29,dividend,0.06
PSEC,2020-05-28,dividend,0.06
PSEC,2020-06-29,dividend,0.06
PSEC,2020-07-30,dividend,0.06
PSEC,2020-08-28,dividend,0.06
PSEC,2020-09-29,dividend,0.06
PSEC,2020-10-29,dividend,0.06
PSEC,2020-11-27,dividend,0.06
PSEC,2020-12-30,dividend,0.06
PSEC,2021-01-28,dividend,0.06
PSEC,2021-02-25,dividend,0.06
PSEC,2021-03-30,dividend,0.06
PSEC,2021-04-19,dividend,0.06
PSEC,2021-04-29,dividend,0.06
PSEC,2021-05-26,dividend,0.06
PSEC,2021-06-25,dividend,0.06
PSEC,2021-07-27,dividend,0.06
PSEC,2021-08-26,dividend,0.06
PSEC,2021-09-27,dividend,0.06
PSEC,2021-10-26,dividend,0.06
PSEC,2021-11-24,dividend,0.06
PSEC,2021-12-28,dividend,0.06
PSEC,2022-01-26,dividend,0.06
PSEC,2022-02-23,dividend,0.06
PSEC,2022-03-28,dividend,0.06
PSEC,2022-04-26,dividend,0.06
PSEC,2022-05-26,dividend,0.06
PSEC,2022-06-27,dividend,0.06
PSEC,2022-07-26,dividend,0.06
PSEC,2022-08-26,dividend,0.06
PSEC,2022-09-27,dividend,0.06
PSEC,2022-10-26,dividend,0.06
PSEC,2022-11-25,dividend,0.06
PSEC,2022-12-27,dividend,0.06
PSEC,2023-01-26,dividend,0.06
PSEC,2023-02-23,dividend,0.06
PSEC,2023-03-28,dividend,0.06
PSEC,2023-04-25,dividend,0.06
PSEC,2023-05-25,dividend,0.06
PSEC,2023-06-27,dividend,0.06
PSEC,2023-07-26,dividend,0.06
PSEC,2023-08-28,dividend,0.06
PSEC,2023-09-26,dividend,0.06
PSEC,2023-10-26,dividend,0.06
PSEC,2023-11-27,dividend,0.06
PSEC,2023-12-26,dividend,0.06
PSEC,2024-01-26,dividend,0.06
PSEC,2024-02-26,dividend,0.06
PSEC,2024-03-26,dividend,0.06
PSEC,2024-04-25,dividend,0.06
PSEC,2024-05-29,dividend,0.06
PSEC,2024-06-26,dividend,0.06
PSEC,2024-07-29,dividend,0.06
PSEC,2024-08-28,dividend,0.06
PSEC,2024-09-26,dividend,0.06
PSEC,2024-10-29,dividend,0.06
PSEC,2024-11-26,dividend,0.045
PSEC,2024-12-27,dividend,0.045
PSEC,2025-01-29,dividend,0.045
PSEC,2025-02-26,dividend,0.045
PSEC,2025-03-27,dividend,0.045
PSEC,2025-04-28,dividend,0.045
PSEC,2025-05-28,dividend,0.045
PSEC,2025-06-26,dividend,0.045
PSEC,2025-07-29,dividend,0.045
PSEC,2025-08-27,dividend,0.045
PSEC,2025-09-26,dividend,0.045
PSEC,2025-10-29,dividend,0.045
PSEC,2025-11-25,dividend,0.045
PSEC,2025-12-29,dividend,0.045
PSEC,2026-01-28,dividend,0.045
PSEC,2026-02-25,dividend,0.045
PSEC,2026-03-27,dividend,0.045
PSEC,2026-04-28,dividend,0.045
PSEC,2026-05-27,dividend,0.035
PSEC,2026-06-26,dividend,0.035
PSEC,2026-07-29,dividend,0.035
PSEC,2026-08-27,dividend,0.035
PSKY,2016-12-07,dividend,0.18
PSKY,2017-03-08,dividend,0.18
PSKY,2017-06-07,dividend,0.18
PSKY,2017-09-07,dividend,0.18
PSKY,2017-12-08,dividend,0.18
PSKY,2018-03-08,dividend,0.18
PSKY,2018-06-07,dividend,0.18
PSKY,2018-09-07,dividend,0.18
PSKY,2018-12-10,dividend,0.18
PSKY,2019-03-08,dividend,0.18
PSKY,2019-06-07,dividend,0.18
PSKY,2019-09-09,dividend,0.18
PSKY,2019-12-27,dividend,0.24
PSKY,2020-03-13,dividend,0.24
PSKY,2020-06-12,dividend,0.24
PSKY,2020-09-14,dividend,0.24
PSKY,2020-12-14,dividend,0.24
PSKY,2021-03-12,dividend,0.24
PSKY,2021-06-14,dividend,0.24
PSKY,2021-09-14,dividend,0.24
PSKY,2021-12-14,dividend,0.24
PSKY,2022-03-14,dividend,0.24
PSKY,2022-06-14,dividend,0.24
PSKY,2022-09-14,dividend,0.24
PSKY,2022-12-14,dividend,0.24
PSKY,2023-03-17,dividend,0.24
PSKY,2023-06-14,dividend,0.05
PSKY,2023-09-14,dividend,0.05
PSKY,2023-12-14,dividend,0.05
PSKY,2024-03-14,dividend,0.05
PSKY,2024-06-17,dividend,0.05
PSKY,2024-09-16,dividend,0.05
PSKY,2024-12-16,dividend,0.05
PSKY,2025-03-17,dividend,0.05
PSKY,2025-06-16,dividend,0.05
PSKY,2025-09-15,dividend,0.05
PSKY,2025-12-18,dividend,0.05
PSKY,2026-03-16,dividend,0.05
PSKY,2026-06-15,dividend,0.05
PSKY,2026-09-15,dividend,0.05
PTEN,2016-12-06,dividend,0.02
PTEN,2017-03-06,dividend,0.02
PTEN,2017-06-06,dividend,0.02
PTEN,2017-09-06,dividend,0.02
PTEN,2017-12-06,dividend,0.02
PTEN,2018-03-07,dividend,0.02
PTEN,2018-06-06,dividend,0.04
PTEN,2018-09-05,dividend,0.04
PTEN,2018-12-06,dividend,0.04
PTEN,2019-03-06,dividend,0.04
PTEN,2019-06-05,dividend,0.04
PTEN,2019-09-04,dividend,0.04
PTEN,2019-12-04,dividend,0.04
PTEN,2020-03-04,dividend,0.04
PTEN,2020-06-03,dividend,0.02
PTEN,2020-09-02,dividend,0.02
PTEN,2020-12-02,dividend,0.02
PTEN,2021-03-03,dividend,0.02
PTEN,2021-06-02,dividend,0.02
PTEN,2021-09-01,dividend,0.02
PTEN,2021-12-01,dividend,0.02
PTEN,2022-03-02,dividend,0.04
PTEN,2022-06-01,dividend,0.04
PTEN,2022-08-31,dividend,0.04
PTEN,2022-11-30,dividend,0.08
PTEN,2023-03-01,dividend,0.08
PTEN,2023-05-31,dividend,0.08
PTEN,2023-09-06,dividend,0.08
PTEN,2023-11-30,dividend,0.08
PTEN,2024-02-29,dividend,0.08
PTEN,2024-06-03,dividend,0.08
PTEN,2024-09-03,dividend,0.08
PTEN,2024-12-02,dividend,0.08
PTEN,2025-03-03,dividend,0.08
PTEN,2025-06-02,dividend,0.08
PTEN,2025-09-02,dividend,0.08
PTEN,2025-12-01,dividend,0.08
PTEN,2026-03-02,dividend,0.1
PTEN,2026-06-01,dividend,0.1
PTEN,2026-09-01,dividend,0.1
PYPL,2025-11-19,dividend,0.14
PYPL,2026-03-04,dividend,0.14
PYPL,2026-06-04,dividend,0.14
PYPL,2026-09-04,dividend,0.14
QCOM,2016-11-28,dividend,0.53
QCOM,2017-02-27,dividend,0.53
QCOM,2017-05-26,dividend,0.57
QCOM,2017-08-28,dividend,0.57
QCOM,2017-11-28,dividend,0.57
QCOM,2018-02-27,dividend,0.57
QCOM,2018-05-29,dividend,0.62
QCOM,2018-09-04,dividend,0.62
QCOM,2018-12-06,dividend,0.62
QCOM,2019-03-06,dividend,0.62
QCOM,2019-06-05,dividend,0.62
QCOM,2019-09-11,dividend,0.62
QCOM,2019-12-04,dividend,0.62
QCOM,2020-03-04,dividend,0.62
QCOM,2020-06-03,dividend,0.65
QCOM,2020-09-02,dividend,0.65
QCOM,2020-12-02,dividend,0.65
QCOM,2021-03-03,dividend,0.65
QCOM,2021-06-02,dividend,0.68
QCOM,2021-09-01,dividend,0.68
QCOM,2021-12-01,dividend,0.68
QCOM,2022-03-02,dividend,0.68
QCOM,2022-06-01,dividend,0.75
QCOM,2022-08-31,dividend,0.75
QCOM,2022-11-30,dividend,0.75
QCOM,2023-03-01,dividend,0.75
QCOM,2023-05-31,dividend,0.8
QCOM,2023-08-30,dividend,0.8
QCOM,2023-11-29,dividend,0.8
QCOM,2024-02-28,dividend,0.8
QCOM,2024-05-30,dividend,0.85
QCOM,2024-09-05,dividend,0.85
QCOM,2024-12-05,dividend,0.85
QCOM,2025-03-06,dividend,0.85
QCOM,2025-06-05,dividend,0.89
QCOM,2025-09-04,dividend,0.89
QCOM,2025-12-04,dividend,0.89
QCOM,2026-03-05,dividend,0.89
QCOM,2026-06-04,dividend,0.92
QCOM,2026-09-03,dividend,0.92
QFIN,2021-12-14,dividend,0.28
QFIN,2022-04-05,dividend,0.26
QFIN,2022-06-16,dividend,0.22
QFIN,2022-09-15,dividend,0.18
QFIN,2022-12-09,dividend,0.16
QFIN,2023-04-10,dividend,0.16
QFIN,2023-09-21,dividend,0.5
QFIN,2024-04-12,dividend,0.58
QFIN,2024-09-27,dividend,0.6
QFIN,2025-04-23,dividend,0.7
QFIN,2025-09-08,dividend,0.76
QFIN,2026-04-22,dividend,0.78
QFIN,2026-09-09,dividend,0.46
QSR,2016-12-06,dividend,0.17
QSR,2017-03-01,dividend,0.18
QSR,2017-05-11,dividend,0.19
QSR,2017-09-14,dividend,0.2
QSR,2017-12-14,dividend,0.21
QSR,2018-03-14,dividend,0.45
QSR,2018-05-14,dividend,0.45
QSR,2018-09-06,dividend,0.45
QSR,2018-12-14,dividend,0.45
QSR,2019-03-14,dividend,0.5
QSR,2019-06-14,dividend,0.5
QSR,2019-09-16,dividend,0.5
QSR,2019-12-16,dividend,0.5
QSR,2020-03-13,dividend,0.52
QSR,2020-06-16,dividend,0.52
QSR,2020-09-17,dividend,0.52
QSR,2020-12-18,dividend,0.52
QSR,2021-03-22,dividend,0.53
QSR,2021-06-22,dividend,0.53
QSR,2021-09-20,dividend,0.53
QSR,2021-12-20,dividend,0.53
QSR,2022-03-22,dividend,0.54
QSR,2022-06-21,dividend,0.54
QSR,2022-09-20,dividend,0.54
QSR,2022-12-20,dividend,0.54
QSR,2023-03-21,dividend,0.55
QSR,2023-06-21,dividend,0.55
QSR,2023-09-19,dividend,0.55
QSR,2023-12-20,dividend,0.55
QSR,2024-03-20,dividend,0.58
QSR,2024-06-21,dividend,0.58
QSR,2024-09-20,dividend,0.58
QSR,2024-12-20,dividend,0.58
QSR,2025-03-21,dividend,0.62
QSR,2025-06-24,dividend,0.62
QSR,2025-09-23,dividend,0.62
QSR,2025-12-23,dividend,0.62
QSR,2026-03-19,dividend,0.65
QSR,2026-06-23,dividend,0.65
QUBT,2018-07-03,split,0.005
QXO,2017-01-24,dividend,0.16
QXO,2017-05-03,dividend,0.16
QXO,2017-11-27,dividend,0.32
QXO,2019-01-04,dividend,0.4
QXO,2020-01-06,dividend,4.0
QXO,2020-12-18,dividend,3.2
QXO,2021-07-08,dividend,4.8
QXO,2023-08-17,dividend,1.6
QXO,2024-06-05,dividend,26.184
QXO,2024-06-06,split,0.125
RC,2016-09-28,dividend,0.4
RC,2016-12-28,dividend,0.35
RC,2017-03-29,dividend,0.37
RC,2017-06-28,dividend,0.37
RC,2017-09-28,dividend,0.37
RC,2017-12-28,dividend,0.37
RC,2018-06-28,dividend,0.4
RC,2018-09-27,dividend,0.4
RC,2018-12-28,dividend,0.4
RC,2019-03-27,dividend,0.4
RC,2019-06-27,dividend,0.4
RC,2019-09-27,dividend,0.4
RC,2019-12-30,dividend,0.4
RC,2020-03-30,dividend,0.4
RC,2020-06-29,dividend,0.25
RC,2020-09-29,dividend,0.3
RC,2020-12-30,dividend,0.35
RC,2021-03-12,dividend,0.3
RC,2021-04-01,dividend,0.1
RC,2021-06-29,dividend,0.42
RC,2021-09-29,dividend,0.42
RC,2021-12-30,dividend,0.42
RC,2022-03-30,dividend,0.42
RC,2022-06-29,dividend,0.42
RC,2022-09-29,dividend,0.42
RC,2022-12-29,dividend,0.4
RC,2023-03-30,dividend,0.4
RC,2023-05-26,dividend,0.26
RC,2023-06-29,dividend,0.14
RC,2023-09-28,dividend,0.36
RC,2023-12-28,dividend,0.3
RC,2024-03-27,dividend,0.3
RC,2024-06-28,dividend,0.3
RC,2024-09-30,dividend,0.25
RC,2024-12-31,dividend,0.25
RC,2025-03-31,dividend,0.125
RC,2025-06-30,dividend,0.125
RC,2025-09-30,dividend,0.125
RC,2025-12-31,dividend,0.01
RC,2026-03-31,dividend,0.01
RC,2026-06-30,dividend,0.01
RCAT,2016-11-22,split,0.1
RCAT,2019-08-01,split,0.0008333333333333334
RCI,2016-12-08,dividend,0.363
RCI,2017-03-09,dividend,0.356
RCI,2017-06-08,dividend,0.355
RCI,2017-09-14,dividend,0.394
RCI,2017-12-08,dividend,0.373
RCI,2018-03-09,dividend,0.372
RCI,2018-06-08,dividend,0.37
RCI,2018-09-13,dividend,0.369
RCI,2018-12-10,dividend,0.36
RCI,2019-03-11,dividend,0.373
RCI,2019-06-07,dividend,0.374
RCI,2019-09-06,dividend,0.378
RCI,2019-12-10,dividend,0.378
RCI,2020-03-09,dividend,0.373
RCI,2020-06-09,dividend,0.374
RCI,2020-09-08,dividend,0.382
RCI,2020-12-09,dividend,0.39
RCI,2021-03-09,dividend,0.395
RCI,2021-06-09,dividend,0.413
RCI,2021-09-08,dividend,0.395
RCI,2021-12-09,dividend,0.395
RCI,2022-03-09,dividend,0.388
RCI,2022-06-09,dividend,0.398
RCI,2022-09-08,dividend,0.381
RCI,2022-12-08,dividend,0.366
RCI,2023-03-09,dividend,0.362
RCI,2023-06-08,dividend,0.374
RCI,2023-09-07,dividend,0.367
RCI,2023-12-07,dividend,0.368
RCI,2024-03-08,dividend,0.372
RCI,2024-06-10,dividend,0.363
RCI,2024-09-09,dividend,0.368
RCI,2024-12-09,dividend,0.353
RCI,2025-03-10,dividend,0.348
RCI,2025-06-09,dividend,0.365
RCI,2025-09-08,dividend,0.362
RCI,2026-03-10,dividend,0.368
RCI,2026-06-09,dividend,0.358
RCI,2026-09-08,dividend,0.362
RDHL,2023-03-23,split,0.025
RDHL,2024-08-20,split,0.04
RDY,2017-07-13,dividend,0.062
RDY,2018-07-13,dividend,0.0594
RDY,2019-07-12,dividend,0.0574
RDY,2020-07-10,dividend,0.066
RDY,2021-07-08,dividend,0.0684
RDY,2021-07-30,dividend,0.0672
RDY,2022-07-08,dividend,0.0774
RDY,2022-08-01,dividend,0.0756
RDY,2023-07-07,dividend,0.0976
RDY,2023-07-28,dividend,0.0976
RDY,2024-07-30,dividend,0.0958
RDY,2024-11-05,split,5.0
RDY,2025-07-25,dividend,0.091
RDY,2026-07-24,dividend,0.083
RF,2016-12-07,dividend,0.065
RF,2017-03-08,dividend,0.065
RF,2017-06-07,dividend,0.07
RF,2017-09-07,dividend,0.09
RF,2017-12-07,dividend,0.09
RF,2018-03-08,dividend,0.09
RF,2018-06-07,dividend,0.09
RF,2018-09-06,dividend,0.14
RF,2018-12-06,dividend,0.14
RF,2019-03-07,dividend,0.14
RF,2019-06-06,dividend,0.14
RF,2019-09-05,dividend,0.155
RF,2019-12-05,dividend,0.155
RF,2020-03-05,dividend,0.155
RF,2020-06-04,dividend,0.155
RF,2020-09-03,dividend,0.155
RF,2020-12-03,dividend,0.155
RF,2021-03-04,dividend,0.155
RF,2021-06-03,dividend,0.155
RF,2021-09-02,dividend,0.17
RF,2021-12-02,dividend,0.17
RF,2022-03-10,dividend,0.17
RF,2022-06-02,dividend,0.17
RF,2022-09-01,dividend,0.2
RF,2022-12-07,dividend,0.2
RF,2023-03-09,dividend,0.2
RF,2023-06-01,dividend,0.2
RF,2023-08-31,dividend,0.24
RF,2023-12-07,dividend,0.24
RF,2024-02-29,dividend,0.24
RF,2024-06-03,dividend,0.24
RF,2024-09-03,dividend,0.25
RF,2024-12-02,dividend,0.25
RF,2025-03-03,dividend,0.25
RF,2025-06-02,dividend,0.25
RF,2025-09-02,dividend,0.265
RF,2025-12-01,dividend,0.265
RF,2026-03-02,dividend,0.265
RF,2026-06-01,dividend,0.265
RF,2026-09-01,dividend,0.3
RHI,2016-11-22,dividend,0.22
RHI,2017-02-22,dividend,0.24
RHI,2017-05-23,dividend,0.24
RHI,2017-08-23,dividend,0.24
RHI,2017-11-22,dividend,0.24
RHI,2018-02-22,dividend,0.28
RHI,2018-05-24,dividend,0.28
RHI,2018-08-23,dividend,0.28
RHI,2018-11-21,dividend,0.28
RHI,2019-02-22,dividend,0.31
RHI,2019-05-23,dividend,0.31
RHI,2019-08-22,dividend,0.31
RHI,2019-11-22,dividend,0.31
RHI,2020-02-24,dividend,0.34
RHI,2020-05-22,dividend,0.34
RHI,2020-08-24,dividend,0.34
RHI,2020-11-24,dividend,0.34
RHI,2021-02-24,dividend,0.38
RHI,2021-05-24,dividend,0.38
RHI,2021-08-24,dividend,0.38
RHI,2021-11-23,dividend,0.38
RHI,2022-02-24,dividend,0.43
RHI,2022-05-24,dividend,0.43
RHI,2022-08-24,dividend,0.43
RHI,2022-11-23,dividend,0.43
RHI,2023-02-23,dividend,0.48
RHI,2023-05-24,dividend,0.48
RHI,2023-08-24,dividend,0.48
RHI,2023-11-22,dividend,0.48
RHI,2024-02-22,dividend,0.53
RHI,2024-05-23,dividend,0.53
RHI,2024-08-23,dividend,0.53
RHI,2024-11-25,dividend,0.53
RHI,2025-02-25,dividend,0.59
RHI,2025-05-23,dividend,0.59
RHI,2025-08-25,dividend,0.59
RHI,2025-11-25,dividend,0.59
RHI,2026-02-25,dividend,0.59
RHI,2026-05-22,dividend,0.59
RHI,2026-08-25,dividend,0.59
RIOT,2017-10-12,dividend,1.0
RITM,2016-09-29,dividend,0.46
RITM,2016-12-28,dividend,0.46
RITM,2017-03-23,dividend,0.48
RITM,2017-06-29,dividend,0.5
RITM,2017-09-29,dividend,0.5
RITM,2017-12-28,dividend,0.5
RITM,2018-03-29,dividend,0.5
RITM,2018-06-29,dividend,0.5
RITM,2018-09-28,dividend,0.5
RITM,2018-12-28,dividend,0.5
RITM,2019-04-03,dividend,0.5
RITM,2019-06-28,dividend,0.5
RITM,2019-10-02,dividend,0.5
RITM,2019-12-30,dividend,0.5
RITM,2020-04-14,dividend,0.05
RITM,2020-07-01,dividend,0.1
RITM,2020-10-02,dividend,0.15
RITM,2020-12-30,dividend,0.2
RITM,2021-04-01,dividend,0.2
RITM,2021-07-01,dividend,0.2
RITM,2021-10-01,dividend,0.25
RITM,2021-12-30,dividend,0.25
RITM,2022-04-01,dividend,0.25
RITM,2022-06-30,dividend,0.25
RITM,2022-10-03,dividend,0.25
RITM,2022-12-29,dividend,0.25
RITM,2023-03-30,dividend,0.25
RITM,2023-06-30,dividend,0.25
RITM,2023-09-28,dividend,0.25
RITM,2023-12-28,dividend,0.25
RITM,2024-03-28,dividend,0.25
RITM,2024-07-01,dividend,0.25
RITM,2024-10-01,dividend,0.25
RITM,2024-12-31,dividend,0.25
RITM,2025-03-31,dividend,0.25
RITM,2025-06-30,dividend,0.25
RITM,2025-10-01,dividend,0.25
RITM,2025-12-31,dividend,0.25
RITM,2026-04-06,dividend,0.25
RITM,2026-07-02,dividend,0.25
RKT,2021-03-08,dividend,1.11
RKT,2022-03-07,dividend,1.01
RKT,2025-03-20,dividend,0.8
ROL,2016-11-08,dividend,0.088889
ROL,2017-02-08,dividend,0.051111
ROL,2017-05-08,dividend,0.051111
ROL,2017-08-08,dividend,0.051111
ROL,2017-11-09,dividend,0.095556
ROL,2018-02-08,dividend,0.062222
ROL,2018-05-09,dividend,0.062222
ROL,2018-08-09,dividend,0.062222
ROL,2018-11-08,dividend,0.083111
ROL,2018-12-11,split,1.5
ROL,2019-02-08,dividend,0.07
ROL,2019-05-09,dividend,0.07
ROL,2019-08-08,dividend,0.07
ROL,2019-11-07,dividend,0.103333
ROL,2020-02-07,dividend,0.08
ROL,2020-05-08,dividend,0.053333
ROL,2020-08-07,dividend,0.053333
ROL,2020-11-09,dividend,0.14
ROL,2020-12-11,split,1.5
ROL,2021-02-09,dividend,0.08
ROL,2021-05-07,dividend,0.08
ROL,2021-08-09,dividend,0.08
ROL,2021-11-09,dividend,0.18
ROL,2022-02-09,dividend,0.1
ROL,2022-05-09,dividend,0.1
ROL,2022-08-09,dividend,0.1
ROL,2022-11-09,dividend,0.13
ROL,2023-02-09,dividend,0.13
ROL,2023-05-09,dividend,0.13
ROL,2023-08-09,dividend,0.13
ROL,2023-11-09,dividend,0.15
ROL,2024-02-20,dividend,0.15
ROL,2024-05-09,dividend,0.15
ROL,2024-08-12,dividend,0.15
ROL,2024-11-12,dividend,0.165
ROL,2025-02-25,dividend,0.165
ROL,2025-05-12,dividend,0.165
ROL,2025-08-11,dividend,0.165
ROL,2025-11-10,dividend,0.183
ROL,2026-02-25,dividend,0.183
ROL,2026-05-11,dividend,0.183
ROL,2026-08-10,dividend,0.183
RRC,2016-12-14,dividend,0.02
RRC,2017-03-13,dividend,0.02
RRC,2017-06-13,dividend,0.02
RRC,2017-09-14,dividend,0.02
RRC,2017-12-14,dividend,0.02
RRC,2018-03-15,dividend,0.02
RRC,2018-06-14,dividend,0.02
RRC,2018-09-13,dividend,0.02
RRC,2018-12-13,dividend,0.02
RRC,2019-03-14,dividend,0.02
RRC,2019-06-13,dividend,0.02
RRC,2019-09-12,dividend,0.02
RRC,2019-12-12,dividend,0.02
RRC,2022-09-14,dividend,0.08
RRC,2022-12-14,dividend,0.08
RRC,2023-03-14,dividend,0.08
RRC,2023-06-15,dividend,0.08
RRC,2023-09-14,dividend,0.08
RRC,2023-12-14,dividend,0.08
RRC,2024-03-14,dividend,0.08
RRC,2024-06-14,dividend,0.08
RRC,2024-09-13,dividend,0.08
RRC,2024-12-13,dividend,0.08
RRC,2025-03-14,dividend,0.09
RRC,2025-06-13,dividend,0.09
RRC,2025-09-12,dividend,0.09
RRC,2025-12-12,dividend,0.09
RRC,2026-03-13,dividend,0.1
RRC,2026-06-12,dividend,0.1
RRC,2026-09-11,dividend,0.1
RTX,2016-11-16,dividend,0.415356
RTX,2017-02-15,dividend,0.415356
RTX,2017-05-17,dividend,0.415356
RTX,2017-08-16,dividend,0.440529
RTX,2017-11-16,dividend,0.440529
RTX,2018-02-15,dividend,0.440529
RTX,2018-05-17,dividend,0.440529
RTX,2018-08-16,dividend,0.440529
RTX,2018-11-15,dividend,0.462555
RTX,2019-02-14,dividend,0.462555
RTX,2019-05-16,dividend,0.462555
RTX,2019-08-15,dividend,0.462555
RTX,2019-11-14,dividend,0.462555
RTX,2020-02-13,dividend,0.462555
RTX,2020-04-03,split,1.589
RTX,2020-05-14,dividend,0.475
RTX,2020-08-13,dividend,0.475
RTX,2020-11-12,dividend,0.475
RTX,2021-02-25,dividend,0.475
RTX,2021-05-20,dividend,0.51
RTX,2021-08-19,dividend,0.51
RTX,2021-11-18,dividend,0.51
RTX,2022-02-24,dividend,0.51
RTX,2022-05-19,dividend,0.55
RTX,2022-08-18,dividend,0.55
RTX,2022-11-17,dividend,0.55
RTX,2023-02-23,dividend,0.55
RTX,2023-05-18,dividend,0.59
RTX,2023-08-17,dividend,0.59
RTX,2023-11-16,dividend,0.59
RTX,2024-02-22,dividend,0.59
RTX,2024-05-16,dividend,0.63
RTX,2024-08-16,dividend,0.63
RTX,2024-11-15,dividend,0.63
RTX,2025-02-21,dividend,0.63
RTX,2025-05-23,dividend,0.68
RTX,2025-08-15,dividend,0.68
RTX,2025-11-21,dividend,0.68
RTX,2026-02-20,dividend,0.68
RTX,2026-05-22,dividend,0.73
RTX,2026-08-14,dividend,0.73
SABR,2016-09-19,dividend,0.13
SABR,2016-12-19,dividend,0.13
SABR,2017-03-17,dividend,0.14
SABR,2017-06-19,dividend,0.14
SABR,2017-09-20,dividend,0.14
SABR,2017-12-20,dividend,0.14
SABR,2018-03-20,dividend,0.14
SABR,2018-06-20,dividend,0.14
SABR,2018-09-20,dividend,0.14
SABR,2018-12-20,dividend,0.14
SABR,2019-03-20,dividend,0.14
SABR,2019-06-20,dividend,0.14
SABR,2019-09-19,dividend,0.14
SABR,2019-12-19,dividend,0.14
SABR,2020-03-19,dividend,0.14
SAN,2016-10-13,dividend,0.05
SAN,2017-01-25,dividend,0.059
SAN,2017-04-26,dividend,0.059
SAN,2017-08-01,dividend,0.069
SAN,2017-10-16,dividend,0.053
SAN,2018-01-30,dividend,0.072
SAN,2018-05-02,dividend,0.073
SAN,2018-07-30,dividend,0.075
SAN,2018-10-16,dividend,0.04
SAN,2019-01-30,dividend,0.075
SAN,2019-04-29,dividend,0.073
SAN,2019-10-30,dividend,0.109
SAN,2021-04-30,dividend,0.033
SAN,2021-10-29,dividend,0.056
SAN,2022-04-28,dividend,0.057
SAN,2022-10-31,dividend,0.056
SAN,2023-04-27,dividend,0.063
SAN,2023-10-31,dividend,0.085
SAN,2024-04-29,dividend,0.103
SAN,2024-10-31,dividend,0.112
SAN,2025-04-30,dividend,0.124
SAN,2026-05-04,dividend,0.147
SBET,2021-07-28,split,0.5
SBET,2023-04-26,split,0.1
SBET,2025-05-06,split,0.08333333333333333
SBRA,2016-11-10,dividend,0.42
SBRA,2017-02-13,dividend,0.42
SBRA,2017-05-16,dividend,0.43
SBRA,2017-08-17,dividend,0.36
SBRA,2017-11-14,dividend,0.52
SBRA,2018-02-14,dividend,0.45
SBRA,2018-05-18,dividend,0.45
SBRA,2018-08-16,dividend,0.45
SBRA,2018-11-14,dividend,0.45
SBRA,2019-02-14,dividend,0.45
SBRA,2019-05-17,dividend,0.45
SBRA,2019-08-19,dividend,0.45
SBRA,2019-11-14,dividend,0.45
SBRA,2020-02-13,dividend,0.45
SBRA,2020-05-15,dividend,0.3
SBRA,2020-08-14,dividend,0.3
SBRA,2020-11-13,dividend,0.3
SBRA,2021-02-11,dividend,0.3
SBRA,2021-05-14,dividend,0.3
SBRA,2021-08-16,dividend,0.3
SBRA,2021-11-15,dividend,0.3
SBRA,2022-02-10,dividend,0.3
SBRA,2022-05-13,dividend,0.3
SBRA,2022-08-16,dividend,0.3
SBRA,2022-11-16,dividend,0.3
SBRA,2023-02-10,dividend,0.3
SBRA,2023-05-15,dividend,0.3
SBRA,2023-08-16,dividend,0.3
SBRA,2023-11-16,dividend,0.3
SBRA,2024-02-12,dividend,0.3
SBRA,2024-05-17,dividend,0.3
SBRA,2024-08-19,dividend,0.3
SBRA,2024-11-15,dividend,0.3
SBRA,2025-02-14,dividend,0.3
SBRA,2025-05-16,dividend,0.3
SBRA,2025-08-15,dividend,0.3
SBRA,2025-11-17,dividend,0.3
SBRA,2026-02-13,dividend,0.3
SBRA,2026-05-15,dividend,0.3
SBRA,2026-08-14,dividend,0.3
SBS,2017-04-11,dividend,0.0768
SBS,2018-04-30,dividend,0.0622
SBS,2019-04-30,dividend,0.06
SBS,2020-05-01,dividend,0.0504
SBS,2021-04-30,dividend,0.0142
SBS,2022-04-29,dividend,0.04
SBS,2023-05-02,dividend,0.0506
SBS,2024-04-26,dividend,0.0562
SBS,2025-05-02,dividend,0.1314
SBS,2026-03-27,dividend,0.0318
SBS,2026-05-07,split,5.0
SBSW,2016-09-21,dividend,0.232353
SBSW,2017-04-05,dividend,0.182353
SBSW,2017-10-05,split,1.02
SBSW,2020-09-17,dividend,0.12
SBSW,2021-03-18,dividend,0.866
SBSW,2021-09-16,dividend,0.807
SBSW,2022-03-24,dividend,0.494
SBSW,2022-09-15,dividend,0.325
SBSW,2023-03-23,dividend,0.268
SBSW,2023-09-21,dividend,0.11
SBSW,2026-03-20,dividend,0.328
SBUX,2016-11-15,dividend,0.25
SBUX,2017-02-07,dividend,0.25
SBUX,2017-05-09,dividend,0.25
SBUX,2017-08-08,dividend,0.25
SBUX,2017-11-15,dividend,0.3
SBUX,2018-02-07,dividend,0.3
SBUX,2018-05-09,dividend,0.3
SBUX,2018-08-08,dividend,0.36
SBUX,2018-11-14,dividend,0.36
SBUX,2019-02-06,dividend,0.36
SBUX,2019-05-08,dividend,0.36
SBUX,2019-08-07,dividend,0.36
SBUX,2019-11-12,dividend,0.41
SBUX,2020-02-05,dividend,0.41
SBUX,2020-05-07,dividend,0.41
SBUX,2020-08-06,dividend,0.41
SBUX,2020-11-10,dividend,0.45
SBUX,2021-02-17,dividend,0.45
SBUX,2021-05-12,dividend,0.45
SBUX,2021-08-11,dividend,0.45
SBUX,2021-11-10,dividend,0.49
SBUX,2022-02-10,dividend,0.49
SBUX,2022-05-12,dividend,0.49
SBUX,2022-08-11,dividend,0.49
SBUX,2022-11-09,dividend,0.53
SBUX,2023-02-09,dividend,0.53
SBUX,2023-05-11,dividend,0.53
SBUX,2023-08-10,dividend,0.53
SBUX,2023-11-09,dividend,0.57
SBUX,2024-02-08,dividend,0.57
SBUX,2024-05-16,dividend,0.57
SBUX,2024-08-16,dividend,0.57
SBUX,2024-11-15,dividend,0.61
SBUX,2025-02-14,dividend,0.61
SBUX,2025-05-16,dividend,0.61
SBUX,2025-08-15,dividend,0.61
SBUX,2025-11-14,dividend,0.62
SBUX,2026-02-13,dividend,0.62
SBUX,2026-05-15,dividend,0.62
SBUX,2026-08-14,dividend,0.62
SCHW,2016-11-09,dividend,0.07
SCHW,2017-02-08,dividend,0.08
SCHW,2017-05-10,dividend,0.08
SCHW,2017-08-09,dividend,0.08
SCHW,2017-11-09,dividend,0.08
SCHW,2018-02-08,dividend,0.1
SCHW,2018-05-10,dividend,0.1
SCHW,2018-08-09,dividend,0.13
SCHW,2018-11-08,dividend,0.13
SCHW,2019-02-13,dividend,0.17
SCHW,2019-05-14,dividend,0.17
SCHW,2019-08-08,dividend,0.17
SCHW,2019-11-07,dividend,0.17
SCHW,2020-02-13,dividend,0.18
SCHW,2020-05-07,dividend,0.18
SCHW,2020-08-06,dividend,0.18
SCHW,2020-11-12,dividend,0.18
SCHW,2021-02-11,dividend,0.18
SCHW,2021-05-13,dividend,0.18
SCHW,2021-08-12,dividend,0.18
SCHW,2021-11-10,dividend,0.18
SCHW,2022-02-10,dividend,0.2
SCHW,2022-05-12,dividend,0.2
SCHW,2022-08-11,dividend,0.22
SCHW,2022-11-09,dividend,0.22
SCHW,2023-02-09,dividend,0.25
SCHW,2023-05-11,dividend,0.25
SCHW,2023-08-10,dividend,0.25
SCHW,2023-11-09,dividend,0.25
SCHW,2024-02-08,dividend,0.25
SCHW,2024-05-09,dividend,0.25
SCHW,2024-08-09,dividend,0.25
SCHW,2024-11-08,dividend,0.25
SCHW,2025-02-14,dividend,0.27
SCHW,2025-05-09,dividend,0.27
SCHW,2025-08-08,dividend,0.27
SCHW,2025-11-14,dividend,0.27
SCHW,2026-02-13,dividend,0.32
SCHW,2026-05-08,dividend,0.32
SCHW,2026-08-14,dividend,0.32
SDOT,2024-10-18,split,0.1
SDOT,2025-09-15,split,0.1
SDOT,2026-05-27,split,0.05
SGHC,2024-07-08,dividend,0.1
SGHC,2024-12-23,dividend,0.15
SGHC,2025-03-10,dividend,0.04
SGHC,2025-06-23,dividend,0.04
SGHC,2025-09-18,dividend,0.04
SGHC,2025-12-15,dividend,0.04
SGHC,2026-03-16,dividend,0.05
SGHC,2026-06-23,dividend,0.05
SGLY,2020-07-07,split,0.2
SGLY,2024-02-12,split,0.1
SGLY,2026-07-27,split,0.07142857142857142
SHOP,2022-06-29,split,10.0
SIDU,2023-12-20,split,0.01
SIRI,2016-11-07,dividend,0.1
SIRI,2017-02-03,dividend,0.1
SIRI,2017-05-08,dividend,0.1
SIRI,2017-08-08,dividend,0.1
SIRI,2017-11-08,dividend,0.11
SIRI,2018-02-06,dividend,0.11
SIRI,2018-05-09,dividend,0.11
SIRI,2018-08-09,dividend,0.11
SIRI,2018-11-08,dividend,0.12
SIRI,2019-02-08,dividend,0.12
SIRI,2019-05-09,dividend,0.12
SIRI,2019-08-08,dividend,0.12
SIRI,2019-11-07,dividend,0.13
SIRI,2020-02-11,dividend,0.13
SIRI,2020-05-07,dividend,0.13
SIRI,2020-08-06,dividend,0.13
SIRI,2020-11-05,dividend,0.15
SIRI,2021-02-09,dividend,0.15
SIRI,2021-05-06,dividend,0.15
SIRI,2021-08-05,dividend,0.15
SIRI,2021-11-04,dividend,0.22
SIRI,2022-02-10,dividend,2.72
SIRI,2022-05-05,dividend,0.22
SIRI,2022-08-04,dividend,0.22
SIRI,2022-11-09,dividend,0.24
SIRI,2023-02-08,dividend,0.24
SIRI,2023-05-04,dividend,0.24
SIRI,2023-08-07,dividend,0.24
SIRI,2023-11-06,dividend,0.27
SIRI,2024-02-08,dividend,0.27
SIRI,2024-05-09,dividend,0.27
SIRI,2024-08-09,dividend,0.27
SIRI,2024-09-10,split,0.1
SIRI,2024-11-05,dividend,0.27
SIRI,2025-02-07,dividend,0.27
SIRI,2025-05-09,dividend,0.27
SIRI,2025-08-08,dividend,0.27
SIRI,2025-11-05,dividend,0.27
SIRI,2026-02-11,dividend,0.27
SIRI,2026-05-11,dividend,0.27
SIRI,2026-08-10,dividend,0.27
SLB,2016-12-05,dividend,0.5
SLB,2017-02-13,dividend,0.5
SLB,2017-05-30,dividend,0.5
SLB,2017-09-01,dividend,0.5
SLB,2017-12-05,dividend,0.5
SLB,2018-02-06,dividend,0.5
SLB,2018-06-05,dividend,0.5
SLB,2018-09-04,dividend,0.5
SLB,2018-12-04,dividend,0.5
SLB,2019-02-12,dividend,0.5
SLB,2019-06-04,dividend,0.5
SLB,2019-09-03,dividend,0.5
SLB,2019-12-03,dividend,0.5
SLB,2020-02-11,dividend,0.5
SLB,2020-06-02,dividend,0.125
SLB,2020-09-01,dividend,0.125
SLB,2020-12-01,dividend,0.125
SLB,2021-02-16,dividend,0.125
SLB,2021-06-01,dividend,0.125
SLB,2021-08-31,dividend,0.125
SLB,2021-11-30,dividend,0.125
SLB,2022-02-08,dividend,0.125
SLB,2022-05-31,dividend,0.175
SLB,2022-09-06,dividend,0.175
SLB,2022-12-06,dividend,0.175
SLB,2023-02-07,dividend,0.25
SLB,2023-06-06,dividend,0.25
SLB,2023-09-05,dividend,0.25
SLB,2023-12-05,dividend,0.25
SLB,2024-02-06,dividend,0.275
SLB,2024-06-05,dividend,0.275
SLB,2024-09-04,dividend,0.275
SLB,2024-12-04,dividend,0.275
SLB,2025-02-05,dividend,0.285
SLB,2025-06-04,dividend,0.285
SLB,2025-09-03,dividend,0.285
SLB,2025-12-03,dividend,0.285
SLB,2026-02-11,dividend,0.295
SLB,2026-06-03,dividend,0.295
SLB,2026-09-02,dividend,0.295
SLE,2023-09-11,split,0.05
SLE,2025-06-23,split,0.025
SLE,2026-01-23,split,0.08333333333333333
SLM,2019-03-04,dividend,0.03
SLM,2019-06-06,dividend,0.03
SLM,2019-09-05,dividend,0.03
SLM,2019-12-05,dividend,0.03
SLM,2020-03-05,dividend,0.03
SLM,2020-06-04,dividend,0.03
SLM,2020-09-03,dividend,0.03
SLM,2020-12-03,dividend,0.03
SLM,2021-03-04,dividend,0.03
SLM,2021-06-03,dividend,0.03
SLM,2021-09-02,dividend,0.03
SLM,2021-12-02,dividend,0.11
SLM,2022-03-03,dividend,0.11
SLM,2022-06-02,dividend,0.11
SLM,2022-09-01,dividend,0.11
SLM,2022-12-01,dividend,0.11
SLM,2023-03-02,dividend,0.11
SLM,2023-06-01,dividend,0.11
SLM,2023-08-31,dividend,0.11
SLM,2023-12-01,dividend,0.11
SLM,2024-03-01,dividend,0.11
SLM,2024-06-06,dividend,0.11
SLM,2024-09-05,dividend,0.11
SLM,2024-12-05,dividend,0.13
SLM,2025-03-05,dividend,0.13
SLM,2025-06-05,dividend,0.13
SLM,2025-09-04,dividend,0.13
SLM,2025-12-04,dividend,0.13
SLM,2026-03-05,dividend,0.13
SLM,2026-06-04,dividend,0.13
SLM,2026-09-04,dividend,0.13
SLNH,2019-03-11,dividend,9.25
SLNH,2023-10-16,split,0.04
SLS,2016-11-14,split,0.05
SLS,2018-01-02,split,0.03333333333333333
SLS,2019-11-08,split,0.02
SMCI,2024-10-01,split,10.0
SO,2016-11-17,dividend,0.56
SO,2017-02-16,dividend,0.56
SO,2017-05-11,dividend,0.58
SO,2017-08-17,dividend,0.58
SO,2017-11-17,dividend,0.58
SO,2018-02-16,dividend,0.58
SO,2018-05-18,dividend,0.6
SO,2018-08-17,dividend,0.6
SO,2018-11-16,dividend,0.6
SO,2019-02-15,dividend,0.6
SO,2019-05-17,dividend,0.62
SO,2019-08-16,dividend,0.62
SO,2019-11-15,dividend,0.62
SO,2020-02-14,dividend,0.62
SO,2020-05-15,dividend,0.64
SO,2020-08-14,dividend,0.64
SO,2020-11-13,dividend,0.64
SO,2021-02-12,dividend,0.64
SO,2021-05-14,dividend,0.66
SO,2021-08-13,dividend,0.66
SO,2021-11-12,dividend,0.66
SO,2022-02-18,dividend,0.66
SO,2022-05-13,dividend,0.68
SO,2022-08-12,dividend,0.68
SO,2022-11-18,dividend,0.68
SO,2023-02-17,dividend,0.68
SO,2023-05-12,dividend,0.7
SO,2023-08-18,dividend,0.7
SO,2023-11-17,dividend,0.7
SO,2024-02-16,dividend,0.7
SO,2024-05-17,dividend,0.72
SO,2024-08-19,dividend,0.72
SO,2024-11-18,dividend,0.72
SO,2025-02-18,dividend,0.72
SO,2025-05-19,dividend,0.74
SO,2025-08-18,dividend,0.74
SO,2025-11-17,dividend,0.74
SO,2026-02-17,dividend,0.74
SO,2026-05-18,dividend,0.76
SO,2026-08-17,dividend,0.76
SOAR,2025-02-24,split,0.04
SOAR,2025-12-26,split,1.126
SPCE,2024-06-17,split,0.05
SPY,2016-12-16,dividend,1.329
SPY,2017-03-17,dividend,1.033
SPY,2017-06-16,dividend,1.183
SPY,2017-09-15,dividend,1.235
SPY,2017-12-15,dividend,1.351
SPY,2018-03-16,dividend,1.097
SPY,2018-06-15,dividend,1.246
SPY,2018-09-21,dividend,1.323
SPY,2018-12-21,dividend,1.435
SPY,2019-03-15,dividend,1.233
SPY,2019-06-21,dividend,1.432
SPY,2019-09-20,dividend,1.384
SPY,2019-12-20,dividend,1.57
SPY,2020-03-20,dividend,1.406
SPY,2020-06-19,dividend,1.366
SPY,2020-09-18,dividend,1.339
SPY,2020-12-18,dividend,1.58
SPY,2021-03-19,dividend,1.278
SPY,2021-06-18,dividend,1.376
SPY,2021-09-17,dividend,1.428
SPY,2021-12-17,dividend,1.633
SPY,2022-03-18,dividend,1.366
SPY,2022-06-17,dividend,1.577
SPY,2022-09-16,dividend,1.596
SPY,2022-12-16,dividend,1.781
SPY,2023-03-17,dividend,1.506
SPY,2023-06-16,dividend,1.638
SPY,2023-09-15,dividend,1.583
SPY,2023-12-15,dividend,1.906
SPY,2024-03-15,dividend,1.595
SPY,2024-06-21,dividend,1.759
SPY,2024-09-20,dividend,1.746
SPY,2024-12-20,dividend,1.966
SPY,2025-03-21,dividend,1.696
SPY,2025-06-20,dividend,1.761
SPY,2025-09-19,dividend,1.831
SPY,2025-12-19,dividend,1.993
SPY,2026-03-20,dividend,1.797
SPY,2026-06-18,dividend,1.904
SRE,2016-09-27,dividend,0.3775
SRE,2016-12-27,dividend,0.3775
SRE,2017-03-21,dividend,0.4115
SRE,2017-07-05,dividend,0.4115
SRE,2017-09-21,dividend,0.4115
SRE,2017-12-28,dividend,0.4115
SRE,2018-03-22,dividend,0.4475
SRE,2018-06-29,dividend,0.4475
SRE,2018-09-20,dividend,0.4475
SRE,2018-12-28,dividend,0.4475
SRE,2019-03-21,dividend,0.484
SRE,2019-07-03,dividend,0.484
SRE,2019-09-19,dividend,0.484
SRE,2019-12-27,dividend,0.484
SRE,2020-03-19,dividend,0.5225
SRE,2020-06-25,dividend,0.5225
SRE,2020-09-24,dividend,0.5225
SRE,2020-12-17,dividend,0.5225
SRE,2021-03-24,dividend,0.55
SRE,2021-07-06,dividend,0.55
SRE,2021-09-23,dividend,0.55
SRE,2021-12-22,dividend,0.55
SRE,2022-03-24,dividend,0.5725
SRE,2022-07-06,dividend,0.5725
SRE,2022-09-22,dividend,0.5725
SRE,2022-12-21,dividend,0.5725
SRE,2023-03-21,dividend,0.595
SRE,2023-07-03,dividend,0.595
SRE,2023-08-22,split,2.0
SRE,2023-09-26,dividend,0.595
SRE,2023-12-05,dividend,0.595
SRE,2024-03-20,dividend,0.62
SRE,2024-06-27,dividend,0.62
SRE,2024-09-26,dividend,0.62
SRE,2024-12-05,dividend,0.62
SRE,2025-03-20,dividend,0.645
SRE,2025-06-26,dividend,0.645
SRE,2025-10-01,dividend,0.645
SRE,2025-12-11,dividend,0.645
SRE,2026-03-19,dividend,0.658
SRE,2026-06-25,dividend,0.658
STLA,2019-04-23,dividend,0.732
STLA,2019-05-20,dividend,1.451
STLA,2021-01-14,dividend,2.237
STLA,2021-03-15,dividend,0.116
STLA,2021-04-19,dividend,0.383
STLA,2022-04-19,dividend,1.122
STLA,2023-04-24,dividend,1.473
STLA,2024-04-22,dividend,1.652
STLA,2025-04-23,dividend,0.77
STM,2016-12-16,dividend,0.06
STM,2017-03-17,dividend,0.06
STM,2017-06-23,dividend,0.06
STM,2017-09-18,dividend,0.06
STM,2017-12-18,dividend,0.06
STM,2018-03-19,dividend,0.06
STM,2018-06-18,dividend,0.06
STM,2018-09-17,dividend,0.06
STM,2018-12-17,dividend,0.06
STM,2019-03-18,dividend,0.06
STM,2019-06-17,dividend,0.06
STM,2019-09-16,dividend,0.06
STM,2019-12-16,dividend,0.06
STM,2020-03-16,dividend,0.06
STM,2020-06-22,dividend,0.042
STM,2020-09-21,dividend,0.042
STM,2020-12-14,dividend,0.042
STM,2021-03-22,dividend,0.042
STM,2021-06-21,dividend,0.06
STM,2021-09-20,dividend,0.06
STM,2021-12-15,dividend,0.06
STM,2022-03-21,dividend,0.06
STM,2022-06-17,dividend,0.06
STM,2022-09-19,dividend,0.06
STM,2022-12-12,dividend,0.06
STM,2023-03-20,dividend,0.06
STM,2023-06-26,dividend,0.06
STM,2023-09-18,dividend,0.06
STM,2023-12-11,dividend,0.06
STM,2024-03-18,dividend,0.06
STM,2024-06-25,dividend,0.09
STM,2024-09-24,dividend,0.09
STM,2024-12-17,dividend,0.09
STM,2025-03-25,dividend,0.09
STM,2025-06-24,dividend,0.09
STM,2025-09-23,dividend,0.09
STM,2025-12-16,dividend,0.09
STM,2026-03-24,dividend,0.09
STM,2026-06-23,dividend,0.09
STNE,2026-04-24,dividend,2.53
SU,2017-03-01,dividend,0.241
SU,2017-06-01,dividend,0.237
SU,2017-08-31,dividend,0.254
SU,2017-11-30,dividend,0.249
SU,2018-03-02,dividend,0.28
SU,2018-06-01,dividend,0.278
SU,2018-11-30,dividend,0.271
SU,2019-03-01,dividend,0.319
SU,2019-06-03,dividend,0.311
SU,2019-09-03,dividend,0.315
SU,2019-12-02,dividend,0.316
SU,2020-03-03,dividend,0.349
SU,2020-06-03,dividend,0.155
SU,2020-09-03,dividend,0.161
SU,2020-12-02,dividend,0.162
SU,2021-03-03,dividend,0.166
SU,2021-06-03,dividend,0.175
SU,2021-09-02,dividend,0.166
SU,2021-12-02,dividend,0.328
SU,2022-03-03,dividend,0.332
SU,2022-06-02,dividend,0.371
SU,2022-09-01,dividend,0.358
SU,2022-12-01,dividend,0.387
SU,2023-03-02,dividend,0.382
SU,2023-06-02,dividend,0.387
SU,2023-08-31,dividend,0.384
SU,2023-11-30,dividend,0.401
SU,2024-03-01,dividend,0.401
SU,2024-06-04,dividend,0.4
SU,2024-09-04,dividend,0.402
SU,2024-12-03,dividend,0.406
SU,2025-03-04,dividend,0.393
SU,2025-06-04,dividend,0.415
SU,2026-03-04,dividend,0.439
SU,2026-06-04,dividend,0.432
SU,2026-09-04,dividend,0.435
SUGP,2025-08-25,split,0.1
SUGP,2026-08-06,split,0.2
SUNB,2026-07-10,dividend,0.75
SURG,2021-11-02,split,0.02
SUZ,2019-04-22,dividend,0.115
SUZ,2019-09-24,split,2.0
SUZ,2022-01-19,dividend,0.137
SUZ,2022-05-05,dividend,0.116
SUZ,2022-12-19,dividend,0.34
SUZ,2023-12-08,dividend,0.237
SUZ,2024-12-18,dividend,0.33
SUZ,2026-05-04,dividend,0.001
SVM,2017-06-07,dividend,0.007
SVM,2017-11-27,dividend,0.01
SVM,2018-06-07,dividend,0.013
SVM,2018-11-27,dividend,0.013
SVM,2019-06-06,dividend,0.013
SVM,2019-11-26,dividend,0.013
SVM,2020-06-04,dividend,0.013
SVM,2020-11-24,dividend,0.013
SVM,2021-06-03,dividend,0.013
SVM,2021-11-23,dividend,0.013
SVM,2022-06-03,dividend,0.013
SVM,2022-11-25,dividend,0.013
SVM,2023-06-09,dividend,0.013
SVM,2023-11-24,dividend,0.013
SVM,2024-06-07,dividend,0.013
SVM,2024-11-29,dividend,0.013
SVM,2025-06-06,dividend,0.013
SVM,2026-06-05,dividend,0.013
SW,2016-09-29,dividend,0.247
SW,2017-04-20,dividend,0.617
SW,2017-09-28,dividend,0.271
SW,2019-04-11,dividend,0.814
SW,2019-09-26,dividend,0.305
SW,2020-04-16,dividend,0.883
SW,2020-08-13,dividend,0.953
SW,2020-11-19,dividend,0.331
SW,2021-04-08,dividend,1.037
SW,2021-09-23,dividend,0.343
SW,2022-04-07,dividend,1.048
SW,2022-09-29,dividend,0.308
SW,2023-04-13,dividend,1.183
SW,2023-09-28,dividend,0.352
SW,2024-04-11,dividend,1.272
SW,2024-08-15,dividend,0.303
SW,2024-11-15,dividend,0.303
SW,2025-02-14,dividend,0.431
SW,2025-05-16,dividend,0.431
SW,2025-08-15,dividend,0.431
SW,2026-02-17,dividend,0.452
SW,2026-05-15,dividend,0.452
SW,2026-08-14,dividend,0.452
SWKS,2016-11-15,dividend,0.28
SWKS,2017-01-31,dividend,0.28
SWKS,2017-05-12,dividend,0.28
SWKS,2017-08-04,dividend,0.32
SWKS,2017-11-20,dividend,0.32
SWKS,2018-02-21,dividend,0.32
SWKS,2018-05-21,dividend,0.32
SWKS,2018-08-06,dividend,0.38
SWKS,2018-11-26,dividend,0.38
SWKS,2019-02-25,dividend,0.38
SWKS,2019-05-20,dividend,0.38
SWKS,2019-08-26,dividend,0.44
SWKS,2019-12-02,dividend,0.44
SWKS,2020-02-10,dividend,0.44
SWKS,2020-05-20,dividend,0.44
SWKS,2020-08-10,dividend,0.5
SWKS,2020-11-18,dividend,0.5
SWKS,2021-02-12,dividend,0.5
SWKS,2021-05-17,dividend,0.5
SWKS,2021-08-16,dividend,0.56
SWKS,2021-11-22,dividend,0.56
SWKS,2022-02-18,dividend,0.56
SWKS,2022-05-23,dividend,0.56
SWKS,2022-08-24,dividend,0.62
SWKS,2022-11-21,dividend,0.62
SWKS,2023-02-27,dividend,0.62
SWKS,2023-05-26,dividend,0.62
SWKS,2023-08-28,dividend,0.68
SWKS,2023-11-20,dividend,0.68
SWKS,2024-02-16,dividend,0.68
SWKS,2024-05-20,dividend,0.68
SWKS,2024-08-20,dividend,0.7
SWKS,2024-12-03,dividend,0.7
SWKS,2025-02-24,dividend,0.7
SWKS,2025-05-27,dividend,0.7
SWKS,2025-08-26,dividend,0.71
SWKS,2025-11-18,dividend,0.71
SWKS,2026-02-24,dividend,0.71
SWKS,2026-05-26,dividend,0.71
SWVL,2023-01-26,split,0.04
SYF,2016-11-03,dividend,0.13
SYF,2017-02-02,dividend,0.13
SYF,2017-05-04,dividend,0.13
SYF,2017-08-03,dividend,0.15
SYF,2017-11-03,dividend,0.15
SYF,2018-02-02,dividend,0.15
SYF,2018-05-04,dividend,0.15
SYF,2018-08-03,dividend,0.21
SYF,2018-11-02,dividend,0.21
SYF,2019-02-01,dividend,0.21
SYF,2019-05-03,dividend,0.21
SYF,2019-08-02,dividend,0.22
SYF,2019-11-01,dividend,0.22
SYF,2020-02-06,dividend,0.22
SYF,2020-05-01,dividend,0.22
SYF,2020-07-31,dividend,0.22
SYF,2020-10-30,dividend,0.22
SYF,2021-02-04,dividend,0.22
SYF,2021-04-30,dividend,0.22
SYF,2021-07-30,dividend,0.22
SYF,2021-10-29,dividend,0.22
SYF,2022-02-09,dividend,0.22
SYF,2022-04-29,dividend,0.22
SYF,2022-07-29,dividend,0.23
SYF,2022-10-31,dividend,0.23
SYF,2023-02-03,dividend,0.23
SYF,2023-05-01,dividend,0.23
SYF,2023-07-28,dividend,0.25
SYF,2023-10-31,dividend,0.25
SYF,2024-02-02,dividend,0.25
SYF,2024-05-03,dividend,0.25
SYF,2024-08-05,dividend,0.25
SYF,2024-11-04,dividend,0.25
SYF,2025-02-03,dividend,0.25
SYF,2025-05-05,dividend,0.3
SYF,2025-08-05,dividend,0.3
SYF,2025-11-05,dividend,0.3
SYF,2026-02-06,dividend,0.3
SYF,2026-05-05,dividend,0.3
SYF,2026-08-05,dividend,0.34
T,2016-10-05,dividend,0.48
T,2017-01-06,dividend,0.49
T,2017-04-06,dividend,0.49
T,2017-07-06,dividend,0.49
T,2017-10-06,dividend,0.49
T,2018-01-09,dividend,0.5
T,2018-04-09,dividend,0.5
T,2018-07-09,dividend,0.5
T,2018-10-09,dividend,0.5
T,2019-01-09,dividend,0.51
T,2019-04-09,dividend,0.51
T,2019-07-09,dividend,0.51
T,2019-10-09,dividend,0.51
T,2020-01-09,dividend,0.52
T,2020-04-08,dividend,0.52
T,2020-07-09,dividend,0.52
T,2020-10-08,dividend,0.52
T,2021-01-08,dividend,0.52
T,2021-04-08,dividend,0.52
T,2021-07-08,dividend,0.52
T,2021-10-07,dividend,0.52
T,2022-01-07,dividend,0.52
T,2022-04-11,split,1.324
T,2022-04-13,dividend,0.278
T,2022-07-08,dividend,0.278
T,2022-10-06,dividend,0.278
T,2023-01-09,dividend,0.278
T,2023-04-06,dividend,0.278
T,2023-07-07,dividend,0.278
T,2023-10-06,dividend,0.278
T,2024-01-09,dividend,0.278
T,2024-04-09,dividend,0.278
T,2024-07-10,dividend,0.278
T,2024-10-10,dividend,0.278
T,2025-01-10,dividend,0.278
T,2025-04-10,dividend,0.278
T,2025-07-10,dividend,0.278
T,2025-10-10,dividend,0.278
T,2026-01-12,dividend,0.278
T,2026-04-10,dividend,0.278
T,2026-07-10,dividend,0.278
TAL,2017-05-09,dividend,0.083333
TAL,2017-08-16,split,6.0
TAP,2016-11-28,dividend,0.41
TAP,2017-02-24,dividend,0.41
TAP,2017-05-26,dividend,0.41
TAP,2017-08-29,dividend,0.41
TAP,2017-11-29,dividend,0.41
TAP,2018-03-02,dividend,0.41
TAP,2018-06-01,dividend,0.41
TAP,2018-08-30,dividend,0.41
TAP,2018-11-29,dividend,0.41
TAP,2019-03-01,dividend,0.41
TAP,2019-05-31,dividend,0.41
TAP,2019-08-29,dividend,0.57
TAP,2019-11-29,dividend,0.57
TAP,2020-03-06,dividend,0.57
TAP,2021-08-27,dividend,0.34
TAP,2021-12-02,dividend,0.34
TAP,2022-03-04,dividend,0.38
TAP,2022-06-02,dividend,0.38
TAP,2022-09-01,dividend,0.38
TAP,2022-12-01,dividend,0.38
TAP,2023-03-02,dividend,0.41
TAP,2023-06-01,dividend,0.41
TAP,2023-08-31,dividend,0.41
TAP,2023-11-30,dividend,0.41
TAP,2024-02-29,dividend,0.44
TAP,2024-06-07,dividend,0.44
TAP,2024-08-30,dividend,0.44
TAP,2024-12-06,dividend,0.44
TAP,2025-02-27,dividend,0.47
TAP,2025-06-06,dividend,0.47
TAP,2025-09-05,dividend,0.47
TAP,2025-12-05,dividend,0.47
TAP,2026-03-06,dividend,0.48
TAP,2026-05-29,dividend,0.48
TAP,2026-08-28,dividend,0.48
TDAY,2016-11-07,dividend,0.35
TDAY,2017-03-06,dividend,0.35
TDAY,2017-05-08,dividend,0.35
TDAY,2017-08-07,dividend,0.35
TDAY,2017-11-07,dividend,0.37
TDAY,2018-03-13,dividend,0.37
TDAY,2018-05-11,dividend,0.37
TDAY,2018-08-10,dividend,0.37
TDAY,2018-11-08,dividend,0.38
TDAY,2019-03-08,dividend,0.38
TDAY,2019-05-10,dividend,0.38
TDAY,2019-08-19,dividend,0.38
TDAY,2019-10-31,dividend,0.38
TENX,2018-02-26,split,0.05
TENX,2023-01-05,split,0.05
TENX,2024-01-03,split,0.0125
TEVA,2016-12-01,dividend,0.34
TEVA,2017-02-28,dividend,0.34
TEVA,2017-06-01,dividend,0.34
TEVA,2017-08-25,dividend,0.085
TEVA,2017-11-27,dividend,0.085
TFC,2016-11-08,dividend,0.3
TFC,2017-02-08,dividend,0.3
TFC,2017-05-10,dividend,0.3
TFC,2017-08-09,dividend,0.33
TFC,2017-11-09,dividend,0.33
TFC,2018-02-08,dividend,0.33
TFC,2018-03-05,dividend,0.045
TFC,2018-05-10,dividend,0.375
TFC,2018-08-09,dividend,0.405
TFC,2018-11-08,dividend,0.405
TFC,2019-02-12,dividend,0.405
TFC,2019-05-14,dividend,0.405
TFC,2019-08-13,dividend,0.45
TFC,2019-11-07,dividend,0.45
TFC,2020-02-13,dividend,0.45
TFC,2020-05-14,dividend,0.45
TFC,2020-08-13,dividend,0.45
TFC,2020-11-12,dividend,0.45
TFC,2021-02-11,dividend,0.45
TFC,2021-05-13,dividend,0.45
TFC,2021-08-12,dividend,0.48
TFC,2021-11-10,dividend,0.48
TFC,2022-02-10,dividend,0.48
TFC,2022-05-12,dividend,0.48
TFC,2022-08-11,dividend,0.52
TFC,2022-11-09,dividend,0.52
TFC,2023-02-09,dividend,0.52
TFC,2023-05-11,dividend,0.52
TFC,2023-08-10,dividend,0.52
TFC,2023-11-09,dividend,0.52
TFC,2024-02-08,dividend,0.52
TFC,2024-05-09,dividend,0.52
TFC,2024-08-09,dividend,0.52
TFC,2024-11-08,dividend,0.52
TFC,2025-02-14,dividend,0.52
TFC,2025-05-09,dividend,0.52
TFC,2025-08-08,dividend,0.52
TFC,2025-11-14,dividend,0.52
TFC,2026-02-13,dividend,0.52
TFC,2026-05-08,dividend,0.52
TFC,2026-08-14,dividend,0.52
TGT,2016-11-14,dividend,0.6
TGT,2017-02-13,dividend,0.6
TGT,2017-05-15,dividend,0.6
TGT,2017-08-14,dividend,0.62
TGT,2017-11-14,dividend,0.62
TGT,2018-02-20,dividend,0.62
TGT,2018-05-15,dividend,0.62
TGT,2018-08-14,dividend,0.64
TGT,2018-11-20,dividend,0.64
TGT,2019-02-19,dividend,0.64
TGT,2019-05-14,dividend,0.64
TGT,2019-08-20,dividend,0.66
TGT,2019-11-19,dividend,0.66
TGT,2020-02-18,dividend,0.66
TGT,2020-05-19,dividend,0.66
TGT,2020-08-18,dividend,0.68
TGT,2020-11-17,dividend,0.68
TGT,2021-02-16,dividend,0.68
TGT,2021-05-18,dividend,0.68
TGT,2021-08-17,dividend,0.9
TGT,2021-11-16,dividend,0.9
TGT,2022-02-15,dividend,0.9
TGT,2022-05-17,dividend,0.9
TGT,2022-08-16,dividend,1.08
TGT,2022-11-15,dividend,1.08
TGT,2023-02-14,dividend,1.08
TGT,2023-05-16,dividend,1.08
TGT,2023-08-15,dividend,1.1
TGT,2023-11-14,dividend,1.1
TGT,2024-02-20,dividend,1.1
TGT,2024-05-14,dividend,1.1
TGT,2024-08-21,dividend,1.12
TGT,2024-11-20,dividend,1.12
TGT,2025-02-12,dividend,1.12
TGT,2025-05-14,dividend,1.12
TGT,2025-08-13,dividend,1.14
TGT,2025-11-12,dividend,1.14
TGT,2026-02-11,dividend,1.14
TGT,2026-05-13,dividend,1.14
TGT,2026-08-12,dividend,1.16
TJX,2016-11-08,dividend,0.13
TJX,2017-02-07,dividend,0.13
TJX,2017-05-09,dividend,0.1565
TJX,2017-08-08,dividend,0.1565
TJX,2017-11-08,dividend,0.1565
TJX,2018-02-14,dividend,0.1565
TJX,2018-05-16,dividend,0.195
TJX,2018-08-15,dividend,0.195
TJX,2018-11-07,split,2.0
TJX,2018-11-14,dividend,0.195
TJX,2019-02-13,dividend,0.195
TJX,2019-05-15,dividend,0.23
TJX,2019-08-14,dividend,0.23
TJX,2019-11-13,dividend,0.23
TJX,2020-02-12,dividend,0.23
TJX,2021-02-10,dividend,0.26
TJX,2021-05-12,dividend,0.26
TJX,2021-08-11,dividend,0.26
TJX,2021-11-09,dividend,0.26
TJX,2022-02-09,dividend,0.26
TJX,2022-05-11,dividend,0.295
TJX,2022-08-10,dividend,0.295
TJX,2022-11-09,dividend,0.295
TJX,2023-02-08,dividend,0.295
TJX,2023-05-10,dividend,0.333
TJX,2023-08-09,dividend,0.333
TJX,2023-11-08,dividend,0.333
TJX,2024-02-14,dividend,0.333
TJX,2024-05-15,dividend,0.375
TJX,2024-08-15,dividend,0.375
TJX,2024-11-14,dividend,0.375
TJX,2025-02-13,dividend,0.375
TJX,2025-05-15,dividend,0.425
TJX,2025-08-14,dividend,0.425
TJX,2025-11-13,dividend,0.425
TJX,2026-02-12,dividend,0.425
TJX,2026-05-14,dividend,0.48
TJX,2026-08-13,dividend,0.48
TLRY,2025-12-02,split,0.1
TME,2024-05-31,dividend,0.137
TME,2025-04-03,dividend,0.18
TME,2026-04-02,dividend,0.24
TNMG,2025-12-23,split,0.05
TNMG,2026-09-08,split,0.125
TNON,2023-11-02,split,0.1
TNON,2024-09-06,split,0.125
TNON,2026-08-10,split,0.02857142857142857
TRIP,2019-11-19,dividend,3.5
TROW,2016-12-13,dividend,0.54
TROW,2017-03-14,dividend,0.57
TROW,2017-06-13,dividend,0.57
TROW,2017-09-13,dividend,0.57
TROW,2017-12-13,dividend,0.57
TROW,2018-03-14,dividend,0.7
TROW,2018-06-14,dividend,0.7
TROW,2018-09-13,dividend,0.7
TROW,2018-12-13,dividend,0.7
TROW,2019-03-14,dividend,0.76
TROW,2019-06-13,dividend,0.76
TROW,2019-09-12,dividend,0.76
TROW,2019-12-13,dividend,0.76
TROW,2020-03-13,dividend,0.9
TROW,2020-06-12,dividend,0.9
TROW,2020-09-14,dividend,0.9
TROW,2020-12-14,dividend,0.9
TROW,2021-03-15,dividend,1.08
TROW,2021-06-14,dividend,1.08
TROW,2021-06-24,dividend,3.0
TROW,2021-09-14,dividend,1.08
TROW,2021-12-15,dividend,1.08
TROW,2022-03-14,dividend,1.2
TROW,2022-06-14,dividend,1.2
TROW,2022-09-14,dividend,1.2
TROW,2022-12-15,dividend,1.2
TROW,2023-03-14,dividend,1.22
TROW,2023-06-14,dividend,1.22
TROW,2023-09-14,dividend,1.22
TROW,2023-12-14,dividend,1.22
TROW,2024-03-14,dividend,1.24
TROW,2024-06-14,dividend,1.24
TROW,2024-09-13,dividend,1.24
TROW,2024-12-13,dividend,1.24
TROW,2025-03-14,dividend,1.27
TROW,2025-06-13,dividend,1.27
TROW,2025-09-15,dividend,1.27
TROW,2025-12-15,dividend,1.27
TROW,2026-03-16,dividend,1.3
TROW,2026-06-15,dividend,1.3
TROW,2026-09-15,dividend,1.3
TROX,2016-11-14,dividend,0.045
TROX,2017-03-02,dividend,0.045
TROX,2017-05-11,dividend,0.045
TROX,2017-08-17,dividend,0.045
TROX,2018-03-09,dividend,0.045
TROX,2018-11-23,dividend,0.045
TROX,2019-03-08,dividend,0.045
TROX,2019-05-17,dividend,0.045
TROX,2019-08-30,dividend,0.045
TROX,2019-11-18,dividend,0.045
TROX,2020-03-06,dividend,0.07
TROX,2020-05-15,dividend,0.07
TROX,2020-08-17,dividend,0.07
TROX,2020-11-13,dividend,0.07
TROX,2021-03-05,dividend,0.08
TROX,2021-05-14,dividend,0.08
TROX,2021-08-06,dividend,0.1
TROX,2021-11-12,dividend,0.1
TROX,2022-03-04,dividend,0.125
TROX,2022-05-20,dividend,0.125
TROX,2022-08-12,dividend,0.125
TROX,2022-11-10,dividend,0.125
TROX,2023-03-03,dividend,0.125
TROX,2023-05-12,dividend,0.125
TROX,2023-08-11,dividend,0.125
TROX,2023-11-10,dividend,0.125
TROX,2024-03-01,dividend,0.125
TROX,2024-05-17,dividend,0.125
TROX,2024-08-26,dividend,0.125
TROX,2024-11-08,dividend,0.125
TROX,2025-03-03,dividend,0.125
TROX,2025-05-19,dividend,0.125
TROX,2025-08-11,dividend,0.05
TROX,2025-11-10,dividend,0.05
TROX,2026-02-23,dividend,0.05
TROX,2026-05-11,dividend,0.05
TROX,2026-08-10,dividend,0.05
TRP,2016-09-28,dividend,0.390155
TRP,2016-12-28,dividend,0.379216
TRP,2017-03-29,dividend,0.425706
TRP,2017-06-28,dividend,0.432088
TRP,2017-09-28,dividend,0.4567
TRP,2017-12-28,dividend,0.450319
TRP,2018-03-28,dividend,0.487694
TRP,2018-06-28,dividend,0.471285
TRP,2018-09-27,dividend,0.483136
TRP,2018-12-28,dividend,0.46217
TRP,2019-03-28,dividend,0.509572
TRP,2019-06-27,dividend,0.52051
TRP,2019-09-27,dividend,0.515041
TRP,2019-12-30,dividend,0.522334
TRP,2020-03-30,dividend,0.527803
TRP,2020-06-29,dividend,0.539654
TRP,2020-09-29,dividend,0.552416
TRP,2020-12-30,dividend,0.576117
TRP,2021-03-30,dividend,0.6299
TRP,2021-06-29,dividend,0.642662
TRP,2021-09-28,dividend,0.628077
TRP,2021-12-30,dividend,0.619872
TRP,2022-03-30,dividend,0.656335
TRP,2022-06-29,dividend,0.637192
TRP,2022-09-28,dividend,0.597995
TRP,2022-12-29,dividend,0.603464
TRP,2023-03-30,dividend,0.625342
TRP,2023-06-29,dividend,0.639927
TRP,2023-09-28,dividend,0.628077
TRP,2023-12-28,dividend,0.64175
TRP,2024-03-27,dividend,0.644485
TRP,2024-06-28,dividend,0.639015
TRP,2024-09-27,dividend,0.649954
TRP,2024-12-31,dividend,0.573
TRP,2025-03-31,dividend,0.594
TRP,2025-06-30,dividend,0.621
TRP,2026-03-31,dividend,0.63
TRP,2026-06-30,dividend,0.618
TRUG,2025-06-23,split,0.02
TRUG,2026-03-27,split,0.1
TSCO,2016-11-09,dividend,0.048
TSCO,2017-02-23,dividend,0.048
TSCO,2017-05-18,dividend,0.054
TSCO,2017-08-17,dividend,0.054
TSCO,2017-11-17,dividend,0.054
TSCO,2018-02-23,dividend,0.054
TSCO,2018-05-25,dividend,0.062
TSCO,2018-08-24,dividend,0.062
TSCO,2018-11-23,dividend,0.062
TSCO,2019-02-22,dividend,0.062
TSCO,2019-05-24,dividend,0.07
TSCO,2019-08-23,dividend,0.07
TSCO,2019-11-22,dividend,0.07
TSCO,2020-02-21,dividend,0.07
TSCO,2020-05-22,dividend,0.07
TSCO,2020-08-21,dividend,0.08
TSCO,2020-11-20,dividend,0.08
TSCO,2021-02-19,dividend,0.104
TSCO,2021-05-21,dividend,0.104
TSCO,2021-08-20,dividend,0.104
TSCO,2021-11-19,dividend,0.104
TSCO,2022-02-17,dividend,0.184
TSCO,2022-05-24,dividend,0.184
TSCO,2022-08-19,dividend,0.184
TSCO,2022-11-18,dividend,0.184
TSCO,2023-02-24,dividend,0.206
TSCO,2023-05-26,dividend,0.206
TSCO,2023-08-25,dividend,0.206
TSCO,2023-11-24,dividend,0.206
TSCO,2024-02-23,dividend,0.22
TSCO,2024-05-24,dividend,0.22
TSCO,2024-08-26,dividend,0.22
TSCO,2024-11-25,dividend,0.22
TSCO,2024-12-20,split,5.0
TSCO,2025-02-26,dividend,0.23
TSCO,2025-05-28,dividend,0.23
TSCO,2025-08-25,dividend,0.23
TSCO,2025-11-24,dividend,0.23
TSCO,2026-02-24,dividend,0.24
TSCO,2026-05-27,dividend,0.24
TSCO,2026-08-24,dividend,0.24
TSLA,2020-08-31,split,5.0
TSLA,2022-08-25,split,3.0
TSLQ,2022-12-27,dividend,36.504
TSLQ,2023-12-26,dividend,67.176
TSLQ,2024-11-27,split,0.16666666666666666
TSLQ,2024-12-23,dividend,3.972
TSLQ,2025-10-21,split,0.3333333333333333
TSLQ,2025-12-22,dividend,1.918
TSM,2017-06-26,dividend,1.159
TSM,2018-06-25,dividend,1.345
TSM,2019-06-24,dividend,1.276
TSM,2019-09-19,dividend,0.322
TSM,2019-12-19,dividend,0.41
TSM,2020-03-19,dividend,0.417
TSM,2020-06-18,dividend,0.42
TSM,2020-09-17,dividend,0.427
TSM,2020-12-17,dividend,0.442
TSM,2021-03-17,dividend,0.448
TSM,2021-06-17,dividend,0.451
TSM,2021-09-16,dividend,0.497
TSM,2021-12-16,dividend,0.496
TSM,2022-03-16,dividend,0.49
TSM,2022-06-16,dividend,0.467
TSM,2022-09-15,dividend,0.448
TSM,2022-12-15,dividend,0.451
TSM,2023-03-16,dividend,0.449
TSM,2023-06-15,dividend,0.448
TSM,2023-09-14,dividend,0.471
TSM,2023-12-14,dividend,0.479
TSM,2024-03-18,dividend,0.554
TSM,2024-06-13,dividend,0.544
TSM,2024-09-12,dividend,0.626
TSM,2024-12-12,dividend,0.616
TSM,2025-03-18,dividend,0.684
TSM,2025-06-12,dividend,0.78
TSM,2025-09-16,dividend,0.822
TSM,2025-12-11,dividend,0.835
TSM,2026-03-17,dividend,0.956
TSM,2026-06-11,dividend,0.955
TSM,2026-09-16,dividend,1.107
TTD,2021-06-17,split,10.0
TU,2016-12-07,dividend,0.181
TU,2017-03-08,dividend,0.179
TU,2017-06-07,dividend,0.183
TU,2017-09-07,dividend,0.2015
TU,2017-12-08,dividend,0.1965
TU,2018-03-08,dividend,0.1955
TU,2018-06-07,dividend,0.203
TU,2018-09-07,dividend,0.1995
TU,2018-12-10,dividend,0.2045
TU,2019-03-08,dividend,0.2025
TU,2019-06-07,dividend,0.2105
TU,2019-09-09,dividend,0.2135
TU,2019-12-10,dividend,0.22
TU,2020-03-10,dividend,0.2125
TU,2020-03-18,split,2.0
TU,2020-06-09,dividend,0.218
TU,2020-09-09,dividend,0.22
TU,2020-12-10,dividend,0.243
TU,2021-03-10,dividend,0.246
TU,2021-06-09,dividend,0.261
TU,2021-09-09,dividend,0.249
TU,2021-12-09,dividend,0.259
TU,2022-03-10,dividend,0.256
TU,2022-06-09,dividend,0.27
TU,2022-09-08,dividend,0.258
TU,2022-12-08,dividend,0.257
TU,2023-03-09,dividend,0.255
TU,2023-06-08,dividend,0.272
TU,2023-09-07,dividend,0.267
TU,2023-12-08,dividend,0.277
TU,2024-03-08,dividend,0.279
TU,2024-06-10,dividend,0.283
TU,2024-09-10,dividend,0.287
TU,2024-12-11,dividend,0.284
TU,2025-03-11,dividend,0.279
TU,2025-06-10,dividend,0.304
TU,2026-03-11,dividend,0.308
TU,2026-06-10,dividend,0.3
TU,2026-09-10,dividend,0.136
TXN,2016-11-03,dividend,0.5
TXN,2017-01-27,dividend,0.5
TXN,2017-04-27,dividend,0.5
TXN,2017-07-27,dividend,0.5
TXN,2017-10-30,dividend,0.62
TXN,2018-01-30,dividend,0.62
TXN,2018-05-04,dividend,0.62
TXN,2018-07-30,dividend,0.62
TXN,2018-10-30,dividend,0.77
TXN,2019-01-30,dividend,0.77
TXN,2019-05-03,dividend,0.77
TXN,2019-07-30,dividend,0.77
TXN,2019-10-30,dividend,0.9
TXN,2020-01-30,dividend,0.9
TXN,2020-05-01,dividend,0.9
TXN,2020-07-30,dividend,0.9
TXN,2020-10-29,dividend,1.02
TXN,2021-01-29,dividend,1.02
TXN,2021-04-30,dividend,1.02
TXN,2021-07-23,dividend,1.02
TXN,2021-10-29,dividend,1.15
TXN,2022-01-28,dividend,1.15
TXN,2022-05-06,dividend,1.15
TXN,2022-07-29,dividend,1.15
TXN,2022-10-28,dividend,1.24
TXN,2023-01-30,dividend,1.24
TXN,2023-05-05,dividend,1.24
TXN,2023-07-28,dividend,1.24
TXN,2023-10-30,dividend,1.3
TXN,2024-01-30,dividend,1.3
TXN,2024-05-07,dividend,1.3
TXN,2024-07-31,dividend,1.3
TXN,2024-10-31,dividend,1.36
TXN,2025-01-31,dividend,1.36
TXN,2025-04-30,dividend,1.36
TXN,2025-07-31,dividend,1.36
TXN,2025-10-31,dividend,1.42
TXN,2026-01-30,dividend,1.42
TXN,2026-05-05,dividend,1.42
TXN,2026-07-31,dividend,1.42
UL,2016-10-26,dividend,0.399775
UL,2017-02-08,dividend,0.387387
UL,2017-05-03,dividend,0.431306
UL,2017-08-02,dividend,0.466216
UL,2017-11-02,dividend,0.475225
UL,2018-02-15,dividend,0.501126
UL,2018-05-03,dividend,0.539414
UL,2018-08-02,dividend,0.510135
UL,2018-11-01,dividend,0.505631
UL,2019-02-14,dividend,0.497748
UL,2019-05-02,dividend,0.522523
UL,2019-08-08,dividend,0.516892
UL,2019-10-31,dividend,0.509009
UL,2020-02-20,dividend,0.509009
UL,2020-05-14,dividend,0.501126
UL,2020-08-06,dividend,0.528153
UL,2020-10-29,dividend,0.546171
UL,2021-02-25,dividend,0.578829
UL,2021-05-20,dividend,0.581081
UL,2021-08-05,dividend,0.566441
UL,2021-11-04,dividend,0.560811
UL,2022-02-24,dividend,0.548423
UL,2022-05-19,dividend,0.513514
UL,2022-08-04,dividend,0.488739
UL,2022-11-17,dividend,0.474099
UL,2023-02-23,dividend,0.51464
UL,2023-05-18,dividend,0.529279
UL,2023-08-03,dividend,0.53491
UL,2023-11-16,dividend,0.511261
UL,2024-02-22,dividend,0.515766
UL,2024-05-16,dividend,0.513514
UL,2024-08-09,dividend,0.537162
UL,2024-11-08,dividend,0.536036
UL,2025-02-28,dividend,0.525901
UL,2025-05-16,dividend,0.585586
UL,2025-08-15,dividend,0.588964
UL,2025-11-07,dividend,0.592342
UL,2025-12-09,split,0.888
UL,2026-02-27,dividend,0.555
UL,2026-05-15,dividend,0.545
UL,2026-08-07,dividend,0.531
UNP,2016-11-28,dividend,0.605
UNP,2017-02-24,dividend,0.605
UNP,2017-05-26,dividend,0.605
UNP,2017-08-29,dividend,0.605
UNP,2017-11-29,dividend,0.665
UNP,2018-02-27,dividend,0.73
UNP,2018-05-30,dividend,0.73
UNP,2018-08-30,dividend,0.8
UNP,2018-11-29,dividend,0.8
UNP,2019-02-27,dividend,0.88
UNP,2019-05-30,dividend,0.88
UNP,2019-08-29,dividend,0.97
UNP,2019-11-27,dividend,0.97
UNP,2020-02-27,dividend,0.97
UNP,2020-05-28,dividend,0.97
UNP,2020-08-28,dividend,0.97
UNP,2020-11-27,dividend,0.97
UNP,2021-02-25,dividend,0.97
UNP,2021-05-27,dividend,1.07
UNP,2021-08-30,dividend,1.07
UNP,2021-12-17,dividend,1.18
UNP,2022-02-25,dividend,1.18
UNP,2022-05-27,dividend,1.3
UNP,2022-08-30,dividend,1.3
UNP,2022-12-16,dividend,1.3
UNP,2023-02-27,dividend,1.3
UNP,2023-05-30,dividend,1.3
UNP,2023-08-30,dividend,1.3
UNP,2023-12-07,dividend,1.3
UNP,2024-02-28,dividend,1.3
UNP,2024-05-31,dividend,1.3
UNP,2024-08-30,dividend,1.34
UNP,2024-12-09,dividend,1.34
UNP,2025-02-28,dividend,1.34
UNP,2025-05-30,dividend,1.34
UNP,2025-08-29,dividend,1.38
UNP,2025-12-05,dividend,1.38
UNP,2026-02-27,dividend,1.38
UNP,2026-05-29,dividend,1.38
UNP,2026-08-31,dividend,1.42
UPXI,2024-10-03,split,0.05
USAS,2016-12-28,split,0.08333333333333333
USAS,2025-08-26,split,0.4
USB,2016-09-28,dividend,0.28
USB,2016-12-28,dividend,0.28
USB,2017-03-29,dividend,0.28
USB,2017-06-28,dividend,0.28
USB,2017-09-28,dividend,0.3
USB,2017-12-28,dividend,0.3
USB,2018-03-28,dividend,0.3
USB,2018-06-28,dividend,0.3
USB,2018-09-27,dividend,0.37
USB,2018-12-28,dividend,0.37
USB,2019-03-28,dividend,0.37
USB,2019-06-27,dividend,0.37
USB,2019-09-27,dividend,0.42
USB,2019-12-30,dividend,0.42
USB,2020-03-30,dividend,0.42
USB,2020-06-29,dividend,0.42
USB,2020-09-29,dividend,0.42
USB,2020-12-30,dividend,0.42
USB,2021-03-30,dividend,0.42
USB,2021-06-29,dividend,0.42
USB,2021-09-29,dividend,0.46
USB,2021-12-30,dividend,0.46
USB,2022-03-30,dividend,0.46
USB,2022-06-29,dividend,0.46
USB,2022-09-29,dividend,0.48
USB,2022-12-29,dividend,0.48
USB,2023-03-30,dividend,0.48
USB,2023-06-29,dividend,0.48
USB,2023-09-28,dividend,0.48
USB,2023-12-28,dividend,0.49
USB,2024-03-27,dividend,0.49
USB,2024-06-28,dividend,0.49
USB,2024-09-30,dividend,0.5
USB,2024-12-31,dividend,0.5
USB,2025-03-31,dividend,0.5
USB,2025-06-30,dividend,0.5
USB,2025-09-30,dividend,0.52
USB,2025-12-31,dividend,0.52
USB,2026-03-31,dividend,0.52
USB,2026-06-30,dividend,0.52
UWMC,2021-03-09,dividend,0.1
UWMC,2021-06-09,dividend,0.1
UWMC,2021-09-09,dividend,0.1
UWMC,2021-12-09,dividend,0.1
UWMC,2022-03-11,dividend,0.1
UWMC,2022-06-17,dividend,0.1
UWMC,2022-09-19,dividend,0.1
UWMC,2022-12-08,dividend,0.1
UWMC,2023-03-09,dividend,0.1
UWMC,2023-06-20,dividend,0.1
UWMC,2023-09-19,dividend,0.1
UWMC,2023-12-19,dividend,0.1
UWMC,2024-03-19,dividend,0.1
UWMC,2024-06-20,dividend,0.1
UWMC,2024-09-19,dividend,0.1
UWMC,2024-12-19,dividend,0.1
UWMC,2025-03-20,dividend,0.1
UWMC,2025-06-18,dividend,0.1
UWMC,2025-09-18,dividend,0.1
UWMC,2025-12-18,dividend,0.1
UWMC,2026-03-19,dividend,0.1
UWMC,2026-06-18,dividend,0.1
V,2016-11-16,dividend,0.165
V,2017-02-15,dividend,0.165
V,2017-05-17,dividend,0.165
V,2017-08-16,dividend,0.165
V,2017-11-16,dividend,0.195
V,2018-02-15,dividend,0.21
V,2018-05-17,dividend,0.21
V,2018-08-16,dividend,0.21
V,2018-11-15,dividend,0.25
V,2019-02-14,dividend,0.25
V,2019-05-16,dividend,0.25
V,2019-08-15,dividend,0.25
V,2019-11-14,dividend,0.3
V,2020-02-13,dividend,0.3
V,2020-05-13,dividend,0.3
V,2020-08-13,dividend,0.3
V,2020-11-12,dividend,0.32
V,2021-02-11,dividend,0.32
V,2021-05-13,dividend,0.32
V,2021-08-12,dividend,0.32
V,2021-11-10,dividend,0.375
V,2022-02-10,dividend,0.375
V,2022-05-12,dividend,0.375
V,2022-08-11,dividend,0.375
V,2022-11-09,dividend,0.45
V,2023-02-09,dividend,0.45
V,2023-05-11,dividend,0.45
V,2023-08-10,dividend,0.45
V,2023-11-08,dividend,0.52
V,2024-02-08,dividend,0.52
V,2024-05-16,dividend,0.52
V,2024-08-09,dividend,0.52
V,2024-11-12,dividend,0.59
V,2025-02-11,dividend,0.59
V,2025-05-13,dividend,0.59
V,2025-08-12,dividend,0.59
V,2025-11-12,dividend,0.67
V,2026-02-10,dividend,0.67
V,2026-05-12,dividend,0.67
V,2026-08-11,dividend,0.67
VALE,2016-12-02,dividend,0.049
VALE,2017-04-24,dividend,0.288
VALE,2017-12-22,dividend,0.127
VALE,2018-03-07,dividend,0.151
VALE,2018-08-03,dividend,0.398
VALE,2019-12-27,dividend,0.347
VALE,2020-09-22,dividend,0.457
VALE,2021-03-05,dividend,0.767
VALE,2021-06-24,dividend,0.436
VALE,2021-09-23,dividend,1.559
VALE,2022-03-09,dividend,0.725
VALE,2022-08-12,dividend,0.687
VALE,2022-12-13,dividend,0.056
VALE,2023-03-14,dividend,0.354
VALE,2023-08-14,dividend,0.406
VALE,2023-11-22,dividend,0.469
VALE,2024-03-12,dividend,0.544
VALE,2024-08-05,dividend,0.371
VALE,2024-12-12,dividend,0.091
VALE,2025-03-10,dividend,0.373
VALE,2025-08-13,dividend,0.347
VALE,2025-12-12,dividend,0.668
VALE,2026-08-13,dividend,0.4
VFC,2016-12-07,dividend,0.39548
VFC,2017-03-08,dividend,0.39548
VFC,2017-06-07,dividend,0.39548
VFC,2017-09-07,dividend,0.39548
VFC,2017-12-07,dividend,0.433145
VFC,2018-03-08,dividend,0.433145
VFC,2018-06-07,dividend,0.433145
VFC,2018-09-07,dividend,0.433145
VFC,2018-12-07,dividend,0.480226
VFC,2019-03-07,dividend,0.480226
VFC,2019-05-23,split,1.062
VFC,2019-06-07,dividend,0.51
VFC,2019-09-09,dividend,0.43
VFC,2019-12-09,dividend,0.48
VFC,2020-03-09,dividend,0.48
VFC,2020-06-09,dividend,0.48
VFC,2020-09-09,dividend,0.48
VFC,2020-12-09,dividend,0.49
VFC,2021-03-09,dividend,0.49
VFC,2021-06-09,dividend,0.49
VFC,2021-09-09,dividend,0.49
VFC,2021-12-09,dividend,0.5
VFC,2022-03-09,dividend,0.5
VFC,2022-06-09,dividend,0.5
VFC,2022-09-09,dividend,0.5
VFC,2022-12-09,dividend,0.51
VFC,2023-03-09,dividend,0.3
VFC,2023-06-09,dividend,0.3
VFC,2023-09-08,dividend,0.3
VFC,2023-12-08,dividend,0.09
VFC,2024-03-08,dividend,0.09
VFC,2024-06-10,dividend,0.09
VFC,2024-09-10,dividend,0.09
VFC,2024-12-10,dividend,0.09
VFC,2025-03-10,dividend,0.09
VFC,2025-06-10,dividend,0.09
VFC,2025-09-10,dividend,0.09
VFC,2025-12-10,dividend,0.09
VFC,2026-03-10,dividend,0.09
VFC,2026-06-10,dividend,0.09
VFC,2026-09-10,dividend,0.09
VG,2025-03-10,dividend,0.017
VG,2025-06-10,dividend,0.017
VG,2025-09-19,dividend,0.017
VG,2025-12-15,dividend,0.017
VG,2026-03-16,dividend,0.018
VG,2026-06-15,dividend,0.018
VG,2026-09-15,dividend,0.04
VICI,2018-03-28,dividend,0.16
VICI,2018-06-27,dividend,0.263
VICI,2018-09-27,dividend,0.288
VICI,2018-12-27,dividend,0.288
VICI,2019-03-28,dividend,0.288
VICI,2019-06-27,dividend,0.288
VICI,2019-09-26,dividend,0.298
VICI,2019-12-26,dividend,0.298
VICI,2020-03-30,dividend,0.298
VICI,2020-06-29,dividend,0.298
VICI,2020-09-29,dividend,0.33
VICI,2020-12-22,dividend,0.33
VICI,2021-03-24,dividend,0.33
VICI,2021-06-23,dividend,0.33
VICI,2021-09-23,dividend,0.36
VICI,2021-12-22,dividend,0.36
VICI,2022-03-23,dividend,0.36
VICI,2022-06-22,dividend,0.36
VICI,2022-09-21,dividend,0.39
VICI,2022-12-21,dividend,0.39
VICI,2023-03-22,dividend,0.39
VICI,2023-06-21,dividend,0.39
VICI,2023-09-20,dividend,0.415
VICI,2023-12-20,dividend,0.415
VICI,2024-03-20,dividend,0.415
VICI,2024-06-18,dividend,0.415
VICI,2024-09-18,dividend,0.433
VICI,2024-12-17,dividend,0.433
VICI,2025-03-20,dividend,0.433
VICI,2025-06-18,dividend,0.433
VICI,2025-09-18,dividend,0.45
VICI,2025-12-17,dividend,0.45
VICI,2026-03-19,dividend,0.45
VICI,2026-06-18,dividend,0.45
VISN,2026-04-28,dividend,10.0
VISN,2026-08-28,dividend,5.0
VLY,2016-12-13,dividend,0.11
VLY,2017-03-13,dividend,0.11
VLY,2017-06-13,dividend,0.11
VLY,2017-09-14,dividend,0.11
VLY,2017-12-21,dividend,0.11
VLY,2018-03-14,dividend,0.11
VLY,2018-06-14,dividend,0.11
VLY,2018-09-13,dividend,0.11
VLY,2018-12-13,dividend,0.11
VLY,2019-03-14,dividend,0.11
VLY,2019-06-13,dividend,0.11
VLY,2019-09-12,dividend,0.11
VLY,2019-12-12,dividend,0.11
VLY,2020-03-12,dividend,0.11
VLY,2020-06-12,dividend,0.11
VLY,2020-09-14,dividend,0.11
VLY,2020-12-14,dividend,0.11
VLY,2021-03-12,dividend,0.11
VLY,2021-06-14,dividend,0.11
VLY,2021-09-14,dividend,0.11
VLY,2021-12-14,dividend,0.11
VLY,2022-03-14,dividend,0.11
VLY,2022-06-14,dividend,0.11
VLY,2022-09-14,dividend,0.11
VLY,2022-12-14,dividend,0.11
VLY,2023-03-14,dividend,0.11
VLY,2023-06-14,dividend,0.11
VLY,2023-09-13,dividend,0.11
VLY,2023-12-13,dividend,0.11
VLY,2024-03-13,dividend,0.11
VLY,2024-06-13,dividend,0.11
VLY,2024-09-13,dividend,0.11
VLY,2024-12-13,dividend,0.11
VLY,2025-03-14,dividend,0.11
VLY,2025-06-13,dividend,0.11
VLY,2025-09-15,dividend,0.11
VLY,2025-12-15,dividend,0.11
VLY,2026-03-13,dividend,0.11
VLY,2026-06-15,dividend,0.11
VLY,2026-09-15,dividend,0.11
VMRK,2016-09-22,dividend,3.504
VMRK,2016-12-22,dividend,0.504
VMRK,2017-03-23,dividend,0.504
VMRK,2017-06-22,dividend,0.504
VMRK,2017-09-22,dividend,0.504
VMRK,2017-12-29,dividend,0.504
VMRK,2018-03-23,dividend,0.54
VMRK,2018-06-22,dividend,0.54
VMRK,2018-09-21,dividend,0.54
VMRK,2018-12-31,dividend,0.54
VMRK,2019-03-22,dividend,0.568
VMRK,2019-06-27,dividend,0.568
VMRK,2019-09-27,dividend,0.568
VMRK,2019-12-31,dividend,0.568
VMRK,2020-03-20,dividend,0.603
VMRK,2020-06-19,dividend,0.603
VMRK,2020-09-24,dividend,0.603
VMRK,2020-12-31,dividend,0.603
VMRK,2021-03-26,dividend,0.603
VMRK,2021-06-25,dividend,0.603
VMRK,2021-09-24,dividend,0.603
VMRK,2021-12-31,dividend,0.603
VMRK,2022-03-25,dividend,0.625
VMRK,2022-06-24,dividend,0.625
VMRK,2022-09-23,dividend,0.625
VMRK,2022-12-30,dividend,0.625
VMRK,2023-03-24,dividend,0.663
VMRK,2023-06-23,dividend,0.663
VMRK,2023-09-25,dividend,0.663
VMRK,2023-12-29,dividend,0.663
VMRK,2024-03-22,dividend,0.675
VMRK,2024-07-01,dividend,0.675
VMRK,2024-09-24,dividend,0.675
VMRK,2025-01-02,dividend,0.675
VMRK,2025-03-31,dividend,0.693
VMRK,2025-06-24,dividend,0.693
VMRK,2025-09-25,dividend,0.693
VMRK,2026-01-02,dividend,0.693
VMRK,2026-03-30,dividend,0.703
VMRK,2026-06-29,dividend,0.703
VNRX,2026-04-28,split,0.05
VRDN,2016-11-07,split,0.06666666666666667
VRDN,2020-11-13,split,0.06666666666666667
VRT,2020-12-01,dividend,0.01
VRT,2021-11-30,dividend,0.01
VRT,2022-11-29,dividend,0.01
VRT,2023-12-08,dividend,0.025
VRT,2024-03-18,dividend,0.025
VRT,2024-06-17,dividend,0.025
VRT,2024-09-17,dividend,0.025
VRT,2024-12-03,dividend,0.038
VRT,2025-03-18,dividend,0.038
VRT,2025-06-16,dividend,0.038
VRT,2025-09-15,dividend,0.038
VRT,2025-11-25,dividend,0.063
VRT,2026-03-17,dividend,0.063
VRT,2026-06-15,dividend,0.063
VRT,2026-09-14,dividend,0.063
VST,2016-12-15,dividend,2.32
VST,2019-03-14,dividend,0.125
VST,2019-06-13,dividend,0.125
VST,2019-09-13,dividend,0.125
VST,2019-12-13,dividend,0.125
VST,2020-03-16,dividend,0.135
VST,2020-06-15,dividend,0.135
VST,2020-09-15,dividend,0.135
VST,2020-12-15,dividend,0.135
VST,2021-03-16,dividend,0.15
VST,2021-06-15,dividend,0.15
VST,2021-09-15,dividend,0.15
VST,2021-12-15,dividend,0.15
VST,2022-03-21,dividend,0.17
VST,2022-06-21,dividend,0.177
VST,2022-09-20,dividend,0.184
VST,2022-12-19,dividend,0.193
VST,2023-03-21,dividend,0.198
VST,2023-06-20,dividend,0.204
VST,2023-09-19,dividend,0.206
VST,2023-12-19,dividend,0.213
VST,2024-03-19,dividend,0.215
VST,2024-06-18,dividend,0.218
VST,2024-09-20,dividend,0.22
VST,2024-12-20,dividend,0.222
VST,2025-03-20,dividend,0.224
VST,2025-06-18,dividend,0.225
VST,2025-09-19,dividend,0.226
VST,2025-12-22,dividend,0.227
VST,2026-03-20,dividend,0.228
VST,2026-06-22,dividend,0.229
VSTM,2023-06-01,split,0.08333333333333333
VTR,2016-12-16,dividend,0.775
VTR,2017-03-03,dividend,0.775
VTR,2017-06-02,dividend,0.775
VTR,2017-09-11,dividend,0.775
VTR,2017-12-29,dividend,0.79
VTR,2018-03-29,dividend,0.79
VTR,2018-06-29,dividend,0.79
VTR,2018-09-28,dividend,0.79
VTR,2018-12-31,dividend,0.793
VTR,2019-03-29,dividend,0.793
VTR,2019-06-28,dividend,0.793
VTR,2019-09-30,dividend,0.793
VTR,2019-12-31,dividend,0.793
VTR,2020-03-31,dividend,0.793
VTR,2020-06-30,dividend,0.45
VTR,2020-09-30,dividend,0.45
VTR,2020-12-31,dividend,0.45
VTR,2021-03-31,dividend,0.45
VTR,2021-06-30,dividend,0.45
VTR,2021-09-30,dividend,0.45
VTR,2021-12-31,dividend,0.45
VTR,2022-03-31,dividend,0.45
VTR,2022-06-30,dividend,0.45
VTR,2022-09-30,dividend,0.45
VTR,2022-12-30,dividend,0.45
VTR,2023-03-31,dividend,0.45
VTR,2023-06-30,dividend,0.45
VTR,2023-09-29,dividend,0.45
VTR,2023-12-29,dividend,0.45
VTR,2024-03-28,dividend,0.45
VTR,2024-07-01,dividend,0.45
VTR,2024-10-01,dividend,0.45
VTR,2024-12-31,dividend,0.45
VTR,2025-03-31,dividend,0.48
VTR,2025-06-30,dividend,0.48
VTR,2025-09-30,dividend,0.48
VTR,2025-12-31,dividend,0.48
VTR,2026-03-31,dividend,0.52
VTR,2026-06-30,dividend,0.52
VTRS,2021-05-21,dividend,0.11
VTRS,2021-08-23,dividend,0.11
VTRS,2021-11-22,dividend,0.11
VTRS,2022-02-23,dividend,0.12
VTRS,2022-05-23,dividend,0.12
VTRS,2022-08-23,dividend,0.12
VTRS,2022-11-22,dividend,0.12
VTRS,2023-03-08,dividend,0.12
VTRS,2023-05-23,dividend,0.12
VTRS,2023-08-23,dividend,0.12
VTRS,2023-11-22,dividend,0.12
VTRS,2024-03-08,dividend,0.12
VTRS,2024-05-23,dividend,0.12
VTRS,2024-08-23,dividend,0.12
VTRS,2024-11-22,dividend,0.12
VTRS,2025-03-10,dividend,0.12
VTRS,2025-05-23,dividend,0.12
VTRS,2025-08-22,dividend,0.12
VTRS,2025-11-24,dividend,0.12
VTRS,2026-03-09,dividend,0.12
VTRS,2026-05-22,dividend,0.12
VTRS,2026-08-21,dividend,0.12
VVOS,2023-10-27,split,0.04
VYX,2023-10-17,split,1.63
VZ,2016-10-05,dividend,0.578
VZ,2017-01-06,dividend,0.578
VZ,2017-04-06,dividend,0.578
VZ,2017-07-06,dividend,0.578
VZ,2017-10-06,dividend,0.59
VZ,2018-01-09,dividend,0.59
VZ,2018-04-09,dividend,0.59
VZ,2018-07-09,dividend,0.59
VZ,2018-10-09,dividend,0.603
VZ,2019-01-09,dividend,0.603
VZ,2019-04-09,dividend,0.603
VZ,2019-07-09,dividend,0.603
VZ,2019-10-09,dividend,0.615
VZ,2020-01-09,dividend,0.615
VZ,2020-04-09,dividend,0.615
VZ,2020-07-09,dividend,0.615
VZ,2020-10-08,dividend,0.628
VZ,2021-01-07,dividend,0.628
VZ,2021-04-08,dividend,0.628
VZ,2021-07-08,dividend,0.628
VZ,2021-10-07,dividend,0.64
VZ,2022-01-07,dividend,0.64
VZ,2022-04-07,dividend,0.64
VZ,2022-07-07,dividend,0.64
VZ,2022-10-06,dividend,0.653
VZ,2023-01-09,dividend,0.653
VZ,2023-04-06,dividend,0.653
VZ,2023-07-07,dividend,0.653
VZ,2023-10-06,dividend,0.665
VZ,2024-01-09,dividend,0.665
VZ,2024-04-09,dividend,0.665
VZ,2024-07-10,dividend,0.665
VZ,2024-10-10,dividend,0.678
VZ,2025-01-10,dividend,0.678
VZ,2025-04-10,dividend,0.678
VZ,2025-07-10,dividend,0.678
VZ,2025-10-10,dividend,0.69
VZ,2026-01-12,dividend,0.69
VZ,2026-04-10,dividend,0.708
VZ,2026-07-10,dividend,0.708
WDC,2016-09-28,dividend,0.377929
WDC,2016-12-28,dividend,0.377929
WDC,2017-03-29,dividend,0.377929
WDC,2017-06-28,dividend,0.377929
WDC,2017-09-28,dividend,0.377929
WDC,2017-12-28,dividend,0.377929
WDC,2018-03-28,dividend,0.377929
WDC,2018-06-28,dividend,0.377929
WDC,2018-09-27,dividend,0.377929
WDC,2018-12-27,dividend,0.377929
WDC,2019-03-28,dividend,0.377929
WDC,2019-06-27,dividend,0.377929
WDC,2019-10-03,dividend,0.377929
WDC,2020-01-02,dividend,0.377929
WDC,2020-04-02,dividend,0.377929
WDC,2025-02-24,split,1.323
WDC,2025-06-04,dividend,0.1
WDC,2025-09-04,dividend,0.1
WDC,2025-12-04,dividend,0.125
WDC,2026-03-05,dividend,0.125
WDC,2026-06-05,dividend,0.15
WDC,2026-09-08,dividend,0.15
WELL,2016-11-04,dividend,0.86
WELL,2017-02-03,dividend,0.87
WELL,2017-05-05,dividend,0.87
WELL,2017-08-04,dividend,0.87
WELL,2017-11-06,dividend,0.87
WELL,2018-02-12,dividend,0.87
WELL,2018-05-07,dividend,0.87
WELL,2018-08-06,dividend,0.87
WELL,2018-11-08,dividend,0.87
WELL,2019-02-21,dividend,0.87
WELL,2019-05-13,dividend,0.87
WELL,2019-08-14,dividend,0.87
WELL,2019-11-12,dividend,0.87
WELL,2020-02-21,dividend,0.87
WELL,2020-05-18,dividend,0.61
WELL,2020-08-17,dividend,0.61
WELL,2020-11-09,dividend,0.61
WELL,2021-02-19,dividend,0.61
WELL,2021-05-10,dividend,0.61
WELL,2021-08-11,dividend,0.61
WELL,2021-11-15,dividend,0.61
WELL,2022-02-28,dividend,0.61
WELL,2022-05-23,dividend,0.61
WELL,2022-08-22,dividend,0.61
WELL,2022-11-17,dividend,0.61
WELL,2023-02-27,dividend,0.61
WELL,2023-05-15,dividend,0.61
WELL,2023-08-14,dividend,0.61
WELL,2023-11-13,dividend,0.61
WELL,2024-02-22,dividend,0.61
WELL,2024-05-10,dividend,0.61
WELL,2024-08-12,dividend,0.67
WELL,2024-11-13,dividend,0.67
WELL,2025-02-25,dividend,0.67
WELL,2025-05-14,dividend,0.67
WELL,2025-08-12,dividend,0.74
WELL,2025-11-10,dividend,0.74
WELL,2026-02-25,dividend,0.74
WELL,2026-05-13,dividend,0.74
WELL,2026-08-12,dividend,0.85
WEN,2016-11-29,dividend,0.065
WEN,2017-02-27,dividend,0.07
WEN,2017-05-30,dividend,0.07
WEN,2017-08-30,dividend,0.07
WEN,2017-11-30,dividend,0.07
WEN,2018-02-28,dividend,0.085
WEN,2018-05-31,dividend,0.085
WEN,2018-08-31,dividend,0.085
WEN,2018-11-30,dividend,0.085
WEN,2019-02-28,dividend,0.1
WEN,2019-05-31,dividend,0.1
WEN,2019-08-30,dividend,0.1
WEN,2019-11-29,dividend,0.12
WEN,2020-02-28,dividend,0.12
WEN,2020-05-29,dividend,0.05
WEN,2020-08-31,dividend,0.05
WEN,2020-11-30,dividend,0.07
WEN,2021-03-04,dividend,0.09
WEN,2021-05-28,dividend,0.1
WEN,2021-08-31,dividend,0.12
WEN,2021-11-30,dividend,0.12
WEN,2022-03-04,dividend,0.125
WEN,2022-05-31,dividend,0.125
WEN,2022-08-31,dividend,0.125
WEN,2022-11-30,dividend,0.125
WEN,2023-02-28,dividend,0.25
WEN,2023-05-31,dividend,0.25
WEN,2023-08-31,dividend,0.25
WEN,2023-11-30,dividend,0.25
WEN,2024-02-29,dividend,0.25
WEN,2024-06-03,dividend,0.25
WEN,2024-09-03,dividend,0.25
WEN,2024-12-02,dividend,0.25
WEN,2025-03-03,dividend,0.25
WEN,2025-06-02,dividend,0.14
WEN,2025-09-02,dividend,0.14
WEN,2025-12-01,dividend,0.14
WEN,2026-03-02,dividend,0.14
WEN,2026-06-01,dividend,0.14
WEN,2026-09-01,dividend,0.07
WETO,2026-08-03,split,0.01
WFC,2016-11-02,dividend,0.38
WFC,2017-02-01,dividend,0.38
WFC,2017-05-03,dividend,0.38
WFC,2017-08-02,dividend,0.39
WFC,2017-11-02,dividend,0.39
WFC,2018-02-01,dividend,0.39
WFC,2018-05-03,dividend,0.39
WFC,2018-08-09,dividend,0.43
WFC,2018-11-08,dividend,0.43
WFC,2019-01-31,dividend,0.45
WFC,2019-05-09,dividend,0.45
WFC,2019-08-08,dividend,0.51
WFC,2019-11-07,dividend,0.51
WFC,2020-02-06,dividend,0.51
WFC,2020-05-07,dividend,0.51
WFC,2020-08-06,dividend,0.1
WFC,2020-11-05,dividend,0.1
WFC,2021-02-04,dividend,0.1
WFC,2021-05-06,dividend,0.1
WFC,2021-08-05,dividend,0.2
WFC,2021-11-04,dividend,0.2
WFC,2022-02-03,dividend,0.25
WFC,2022-05-05,dividend,0.25
WFC,2022-08-04,dividend,0.3
WFC,2022-11-03,dividend,0.3
WFC,2023-02-02,dividend,0.3
WFC,2023-05-04,dividend,0.3
WFC,2023-08-03,dividend,0.35
WFC,2023-11-02,dividend,0.35
WFC,2024-02-01,dividend,0.35
WFC,2024-05-09,dividend,0.35
WFC,2024-08-09,dividend,0.4
WFC,2024-11-08,dividend,0.4
WFC,2025-02-07,dividend,0.4
WFC,2025-05-09,dividend,0.4
WFC,2025-08-08,dividend,0.45
WFC,2025-11-07,dividend,0.45
WFC,2026-02-06,dividend,0.45
WFC,2026-05-08,dividend,0.45
WFC,2026-08-07,dividend,0.5
WFF,2026-04-13,split,0.2
WHLR,2016-09-28,dividend,6270566400.0
WHLR,2016-10-27,dividend,6270566400.0
WHLR,2016-11-28,dividend,6270566400.0
WHLR,2016-12-28,dividend,6270566400.0
WHLR,2017-01-27,dividend,6270566400.0
WHLR,2017-02-24,dividend,6270566400.0
WHLR,2017-03-29,dividend,6270566400.0
WHLR,2017-04-03,split,0.125
WHLR,2017-06-28,dividend,14805504000.0
WHLR,2017-09-28,dividend,14805504000.0
WHLR,2017-12-27,dividend,14805504000.0
WHLR,2023-08-18,split,0.1
WHLR,2024-05-17,split,0.041666666666666664
WHLR,2024-06-20,split,0.16666666666666666
WHLR,2024-06-28,split,0.2
WHLR,2024-09-20,split,0.3333333333333333
WHLR,2024-11-19,split,0.5
WHLR,2025-01-28,split,0.25
WHLR,2025-03-27,split,0.2
WHLR,2025-05-27,split,0.14285714285714285
WHLR,2025-09-23,split,0.2
WHLR,2025-12-01,split,0.5
WHLR,2026-01-20,split,0.3333333333333333
WHLR,2026-04-20,split,0.3333333333333333
WHLR,2026-06-18,split,0.25
WHLR,2026-07-28,split,0.2
WHLR,2026-08-27,split,0.25
WIT,2017-02-01,dividend,0.005439
WIT,2017-06-22,split,2.0
WIT,2018-01-31,dividend,0.006002
WIT,2019-01-28,dividend,0.005251
WIT,2020-01-24,dividend,0.007
WIT,2021-01-22,dividend,0.007
WIT,2022-01-21,dividend,0.007
WIT,2022-04-05,dividend,0.033
WIT,2023-01-24,dividend,0.006
WIT,2024-01-23,dividend,0.006
WIT,2024-12-11,split,2.0
WIT,2025-01-28,dividend,0.069
WIT,2025-07-28,dividend,0.058
WIT,2026-07-27,dividend,0.021
WKSP,2019-03-29,split,0.16666666666666666
WKSP,2021-08-04,split,0.05
WKSP,2025-03-18,split,0.1
WMB,2016-12-07,dividend,0.2
WMB,2017-03-08,dividend,0.3
WMB,2017-06-07,dividend,0.3
WMB,2017-09-07,dividend,0.3
WMB,2017-12-07,dividend,0.3
WMB,2018-03-08,dividend,0.34
WMB,2018-06-07,dividend,0.34
WMB,2018-09-06,dividend,0.34
WMB,2018-12-13,dividend,0.34
WMB,2019-03-07,dividend,0.38
WMB,2019-06-06,dividend,0.38
WMB,2019-09-12,dividend,0.38
WMB,2019-12-12,dividend,0.38
WMB,2020-03-12,dividend,0.4
WMB,2020-06-11,dividend,0.4
WMB,2020-09-10,dividend,0.4
WMB,2020-12-10,dividend,0.4
WMB,2021-03-11,dividend,0.41
WMB,2021-06-10,dividend,0.41
WMB,2021-09-09,dividend,0.41
WMB,2021-12-09,dividend,0.41
WMB,2022-03-10,dividend,0.425
WMB,2022-06-09,dividend,0.425
WMB,2022-09-08,dividend,0.425
WMB,2022-12-08,dividend,0.425
WMB,2023-03-10,dividend,0.448
WMB,2023-06-09,dividend,0.448
WMB,2023-09-08,dividend,0.448
WMB,2023-12-07,dividend,0.448
WMB,2024-03-07,dividend,0.475
WMB,2024-06-07,dividend,0.475
WMB,2024-09-13,dividend,0.475
WMB,2024-12-13,dividend,0.475
WMB,2025-03-14,dividend,0.5
WMB,2025-06-13,dividend,0.5
WMB,2025-09-12,dividend,0.5
WMB,2025-12-12,dividend,0.5
WMB,2026-03-13,dividend,0.525
WMB,2026-06-12,dividend,0.525
WMB,2026-09-11,dividend,0.525
WMT,2016-12-07,dividend,0.166667
WMT,2017-03-08,dividend,0.17
WMT,2017-05-10,dividend,0.17
WMT,2017-08-09,dividend,0.17
WMT,2017-12-07,dividend,0.17
WMT,2018-03-08,dividend,0.173333
WMT,2018-05-10,dividend,0.173333
WMT,2018-08-09,dividend,0.173333
WMT,2018-12-06,dividend,0.173333
WMT,2019-03-14,dividend,0.176667
WMT,2019-05-09,dividend,0.176667
WMT,2019-08-08,dividend,0.176667
WMT,2019-12-05,dividend,0.176667
WMT,2020-03-19,dividend,0.18
WMT,2020-05-07,dividend,0.18
WMT,2020-08-13,dividend,0.18
WMT,2020-12-10,dividend,0.18
WMT,2021-03-18,dividend,0.183333
WMT,2021-05-06,dividend,0.183333
WMT,2021-08-12,dividend,0.183333
WMT,2021-12-09,dividend,0.183333
WMT,2022-03-17,dividend,0.186667
WMT,2022-05-05,dividend,0.186667
WMT,2022-08-11,dividend,0.186667
WMT,2022-12-08,dividend,0.186667
WMT,2023-03-16,dividend,0.19
WMT,2023-05-04,dividend,0.19
WMT,2023-08-10,dividend,0.19
WMT,2023-12-07,dividend,0.19
WMT,2024-02-26,split,3.0
WMT,2024-03-14,dividend,0.208
WMT,2024-05-09,dividend,0.208
WMT,2024-08-16,dividend,0.208
WMT,2024-12-13,dividend,0.208
WMT,2025-03-21,dividend,0.235
WMT,2025-05-09,dividend,0.235
WMT,2025-08-15,dividend,0.235
WMT,2025-12-12,dividend,0.235
WMT,2026-03-20,dividend,0.248
WMT,2026-05-08,dividend,0.248
WMT,2026-08-21,dividend,0.248
WU,2016-12-15,dividend,0.16
WU,2017-03-15,dividend,0.175
WU,2017-06-14,dividend,0.175
WU,2017-09-14,dividend,0.175
WU,2017-12-15,dividend,0.175
WU,2018-03-15,dividend,0.19
WU,2018-06-14,dividend,0.19
WU,2018-09-13,dividend,0.19
WU,2018-12-14,dividend,0.19
WU,2019-03-14,dividend,0.2
WU,2019-06-13,dividend,0.2
WU,2019-09-13,dividend,0.2
WU,2019-12-16,dividend,0.2
WU,2020-03-16,dividend,0.225
WU,2020-06-15,dividend,0.225
WU,2020-09-15,dividend,0.225
WU,2020-12-18,dividend,0.225
WU,2021-03-16,dividend,0.235
WU,2021-06-15,dividend,0.235
WU,2021-09-15,dividend,0.235
WU,2021-12-16,dividend,0.235
WU,2022-03-16,dividend,0.235
WU,2022-06-15,dividend,0.235
WU,2022-09-15,dividend,0.235
WU,2022-12-16,dividend,0.235
WU,2023-03-16,dividend,0.235
WU,2023-06-15,dividend,0.235
WU,2023-09-14,dividend,0.235
WU,2023-12-19,dividend,0.235
WU,2024-03-14,dividend,0.235
WU,2024-06-14,dividend,0.235
WU,2024-09-16,dividend,0.235
WU,2024-12-23,dividend,0.235
WU,2025-03-17,dividend,0.235
WU,2025-06-16,dividend,0.235
WU,2025-09-16,dividend,0.235
WU,2025-12-22,dividend,0.235
WU,2026-03-17,dividend,0.235
WU,2026-06-16,dividend,0.235
WU,2026-09-16,dividend,0.235
WULF,2021-12-14,dividend,5.0
WY,2016-10-26,dividend,0.31
WY,2017-03-01,dividend,0.31
WY,2017-06-07,dividend,0.31
WY,2017-09-07,dividend,0.31
WY,2017-11-30,dividend,0.32
WY,2018-03-01,dividend,0.32
WY,2018-06-07,dividend,0.32
WY,2018-09-13,dividend,0.34
WY,2018-11-29,dividend,0.34
WY,2019-02-28,dividend,0.34
WY,2019-06-06,dividend,0.34
WY,2019-09-05,dividend,0.34
WY,2019-12-05,dividend,0.34
WY,2020-03-05,dividend,0.34
WY,2020-12-03,dividend,0.17
WY,2021-03-04,dividend,0.17
WY,2021-06-03,dividend,0.17
WY,2021-09-02,dividend,0.17
WY,2021-10-04,dividend,0.5
WY,2021-12-02,dividend,0.17
WY,2022-02-17,dividend,1.45
WY,2022-03-03,dividend,0.18
WY,2022-06-02,dividend,0.18
WY,2022-09-01,dividend,0.18
WY,2022-12-01,dividend,0.18
WY,2023-02-14,dividend,0.9
WY,2023-03-02,dividend,0.19
WY,2023-06-01,dividend,0.19
WY,2023-08-31,dividend,0.19
WY,2023-11-30,dividend,0.19
WY,2024-02-15,dividend,0.14
WY,2024-03-07,dividend,0.2
WY,2024-05-31,dividend,0.2
WY,2024-08-30,dividend,0.2
WY,2024-11-29,dividend,0.2
WY,2025-03-07,dividend,0.21
WY,2025-05-30,dividend,0.21
WY,2025-08-29,dividend,0.21
WY,2025-11-28,dividend,0.21
WY,2026-03-10,dividend,0.21
WY,2026-06-05,dividend,0.21
WY,2026-09-04,dividend,0.21
XEL,2016-12-22,dividend,0.34
XEL,2017-03-13,dividend,0.36
XEL,2017-06-13,dividend,0.36
XEL,2017-09-14,dividend,0.36
XEL,2017-12-27,dividend,0.36
XEL,2018-03-14,dividend,0.38
XEL,2018-06-14,dividend,0.38
XEL,2018-09-13,dividend,0.38
XEL,2018-12-27,dividend,0.38
XEL,2019-03-14,dividend,0.405
XEL,2019-06-13,dividend,0.405
XEL,2019-09-12,dividend,0.405
XEL,2019-12-24,dividend,0.405
XEL,2020-03-12,dividend,0.43
XEL,2020-06-12,dividend,0.43
XEL,2020-09-14,dividend,0.43
XEL,2020-12-22,dividend,0.43
XEL,2021-03-12,dividend,0.458
XEL,2021-06-14,dividend,0.458
XEL,2021-09-14,dividend,0.458
XEL,2021-12-21,dividend,0.458
XEL,2022-03-14,dividend,0.488
XEL,2022-06-14,dividend,0.488
XEL,2022-09-14,dividend,0.488
XEL,2022-12-28,dividend,0.488
XEL,2023-03-14,dividend,0.52
XEL,2023-06-14,dividend,0.52
XEL,2023-09-14,dividend,0.52
XEL,2023-12-27,dividend,0.52
XEL,2024-03-14,dividend,0.548
XEL,2024-06-14,dividend,0.548
XEL,2024-09-13,dividend,0.548
XEL,2025-01-06,dividend,0.548
XEL,2025-03-14,dividend,0.57
XEL,2025-06-13,dividend,0.57
XEL,2025-09-15,dividend,0.57
XEL,2025-12-29,dividend,0.57
XEL,2026-03-13,dividend,0.593
XEL,2026-06-15,dividend,0.593
XEL,2026-09-15,dividend,0.593
XOM,2016-11-08,dividend,0.75
XOM,2017-02-08,dividend,0.75
XOM,2017-05-10,dividend,0.77
XOM,2017-08-10,dividend,0.77
XOM,2017-11-10,dividend,0.77
XOM,2018-02-09,dividend,0.77
XOM,2018-05-11,dividend,0.82
XOM,2018-08-10,dividend,0.82
XOM,2018-11-09,dividend,0.82
XOM,2019-02-08,dividend,0.82
XOM,2019-05-10,dividend,0.87
XOM,2019-08-12,dividend,0.87
XOM,2019-11-08,dividend,0.87
XOM,2020-02-10,dividend,0.87
XOM,2020-05-12,dividend,0.87
XOM,2020-08-12,dividend,0.87
XOM,2020-11-10,dividend,0.87
XOM,2021-02-09,dividend,0.87
XOM,2021-05-12,dividend,0.87
XOM,2021-08-12,dividend,0.87
XOM,2021-11-10,dividend,0.88
XOM,2022-02-09,dividend,0.88
XOM,2022-05-12,dividend,0.88
XOM,2022-08-11,dividend,0.88
XOM,2022-11-14,dividend,0.91
XOM,2023-02-13,dividend,0.91
XOM,2023-05-15,dividend,0.91
XOM,2023-08-15,dividend,0.91
XOM,2023-11-14,dividend,0.95
XOM,2024-02-13,dividend,0.95
XOM,2024-05-14,dividend,0.95
XOM,2024-08-15,dividend,0.95
XOM,2024-11-14,dividend,0.99
XOM,2025-02-12,dividend,0.99
XOM,2025-05-15,dividend,0.99
XOM,2025-08-15,dividend,0.99
XOM,2025-11-14,dividend,1.03
XOM,2026-02-12,dividend,1.03
XOM,2026-05-15,dividend,1.03
XOM,2026-08-17,dividend,1.03
XOS,2023-12-07,split,0.03333333333333333
XP,2023-09-11,dividend,0.58
XP,2023-12-12,dividend,0.73
XP,2024-12-10,dividend,0.65
XP,2025-12-10,dividend,0.18
XP,2026-06-10,dividend,0.2
XPON,2024-10-09,split,0.01
XPON,2026-07-21,split,0.08333333333333333
XRAY,2016-09-28,dividend,0.078
XRAY,2016-12-28,dividend,0.078
XRAY,2017-03-29,dividend,0.088
XRAY,2017-06-28,dividend,0.088
XRAY,2017-09-28,dividend,0.088
XRAY,2017-12-28,dividend,0.088
XRAY,2018-03-28,dividend,0.088
XRAY,2018-06-28,dividend,0.088
XRAY,2018-09-27,dividend,0.088
XRAY,2018-12-27,dividend,0.088
XRAY,2019-03-28,dividend,0.088
XRAY,2019-06-27,dividend,0.088
XRAY,2019-09-26,dividend,0.1
XRAY,2019-12-26,dividend,0.1
XRAY,2020-03-26,dividend,0.1
XRAY,2020-06-25,dividend,0.1
XRAY,2020-09-24,dividend,0.1
XRAY,2020-12-23,dividend,0.1
XRAY,2021-03-25,dividend,0.1
XRAY,2021-06-24,dividend,0.11
XRAY,2021-09-23,dividend,0.11
XRAY,2021-12-30,dividend,0.11
XRAY,2022-03-24,dividend,0.125
XRAY,2022-06-23,dividend,0.125
XRAY,2022-09-29,dividend,0.125
XRAY,2022-12-29,dividend,0.125
XRAY,2023-03-30,dividend,0.14
XRAY,2023-06-29,dividend,0.14
XRAY,2023-09-28,dividend,0.14
XRAY,2023-12-28,dividend,0.14
XRAY,2024-03-27,dividend,0.16
XRAY,2024-06-28,dividend,0.16
XRAY,2024-09-27,dividend,0.16
XRAY,2024-12-27,dividend,0.16
XRAY,2025-03-28,dividend,0.16
XRAY,2025-06-27,dividend,0.16
XRAY,2025-09-26,dividend,0.16
XRAY,2025-12-26,dividend,0.16
XRX,2016-09-28,dividend,0.205534
XRX,2016-12-13,dividend,0.205534
XRX,2017-01-03,dividend,2.98
XRX,2017-01-03,split,1.518
XRX,2017-03-29,dividend,0.252
XRX,2017-06-15,split,0.25
XRX,2017-06-28,dividend,0.25
XRX,2017-09-28,dividend,0.25
XRX,2017-12-28,dividend,0.25
XRX,2018-03-28,dividend,0.25
XRX,2018-06-28,dividend,0.25
XRX,2018-09-27,dividend,0.25
XRX,2018-12-28,dividend,0.25
XRX,2019-03-28,dividend,0.25
XRX,2019-06-27,dividend,0.25
XRX,2019-09-27,dividend,0.25
XRX,2019-12-30,dividend,0.25
XRX,2020-03-27,dividend,0.25
XRX,2020-06-29,dividend,0.25
XRX,2020-09-29,dividend,0.25
XRX,2020-12-30,dividend,0.25
XRX,2021-03-30,dividend,0.25
XRX,2021-06-29,dividend,0.25
XRX,2021-09-29,dividend,0.25
XRX,2021-12-30,dividend,0.25
XRX,2022-03-30,dividend,0.25
XRX,2022-06-29,dividend,0.25
XRX,2022-09-29,dividend,0.25
XRX,2022-12-29,dividend,0.25
XRX,2023-03-30,dividend,0.25
XRX,2023-06-29,dividend,0.25
XRX,2023-09-28,dividend,0.25
XRX,2023-12-28,dividend,0.25
XRX,2024-03-27,dividend,0.25
XRX,2024-06-28,dividend,0.25
XRX,2024-09-30,dividend,0.25
XRX,2024-12-31,dividend,0.25
XRX,2025-03-31,dividend,0.125
XRX,2025-06-30,dividend,0.025
XRX,2025-09-30,dividend,0.025
XRX,2025-12-31,dividend,0.025
XRX,2026-03-31,dividend,0.025
XRX,2026-06-30,dividend,0.025
XTNT,2018-02-14,split,0.08333333333333333
YJ,2023-06-20,split,0.1
YJ,2024-09-13,split,0.25
YMM,2024-04-04,dividend,0.144
YMM,2025-04-07,dividend,0.096
YMM,2026-04-08,dividend,0.084
YMM,2026-07-07,dividend,0.084
ZCMD,2024-02-29,split,0.1
ZCMD,2026-03-02,split,0.125
ZCMD,2026-06-08,split,0.03225806451612903
ZCMD,2026-06-29,split,0.3333333333333333
ZTS,2016-11-01,dividend,0.095
ZTS,2017-01-18,dividend,0.105
ZTS,2017-04-04,dividend,0.105
ZTS,2017-06-13,dividend,0.105
ZTS,2017-11-08,dividend,0.105
ZTS,2018-01-18,dividend,0.126
ZTS,2018-04-19,dividend,0.126
ZTS,2018-07-19,dividend,0.126
ZTS,2018-11-19,dividend,0.126
ZTS,2019-01-17,dividend,0.164
ZTS,2019-04-17,dividend,0.164
ZTS,2019-07-18,dividend,0.164
ZTS,2019-10-21,dividend,0.164
ZTS,2020-01-16,dividend,0.2
ZTS,2020-04-16,dividend,0.2
ZTS,2020-07-16,dividend,0.2
ZTS,2020-10-20,dividend,0.2
ZTS,2021-01-19,dividend,0.25
ZTS,2021-04-20,dividend,0.25
ZTS,2021-07-20,dividend,0.25
ZTS,2021-10-28,dividend,0.25
ZTS,2022-01-19,dividend,0.325
ZTS,2022-04-20,dividend,0.325
ZTS,2022-07-20,dividend,0.325
ZTS,2022-10-31,dividend,0.325
ZTS,2023-01-19,dividend,0.375
ZTS,2023-04-20,dividend,0.375
ZTS,2023-07-20,dividend,0.375
ZTS,2023-10-31,dividend,0.375
ZTS,2024-01-18,dividend,0.432
ZTS,2024-04-18,dividend,0.432
ZTS,2024-07-18,dividend,0.432
ZTS,2024-10-31,dividend,0.432
ZTS,2025-01-21,dividend,0.5
ZTS,2025-04-21,dividend,0.5
ZTS,2025-07-18,dividend,0.5
ZTS,2025-10-31,dividend,0.5
ZTS,2026-01-20,dividend,0.53
ZTS,2026-04-20,dividend,0.53
ZTS,2026-07-20,dividend,0.53
