symbol,fee,fee_floor_binds,sir,days_to_cover,on_threshold,utilisation,p_locate,recall_hazard,score,cap
HRTX,1.0,False,0.23788236101937046,18.54,False,1.3215686723298359,0.17137253106806563,0.008764,4.291836455352595,small
GLUE,0.7392447853597567,False,0.21271588134436806,16.56,False,1.1817548963576003,0.22729804145695987,0.00852064995636491,4.115439275269738,small
RR,0.5464828526815781,False,0.19338806541298156,6.35,True,1.074378141183231,0.13512437176335382,0.021492044956239218,3.9692933068877587,small
IPSC,0.40398459913338075,False,0.16134061363111973,70.64,False,0.8963367423951097,0.44512856064684636,0.0051991495122978735,3.923897058811413,small
OCGN,0.2992182944121155,False,0.2810097412053116,28.24,False,1.5,0.09999999999999998,0.008764,3.9191550664521877,small
CMPX,0.25144752559298916,False,0.22404573900299485,17.26,False,1.244698550016638,0.20212057999334476,0.008764,3.8458634734684845,small
BZAI,0.21130345071667148,False,0.14838599127860722,3.46,False,0.8243666182144845,0.5458867344997217,0.00450564979886776,3.766710979887483,small
NTLA,0.2,True,0.2937989598591815,12.89,False,1.5,0.09999999999999998,0.008764,2.565944518186099,small
AIXI,0.2,True,0.3187009329002534,1.0,False,1.5,0.09999999999999998,0.008764,1.8212066619702152,small
HTZ,0.2,True,0.3245970388359779,5.73,False,1.5,0.09999999999999998,0.008764,2.5611055212454215,small
CAPR,0.2,True,0.34672171903069293,1.99,False,1.5,0.09999999999999998,0.008764,1.8472122108198585,small
QUBT,0.2,True,0.2710217373965549,8.85,False,1.5,0.09999999999999998,0.008764,2.286310971680806,small
BBAI,0.2,True,0.2910326042423742,8.05,False,1.5,0.09999999999999998,0.008764,2.465082942196577,small
NVAX,0.2,True,0.2765343876544469,8.61,False,1.5,0.09999999999999998,0.008764,2.2724646817186627,small
ONDS,0.2,True,0.3861913889442148,3.68,False,1.5,0.09999999999999998,0.008764,2.6619896645010943,mid
XRX,0.2,True,0.2966653823316642,19.55,False,1.5,0.09999999999999998,0.008764,3.5060807872747746,small
EOSE,0.2,True,0.30223631348328245,4.95,False,1.5,0.09999999999999998,0.008764,1.9459349228198395,small
SERV,0.2,True,0.35271164796919724,6.74,False,1.5,0.09999999999999998,0.008764,3.322789237623439,small
BTCT,0.2,True,0.36937451052955306,1.0,True,1.5,0.05,0.026291999999999996,3.4050189296713134,small
RXRX,0.2,True,0.301552259470399,10.6,False,1.5,0.09999999999999998,0.008764,2.6078846438636734,small
CCCC,0.2,True,0.3072274904332347,16.74,False,1.5,0.09999999999999998,0.008764,3.461496202177817,small
AI,0.2,True,0.28426572066552275,10.02,False,1.5,0.09999999999999998,0.008764,2.3048416973768795,small
WOLF,0.2,True,0.464538203773594,5.92,False,1.5,0.09999999999999998,0.008764,2.370559067838251,small
PCT,0.19347993422848855,True,0.2681752663317484,16.9,False,1.4898625907319354,0.10405496370722583,0.008764,3.218185128378208,small
KSS,0.18879209718180204,True,0.2668248984511069,5.51,False,1.4823605469505938,0.10705578121976245,0.008764,1.6865538724079787,small
IKT,0.1775684536146297,False,0.14028139897772035,47.39,False,0.7793411054317797,0.6089224523955085,0.004101286328247519,3.7380096728754095,small
INDI,0.174400145359258,True,0.26245932852916887,8.83,False,1.4581073807176048,0.11675704771295806,0.008764,2.6540644870893604,small
ALT,0.1539139886251235,True,0.25557968629291994,11.84,False,1.4198871460717775,0.132045141571289,0.008764,2.901278225400823,small
TRIP,0.1513487178165152,True,0.2546543490593367,10.17,False,1.4147463836629817,0.13410144653480732,0.008764,2.5050189926796067,small
LXEO,0.14957029918413867,False,0.2484873977550023,26.82,False,1.3804855430833463,0.14780578276666148,0.008764,3.7186565783015104,small
XPON,0.1469806106663961,True,0.25304200130798293,1.0,False,1.4057888961554608,0.13768444153781567,0.008764,1.2025521453737427,small
WEN,0.14682776020029198,True,0.2529847173540389,6.02,False,1.4054706519668827,0.1378117392132469,0.008764,1.9641532418621601,small
CSIQ,0.14397137455412606,True,0.251903113950487,8.67,False,1.399461744169372,0.14021530233225118,0.008764,2.3769429179816837,small
REPL,0.14258767075096732,True,0.2513714187576593,8.86,False,1.3965078819869963,0.14139684720520146,0.008764,3.472209368854892,small
FMC,0.13834519163937037,True,0.24970846362809077,11.53,False,1.3872692423782822,0.1450923030486871,0.008764,2.4379690397002083,small
SOC,0.13711932684126235,True,0.24921844778770477,4.25,False,1.3845469321539154,0.1461812271384338,0.008764,1.9048663708172244,small
LCTX,0.12353373815106011,False,0.11847458000556667,33.08,False,0.6581921111420371,0.7785310444011481,0.003126014388949826,3.492340435043472,small
ENVX,0.12230707327547564,True,0.24292469164978736,4.81,False,1.3495816202765964,0.1601673518893614,0.008764,2.7218041813832254,small
TENX,0.12149110432396142,True,0.24255615969923042,1.12,False,1.3475342205512801,0.16098631177948794,0.008764,1.5901369659887452,small
IVF,0.11226792451755466,False,0.14653154302481342,1.0,False,0.8140641279156302,0.5603102209181177,0.004411122264410599,3.4749948566534905,small
JBLU,0.11190743282324715,True,0.2380323076579747,4.1,False,1.3224017092109703,0.17103931631561184,0.008764,1.5845938788253304,small
SNDX,0.11045500790043276,True,0.23731307602189866,19.65,False,1.318405977899437,0.17263760884022517,0.008764,2.7279920021804878,small
CABA,0.10766556037761518,True,0.23590483951731528,8.35,False,1.3105824417628626,0.17576702329485494,0.008764,2.551688939389612,small
NUAI,0.10544719267977361,True,0.23475861386048116,4.42,False,1.3042145214471177,0.1783141914211529,0.008764,1.780309585334949,small
SPRY,0.10443362066957954,True,0.23422685395073725,14.14,False,1.301260299726318,0.17949588010947276,0.008764,3.0083332268151444,small
DDD,0.1022924642218316,True,0.23308634421399374,22.74,False,1.2949241345221874,0.18203034619112504,0.008764,3.372050157181776,small
GO,0.10132476744869111,True,0.23256303500250344,9.1,False,1.292016861125019,0.18319325554999244,0.008764,2.168547455828902,small
SOUN,0.10042630542908307,True,0.32232315651065324,6.27,False,1.289292626042613,0.1842829495829548,0.008764,2.419562037251769,mid
ARRY,0.0932868767865951,True,0.22801262267997865,5.76,False,1.2667367926665483,0.19330528293338067,0.008764,2.0435489713153006,small
TE,0.08789859954320449,True,0.22473706706881783,3.36,False,1.2485392614934323,0.20058429540262707,0.008764,1.4401051806525387,small
SPCE,0.08644690540994834,True,0.22382020343064116,6.56,False,1.243445574614673,0.20262177015413074,0.008764,2.256249958234572,small
AQST,0.08426864788150304,False,0.209969277257297,7.15,False,1.1664959847627612,0.23340160609489552,0.008319992141818807,3.4487774617812517,small
CRVS,0.08111145077615846,True,0.22031282576073352,29.64,False,1.2239601431151863,0.21041594275392544,0.008764,3.1590076625749686,small
FCEL,0.08067502830586563,True,0.22001579852170208,2.71,False,1.222309991787234,0.2110760032851064,0.008764,0.924580890991098,small
SBH,0.07863900067752949,True,0.2186085084064501,18.76,False,1.2144917133691673,0.21420331465233305,0.008764,2.707378500777504,small
VYX,0.07816509939251665,True,0.21827572463471526,11.87,False,1.212642914637307,0.2149428341450772,0.008764,2.445279213440351,small
FLO,0.07048592165941117,True,0.21396588458488774,6.09,False,1.188699358804932,0.2245202564780272,0.008612834527490235,2.02057258244607,small
CATX,0.06981937181927633,False,0.19178599516790878,23.64,False,1.0654777509328266,0.27380889962686933,0.007057359891304097,3.375257776346943,small
RCAT,0.06221943514834892,True,0.20987814492522977,4.75,False,1.1659896940290544,0.23360412238837824,0.00831337901285902,1.5832232292923267,small
CHRS,0.06135794260250003,False,0.15353451406802043,16.84,False,0.8529695226001135,0.5058426683598412,0.004774319236314126,3.2770148015622778,small
CLSK,0.060790492193832875,True,0.29043999792510383,3.98,False,1.1617599917004153,0.23529600331983386,0.008258243158568195,1.3878016550411214,mid
SLS,0.06030906431656754,True,0.2900781329770418,6.88,False,1.1603125319081673,0.23587498723673306,0.008239420961537593,1.970840171939298,mid
CAST,0.058771810924333034,False,0.05822254935399294,1.0,True,0.323458607522183,0.5,0.0038577079091071855,3.2754832304661945,small
PALI,0.05164923870518986,False,0.17627954017228978,19.11,False,0.9793307787349433,0.32893690977107937,0.006070897135394506,3.1429378681500717,small
FIP,0.04947231218674317,False,0.16772153364119632,20.23,False,0.9317862980066461,0.3954991827906954,0.00556206394885641,3.0823975693082017,small
SVRA,0.04738713937436318,False,0.19084210793892833,24.32,False,1.0602339329940464,0.2759064268023814,0.006994937558963335,3.07321109086162,small
UPXI,0.04632526785882782,True,0.20021206433727504,3.33,False,1.1122892463181946,0.25508430147272215,0.007628249257860545,2.5420820630508665,small
GOSS,0.04538985300725522,False,0.15516320079952314,2.79,False,0.862017782219573,0.49317510489259775,0.004861218078431407,3.049494430476799,small
AESI,0.04375324218075086,True,0.19834026100585803,8.61,False,1.1018903389214334,0.2592438644314266,0.007499308986446992,1.8353525148772443,small
OTLK,0.04347674882301186,False,0.13436980647411592,1.64,False,0.7464989248561995,0.6549015052013207,0.003820659610944186,3.043681706227819,small
SG,0.04227429673512305,True,0.1972134645041074,5.09,False,1.0956303583561522,0.2617478566575391,0.007422272940049131,1.655715057618115,small
EDIT,0.040894830066754984,True,0.1961263458611593,8.96,False,1.0895908103397738,0.26416367586409045,0.007348365550270556,2.5470078826943303,small
VSTM,0.0406065489804801,True,0.1958945311209473,10.97,False,1.0883029506719293,0.26467881973122825,0.0073326585496708745,2.31139768341716,small
OVID,0.03988904401437431,False,0.10507836169946402,13.12,False,0.5837686761081334,0.8827238534486133,0.0026084008563482396,2.9199489795499205,small
MARA,0.039100552510712,True,0.27035571499360617,1.95,False,1.0814228599744247,0.26743085601023014,0.0072490622516214786,0.7029359382867468,mid
RUN,0.03845246823663919,True,0.2695950412568093,9.78,False,1.078380165027237,0.26864793398910514,0.007212261169815358,2.2684780233680293,mid
PRME,0.03791344770208542,True,0.19364583463321425,13.13,False,1.0758101924067458,0.26967592303730165,0.0071812583924829405,2.7300664875558174,small
UPST,0.03671772542510674,True,0.2674940604237546,6.22,False,1.0699762416950185,0.2720095033219926,0.007111155283634061,1.6595104646351992,mid
RC,0.03659739689501614,False,0.11353288965942235,18.45,False,0.6307382758856798,0.8169664137600483,0.0029278523269365433,2.85231994205396,small
MIST,0.03505487960329725,False,0.1348518703306276,11.34,False,0.7491770573923755,0.6511521196506743,0.003843091074609353,2.825421537142513,small
EU,0.033577376760613536,False,0.1779248093668244,10.93,False,0.9884711631490244,0.3161403715913659,0.006171621346112237,2.791126294233694,small
FUN,0.033309102104399246,True,0.18940311288257772,12.03,False,1.0522395160143208,0.2791041935942717,0.006900364794747491,2.518689439809633,small
DEI,0.03216214811983377,False,0.17894266459428673,26.75,False,0.994125914412704,0.3082237198222144,0.006234403468758612,2.7787891063961525,small
SIDU,0.031107493427990022,True,0.1871623309663517,5.94,False,1.039790727590843,0.2840837089636628,0.006754522640229809,2.6733087414752905,small
BFLY,0.03080656893052743,False,0.11674002888325503,7.76,False,0.46696011553302014,1.0,0.0019210897971922243,2.768430854090349,mid
ABSI,0.0299519316257549,True,0.18592187781058028,12.53,False,1.0328993211698902,0.2868402715320439,0.006674533642970032,2.1620971770315633,small
VERA,0.028309165402728844,True,0.2556575824997957,10.81,False,1.0226303299991828,0.29094786800032685,0.00655632763427173,1.9377511030040864,mid
HIVE,0.028191546737407397,True,0.1839370290488708,1.86,False,1.0218723836048378,0.2912510465580649,0.006547649742895703,1.0631492954591182,small
TNGX,0.027073112217509025,False,0.2513101140059014,19.7,False,1.0052404560236057,0.29790381759055773,0.006358846896788661,2.724773689461645,mid
LGHL,0.02680730160218823,True,0.1822871991035895,1.0,False,1.0127066616866083,0.2949173353253567,0.006443218782696833,1.6542448605254343,small
CLBK,0.02675636483401315,True,0.18222487597243975,6.07,False,1.0123604220691098,0.29505583117235606,0.0064392922953628974,1.538596271800024,small
EYPT,0.026284038932631443,True,0.1816412501961262,1.72,False,1.0091180566451454,0.2963527773419418,0.006402587812584739,1.2047458168850664,small
LCID,0.025945387270482005,True,0.18121630581908796,6.38,False,1.0067572545504888,0.2972970981798045,0.0063759369497042116,1.6634281780734672,small
CERT,0.02496939334935801,True,0.17997252808927833,13.09,False,0.9998473782737685,0.3002136704167242,0.006298290767109197,2.3120298108694968,small
PFSA,0.02434760060483658,False,0.06468751836878645,1.0,True,0.35937510204881357,0.5,0.004269727794739599,2.6930629509855346,small
TDAY,0.02281730383471542,True,0.17795125838360568,9.0,False,0.9886181021311428,0.3159346570164002,0.006173248210423744,2.1129402684442424,small
INO,0.02183536982967055,True,0.17696479280664415,4.36,False,0.9831377378146898,0.32360716705943426,0.00611273494448616,2.3845759448192463,small
ALLO,0.02170333287341461,False,0.16714759015074526,12.15,False,0.9285977230596959,0.3999631877164258,0.0055288448951212495,2.57970733637117,small
PMI,0.02157501206411162,True,0.17669578850837664,1.0,True,0.9816432694909814,0.1628497113563131,0.01828887494342065,2.290260972305836,small
BTBT,0.02069336343266383,True,0.17576012421053117,1.81,False,0.9764451345029509,0.3329768116958688,0.006039292563889121,1.0913711501876653,small
TNYA,0.01979623685469666,False,0.09065071898254556,10.59,False,0.5036151054585865,0.994938852357979,0.0021203177768979536,2.549615835082925,small
NCPL,0.018476716652271737,False,0.15714327039699394,1.0,True,0.8730181688721886,0.23888728178946794,0.014904300149439949,2.539818892654466,small
ORIC,0.017646269341755675,False,0.16218158014781,16.16,False,0.9010087785989446,0.43858770996147767,0.0052461741870292265,2.5086624028589823,small
EVGO,0.01685314699262327,False,0.12438159869378308,13.91,False,0.6910088816321284,0.7325875657150203,0.0033739623371691154,2.484709026325089,small
DXC,0.016682586333000914,True,0.17092854894283532,11.11,False,0.9496030496824186,0.370555730444614,0.00574977733101044,2.041137449612145,small
VERI,0.016599604290190348,True,0.17081672103473736,2.97,False,0.9489817835263187,0.3714255030631539,0.005743171982602839,1.9948606495665142,small
ACHC,0.016519849728512056,True,0.23709543671797023,12.69,False,0.9483817468718809,0.3722655543793667,0.005736796451678658,2.1894927729136127,mid
HIMS,0.01630300360020597,True,0.2366838832692993,4.33,False,0.9467355330771972,0.374570253691924,0.005719325749709402,1.0127565738479525,mid
TSHA,0.015372242206249588,False,0.14112769633329322,19.4,False,0.7840427574071845,0.6023401396299417,0.004142449054478903,2.424399248609508,small
BEAM,0.014916489299668797,True,0.23391548305049997,14.84,False,0.9356619322019999,0.3900732949172002,0.0056025942076830875,2.2696596745534254,mid
SANA,0.01434760382186381,False,0.13077864712695894,16.1,False,0.7265480395942163,0.6828327445680972,0.0036560835014939137,2.3773464105812168,small
RIG,0.014245806837429851,True,0.23248258131981925,7.47,False,0.929930325279277,0.39809754460901225,0.005542714295294522,1.6795393381025143,mid
FLNC,0.013441404079492235,True,0.16608401068894812,4.42,False,0.922688948271934,0.40823547241929237,0.005467587413473739,1.4670005761519322,small
PROK,0.013391262814312861,False,0.07049851462394047,17.69,False,0.39165841457744704,1.0,0.0015590193567721886,2.369690480939412,small
ANNX,0.013086863902957768,False,0.1595488499436205,12.72,False,0.8863824996867807,0.459064500438507,0.005099774040205521,2.3451751243283474,small
URG,0.01278938433136318,False,0.13929699882124094,9.7,False,0.7738722156735608,0.6165788980570149,0.004053717954672435,2.3369382498493168,small
WULF,0.012744470977868417,True,0.22901390628310989,4.0,False,0.9160556251324395,0.4175221248145847,0.005399284286685993,0.9125954946356588,mid
CTMX,0.012498666814923454,False,0.1507975786634775,11.81,False,0.8377643259082085,0.5271299437285082,0.004630354768280835,2.313623668625141,small
PRGO,0.011835523349106756,True,0.16323068451971603,9.01,False,0.9068371362206447,0.4304280092910975,0.005305180113121616,1.6877184819467477,small
UMAC,0.011787137949001257,True,0.16313881674353317,1.89,False,0.9063267596862954,0.43114253643918654,0.005299997893811375,0.7121298830818045,small
VRDN,0.010887997333214341,False,0.17623095439024988,16.55,False,0.7049238175609995,0.7131066554146006,0.003482738495962731,2.28161446837041,mid
ASPI,0.01088051340224493,True,0.16134396006772392,8.02,False,0.8963553337095773,0.44510253280659184,0.005199336151909803,2.082807374524794,small
SRPT,0.01045040320372218,True,0.2228325903631452,8.46,False,0.8913303614525808,0.4521374939663869,0.005149030954184255,1.8139969778179665,mid
TDUP,0.009977032920889618,False,0.14457727925702463,8.39,False,0.8032071069834701,0.5755100502231418,0.004312793277569031,2.2562708058643497,small
GEVO,0.00982526124939969,False,0.09995600430360757,12.16,False,0.555311135020042,0.9225644109719412,0.002426874557392585,2.2352881169579137,small
PACB,0.009750243408818622,False,0.15488076011439955,6.75,False,0.8604486673022198,0.4953718657768923,0.00484608269074813,2.199065402257684,small
RLAY,0.009675798344498936,False,0.19510722087704557,16.73,False,0.7804288835081823,0.6073995630885448,0.004110787756397436,2.1965512349120706,mid
LWLG,0.009528609084987778,False,0.15127902353718103,9.91,False,0.8404390196510058,0.523385372488592,0.004655491376210884,2.187090569069893,small
OPTT,0.009455856243190253,False,0.12590188678030215,9.0,False,0.6994549265572342,0.7207631028198722,0.0034397282879970407,2.1838756007791376,small
GERN,0.009383658883934031,False,0.1294365966297882,10.99,False,0.7190922034988234,0.6932709151016472,0.003595724143943642,2.178408669235529,small
HUMA,0.009240913680545538,False,0.10636859906645933,3.4,False,0.5909366614803298,0.8726886739275383,0.0026555543721364996,2.1658824642018484,small
NRGV,0.009128743755473873,True,0.15740722319776015,9.32,False,0.8744845733208897,0.4757215973507545,0.004982450306266823,2.0653014183016993,small
SLDP,0.009100339932166497,False,0.11456391344828058,11.77,False,0.636466185823781,0.8089473398467066,0.0029684995519036017,2.1602883293944735,small
GPRO,0.008994224699806179,True,0.15707430346751644,1.19,False,0.8726350192639801,0.4783109730304278,0.004964354510336743,0.5798187751841193,small
INVZ,0.008961904606395486,False,0.05738328026006106,7.27,False,0.31879600144478365,1.0,0.001269132987008222,2.087715822033129,small
IVVD,0.008825575173323441,False,0.10906235092201055,6.63,False,0.6059019495667253,0.8517372706065847,0.002755856165937047,2.0801728196664198,small
OPEN,0.00861778352770608,True,0.21682707758888844,6.68,False,0.8673083103555538,0.4857683655022247,0.004912452749186111,1.924873217325896,mid
NRIX,0.008559106332354304,False,0.1705896608537507,15.94,False,0.6823586434150029,0.7446978992189961,0.0033074345821617127,2.037111029682537,mid
SBET,0.008520891470216348,True,0.1558619289153171,3.19,False,0.8658996050850951,0.4877405528808668,0.004898779906084533,0.8643479979293437,small
UPWK,0.00840622022986474,True,0.15555808161879137,8.3,False,0.864211564548841,0.4901038096316227,0.0048824251184797504,1.7815622537157496,small
IRWD,0.008237305552955819,False,0.1053271704923412,11.9,False,0.5851509471796733,0.8807886739484574,0.002617449133517505,1.9594574557338165,small
TROX,0.008174412072660129,False,0.12549159589202918,9.83,False,0.6971755327334955,0.7239542541731063,0.0034219008512765066,1.9588484675539208,small
ABAT,0.008111998796702888,False,0.14345912151872617,6.32,False,0.7969951195484788,0.5842068326321297,0.004257126835270926,1.956391006609203,small
IPST,0.00786707482576056,False,0.06563478206969224,1.0,False,0.3646376781649569,1.0,0.001444579563490172,1.920863493975994,small
OGG,0.007807008131335077,False,0.07768154688864978,9.77,False,0.4315641493813877,1.0,0.0017429866441751722,1.9115903641551903,small
KOPN,0.007747400058170878,False,0.1309547410959017,7.67,False,0.727526339421676,0.6814631248096537,0.0036640496174929005,1.9084438005134476,small
INV,0.007629545795700929,False,0.14738730024563013,2.26,False,0.8188183346979452,0.5536543314228768,0.004454595405330091,1.8995701586094709,small
OPTU,0.0075712926830681475,False,0.059938957102688026,12.2,False,0.33299420612604463,1.0,0.0013209567913556822,1.8876783412042102,small
GPGI,0.007513484344635846,False,0.0956306764838376,18.9,False,0.3825227059353504,1.0,0.0015194122751141744,1.8720267509428052,mid
SES,0.007456117384463808,False,0.12977513547721006,4.67,False,0.7209729748733894,0.6906378351772549,0.0036108913707875957,1.848733468663612,small
NUVB,0.0073991884325404576,False,0.14684874753804067,10.67,False,0.5873949901521627,0.8776470137869723,0.0026321840969528118,1.8486810938949305,mid
UUUU,0.0073625455926813336,True,0.21186861441405944,7.98,False,0.8474744576562377,0.5135357592812673,0.004721992555726512,1.7175541329682094,mid
VKTX,0.007286631201850726,False,0.19122902511717912,12.39,False,0.7649161004687165,0.6291174593437969,0.003976541188235099,1.840335949450456,mid
FGL,0.007175786203562697,False,0.05731133939154484,1.0,False,0.3183963299530269,1.0,0.0012677068483943179,1.8328616782143872,small
CERS,0.007012672273325537,False,0.08362149181735626,10.02,False,0.464563843429757,1.0,0.0019085895618844752,1.8136866364864197,small
AMPX,0.006999869693982561,True,0.15130394201578687,5.28,False,0.8405774556432604,0.5231915620994355,0.004656794570039906,1.25984896398558,small
CRML,0.0069947743720140685,True,0.15128604588681074,2.49,False,0.8404780327045043,0.523330754213694,0.004655858611369469,0.8998180684161242,small
BCRX,0.006959129113780567,False,0.12911789083722033,14.44,False,0.5164715633488813,0.9769398113115662,0.00219376010418901,1.8091655380246912,mid
RHI,0.006952030012321382,True,0.20991027898466438,9.79,False,0.8396411159386575,0.5245024376858796,0.0046479843400184,1.669476420920541,mid
NOG,0.006905994766999458,False,0.2049037000337249,9.84,False,0.8196148001348996,0.5525392798111406,0.004461903155360961,1.7967392266881357,mid
TGTX,0.006749013508544006,False,0.19467101072598214,15.86,False,0.7786840429039286,0.6098423399345001,0.0040955534965699605,1.7673658163471098,mid
SLE,0.006697483436557944,False,0.0540304889384644,1.0,False,0.3001693829914689,1.0,0.001204569287518683,1.7600411701495158,small
CLVT,0.006595600615883451,False,0.07598135520757127,12.2,False,0.4221186400420626,1.0,0.0016978312191173787,1.7105308349104087,small
BKD,0.006545241882107393,False,0.17197454109947327,9.56,False,0.6878981643978931,0.7369425698429497,0.0033499417536591485,1.7095333387419698,mid
IQ,0.006495267647365649,False,0.07246538147973572,7.74,False,0.4025854526651985,1.0,0.0016076202615067999,1.7038448980176983,small
ADMA,0.006445674975930961,False,0.10597653545057008,13.86,False,0.4239061418022803,1.0,0.001706299935523092,1.7034242375384743,mid
PTON,0.006251061989653121,False,0.13649815382921565,9.63,False,0.5459926153168626,0.9356103385563923,0.0023694044414910662,1.6708620326322317,mid
ASST,0.006089880243406555,True,0.20539076072512003,1.89,False,0.8215630429004801,0.5498117399393279,0.004479808667375418,0.3641835652378802,mid
HOG,0.006062324914675402,False,0.17210640182391695,9.99,False,0.6884256072956678,0.7362041497860651,0.0033540069739702904,1.6564290580136178,mid
DNUT,0.005924521248964681,False,0.10891432463797099,6.51,False,0.6050795813220611,0.8528885861491144,0.002750279278504132,1.6534511516452304,small
WOOF,0.005879286340773197,False,0.06648316258593376,12.88,False,0.3693509032551876,1.0,0.0014639525025183686,1.6284832035245926,small
VNET,0.005834396810179848,False,0.13804487332555496,6.09,False,0.7669159629197497,0.6263176519123503,0.003993696527414311,1.6271896714042118,small
TDOC,0.005789850020157394,False,0.14281223172598256,7.17,False,0.7934012873665698,0.5892381976868023,0.004225119375651609,1.6269630313997694,small
PLUG,0.005745643353812823,False,0.1984233429029328,5.19,False,0.7936933716117311,0.5888292797435764,0.004227715341586226,1.623082049477333,mid
VIR,0.005701774214233624,False,0.12150017058067598,11.1,False,0.6750009476704221,0.7549986732614091,0.00325150716439342,1.6196197390662257,small
GTM,0.005658240024335242,False,0.12888227237205627,7.26,False,0.7160126242892014,0.697582325995118,0.003570974837592451,1.6107120848503067,small
ULCC,0.005615038226709664,False,0.10253144447173139,10.36,False,0.5696191359540633,0.9025332096643114,0.0025170093762523008,1.5921423535517891,small
EVTL,0.005445504491073799,False,0.09423115870283233,3.3,False,0.5235064372379574,0.9670909878668597,0.0022347303430456447,1.5617956432142623,small
OCUL,0.005403926971919301,False,0.12434657710026668,8.96,False,0.49738630840106673,1.0,0.00208540158279511,1.5472780222063074,mid
IAUX,0.005362666905463974,False,0.10181240861300105,7.59,False,0.5656244922944503,0.9081257107877696,0.0024916139711867865,1.5456246003071685,small
GENI,0.00532172186789278,False,0.1370451303933716,7.96,False,0.7613618355187312,0.6340934302737764,0.003946162329672928,1.540036397657547,small
BTDR,0.0053102957414726355,True,0.20071505906105475,3.56,False,0.802860236244219,0.5759956692580934,0.004309673530075889,1.045165670016499,mid
LXRX,0.00524076727653291,False,0.06578950814493931,10.28,False,0.36549726747188505,1.0,0.001448094214164722,1.5362731331955715,small
PK,0.005200752967081602,False,0.16130223964961643,8.47,False,0.6452089585984657,0.796707457962148,0.003031249761432013,1.5257856730756192,mid
SABR,0.005161044174909802,False,0.07502400979442123,11.16,False,0.41680005441345125,1.0,0.0016728447980107132,1.525079518400678,small
SNYR,0.0051216385673317965,False,0.035127639935077094,1.0,True,0.19515355519487274,0.5,0.0027398264897673308,1.5219538726095467,small
SVM,0.005082533829472391,False,0.11402703666875907,10.94,False,0.4561081466750363,1.0,0.0018649939921946837,1.521931287550388,mid
HYLN,0.005043727664130936,False,0.0960450561164969,7.4,False,0.5335836450916495,0.9529828968716908,0.0022943844353320313,1.5173868513039444,small
MIR,0.005005217791646348,False,0.14063138520738444,10.97,False,0.5625255408295378,0.9124642428386471,0.002472035910879158,1.5132458912339948,mid
CORZ,0.004986097479740632,True,0.19856482392083621,5.88,False,0.7942592956833449,0.5880369860433172,0.004232747841164657,1.1781063714664433,mid
TLRY,0.004967001949763248,False,0.1322647364591382,5.13,False,0.7348040914396567,0.6712742719844806,0.0037236474956601727,1.51237743478854,small
DVLT,0.0049290778934989975,False,0.12260265987249148,1.89,False,0.6811258881805083,0.7464237565472883,0.0032980218630782434,1.5107991315124982,small
SRRK,0.004891443395011869,False,0.1489230400575803,15.36,False,0.5956921602303212,0.8660309756775503,0.0026871552386552536,1.5085163291204948,mid
NFE,0.004854096243470153,False,0.1035612352718215,12.44,False,0.5753401959545639,0.8945237256636106,0.002553691510053801,1.4866633053953204,small
MNKD,0.004817034244922268,False,0.08189327325586195,8.48,False,0.454962629199233,1.0,0.0018591495662201212,1.4849472002072794,small
CGC,0.004743757014630149,False,0.06001240280325774,5.88,False,0.33340223779587635,1.0,0.0013224794921368693,1.4468896633113997,small
PATH,0.004683599605722654,True,0.19642849559204403,1.56,False,0.7857139823681761,0.6000004246845534,0.004157140187697608,0.0999644552121982,mid
LAC,0.004671594485252797,False,0.08527276819254091,3.54,False,0.4737376010696718,1.0,0.001956792962136586,1.4355359502409228,small
OPK,0.004635925924238653,False,0.046018692000766526,13.77,False,0.25565940000425846,1.0,0.0010660256813390095,1.4301709273585776,small
CRSP,0.004600529699842952,False,0.1767992057917589,10.73,False,0.7071968231670356,0.7099244475661501,0.003500713141506266,1.42063463897861,mid
WHLR,0.004565403732720971,False,0.1166771001047329,1.0,False,0.6482061116929605,0.7925114436298553,0.0030529585141221977,1.4074181421755134,small
DEFT,0.004530545959404215,False,0.046838360125452796,5.75,False,0.2602131118080711,1.0,0.0010791808359183024,1.4066394315567756,small
WU,0.004495954332179187,False,0.1501841251135551,6.27,False,0.6007365004542204,0.8589688993640914,0.0027209523206767083,1.3936496535540561,mid
UAA,0.004427561403204426,False,0.12400827937023734,7.31,False,0.49603311748094936,1.0,0.002077873580372068,1.3801140849931937,mid
CHAI,0.004393756083724623,False,0.13011198765332133,1.0,False,0.7228443758517852,0.6880178738075008,0.0036260223535231183,1.3655771303676096,small
IREN,0.004368024298536085,True,0.23285692903877114,2.06,False,0.7761897634625705,0.6133343311524013,0.004073835073862855,0.06320618389260194,large
KD,0.004360208874640377,False,0.13837242251845516,7.89,False,0.5534896900738207,0.925114433896651,0.0024155646873008784,1.3517940468281313,mid
CYAB,0.004326917805227044,False,0.12235704179218813,1.0,False,0.6797613432899341,0.7483341193940922,0.0032876227094554796,1.3426984776031716,small
TAP,0.004293880919806844,False,0.15855941383113636,11.22,False,0.6342376553245455,0.8120672825456363,0.0029526414592168306,1.3377695668042293,mid
NCNO,0.004261096277634016,False,0.18211802734791938,6.08,False,0.7284721093916775,0.6801390468516515,0.003671761039304737,1.3336833308098985,mid
DYN,0.004228561952780755,False,0.1066768076325472,13.54,False,0.4267072305301888,1.0,0.0017196427392857645,1.3140681021644898,mid
PAGS,0.004196276034024116,False,0.06351011135289875,8.2,False,0.254040445411595,1.0,0.0010614046682675608,1.3131393476470448,mid
QS,0.004164236624733724,False,0.15354787109139262,5.34,False,0.6141914843655705,0.8401319218882013,0.0028124946050162233,1.3017462502027084,mid
LYFT,0.004132441842760345,False,0.18330324875500348,7.39,False,0.7332129950200139,0.6735018069719805,0.0037105672579708262,1.2932972186404377,mid
XOS,0.0041008898203253544,False,0.055038022006897905,1.0,False,0.3057667889272106,1.0,0.0012235626435808012,1.2757218150572576,small
IOVA,0.004073750988355427,True,0.19166671218821316,5.28,False,0.7666668487528526,0.6266664117460063,0.003991557119069125,1.2138158761030302,mid
EXEL,0.00406957870391097,False,0.1122701857325947,14.88,False,0.3742339524419823,1.0,0.001484285886497948,1.2687551475767342,large
DCH,0.004038506654151402,False,0.08503546166358927,8.8,False,0.4724192314643849,1.0,0.0019498076094414407,1.2685534435177388,small
PGEN,0.004007671845724788,False,0.11129880533349852,7.91,False,0.4451952213339941,1.0,0.0018099131965522942,1.265915702335601,mid
MERC,0.003995670870247507,False,0.1186503753943859,1.0,False,0.6591687521910328,0.7771637469325541,0.003133219285644466,1.2617028946088742,small
GT,0.003984149416582689,False,0.13580631018928693,5.59,False,0.7544795010515941,0.6437286985277683,0.003887740178039549,1.2587590373195683,small
TROW,0.003978401153967374,False,0.12241146931425073,20.51,False,0.4080382310475025,1.0,0.0016323731087797002,1.2581248243784717,large
KEEL,0.003977170980331396,True,0.1908477209329677,2.88,False,0.7633908837318708,0.6312527627753809,0.003963487591643589,1.066485319980269,mid
POET,0.0039726611848470185,False,0.12662650710591258,2.84,False,0.7034805950328478,0.7151271669540131,0.0034713557064915096,1.254298907269206,small
ARDX,0.003966929497255905,False,0.09143075856691403,6.14,False,0.507948658705078,0.9888718778128908,0.002144866303329612,1.2521157825140883,small
MAC,0.00396120607924559,False,0.10623165327173262,14.16,False,0.42492661308693047,1.0,0.0017111507084533676,1.2496143219841875,mid
NWL,0.003955490918884859,False,0.10887651301927341,7.73,False,0.43550605207709364,1.0,0.0017621269198163467,1.2486363739665909,mid
LDI,0.003949784004259721,False,0.05247433359218315,7.0,False,0.2915240755121286,1.0,0.0011759232049779272,1.2447201843833384,small
KMB,0.0039440853234733635,False,0.15047866081075964,16.71,False,0.5015955360358655,0.9977662495497883,0.0021089492579182004,1.2401627195708196,large
VVOS,0.0039383948646461485,False,0.11390467170496409,1.0,False,0.632803731694245,0.8140747756280571,0.002942467151938507,1.2274551017273307,small
HE,0.003932712615915578,False,0.10361296605894502,8.19,False,0.5756275892163613,0.8941213750970942,0.0025555438802154235,1.2272758277617624,small
NEXT,0.003927038565436257,False,0.08182458464418484,8.76,False,0.4545810258010269,1.0,0.0018572058905025576,1.2152505421861832,small
BNL,0.003921372701379896,False,0.10234485687491164,10.32,False,0.40937942749964656,1.0,0.0016385124876956546,1.2140576102313152,mid
ACI,0.0038987908734148626,False,0.11211081704450937,9.82,False,0.4484432681780375,1.0,0.001826167642735516,1.1959934537102852,mid
CRK,0.0038931657646452743,False,0.08729536737182177,12.53,False,0.34918146948728707,1.0,0.0013827951123464867,1.1923947559978965,mid
UA,0.0038875487716863778,False,0.06039727789851925,11.14,False,0.241589111594077,1.0,0.0010268456735085662,1.189999008129694,mid
NCLH,0.003883117939736331,True,0.1900308153400962,6.04,False,0.7601232613603848,0.6358274340954613,0.003935609285782428,1.1418560496652683,mid
GNS,0.003881939882828828,False,0.04677011012225371,2.06,False,0.2598339451236318,1.0,0.0010780766026156588,1.1837302954774052,small
BORR,0.0038763390863801577,False,0.09921573110108158,6.44,False,0.5511985061171198,0.9283220914360322,0.0024013908416161698,1.1824456822513476,small
COGT,0.003865161724023962,False,0.10592351091593155,12.09,False,0.4236940436637262,1.0,0.0017052931987622695,1.1608566117419485,mid
XRAY,0.003859585134815766,False,0.11982729025838615,6.43,False,0.6657071681021453,0.7680099646569967,0.003181729788510436,1.1536771304693534,small
SUGP,0.0038540165914150762,False,0.029444180132323396,1.0,True,0.16357877851290775,0.5,0.0025495346819002186,1.152751146121094,small
DAIC,0.0038429035956195345,False,0.08780904440075168,1.0,True,0.4878280244486205,0.5,0.006097999848149056,1.1405721294584699,small
FAMI,0.003837359120058197,False,0.01906942637308186,1.0,True,0.10594125762823256,0.5,0.002288555641139906,1.1381739901107049,small
BW,0.003831822643971345,False,0.13348851364827563,4.61,False,0.7416028536015313,0.6617560049578561,0.003779858837831632,1.1319462266423626,small
TTD,0.0038287123316197687,True,0.18954918900900036,5.4,False,0.7581967560360015,0.6385245415495979,0.003919228996835689,1.064702929636998,mid
UWMC,0.0038262941558174666,False,0.051329678746884,7.16,False,0.205318714987536,1.0,0.000936072338455145,1.1264518917832553,mid
TNMG,0.003820773644071712,False,0.054803042906781174,1.0,True,0.3044613494821176,0.5,0.0036573047839183327,1.111130384605008,small
CAN,0.00381526109722586,False,0.08916617854924118,2.14,False,0.49536765860689547,1.0,0.0020741790562845953,1.109116491683314,small
FNGR,0.0038097565037882824,False,0.11567842117038682,1.0,False,0.6426578953910379,0.8002789464525469,0.003012851354847254,1.1080542267172717,small
SLNH,0.003782352436677075,False,0.09632376354539417,2.52,False,0.5351320196966343,0.950815172424712,0.002303651159625754,1.0569772743525556,small
BLDP,0.0037768953232919216,False,0.0525772433002523,7.39,False,0.2920957961125128,1.0,0.0011777917429969748,1.052336024963527,small
SOAR,0.0037660047054514484,False,0.11443283023610196,1.0,False,0.635737945756122,0.8099668759414292,0.0029633113197755977,1.0445561632969702,small
SATL,0.0037605711782932186,False,0.1079147587151209,4.59,False,0.5995264373062273,0.8606629877712817,0.0027128189145629476,1.0309956909670992,small
VZLA,0.0037551454905350163,False,0.08940752511187626,5.75,False,0.496708472843757,1.0,0.002081628119170753,1.0271336051822018,small
ENPH,0.0037443175879927873,False,0.17463112212303825,6.13,False,0.698524488492153,0.7220657161109858,0.0034324441817300544,0.9912312738151139,mid
SLM,0.0037389153506365955,False,0.09387435029723547,10.09,False,0.37549740118894187,1.0,0.0014895904704780353,0.9862239844214553,mid
MP,0.0037335209075360335,False,0.17884104256741395,5.67,False,0.7153641702696558,0.6984901616224819,0.0035657770181913213,0.9788205957970505,mid
PPCB,0.003728134247445689,False,0.09846499679810788,1.0,False,0.5470277599894883,0.9341611360147164,0.002375740473115056,0.9771423405557629,small
UEC,0.003722755359136362,False,0.12181291523839853,6.66,False,0.4872516609535941,1.0,0.002029519414171403,0.9732018435841391,mid
ORC,0.003717384231395066,False,0.10203863734182593,5.16,False,0.5668813185656996,0.9063661540080206,0.0024995848042972026,0.9710906660871108,small
APLE,0.00371202085302498,False,0.0836682854468909,9.9,False,0.3346731417875636,1.0,0.0013272342262701685,0.9592684807364699,mid
ABCL,0.003706665212845447,False,0.09835869145461237,5.18,False,0.3934347658184495,1.0,0.0015668291237458617,0.935134626450562,mid
FLG,0.003701317299691941,False,0.08999252588003395,8.94,False,0.3599701035201358,1.0,0.0014256394623984646,0.9292436801060545,mid
SGHC,0.0036959771024160345,False,0.06057081210404977,13.54,False,0.24228324841619908,1.0,0.0010287265657933915,0.9273610574274023,mid
AKBA,0.003690644609885398,False,0.08507703404030272,2.34,False,0.4726501891127929,1.0,0.0019510299271028096,0.9268186533837062,small
UCL,0.0036853198109837505,False,0.005332664436585333,1.0,False,0.029625913536585186,1.0,0.0007049150906161125,0.9258665574059181,small
AUR,0.0036693914651304543,False,0.09355115883316474,5.62,False,0.31183719611054916,1.0,0.001244557646517299,0.9045739933469135,large
ALHC,0.0036588108329621795,False,0.11022167734944724,6.04,False,0.6123426519413736,0.8427202872820769,0.002799795730964928,0.8932448770904117,small
LUNR,0.0036535319632892507,False,0.14551754780306864,4.43,False,0.5820701912122745,0.8851017323028156,0.0025973119619882054,0.8853188022034254,mid
PAGP,0.0036482607098791693,False,0.0881293485717285,10.28,False,0.352517394286914,1.0,0.0013959036743390791,0.8824582410436442,mid
NAK,0.003642997061743328,False,0.03788952795833611,6.49,False,0.2104973775463117,1.0,0.000948131217341697,0.8809825130833082,small
ASAN,0.0036377410079089607,False,0.10656099751757024,6.71,False,0.42624399007028096,1.0,0.001717430058797789,0.8726400509713237,mid
MSS,0.003632492537419142,False,0.10276480139750002,1.0,False,0.5709155633194445,0.9007182113527777,0.0025252896504660083,0.8689467831665516,small
MAT,0.0036272516393327557,False,0.0902414590382307,8.1,False,0.3609658361529228,1.0,0.0014296594752696407,0.8668217384942764,mid
CYTK,0.0036220183027244612,False,0.12451257101058522,9.73,False,0.49805028404234086,1.0,0.0020891028784340757,0.8666254948292166,mid
MVST,0.0036115742703196154,False,0.05536499804781779,3.25,False,0.3075833224878766,1.0,0.0012298020015270143,0.8624789965511561,small
ERAS,0.0036063635527511196,False,0.08942887872470186,9.44,False,0.35771551489880743,1.0,0.0014165781817561858,0.8585221304946687,mid
BBIO,0.0036011603531167806,False,0.11339452877018476,11.18,False,0.37798176256728255,1.0,0.0015000731918674295,0.8480918340892857,large
RXT,0.003595964660569855,False,0.09321662546536828,3.91,False,0.5178701414742682,0.9749818019360245,0.00220186110721124,0.8386331302655139,small
VFC,0.0035907764642792487,False,0.09085614837901378,6.59,False,0.3634245935160551,1.0,0.001439633636964935,0.836286847189759,mid
GME,0.0035855957534294846,False,0.10904392864136421,9.72,False,0.36347976213788075,1.0,0.0014398582099093382,0.8315827807780557,large
SIRI,0.0035804225172207035,False,0.09702043622697389,10.44,False,0.38808174490789554,1.0,0.0015434016680922389,0.819519912120876,mid
SBRA,0.003575256744868615,False,0.07562766017653864,10.34,False,0.3025106407061546,1.0,0.0012124710513465094,0.8163234422323287,mid
TU,0.0035700984256045003,False,0.04624714583273757,14.27,False,0.1541571527757919,1.0,0.0008330807954108576,0.8132316196675956,large
CPB,0.003564947548675166,False,0.13383516930819953,6.85,False,0.5353406772327981,0.9505230518740827,0.0023049019879203972,0.8124399579005553,mid
GPUS,0.0035598041033429407,False,0.07314374739002433,1.25,False,0.4063541521668018,1.0,0.0016246927031059219,0.8019905101580835,small
QBTS,0.003554668078885647,False,0.1731514779690916,4.54,False,0.6926059118763664,0.730351723373087,0.0033863365153301217,0.7901253898028593,mid
BIVI,0.003549539464596568,False,0.10115510541730434,1.0,False,0.561972807873913,0.9132380689765218,0.0024685552460222636,0.7883315840564311,small
CZR,0.003544418249784445,False,0.09809320395311275,7.99,False,0.392372815812451,1.0,0.0015621559888961125,0.7858656303781612,mid
QXO,0.0035393044237734335,False,0.09837340317326175,7.93,False,0.3279113439108725,1.0,0.001302144757006433,0.7817620472203528,large
IONS,0.0035341979759031038,False,0.12076800522525594,9.18,False,0.48307202090102375,1.0,0.002006808033313435,0.7672264476463528,mid
GSUN,0.0035290988955283945,False,0.06303854068227069,1.0,False,0.35021411490150384,1.0,0.0013868395871469647,0.7663449855172314,small
LNT,0.0035240071720196147,False,0.09484687963292975,13.43,False,0.3161562654430991,1.0,0.0012597467914019932,0.7646943356342547,large
BEEM,0.003518922794762399,False,0.08017601487011514,1.0,False,0.445422304833973,1.0,0.001811045766004209,0.761171035597217,small
SWKS,0.0035138457531577036,False,0.21525676543269764,5.81,False,0.7175225514423256,0.6954684279807442,0.0035830962262385063,0.7416777897901223,large
CDTG,0.0035087760366217776,False,0.1062214498510427,1.0,False,0.5901191658391262,0.8738331678252234,0.00265014752738773,0.7275111830237673,small
RRC,0.0035037136345861314,False,0.09517242585675814,9.83,False,0.38068970342703257,1.0,0.0015115780416540272,0.7263583076195799,mid
ZCMD,0.003498658536497535,False,0.06594481615075455,1.0,False,0.36636008972641415,1.0,0.0014516304059283389,0.7241745742612001,small
DBX,0.0034936107318179724,False,0.11418396052328786,8.23,False,0.45673584209315143,1.0,0.001868202724934225,0.7141045661392023,mid
OMC,0.0034835369606099204,False,0.09832126289003931,14.03,False,0.32773754296679775,1.0,0.0013015066235915161,0.7111599850625909,large
BHVN,0.003473492236961583,False,0.10885713055885321,4.78,False,0.43542852223541284,1.0,0.0017617487886662463,0.6989785554464619,mid
COUR,0.0034684807417884327,False,0.0789513243297802,4.63,False,0.438618468498779,1.0,0.0017773625010860004,0.6973159495926942,small
VNRX,0.0034634764771147818,False,0.07850611585604335,1.0,False,0.4361450880891297,1.0,0.0017652462120399384,0.6888456441488927,small
M,0.003458479432508583,False,0.12484055360995724,6.07,False,0.499362214439829,1.0,0.0020964306787773987,0.6885926305258456,mid
JOBY,0.0034534895975528537,False,0.11178382877766375,4.93,False,0.447135315110655,1.0,0.0018196079441069864,0.6870883444224555,mid
RDW,0.0034485069618456266,False,0.15034152238632517,3.39,False,0.6013660895453007,0.8580874746365791,0.0027251905724680367,0.6828134651247849,mid
NOV,0.003443531514999952,False,0.0700341292766286,7.28,False,0.2801365171065144,1.0,0.0011394682220127832,0.6798842812540395,mid
QTEX,0.003438563246643867,False,0.06526384663920264,1.0,False,0.36257692577334794,1.0,0.0014361873517782103,0.6741433061294217,small
CLF,0.0034336021464203637,False,0.13290329908096082,4.69,False,0.5316131963238433,0.9557415251466194,0.0022826305068316573,0.6556948978401006,mid
ABUS,0.0034286482039873885,False,0.09523227373461832,3.08,False,0.5290681874145462,0.9593045376196353,0.002267513622831035,0.6480703872576451,small
COTY,0.003423701409017798,False,0.0558845066417166,5.28,False,0.2235380265668664,1.0,0.0009798277961998907,0.6289155506086079,mid
IMO,0.0034187617511993603,False,0.04056978420330674,39.52,False,0.1352326140110225,1.0,0.0008024120153966235,0.6185755462650975,large
VISN,0.0034138292202347095,False,0.12296087878860724,2.49,False,0.6831159932700402,0.7436376094219437,0.0033132257774633562,0.6133698853706486,small
MGY,0.0034089038058413464,False,0.08841016724202087,7.68,False,0.3536406689680835,1.0,0.0014003456473898842,0.609675706005019,mid
IP,0.003403985497751606,False,0.08116121176075332,12.84,False,0.2705373725358444,1.0,0.0011098666316561503,0.6067029319906636,large
RGTI,0.00339907428571263,False,0.1632487872169689,3.7,False,0.6529951488678756,0.7858067915849742,0.0030878549208918824,0.6021525670431762,mid
ACHR,0.003394170159486363,False,0.12128124863450802,3.47,False,0.4851249945380321,1.0,0.0020179390578229433,0.6004843562616424,mid
APLD,0.00338927310884951,False,0.18533784811602805,3.89,False,0.7413513924641122,0.662108050550243,0.0037777705678074774,0.5972213916531265,mid
AGNC,0.0033843831235935372,False,0.08890806451789103,7.65,False,0.2963602150596368,1.0,0.0011918445115930874,0.5828920639679135,large
LYV,0.0033795001935246287,False,0.10413759866285598,15.05,False,0.34712532887618663,1.0,0.0013747775661054442,0.5823319823696431,large
NVTS,0.0033746243084636835,False,0.14411603050350175,3.03,False,0.576464122014007,0.8929502291803902,0.0025609409502285276,0.5798224315518014,mid
DNN,0.003364893632722685,False,0.09828696677479153,3.05,False,0.3931478670991661,1.0,0.001565565374265892,0.5615939596561659,mid
TRUG,0.003360038821757771,False,0.08176577606008478,1.0,False,0.4542543114449155,1.0,0.0018555430850112481,0.5559655147950178,small
ASTS,0.0033551910152310556,False,0.1557733713378819,7.25,False,0.5192445711262731,0.9730576004232177,0.0022098435780070007,0.5483084560658257,large
CCC,0.0033503502030366615,False,0.0846636905520494,5.12,False,0.3386547622081976,1.0,0.0013422474686112288,0.5427177739803063,mid
CRGY,0.003345516375083279,False,0.08992414775498808,6.04,False,0.3596965910199523,1.0,0.0014245371705116994,0.535988370489384,mid
NXE,0.003340689521294168,False,0.06241945210513228,7.6,False,0.2496778084205291,1.0,0.0010490984448989992,0.5358603368175159,mid
GRAB,0.003335869631607127,False,0.06517209517334661,8.28,False,0.2172403172444887,1.0,0.0009642827904443221,0.5330773637173604,large
WKSP,0.0033310566959744614,False,0.06614423800003669,1.0,False,0.36746798888909277,1.0,0.0014561832480058886,0.5318374554411266,small
FRMI,0.003326250704362988,False,0.09090772789355998,3.83,False,0.36363091157423993,1.0,0.0014404736631729509,0.5224836348184371,mid
GAUZ,0.003321451646753985,False,0.05199463156117634,1.0,False,0.28885906422875746,1.0,0.0011672615303278352,0.517044465343449,small
PRMB,0.0033166595131431985,False,0.07834772322391192,8.43,False,0.3133908928956477,1.0,0.0012499975697996153,0.5134378977017666,mid
SPWR,0.003311874293540796,False,0.0359133265470787,2.87,False,0.1995184808171039,1.0,0.0009229226954503644,0.5128967796062092,small
PTEN,0.0033070959779713713,False,0.10045333890195131,4.93,False,0.40181335560780523,1.0,0.0016041422473709055,0.5086423075871142,mid
ARCC,0.003302324556473897,False,0.056597118982543534,12.68,False,0.18865706327514511,1.0,0.0008993123301321718,0.5036351321416491,large
FRSH,0.0032975600191017273,False,0.08956861599112784,4.63,False,0.35827446396451135,1.0,0.0014188193125627244,0.49784850755395604,mid
MGM,0.0032928023559225666,False,0.07327079872018025,10.08,False,0.293083194880721,1.0,0.0011810274510803476,0.4963251673986102,mid
FNB,0.0032880515570184415,False,0.07121047639375154,7.86,False,0.28484190557500616,1.0,0.001154355502560964,0.47781529045975724,mid
FSLY,0.003283307612485699,False,0.12157186583639652,4.36,False,0.4862874633455861,1.0,0.0020242627832396743,0.47715543155571516,mid
IEP,0.0032785705124349636,False,0.025367882347480913,11.93,False,0.10147152938992365,1.0,0.0007576602391496888,0.47710693923884023,mid
TMC,0.0032738402469911394,False,0.06686830894735303,3.43,False,0.3714906052630724,1.0,0.001472829510872854,0.4568182746867424,small
ORBS,0.0032691168062933666,False,0.06662797575650775,1.92,False,0.37015542086948755,1.0,0.0014672841993547778,0.45353244198736087,small
LUMN,0.003264400180495022,False,0.06960418909432886,6.64,False,0.27841675637731544,1.0,0.0011340889852973265,0.45219137107384766,mid
ECHO,0.003259690359763687,False,0.09502568860544086,11.23,False,0.31675229535146954,1.0,0.0012618592930183777,0.45170159878472044,large
VLY,0.0032549873342811223,False,0.07691883748123081,6.98,False,0.30767534992492324,1.0,0.001230119077327974,0.4498518502527232,mid
RIVN,0.0032502910942432653,False,0.10920628905806042,6.41,False,0.364020963526868,1.0,0.0014420630665673646,0.4480884582568713,large
CCO,0.0032456016298601856,False,0.05659775927369323,2.77,False,0.3144319959649624,1.0,0.0012536578884844568,0.4470347826631402,small
RCI,0.0032409189313560914,False,0.03418092069167068,19.43,False,0.11393640230556894,1.0,0.0007726964211138842,0.44430226804464623,large
GPK,0.0032362429889692818,False,0.07585308435318483,5.42,False,0.3034123374127393,1.0,0.001215530660367867,0.44350844613055984,mid
PSKY,0.0032315737929521494,False,0.07141950160238329,8.34,False,0.23806500534127764,1.0,0.0010173797019015984,0.4416779846277305,large
CLOV,0.00322691133357115,False,0.044773461956709705,6.87,False,0.17909384782683882,1.0,0.0008796177954447682,0.4375101954853235,mid
AVTR,0.0032222556011067753,False,0.07309395459993726,8.66,False,0.24364651533312418,1.0,0.0010324362968302562,0.43377415263250535,large
WFF,0.00321760658585355,False,0.008180264090235125,1.0,False,0.04544591161241736,1.0,0.0007115658529407884,0.43368114250784623,small
AHR,0.003212964278119992,False,0.09069542494953457,8.58,False,0.30231808316511527,1.0,0.0012118188510883256,0.4207968331724402,large
FOXA,0.003208328668228608,False,0.11045949658401505,8.6,False,0.36819832194671687,1.0,0.0014591920239925176,0.4144318311082537,large
RITM,0.0032036997465158703,False,0.054166311306659956,8.21,False,0.21666524522663982,1.0,0.0009628854395390719,0.4096188664776843,mid
MBLY,0.003199077503332183,False,0.04213593478709758,9.87,False,0.16854373914839033,1.0,0.0008590791552342756,0.39573332591174454,mid
STUB,0.003194461929041884,False,0.06574558186961303,3.89,False,0.2629823274784521,1.0,0.0010872943455695094,0.3884852430362694,mid
AEO,0.003189853014023202,False,0.1072345988110662,4.01,False,0.4289383952442648,1.0,0.0017303336227224605,0.386886917309011,mid
OKLO,0.0031852507486682608,False,0.1556685789330301,3.48,False,0.6226743157321204,0.8282559579750315,0.0028712504994458,0.3809063148011046,mid
JBS,0.003180655123383032,False,0.03760315775811291,7.39,False,0.12534385919370972,1.0,0.000787982065010406,0.36684985759908906,large
WYFI,0.0031714837547148333,False,0.13125037718999685,1.31,False,0.7291687621666493,0.6791637329666911,0.003677447668830004,0.3592140949235434,small
CAG,0.003166907992212948,False,0.09751131507077597,4.72,False,0.3900452602831039,1.0,0.0015519577083881598,0.32646262254104214,mid
AKAM,0.003162338831542919,False,0.1291021004132049,6.61,False,0.4303403347106831,1.0,0.0017370797006018555,0.3263861192023075,large
DLO,0.00315777626317973,False,0.058789399107233326,5.97,False,0.2351575964289333,1.0,0.001009674932886105,0.32503507152986655,mid
USAS,0.003153220277612119,False,0.0587239248065927,4.08,False,0.3262440267032928,1.0,0.0012960369237736413,0.31599103559485864,small
OBAI,0.0031486708653425365,False,0.034175414914004026,1.0,False,0.18986341618891125,1.0,0.0009018694541187728,0.2825710350651712,small
TENB,0.0031441280168871427,False,0.13904258784546003,3.3,False,0.5561703513818401,0.9213615080654238,0.0024322225746347174,0.27855286927173306,mid
PSEC,0.0031395917227757817,False,0.03558884936784223,4.65,False,0.19771582982134572,1.0,0.0009189126764268827,0.26101888795324363,small
CNQ,0.0031350619735519523,False,0.05411322360209223,20.49,False,0.1803774120069741,1.0,0.0008822016602690687,0.25730825166239896,large
HUIZ,0.003130538759772809,False,0.06432591079411615,1.0,False,0.35736617107842306,1.0,0.001415179249295015,0.23966787578264664,small
SOFI,0.0031260220720091174,False,0.13831765455282044,4.08,False,0.4610588485094015,1.0,0.0018904214660173653,0.2380995433310247,large
CPRI,0.0031215119008452604,False,0.09894539745378797,2.85,False,0.5496966525210443,0.930424686470538,0.0023921318948399136,0.22655209665243894,small
INFQ,0.003117008236879193,False,0.09983973570512171,2.67,False,0.39935894282048684,1.0,0.0015931303651799023,0.22640663104701514,mid
BRX,0.0031125110707224454,False,0.05851323825882408,8.85,False,0.23405295303529633,1.0,0.0010067723950174386,0.22471722676276795,mid
JZ,0.003108020393000091,False,0.04525556611349465,1.0,False,0.25141981174163697,1.0,0.001053986761722721,0.2217829695755707,small
LUCY,0.003103536194350723,False,0.06508618056066416,1.0,False,0.3615898920036898,1.0,0.0014321845999957443,0.21707530490067883,small
TRP,0.0030990584654264513,False,0.024943874511995503,15.59,False,0.08314624837331835,1.0,0.0007387144722639223,0.21108263679058398,large
PONY,0.0030945871968928616,False,0.0508827948661054,4.86,False,0.2035311794644216,1.0,0.0009319796696794001,0.2035403171429024,mid
PRZO,0.0030901223794290176,False,0.048627898095921974,1.0,False,0.2701549894217887,1.0,0.001108708822533126,0.1990494638542908,small
EVRG,0.0030856640037274213,False,0.07897199240465558,9.22,False,0.26323997468218524,1.0,0.001088053591915794,0.19614946057741894,large
BILI,0.0030812120604940137,False,0.054631759786165704,7.03,False,0.21852703914466282,1.0,0.0009674227742890647,0.19029218225196462,mid
TNON,0.003076766540448135,False,0.1172902449865349,1.0,False,0.651612472147416,0.7877425389936176,0.003077753357605175,0.16971291322289217,small
AZTR,0.0030723274343225212,False,0.020866270072732125,1.0,False,0.1159237226262896,1.0,0.0007752545330182068,0.16543922427316582,small
SHLS,0.0030678947328632825,False,0.0741099947546962,2.76,False,0.4117221930816456,1.0,0.0016492849199453753,0.14607431723411185,small
LI,0.003063468426829869,False,0.03195739851886401,10.75,False,0.10652466172954671,1.0,0.0007635460199169284,0.1438722211555196,large
OWL,0.0030590485069950757,False,0.06390784417666667,6.75,False,0.2130261472555556,1.0,0.0009541287807214557,0.14138563644310337,large
CIFR,0.0030546349641449987,False,0.1703203820790231,2.05,False,0.6812815283160925,0.7462058603574706,0.00329920931661838,0.1313393071023649,mid
RDY,0.0030502277890790395,False,0.02746751744483543,11.02,False,0.09155839148278477,1.0,0.0007469444586851232,0.12783270041567532,large
AEON,0.0030458269726098626,False,0.03829008361227735,1.0,False,0.21272268673487416,1.0,0.0009534052721295391,0.12606440753612025,small
KVYO,0.003041432505563396,False,0.07665069943268306,4.43,False,0.30660279773073223,1.0,0.001226429543227349,0.11679882400462288,mid
ALM,0.003037044378778804,False,0.07921613733782135,3.91,False,0.3168645493512854,1.0,0.0012622575987593218,0.11261078849757229,mid
PL,0.0030326625831084593,False,0.07574859777259209,5.89,False,0.30299439109036835,1.0,0.0012141113657804493,0.11201796084618144,mid
RZLV,0.0030282871094179445,False,0.08291687855613762,1.5,False,0.4606493253118757,1.0,0.001888307685097603,0.11012515938281936,small
RIOT,0.003019555091504576,False,0.12855137395656893,3.01,False,0.5142054958262757,0.980112305843214,0.002180680834852498,0.09550187149720507,mid
GFL,0.003015198529078695,False,0.046543049193954154,11.85,False,0.15514349731318053,1.0,0.0008347892266479632,0.09137962428290078,large
BCE,0.003010848252226548,False,0.0342869921567801,14.35,False,0.11428997385593366,1.0,0.0007731483094943441,0.08388865965777241,large
NG,0.003006504251879418,False,0.05328579191348337,4.73,False,0.21314316765393349,1.0,0.0009544080555382957,0.08154376378245466,mid
ELAN,0.0030021665189816677,False,0.06222870132398454,6.43,False,0.2074290044132818,1.0,0.0009409500344825576,0.07811999286790544,large
PINS,0.002999313799104905,False,0.08652034757060385,5.06,False,0.2884011585686795,1.0,0.0011657812782770371,0.07774375927933495,large
GIS,0.002997941868150487,False,0.08636739981584694,5.55,False,0.2878913327194898,1.0,0.0011641359489480223,0.07539755620142174,large
WELL,0.0029965705647377896,False,0.025823565104554868,7.3,False,0.08607855034851623,1.0,0.0007414932942485714,0.07450676522063182,large
CELU,0.0029951998885797667,False,0.06659331205544294,1.0,False,0.36996284475246083,1.0,0.001466486036385067,0.06967783687957257,small
STNE,0.0029938298393894997,False,0.08085262945680757,2.63,False,0.3234105178272303,1.0,0.0012857284330311525,0.06336203365224267,mid
SNAP,0.0029910916207652395,False,0.06235008275803082,2.58,False,0.24940033103212328,1.0,0.001048322940666023,0.061727431504849994,mid
GLXY,0.0029897234507580664,False,0.07719889756427539,4.8,False,0.30879559025710157,1.0,0.001233986412748498,0.05736573398047025,mid
SMR,0.002988355906572303,False,0.13825465863756076,1.73,False,0.553018634550243,0.9257739116296597,0.0024126458168949655,0.049564353074279074,mid
MDLN,0.0029869889879216875,False,0.03084387713736432,6.07,False,0.1028129237912144,1.0,0.0007591947848715892,0.048676352494323616,large
COOT,0.0029856226945200906,False,0.03567632766611966,1.0,False,0.19820182036733144,1.0,0.000919990184942774,0.04689243187162406,small
CELH,0.002984257026081511,False,0.11390230874127372,3.1,False,0.45560923496509487,1.0,0.0018624467399186826,0.041932914595019216,mid
LGCL,0.002982891982320087,False,0.04055201773626736,1.0,False,0.22528898742370757,1.0,0.000984228715984637,0.03781497298291833,small
ZETA,0.002981527562950079,False,0.09987922959000477,3.77,False,0.39951691836001907,1.0,0.0015938371011129623,0.03476135217729415,mid
LAES,0.0029801637676858785,False,0.05020071052859381,1.47,False,0.27889283626996564,1.0,0.0011355747990871529,0.03263182389653069,small
EPOW,0.002978800596242015,False,0.026744666602868936,1.0,False,0.14858148112704964,1.0,0.0008236281565898837,0.03139594690784464,small
STLA,0.0029774380483331424,False,0.047391552735713,6.29,False,0.1579718424523767,1.0,0.0008397485768436716,0.02323198276324792,large
YJ,0.0029760761236740456,False,0.04222916427364172,1.0,False,0.23460646818689843,1.0,0.001008225091524729,0.01000394427668877,small
OBDC,0.002974714821979638,False,0.0403149190649453,6.4,False,0.1612596762597812,1.0,0.0008456262258494929,-0.00658951233026709,mid
RF,0.002973354142964972,False,0.06543278255168496,7.34,False,0.2181092751722832,1.0,0.000966401273130601,-0.020436989670215483,large
FSM,0.0029719940863452213,False,0.06682055333480494,3.4,False,0.26728221333921975,1.0,0.0011000627767780683,-0.021009331184944264,mid
ZONE,0.0029706346518356915,False,0.01485912610662525,1.39,False,0.0825507005923625,1.0,0.0007381618617424233,-0.031000392244136643,small
NCRA,0.0029692758391518244,False,0.05320851634035584,1.0,False,0.2956028685575324,1.0,0.001189333913036874,-0.03444198573696172,small
KHC,0.002967917648009186,False,0.08312287660851808,6.78,False,0.2770762553617269,1.0,0.0011299190071975506,-0.03782959633922889,large
TSCO,0.0029665600781234726,False,0.08319747903880229,5.45,False,0.27732493012934095,1.0,0.0011306910544789655,-0.04628659421244474,large
BB,0.002965203129210511,False,0.059432366164413206,3.97,False,0.23772946465765282,1.0,0.0010164856708519195,-0.046494502779953095,mid
GIPR,0.002963846800986263,False,0.04567968039734973,1.0,False,0.25377600220749846,1.0,0.0010606526520599534,-0.060752758089580694,small
SMMT,0.0029624910931668144,False,0.050580706788510524,6.62,False,0.16860235596170176,1.0,0.0008591898248406838,-0.06264728882305348,large
AMLX,0.00296113600546838,False,0.09760676016342992,2.37,False,0.3904270406537197,1.0,0.0015536263348122793,-0.06494094572384494,mid
CNP,0.0029597815376073123,False,0.06663851650097477,7.57,False,0.22212838833658255,1.0,0.0009763097170680427,-0.07200692288422511,large
DKNG,0.0029584276893000858,False,0.08303439559717331,4.14,False,0.27678131865724437,1.0,0.001129004230802801,-0.09945821594399308,large
MOS,0.0029570744602633076,False,0.08874761136521025,3.51,False,0.354990445460841,1.0,0.0014057020116635234,-0.10270975598247571,mid
LEN,0.002955721850213711,False,0.07443814192447844,7.4,False,0.24812713974826145,1.0,0.0010447756338860582,-0.1175031170818267,large
PSNL,0.0029543698588681677,False,0.07792191714660818,1.8,False,0.4328995397033788,1.0,0.0017494512642622247,-0.12053989312674177,small
TEM,0.0029530184859436702,False,0.14130484002101903,2.92,False,0.47101613340339676,1.0,0.0019423947083872042,-0.1538797411537201,large
KIM,0.0029516677311573415,False,0.04733970673640357,7.59,False,0.15779902245467858,1.0,0.000839442976330852,-0.1723946563248987,large
KDP,0.0029503175942264407,False,0.05629296407235726,8.49,False,0.1876432135745242,1.0,0.0008971758633632172,-0.17545064985485032,large
MMA,0.0029489680748683487,False,0.037228967768123095,1.0,False,0.20682759871179496,1.0,0.0009395548712977688,-0.18315596202283968,small
CTSH,0.002947619172800579,False,0.07902389408784743,6.13,False,0.26341298029282484,1.0,0.0010885638298457896,-0.18930353801716554,large
SDOT,0.0029462708877407706,False,0.08626441417261314,1.0,False,0.4792467454034064,1.0,0.001986193680686642,-0.19150664262819822,small
AGRZ,0.0029449232194067006,False,0.01281863946078635,1.0,False,0.07121466367103528,1.0,0.0007284005586019606,-0.19323028795897645,small
CHYM,0.0029435761675162667,False,0.05736432145986444,3.06,False,0.19121440486621483,1.0,0.0009047525123187081,-0.19773656187582997,large
GEN,0.0029422297317874984,False,0.05907973912254037,6.07,False,0.19693246374180126,1.0,0.000917181413542329,-0.22426990601487012,large
HUT,0.002940883911938551,False,0.11915563852085691,3.01,False,0.3971854617361896,1.0,0.0015834352296817049,-0.23395650486722874,large
RUM,0.0029395387076877177,False,0.04098049568856613,4.66,False,0.16392198275426453,1.0,0.0008504743320085006,-0.25566661713044037,mid
DBRG,0.002938194118753412,False,0.06553168142467844,2.85,False,0.26212672569871376,1.0,0.0010847783538229607,-0.25814428097585396,mid
XE,0.002936850144854176,False,0.04867611182111884,4.28,False,0.19470444728447536,1.0,0.0009122950020371771,-0.262948712584995,mid
BBWI,0.0029355067857086887,False,0.08348528983504765,2.19,False,0.3339411593401906,1.0,0.001324493508248235,-0.26394032345186913,mid
PAYX,0.0029341640410357503,False,0.05746673873623364,9.66,False,0.19155579578744547,1.0,0.0009054842882386645,-0.27088688900476254,large
EXK,0.0029328219105542916,False,0.07040377722395957,2.17,False,0.2816151088958383,1.0,0.0011441195895271234,-0.27299449092122535,mid
XEL,0.00293148039398337,False,0.06517246644199404,8.28,False,0.21724155480664678,1.0,0.0009642858015549322,-0.27671932253817083,large
DUO,0.0029301394910421787,False,0.02295963346776934,1.0,False,0.12755351926538525,1.0,0.0007911114415511159,-0.28646849886167614,small
SAIL,0.0029287992014500313,False,0.03795498998313486,7.06,False,0.1265166332771162,1.0,0.0007896361675763474,-0.29949200209034754,large
GAP,0.0029274595249263705,False,0.08061757515094009,2.8,False,0.32247030060376036,1.0,0.0012823277307202857,-0.30578926728047656,mid
FE,0.0029261204611907747,False,0.04996825080012017,7.86,False,0.16656083600040059,1.0,0.0008553580676992532,-0.308795025607773,large
COMP,0.0029247820099629436,False,0.0526415115596132,4.18,False,0.2105660462384528,1.0,0.0009482931350395676,-0.3127907061190313,mid
ONB,0.0029234441709627057,False,0.045697714425265344,5.77,False,0.18279085770106138,1.0,0.0008871099868909021,-0.3226965473072816,mid
WEAV,0.0029221069439100173,False,0.06596280202313465,1.0,False,0.36646001123963695,1.0,0.001452040463091427,-0.3263381238932575,small
LUV,0.002920770328524969,False,0.05585940212770641,6.41,False,0.18619800709235473,1.0,0.0008941503079329216,-0.32650692954288707,large
HST,0.002919434324527773,False,0.056961033046094796,4.94,False,0.18987011015364932,1.0,0.00090188368888665,-0.3286413560855136,large
HPQ,0.002918098931638768,False,0.0807501222087928,4.89,False,0.26916707402930934,1.0,0.0011057251169523984,-0.335774563947401,large
LULU,0.00291676414957843,False,0.12315706063621104,3.34,False,0.4105235354540368,1.0,0.0016437656097054183,-0.3393445345824196,large
USAR,0.0029154299780673534,False,0.07928789303635145,2.41,False,0.3171515721454058,1.0,0.0012632766704000942,-0.3499220496936114,mid
INFY,0.0029140964168262646,False,0.03199820161133717,8.82,False,0.10666067203779057,1.0,0.0007637083941734974,-0.35741210653636357,large
FISV,0.002912763465576014,False,0.06277016918624521,6.28,False,0.20923389728748407,1.0,0.0009451614131350129,-0.3604505263013519,large
JUNS,0.002911431124037588,False,0.041981599412929435,1.0,False,0.233231107849608,1.0,0.0010046217981450306,-0.3844558820105582,small
AIXC,0.002910099391932092,False,0.016632890400177684,1.0,False,0.0924049466676538,1.0,0.0007478165753444509,-0.3851039418747329,small
ADT,0.002908768268980761,False,0.035454746043329294,4.06,False,0.14181898417331718,1.0,0.0008126306959229289,-0.390412945894184,mid
AEHL,0.002907437754904963,False,0.016770506579648473,1.0,True,0.09316948099804706,0.5,0.0022458332767826836,-0.3947082878237084,small
APA,0.0029061078494261867,False,0.06806994184958644,4.52,False,0.22689980616528813,1.0,0.0009883077234119338,-0.39971419648692263,large
DX,0.0029047785522660513,False,0.051892304726017316,2.77,False,0.20756921890406926,1.0,0.0009412758915640944,-0.4135630905689164,mid
ETR,0.0029034498631462994,False,0.043563272339238936,11.28,False,0.14521090779746312,1.0,0.0008180827633628347,-0.4178909390332791,large
WIT,0.00290212178178881,False,0.008510908408650916,10.0,False,0.028369694695503055,1.0,0.0007045071016318499,-0.41858588890124365,large
KOS,0.002900794307915581,False,0.04197484554595394,1.96,False,0.2331935863664108,1.0,0.0010045237928456006,-0.4284251150518486,small
CG,0.002899467441248737,False,0.05002471322964099,5.4,False,0.16674904409880334,1.0,0.0008557093647640421,-0.4526278818006826,large
EHGO,0.0028981411815105383,False,0.013307275923162673,1.0,False,0.07392931068423708,1.0,0.0007306070406781801,-0.45833251886997595,small
CVNA,0.0028968155284233637,False,0.05949073719082786,7.27,False,0.19830245730275953,1.0,0.0009202136416049515,-0.4587894157272654,large
BAX,0.002895490481709722,False,0.04604399187389214,4.99,False,0.1534799729129738,1.0,0.0008319141716780562,-0.45885538137735565,large
TAL,0.002894166041092247,False,0.03970427458530589,4.17,False,0.15881709834122357,1.0,0.0008412480760629448,-0.47099803651590816,mid
WY,0.0028928422062937053,False,0.038842232210137724,6.09,False,0.12947410736712575,1.0,0.0007938758490796784,-0.4875838950015062,large
SMCI,0.0028915189770369848,False,0.1298855042070484,2.34,False,0.4329516806901613,1.0,0.001749704083749638,-0.4894160725667964,large
BTG,0.002890196353045101,False,0.05520616309915351,2.58,False,0.22082465239661403,1.0,0.0009730757517940784,-0.4902035458444103,mid
KLAR,0.0028888743340411936,False,0.049878624597180066,2.99,False,0.19951449838872026,1.0,0.0009229137963768948,-0.49047380299987337,mid
AMC,0.0028875529197485384,False,0.04134375617229654,2.17,False,0.16537502468918616,1.0,0.0008531538332293139,-0.5166304034696478,mid
AIM,0.0028862321098905284,False,0.016110248206911836,1.0,False,0.08950137892728798,1.0,0.0007448587822473615,-0.517691660671414,small
CHWY,0.0028849119041906832,False,0.05817580434811475,3.57,False,0.232703217392459,1.0,0.0010032444093548913,-0.5211005791871045,mid
PURR,0.0028835923023726572,False,0.10735426848899834,1.0,False,0.4294170739559934,1.0,0.0017326345310675916,-0.5463861947676509,mid
GYGY,0.002882273304160224,False,0.021166064165990362,1.0,False,0.11758924536661312,1.0,0.0007774324915049816,-0.5641330507851092,small
DOC,0.002880954909277284,False,0.03480615340481385,5.6,False,0.11602051134937949,1.0,0.0007753802507011204,-0.5745342524479474,large
LOOP,0.0028796371174478635,False,0.015846878926081092,1.0,False,0.08803821625600607,1.0,0.00074340407412062,-0.5769646171354532,small
CHOW,0.0028783199283961215,False,0.02130503259482607,1.0,False,0.11836129219347816,1.0,0.0007784526147423755,-0.5795472514619577,small
GEHC,0.0028770033418463368,False,0.041343913592258065,7.5,False,0.1378130453075269,1.0,0.000806357638558833,-0.5865527377660873,large
ON,0.002875687357522913,False,0.07569655747966829,4.51,False,0.25232185826556097,1.0,0.0010565313928880807,-0.5869216718331847,large
IOT,0.0028743719751503877,False,0.050114776133389084,5.92,False,0.16704925377796365,1.0,0.0008562705378515371,-0.5909211967307293,large
QSR,0.0028730571944534165,False,0.042561173467157765,8.15,False,0.1418705782238592,1.0,0.0008127126614072041,-0.5947119155132976,large
O,0.002871743015156785,False,0.043208679586598533,8.24,False,0.14402893195532843,1.0,0.0008161682661450787,-0.5988658377981755,large
FIG,0.002870429436985401,False,0.0725241408787825,2.69,False,0.24174713626260835,1.0,0.0010272733961905639,-0.5990394296662149,large
AEMD,0.0028691164596643054,False,0.06070150677890754,1.0,False,0.337230593216153,1.0,0.0013368570488051434,-0.6003477143049174,small
WETO,0.0028678040829186583,False,0.03216749455721623,1.0,False,0.17870830309564573,1.0,0.000878845282533821,-0.6204776134618875,small
DOW,0.0028664923064737444,False,0.052299509151061185,4.43,False,0.17433169717020394,1.0,0.0008701926275741647,-0.6263667028598481,large
XTNT,0.0028651811300549825,False,0.012849699473345282,1.0,False,0.07138721929636269,1.0,0.000728538356441655,-0.627349684254378,small
AAOI,0.0028638705533879094,False,0.14043622004902817,1.32,False,0.5617448801961127,0.9135571677254423,0.002467120938388652,-0.6312003382969109,mid
CYPH,0.0028625605761981895,False,0.05064091875676568,1.0,False,0.28133843753758714,1.0,0.0011432473720421085,-0.6314345470676525,small
AXTI,0.0028612511982116103,False,0.13304711202933917,1.0,False,0.5321884481173567,0.9549361726357006,0.0022860574481335383,-0.6440453658104353,mid
OSCR,0.0028599424191540924,False,0.05363368490717059,3.47,False,0.21453473962868236,1.0,0.0009577408652422604,-0.6462945011629638,mid
PPL,0.0028586342387516743,False,0.049397193223136404,4.75,False,0.16465731074378803,1.0,0.0008518273678957077,-0.6470751846980767,large
IONQ,0.0028573266567305197,False,0.09832909696636749,2.27,False,0.3277636565545583,1.0,0.001301602481524881,-0.647445764118316,large
HOWL,0.002856019672816925,False,0.032760482048633056,1.0,False,0.18200267804796144,1.0,0.0008854998589731274,-0.6497229540329856,small
CPNG,0.002854713286737304,False,0.03974834534569418,5.2,False,0.13249448448564727,1.0,0.0007983068151470575,-0.6510061222946263,large
AMCR,0.0028534074982181994,False,0.04133201332532989,5.33,False,0.13777337775109966,1.0,0.0008062964202549043,-0.656377356961164,large
BZ,0.0028521023069862745,False,0.05284912823552014,2.74,False,0.21139651294208056,1.0,0.000950255519830799,-0.65877885682551,mid
AAL,0.002850797712768327,False,0.11193384925690393,1.17,False,0.4477353970276157,1.0,0.0018226151202082694,-0.6590926092801602,mid
RDDT,0.0028494937152912713,False,0.10842024448306795,2.57,False,0.36140081494355986,1.0,0.0014314190746344674,-0.664950941628093,large
KNRX,0.0028481903142821463,False,0.013240532189513125,1.0,False,0.07355851216396181,1.0,0.000730300786385944,-0.6836861029746676,small
FRVO,0.0028468875094681237,False,0.04229786768690691,3.26,False,0.16919147074762764,1.0,0.0008603042211329739,-0.6921619303576987,mid
VTRS,0.002845585300576493,False,0.03339984090800809,5.34,False,0.11133280302669366,1.0,0.0007694119609667711,-0.6947436416073794,large
MRVI,0.0028442836873346696,False,0.0397219347897265,1.66,False,0.22067741549848055,1.0,0.0009727117215820985,-0.7038478043276726,small
NBIS,0.002842982669470192,False,0.15994789643396104,2.31,False,0.5331596547798702,0.9535764833081818,0.002291851617915946,-0.7167477798207422,large
MGN,0.002841682246710731,False,0.025869034997769526,1.0,False,0.1437168610987196,1.0,0.0008156654025187844,-0.7303073988922508,small
APO,0.0028403824187840745,False,0.039322787518104474,8.48,False,0.13107595839368158,1.0,0.000796213078465404,-0.7321711817129052,large
RKT,0.002839083185418134,False,0.039793161544451255,5.13,False,0.13264387181483753,1.0,0.0007985286216881739,-0.7364979453082636,large
TEVA,0.002837784546340954,False,0.031751305881427605,7.71,False,0.10583768627142537,1.0,0.0007627290486776166,-0.7390702641674733,large
OKE,0.002836486501280695,False,0.041018372713048,7.52,False,0.13672790904349336,1.0,0.0008046893182238724,-0.7399466116825815,large
RBRK,0.002835189049965645,False,0.07147497612730913,3.62,False,0.23824992042436377,1.0,0.0010178729376604076,-0.7539947339344203,large
BULL,0.0028338921921242134,False,0.05940250663193405,1.38,False,0.2376100265277362,1.0,0.0010161677383564644,-0.7573984976160845,mid
ASM,0.0028325959274849415,False,0.03617600950027906,1.52,False,0.2009778305571059,1.0,0.0009261956949024683,-0.7629283403522936,small
UNP,0.002831300255776488,False,0.046442087926162896,10.75,False,0.15480695975387632,1.0,0.0008342050908141343,-0.771467624031506,large
SW,0.002830005176727636,False,0.04206582735953562,5.08,False,0.1402194245317854,1.0,0.0008101043272897403,-0.7764759839687474,large
VTR,0.002828710690067293,False,0.0399514041474159,7.14,False,0.13317134715805298,1.0,0.0007993138031417878,-0.777996189073032,large
CAI,0.0028274167955244962,False,0.044179796734293925,2.45,False,0.1767191869371757,1.0,0.0008748861577777242,-0.787376708732692,mid
SYF,0.0028261234928284,False,0.048246346373639636,4.76,False,0.1608211545787988,1.0,0.0008448352850563242,-0.8047483720363863,large
MIMI,0.0028248307817082814,False,0.0225270258410744,1.0,False,0.12515014356152446,1.0,0.0007877103272274329,-0.8176704372150261,small
CRWV,0.0028235386618935504,False,0.10512918871091212,2.66,False,0.35043062903637373,1.0,0.00138768910429424,-0.8198844458780306,large
BBY,0.0028222471331137327,False,0.06858431417258791,3.36,False,0.22861438057529304,1.0,0.0009926813960326195,-0.8200447965303366,large
AEP,0.00282095619509848,False,0.04437150422323638,7.24,False,0.1479050140774546,1.0,0.0008225050018598114,-0.8382769971923478,large
AMIX,0.002819665847577565,False,0.028792977782492787,1.0,False,0.15996098768051548,1.0,0.0008432900984464657,-0.8558889887734955,small
TOST,0.002818376090280892,False,0.05036109645609991,3.15,False,0.16787032152033304,1.0,0.000857810491145104,-0.8625186925612365,large
WDAY,0.002817086922938481,False,0.06662363964301858,3.73,False,0.22207879881006196,1.0,0.0009761863601331519,-0.8774316719236228,large
AZI,0.0028157983452804757,False,0.004732074810701321,1.0,False,0.02628930450389623,1.0,0.0007038703141752721,-0.8861536757495274,small
MCHP,0.0028145103570371504,False,0.05937530460200435,3.99,False,0.1979176820066812,1.0,0.0009193598895650276,-0.890425411870742,large
CPRT,0.002813222957938896,False,0.04244896093013591,3.48,False,0.14149653643378637,1.0,0.0008121191110074439,-0.8916272291399497,large
FIGR,0.0028119361477162283,False,0.050053384176336584,2.44,False,0.20021353670534633,1.0,0.0009244785775683532,-0.8937298339433175,mid
XP,0.0028106499260997847,False,0.03629636874074184,3.61,False,0.12098789580247281,1.0,0.0007819731972119761,-0.9102366951937272,large
HRL,0.002809364292820332,False,0.037729629628888824,3.06,False,0.1257654320962961,1.0,0.0007885748858980611,-0.924360113465178,large
ENB,0.002808079247608755,False,0.016795934797806028,8.38,False,0.0559864493260201,1.0,0.0007175531020455561,-0.9329483725941684,large
EQX,0.0028067947901960592,False,0.03355581933800198,3.17,False,0.11185273112667328,1.0,0.0007700617873787768,-0.9342536974025859,large
KR,0.0028055109203133817,False,0.046961323762131114,4.77,False,0.1565377458737704,1.0,0.0008372227689461502,-0.9349185711898389,large
TRMB,0.002804227637691975,False,0.05402874313019307,2.72,False,0.1800958104339769,1.0,0.0008816332052408773,-0.9395281413171644,large
BAM,0.0028029449420632173,False,0.013696097112033997,12.56,False,0.04565365704011332,1.0,0.0007116718358463632,-0.9572194020734441,large
CP,0.0028016628331586067,False,0.02206208842962442,10.58,False,0.07354029476541474,1.0,0.0007302857797434309,-0.9587825628914741,large
S,0.0028003813107097715,False,0.05236478742009763,2.09,False,0.20945914968039053,1.0,0.0009456895581550605,-0.9642511208077361,mid
D,0.0027991003744484563,False,0.030517503230921887,7.37,False,0.10172501076973962,1.0,0.0007579486757701803,-0.9680151070603904,large
CSGP,0.002797820024106527,False,0.04834411473496918,2.51,False,0.16114704911656394,1.0,0.000845422880058267,-0.9710472053981454,large
ROIV,0.0027965402594159806,False,0.045933085112735285,3.83,False,0.1531102837091176,1.0,0.0008312794502739244,-0.9829523196171486,large
CNH,0.002795261080108929,False,0.04860766899100113,2.47,False,0.1620255633033371,1.0,0.0008470127857170766,-0.9869591406951956,large
ZTS,0.0027939824859176086,False,0.0470162413390965,4.13,False,0.15672080446365502,1.0,0.000837543899089717,-0.9928231849598073,large
DXCM,0.0027927044765743768,False,0.04639635412938261,4.31,False,0.1546545137646087,1.0,0.0008339409043154983,-0.9998150573812524,large
AA,0.0027914270518117202,False,0.0454752074761232,2.87,False,0.15158402492041068,1.0,0.0008286752130220014,-1.0048310879056663,large
FITB,0.00279015021136224,False,0.033470677452739614,5.71,False,0.11156892484246538,1.0,0.0007697066999468207,-1.0168244587229656,large
SU,0.0027888739549586606,False,0.024983906525298083,9.41,False,0.08327968841766029,1.0,0.0007388388364164784,-1.0404749815425784,large
NLY,0.002787598282333835,False,0.027310155920541947,3.79,False,0.09103385306847317,1.0,0.0007464081094651573,-1.043954065092782,large
FAST,0.0027863231932207327,False,0.0301032354704283,6.27,False,0.10034411823476098,1.0,0.0007563860755601454,-1.0444545807595773,large
ZBAO,0.002785048687352446,False,0.0009991799380207483,1.0,False,0.005550999655670824,1.0,0.0007001725561441928,-1.0547546175943858,small
INTR,0.0027837747644621873,False,0.019819512009769617,2.13,False,0.07927804803907847,1.0,0.000735196049844964,-1.0587194622940148,mid
RKLB,0.002782501424283299,False,0.06789566803920012,3.06,False,0.22631889346400041,1.0,0.0009868333526171097,-1.0592788515542966,large
AG,0.002781228666549238,False,0.042671274545803176,2.21,False,0.1706850981832127,1.0,0.0008631470553541527,-1.0781923153445723,mid
COIN,0.0027799564909935823,False,0.09812793281027878,2.37,False,0.32709310936759595,1.0,0.0012991434522962677,-1.087772627578674,large
EXC,0.00277868489735004,False,0.030887231304812322,5.62,False,0.10295743768270775,1.0,0.0007593613102554565,-1.0972116042106437,large
ROL,0.0027774138853524336,False,0.0322576944462273,3.79,False,0.10752564815409102,1.0,0.0007647458840613613,-1.098556486750793,large
VICI,0.0027761434547347095,False,0.030197300549843792,4.48,False,0.10065766849947931,1.0,0.0007567390108754059,-1.0986264848295544,large
ONON,0.002774873605230933,False,0.037795444046443936,3.0,False,0.12598481348814647,1.0,0.0007888841700860011,-1.1036749169202063,large
CVE,0.0027736043365752987,False,0.02307365625209149,6.72,False,0.07691218750697164,1.0,0.0007331267136878023,-1.118597586033772,large
KEY,0.002772335648502116,False,0.03286404949854528,3.73,False,0.10954683166181761,1.0,0.0007672028466319986,-1.1394861733903627,large
APTV,0.002771067540745818,False,0.05115446261441995,1.89,False,0.2046178504576798,1.0,0.00093446340246516,-1.1405029669077502,mid
PNR,0.002769800013040956,False,0.05402351515483117,1.86,False,0.21609406061932468,1.0,0.0009615012009957108,-1.1409900810126936,mid
YMM,0.002768533065122211,False,0.022626125388498265,2.56,False,0.09050450155399306,1.0,0.0007458699628886057,-1.1486524018225446,mid
LGPS,0.002767266696724378,False,0.009806882168515347,1.0,False,0.05448267871397416,1.0,0.0007166228287671608,-1.1520699234493708,small
BTE,0.0027660009075823723,False,0.029469692630942172,1.54,False,0.11787877052376869,1.0,0.0007778142654250937,-1.1606213491438502,mid
NI,0.0027647356974312394,False,0.030378050899493896,2.79,False,0.10126016966497967,1.0,0.0007574202829792506,-1.1630681817631408,large
GGB,0.002763471066006137,False,0.017872272226722368,3.14,False,0.05957424075574123,1.0,0.0007198749049050889,-1.1638089755495866,large
SURG,0.0027622070130423476,False,0.005385208970154004,1.0,False,0.02991782761196669,1.0,0.0007050124278905085,-1.1693335531033981,small
DAL,0.0027609435382752717,False,0.037664035013600564,5.01,False,0.12554678337866854,1.0,0.0007882671709736898,-1.1698774657265085,large
SBUX,0.0027596806414404386,False,0.035343126070375715,6.51,False,0.11781042023458574,1.0,0.0007777240526487582,-1.1735428594412562,large
KVUE,0.0027584183222734908,False,0.03746187700983358,3.35,False,0.12487292336611194,1.0,0.0007873221831439936,-1.1901868180648294,large
SUNB,0.002757156580510192,False,0.04895715897739104,3.5,False,0.16319052992463678,1.0,0.0008491344347196691,-1.1974733890875564,large
BEKE,0.002755895415886434,False,0.01975568959032819,4.05,False,0.0658522986344273,1.0,0.0007242845413184516,-1.2114979684319231,large
HAL,0.0027546348281382227,False,0.04158508094531614,2.95,False,0.13861693648438714,1.0,0.000807602068449773,-1.2211458202393566,large
SMTC,0.0027533748170016858,False,0.07613801796322263,1.86,False,0.2537933932107421,1.0,0.0010607020840495652,-1.2282947698490438,large
USDE,0.00275211538221307,False,0.03644091384092348,1.0,False,0.2024495213384638,1.0,0.0009295205286649693,-1.239931129139072,small
FIS,0.0027508565235087505,False,0.03339658657378389,3.25,False,0.11132195524594629,1.0,0.0007693984352307706,-1.2418039491537864,large
TME,0.0027495982406252153,False,0.020792908507720694,2.61,False,0.06930969502573564,1.0,0.0007269014694175387,-1.253366890629265,large
DKS,0.0027483405332990726,False,0.09170431568845851,1.06,False,0.3056810522948617,1.0,0.001223269072099726,-1.2563946553596221,large
JD,0.0027470834012670586,False,0.018023748910944236,3.88,False,0.06007916303648079,1.0,0.0007202132326545186,-1.260040592535839,large
BX,0.0027458268442660237,False,0.028208380730005637,7.2,False,0.09402793576668546,1.0,0.0007495110151454459,-1.269391830328518,large
ORLY,0.002744570862032939,False,0.032314270027540004,5.56,False,0.10771423342513335,1.0,0.000764973194061239,-1.2769640706853658,large
SO,0.0027433154543048954,False,0.03042466641479964,6.07,False,0.10141555471599879,1.0,0.000757596642534781,-1.301404792485089,large
SLB,0.00274206062081911,False,0.03724583256654347,4.45,False,0.12415277522181156,1.0,0.0007863179049335549,-1.306982504931215,large
EPD,0.0027408063613129138,False,0.01055721922784235,8.86,False,0.03519073075947451,1.0,0.0007069349701757607,-1.3276013184982678,large
AFRM,0.0027395526755237573,False,0.04728956374142817,2.44,False,0.1576318791380939,1.0,0.0008391477321953972,-1.3311941067872248,large
LVS,0.0027382995631892184,False,0.02763877971889127,3.74,False,0.09212926572963757,1.0,0.0007475316889817402,-1.3474790791543878,large
CLM,0.0027370470240469886,False,,9.91,False,0.3,1.0,0.001204,-1.351485242453554,mid
EBAY,0.0027357950578348806,False,0.03915332867109931,4.02,False,0.13051109557033105,1.0,0.0007953856179750213,-1.3583317077375887,large
NKE,0.0027345436642908253,False,0.050109495598351615,2.45,False,0.16703165199450537,1.0,0.0008562376075008759,-1.3837762669731424,large
EIX,0.002733292843152881,False,0.039800266392817356,2.74,False,0.13266755464272453,1.0,0.0007985638083073297,-1.388125763649002,large
HL,0.0027320425941592176,False,0.05661319159170246,1.08,False,0.1887106386390082,1.0,0.0008994255487590372,-1.3900872175379178,large
BMNR,0.002730792917048126,False,0.06590910822652603,1.0,False,0.21969702742175343,1.0,0.0009702939896045462,-1.4125332774221873,large
DASH,0.0027295438115580227,False,0.04253497713023133,4.29,False,0.14178325710077108,1.0,0.0008125739551669787,-1.41477939232625,large
PDD,0.0027282952774274377,False,0.02263175901954942,4.32,False,0.0754391967318314,1.0,0.0007318700054598463,-1.423936817960488,large
AMKR,0.0027270473143950224,False,0.0364591563508981,2.01,False,0.12153052116966034,1.0,0.0007827101384243078,-1.4486834103338901,large
BAOS,0.0027257999221995456,False,0.0023345885700654834,1.0,False,0.012969936500363797,1.0,0.0007009420278158115,-1.4490954377849516,small
EQT,0.002724553100579903,False,0.03262776784278532,3.04,False,0.10875922614261775,1.0,0.0007662399879183899,-1.452970323545064,large
AES,0.002723306849275102,False,0.024383325578327137,2.17,False,0.08127775192775712,1.0,0.0007369940085672081,-1.4538667410330075,large
GLPI,0.0027220611680242725,False,0.03418423350012952,1.97,False,0.11394744500043173,1.0,0.0007727105132439079,-1.4549301778239065,large
ACN,0.0027208160565666602,False,0.03795653902415747,5.02,False,0.12652179674719158,1.0,0.0007896434842919709,-1.4734558413249552,large
MDLZ,0.002719571514641639,False,0.02535961224676447,4.6,False,0.08453204082254823,1.0,0.0007400157291834997,-1.475000342345091,large
QFIN,0.002718327541988692,False,0.02081217297464783,1.0,False,0.11562318319248797,1.0,0.0007748648347527563,-1.4762182182531003,small
SBS,0.0027170841383474253,False,0.004927488000912126,1.49,False,0.01642496000304042,1.0,0.0007015107641421683,-1.4849470600047945,large
WBD,0.002715841303457568,False,0.027247018369850474,3.85,False,0.09082339456616825,1.0,0.0007461937784029224,-1.4902751505338663,large
CRCL,0.002714599037058963,False,0.07671381234324623,1.19,False,0.2557127078108208,1.0,0.0010661783380412763,-1.4908181457151999,large
SNOW,0.0027133573388915732,False,0.05005329389063014,4.92,False,0.16684431296876712,1.0,0.0008558873387121116,-1.493648752728041,large
OFAL,0.0027121162086954794,False,0.00524725716168702,1.0,False,0.029151428676038996,1.0,0.0007047589124455834,-1.4956488337711487,small
BKR,0.0027108756462108875,False,0.026859781984444206,4.3,False,0.08953260661481402,1.0,0.000744890090824561,-1.501807097179042,large
HBM,0.002709635651178115,False,0.01751774853884742,2.03,False,0.0583924951294914,1.0,0.0007190942275297071,-1.5075367869054952,large
PYPL,0.0027083962233375993,False,0.038836141293945,2.55,False,0.12945380431315,1.0,0.0007938464097264251,-1.538520261079614,large
TGB,0.0027071573624299025,False,0.019495962438887657,1.33,False,0.07798384975555063,1.0,0.0007340562926070993,-1.5388990714715771,mid
CMCSA,0.0027059190681956993,False,0.024216305399982048,4.05,False,0.08072101799994016,1.0,0.0007364889433829014,-1.5525059393175658,large
PASW,0.0027046813403757836,False,0.0003748051068996264,1.0,False,0.0020822505938868133,1.0,0.0007000242802982002,-1.5536272612602078,small
SGLY,0.002703444178711068,False,0.002617408511998569,1.0,False,0.014541158399992048,1.0,0.0007011840936106365,-1.5686181193022153,small
CMG,0.002702207582942588,False,0.031578284039864,2.58,False,0.10526094679954666,1.0,0.0007620472547583671,-1.5727681413515484,large
HPE,0.002700971552811493,False,0.03857583331787047,3.84,False,0.12858611105956824,1.0,0.0007925925725615723,-1.5751049841075482,large
TFC,0.0026997360880590495,False,0.021011954526911337,4.61,False,0.0700398484230378,1.0,0.0007274712500558838,-1.5810519527993012,large
PFE,0.002698501188426649,False,0.026418753020866475,4.33,False,0.08806251006955491,1.0,0.0007434280318066026,-1.581067245318052,large
CDE,0.002697266853655795,False,0.045314660206051745,1.29,False,0.1510488673535058,1.0,0.0008277682578411512,-1.5823221277774453,large
CCL,0.002696033083488112,False,0.03160446347197829,2.29,False,0.10534821157326096,1.0,0.0007621501758174335,-1.5831591690461113,large
KMI,0.0026947998776653387,False,0.021423282805020358,4.14,False,0.0714109426834012,1.0,0.0007285573273156192,-1.594886664994317,large
ABEV,0.0026935672359293403,False,0.008411612780398887,3.62,False,0.02803870926799629,1.0,0.0007044025476175252,-1.6025813806608005,large
CSX,0.0026923351580220934,False,0.022166797846040687,4.76,False,0.07388932615346895,1.0,0.0007305739421087167,-1.6043015965093015,large
ADBE,0.0026911036436856914,False,0.04332278679934318,4.16,False,0.14440928933114394,1.0,0.0008167826399327058,-1.6044591116606588,large
HMY,0.0026898726926623535,False,0.016081881427507667,2.39,False,0.05360627142502556,1.0,0.0007160923410821236,-1.6098794366236058,large
DT,0.0026886423046944092,False,0.041151738078825155,1.54,False,0.1371724602627505,1.0,0.0008053711895854009,-1.612008299611137,large
VG,0.002687412479524309,False,0.017244167548170822,3.33,False,0.057480558493902746,1.0,0.0007185024817867175,-1.620900079314708,large
BMY,0.0026861832168946177,False,0.021840274776414852,5.27,False,0.07280091592138284,1.0,0.0007296798508103566,-1.6217043082529354,large
CTVA,0.0026849545165480264,False,0.026654905307832738,3.96,False,0.08884968435944246,1.0,0.0007442078919003264,-1.6271176450394305,large
BIDU,0.0026837263782273353,False,0.03086208874523386,2.54,False,0.10287362915077954,1.0,0.0007592647080180519,-1.6283682758544689,large
MO,0.002682498801675464,False,0.025037169252471837,4.53,False,0.08345723084157279,1.0,0.000739004612526564,-1.6478502307142238,large
HBAN,0.002681271786635455,False,0.025153616767451658,2.5,False,0.08384538922483886,1.0,0.0007393682760478825,-1.6538088587687612,large
CBRS,0.002680045332850462,False,0.05506039021694984,1.68,False,0.18353463405649947,1.0,0.0008886357866302178,-1.6762320379883455,large
SUZ,0.002678819440063759,False,0.008889994630899078,2.66,False,0.02963331543633026,1.0,0.0007049175469489946,-1.6803860917609224,large
RBLX,0.0026775941080187343,False,0.032724222775344265,2.15,False,0.10908074258448089,1.0,0.000766632207055578,-1.7232581210373272,large
CLGN,0.002676369336458901,False,0.0058009319149915145,1.0,False,0.03222739952773064,1.0,0.0007058161895697918,-1.7288203606243506,small
NU,0.0026751451251278827,False,0.031532779594615354,2.11,False,0.10510926531538452,1.0,0.0007618685628687833,-1.7322894175674943,large
F,0.0026739214737694222,False,0.024810951115263692,2.53,False,0.08270317038421231,1.0,0.0007383029605929604,-1.7377301942002723,large
MRNA,0.0026726983821273773,False,0.09034222022245934,1.0,False,0.3011407340748645,1.0,0.0012078401536272305,-1.7398530327782016,large
BN,0.00267147584994573,False,0.008852511540914465,6.63,False,0.02950837180304822,1.0,0.0007048761664362149,-1.744425723765224,large
ESI,0.002670253876968573,False,0.028235365544353384,1.4,False,0.11294146217741353,1.0,0.0007714323337211239,-1.7461176412441204,mid
RDHL,0.0026690324629401146,False,0.0012773634924570403,1.0,False,0.007096463846983558,1.0,0.0007002820148751366,-1.7620029168248696,small
CL,0.0026678116076046883,False,0.021367158404962512,4.17,False,0.07122386134987503,1.0,0.0007284078951832829,-1.7624182187873303,large
PLD,0.0026665913107067375,False,0.018485162446911386,6.04,False,0.061617208156371284,1.0,0.0007212614099095194,-1.7630342043860445,large
BRLS,0.002665371571990824,False,0.002693609801396189,1.0,False,0.014964498896645495,1.0,0.0007012540428724752,-1.7646592204316205,small
WDC,0.0026641523912016253,False,0.054263035555057196,3.14,False,0.18087678518352399,1.0,0.0008832119039426294,-1.781012430145795,large
FPS,0.0026629337680839416,False,0.028401753846033266,1.92,False,0.09467251282011088,1.0,0.0007501921542285748,-1.7827837963533006,large
GM,0.0026617157023826835,False,0.024138275851190907,3.89,False,0.08046091950396969,1.0,0.0007362541735775761,-1.7958656587290982,large
MSTR,0.002660498193842878,False,0.08100663806672898,1.0,False,0.2700221268890966,1.0,0.0011083069144543836,-1.7975674563042099,large
OKTA,0.0026592812422096754,False,0.04355363120175002,1.66,False,0.14517877067250007,1.0,0.0008180305025422789,-1.8008680795201342,large
SWVL,0.002658064847228337,False,0.010520971585865149,1.0,False,0.05844984214369527,1.0,0.0007191317506610882,-1.801469004824369,small
PR,0.002656849008644241,False,0.0233476429445583,1.86,False,0.077825476481861,1.0,0.0007339181068219207,-1.8043259501230777,large
NEE,0.0026556337262028805,False,0.023630883168889484,4.56,False,0.07876961056296496,1.0,0.0007347460486701505,-1.8240929491447435,large
BSX,0.002654418999649873,False,0.03350803180163711,2.29,False,0.11169343933879038,1.0,0.000769862376591437,-1.8247733003753734,large
VZ,0.002653204828730944,False,0.020428416948681586,4.79,False,0.06809472316227196,1.0,0.0007259665914062602,-1.8413590253537637,large
TEAM,0.0026519912131919357,False,0.03888358780488662,2.29,False,0.12961195934962205,1.0,0.0007940758560361092,-1.8487119709780497,large
TGT,0.0026507781527788142,False,0.033713182667581394,2.69,False,0.11237727555860465,1.0,0.0007707204515470575,-1.8528227896683915,large
T,0.002649565647237654,False,0.018617675947831043,4.25,False,0.062058919826103474,1.0,0.0007215673333679034,-1.8654007129783923,large
XYZ,0.0026483536963146487,False,0.02142404204027108,3.11,False,0.07141347346757027,1.0,0.0007285593514791388,-1.869657280408849,large
LITE,0.002647142299756105,False,0.08168977748787694,1.72,False,0.2722992582929231,1.0,0.001115222561974506,-1.8833210265572693,large
DVN,0.0026459314573084526,False,0.024837154440250808,2.6,False,0.08279051480083603,1.0,0.0007383839083095297,-1.8878670856928705,large
VST,0.002644721168718231,False,0.03140536040691825,2.67,False,0.10468453468972751,1.0,0.0007613695700979467,-1.8973622278788345,large
MNST,0.0026435114337320952,False,0.01494266995833621,4.48,False,0.04980889986112069,1.0,0.0007138931884301009,-1.9137706906737009,large
BKNG,0.002642302252096823,False,0.026959531948438174,4.29,False,0.08986510649479391,1.0,0.0007452241292457957,-1.9222421711493423,large
VRT,0.0026410936235593016,False,0.03545153455183659,3.14,False,0.1181717818394553,1.0,0.0007782015921294262,-1.9398344899810644,large
WMB,0.002639885547866535,False,0.021109224250102563,3.36,False,0.07036408083367521,1.0,0.0007277261816807806,-1.9485663406693603,large
COHR,0.002638678024765642,False,0.05384401375295658,1.72,False,0.17948004584318863,1.0,0.0008803932863928894,-1.9539484834659655,large
OXY,0.002637471054003863,False,0.020997584663887396,2.98,False,0.06999194887962466,1.0,0.0007274336882846208,-1.9636065161570402,large
BE,0.002636264635328548,False,0.06282179472124567,1.62,False,0.20940598240415223,1.0,0.0009455648466132295,-2.0012482189789944,large
SBSW,0.0026350587684871624,False,0.011818777710187649,1.5,False,0.047275110840750596,1.0,0.0007125156421880294,-2.00952666217899,mid
CARR,0.0026338534532272927,False,0.018513062923379214,2.78,False,0.06171020974459738,1.0,0.0007213256399256444,-2.0130433709515003,large
JHX,0.0026326486892966354,False,0.01834104689130928,1.8,False,0.061136822971030944,1.0,0.0007209311822887506,-2.0175300936293543,large
USB,0.0026314444764430046,False,0.015955713353821704,3.85,False,0.053185711179405674,1.0,0.0007158408312924913,-2.0187510056082267,large
VMRK,0.0026302408144143266,False,0.021005916851841964,2.47,False,0.0700197228394732,1.0,0.0007274554648844932,-2.029256722527796,large
CRH,0.002629037702958651,False,0.01897092088094124,3.13,False,0.0632364029364708,1.0,0.0007223935188755248,-2.041191471704354,large
AGI,0.0026278351418241347,False,0.016750985493096417,1.66,False,0.05583661831032139,1.0,0.0007174592764882621,-2.064653133921912,large
IBM,0.002626633130759051,False,0.023342678946923632,4.51,False,0.07780892982307877,1.0,0.0007339036855371916,-2.074943902518328,large
B,0.0026254316695117933,False,0.016480531138761877,2.42,False,0.05493510379587292,1.0,0.0007169000475227546,-2.1095402482840764,large
BHP,0.0026242307578308653,False,0.007060821978182508,6.31,False,0.02353607326060836,1.0,0.0007031021017693608,-2.1111561725058285,large
QCOM,0.002623030395464887,False,0.03144684876970106,3.31,False,0.10482282923233686,1.0,0.0007615318229583213,-2.1245208319663416,large
ABNB,0.0026218305821625915,False,0.023988603780910448,3.0,False,0.07996201260303483,1.0,0.0007358059713733563,-2.132196645703334,large
CIG,0.002620631317672833,False,0.0018586509451282791,1.18,False,0.0074346037805131165,1.0,0.00070030953066689,-2.1345545532803647,mid
AS,0.0026194326017445744,False,0.019791883724533173,1.16,False,0.06597294574844391,1.0,0.0007243736055960719,-2.1493808326485677,large
CX,0.002618234434126895,False,0.007121593716406984,1.83,False,0.023738645721356613,1.0,0.0007031557304838308,-2.1559250224253366,large
GILD,0.002617036814568988,False,0.018159997595593145,4.23,False,0.06053332531864381,1.0,0.0007205199874551433,-2.1718427385500183,large
IBN,0.002615839742820166,False,0.006159349628479366,3.97,False,0.020531165428264556,1.0,0.0007023605610215195,-2.1905337035729517,large
UBER,0.002614643218629852,False,0.022118812023667413,2.96,False,0.07372937341222471,1.0,0.0007304417148210519,-2.1956908219787197,large
IAG,0.0026134472417475812,False,0.01259330460614179,1.26,False,0.04197768202047263,1.0,0.0007098679044117467,-2.210921366228887,large
KGC,0.002612251811923012,False,0.01327693765154387,1.8,False,0.04425645883847956,1.0,0.0007109683512339633,-2.2198633938286028,large
TXN,0.0026110569289059093,False,0.02367818512475219,3.77,False,0.07892728374917396,1.0,0.0007348852902721267,-2.2336466292784523,large
NFLX,0.002609862592446155,False,0.02228964938066181,3.31,False,0.0742988312688727,1.0,0.0007309137714363543,-2.2493665115594332,large
HOOD,0.002608668802293744,False,0.037585831586925106,1.71,False,0.12528610528975037,1.0,0.0007879010058005767,-2.252777677704869,large
SRE,0.002607475558198791,False,0.015776408451078777,2.51,False,0.05258802817026259,1.0,0.0007154868039582835,-2.2617278730188364,large
CRDO,0.00260628285991152,False,0.03408363285601122,1.64,False,0.1136121095200374,1.0,0.0007722831840057206,-2.269615826738073,large
APP,0.0026050907071822667,False,0.03202899707750546,2.22,False,0.10676332359168486,1.0,0.0007638310806803198,-2.273031344534277,large
KLAC,0.0026038990997614905,False,0.02228720136971292,3.36,False,0.0742906712323764,1.0,0.0007309069814600794,-2.3090957263884873,large
HDB,0.002602708037399756,False,0.007018689534673241,3.32,False,0.023395631782244138,1.0,0.000703065191284346,-2.3363122371447727,large
PANW,0.0026015175198477454,False,0.0262168561958021,3.85,False,0.08738952065267366,1.0,0.0007427667985914629,-2.339169724205134,large
FTNT,0.0026003275468562525,False,0.018390503612731993,3.05,False,0.06130167870910664,1.0,0.0007210442165503054,-2.354010242909433,large
CRE,0.002599138118176191,False,0.0005381963728910765,1.0,False,0.0029899798493948702,1.0,0.0007000500638851989,-2.369776690595227,small
EL,0.0025979492335585835,False,0.0195680750111067,1.43,False,0.065226916703689,1.0,0.000723825483710952,-2.374966548149838,large
PAAS,0.0025967608927545648,False,0.016405130200327238,1.21,False,0.05468376733442413,1.0,0.0007167457606953583,-2.375626506838486,large
CVS,0.0025955730955153906,False,0.01439256519101939,2.81,False,0.04797521730339797,1.0,0.0007128890802617263,-2.3944037133233183,large
STM,0.002594385841592425,False,0.01554289120097011,1.7,False,0.05180963733656703,1.0,0.000715031735717301,-2.39645649320494,large
LRCX,0.0025931991307371464,False,0.022170901288431293,3.79,False,0.07390300429477098,1.0,0.0007305852626452405,-2.401241691702692,large
BA,0.0025920129627011452,False,0.02064544772963117,2.9,False,0.06881815909877056,1.0,0.0007265212585217646,-2.406205392096487,large
INTU,0.0025908273372361322,False,0.03022569243050035,1.71,False,0.10075230810166784,1.0,0.0007568457544917551,-2.4481871112671296,large
FCX,0.0025896422540939257,False,0.0208873399675381,1.82,False,0.06962446655846033,1.0,0.0007271463715238809,-2.449106034460573,large
GLW,0.002588457713026456,False,0.022663423418134543,2.26,False,0.07554474472711514,1.0,0.0007319592473529558,-2.45088600737761,large
TJX,0.002587273713785775,False,0.019170847201363618,2.44,False,0.06390282400454539,1.0,0.000722867997128233,-2.487057161375333,large
PEP,0.0025860902561240413,False,0.015670053728781767,3.15,False,0.05223351242927256,1.0,0.0007152787029959143,-2.494774460350808,large
NOW,0.0025849073397935275,False,0.029600067490730107,1.61,False,0.09866689163576703,1.0,0.0007545168708283595,-2.4962860961899724,large
NVO,0.002583724964546619,False,0.006901038617092908,2.68,False,0.02300346205697636,1.0,0.0007029632918929978,-2.4998554857917177,large
VIK,0.0025825431301358206,False,0.015811605028264262,1.54,False,0.052705350094214204,1.0,0.0007155559819999005,-2.5199338363293884,large
BABA,0.0025813618363137434,False,0.017235101872274207,2.58,False,0.05745033957424736,1.0,0.0007184830324962995,-2.5530927089901243,large
C,0.002580181082833112,False,0.01564857152097461,2.96,False,0.05216190506991537,1.0,0.0007152368403069279,-2.5555703145189663,large
SHOP,0.0025790008694467704,False,0.01443317234796295,3.05,False,0.04811057449320983,1.0,0.0007129619133171735,-2.5558733720927216,large
MRVL,0.0025778211959076687,False,0.0415366775670554,1.35,False,0.13845559189018466,1.0,0.0008073517251837037,-2.5675838059791163,large
CRM,0.0025766420619688737,False,0.03653139636836777,1.5,False,0.12177132122789255,1.0,0.0007830382261720849,-2.5681589017773865,large
CSCO,0.002575463467383561,False,0.013768720771628063,3.55,False,0.04589573590542688,1.0,0.0007117959440160838,-2.576298260442422,large
GE,0.002574285411905028,False,0.015393757816832972,3.83,False,0.0513125260561099,1.0,0.0007147446618494503,-2.5767286291216753,large
VALE,0.0025731078952866753,False,0.010045972429427003,1.61,False,0.03348657476475668,1.0,0.0007062795638610635,-2.5799692268112175,large
MCD,0.0025719309172820212,False,0.017365689574486573,2.86,False,0.05788563191495524,1.0,0.0007187641797402846,-2.5933326168378072,large
ABT,0.0025707544776446935,False,0.01280268777607239,2.67,False,0.04267562592024131,1.0,0.0007101987706670325,-2.6206900488102827,large
PCG,0.002569578576128439,False,0.014305832925571435,1.0,False,0.047686109751904786,1.0,0.0007127342043543159,-2.643978730350957,large
ABBV,0.002568403212487111,False,0.010979700278632761,4.4,False,0.03659900092877587,1.0,0.0007075011264663134,-2.6589691613748534,large
SAN,0.0025672283864746756,False,0.003518576631714631,2.11,False,0.011728588772382103,1.0,0.0007007703348497133,-2.6615200969626294,large
PM,0.0025660540978452175,False,0.010710435532685901,3.58,False,0.03570145177561967,1.0,0.0007071377244897667,-2.66358811945668,large
SCHW,0.0025648803463529275,False,0.012375729768579091,2.61,False,0.041252432561930306,1.0,0.0007095298738767489,-2.667671074466756,large
COP,0.0025637071317521107,False,0.013884877859497331,2.41,False,0.04628292619832444,1.0,0.0007119958118418854,-2.68170625411564,large
PLTR,0.0025625344537971834,False,0.026822767539690172,2.16,False,0.08940922513230057,1.0,0.000744766453417047,-2.6830746919953032,large
DIS,0.0025613623122426794,False,0.012132497094880002,2.59,False,0.04044165698293334,1.0,0.0007091589546693413,-2.6896225397308218,large
NEM,0.0025601907068432397,False,0.015944342734400572,1.91,False,0.05314780911466858,1.0,0.0007158182618366598,-2.714751006966891,large
WFC,0.0025590196373536157,False,0.011242039058636723,2.88,False,0.037473463528789074,1.0,0.0007078638586255235,-2.7307019616723602,large
CRWD,0.00255784910352868,False,0.02336394681775846,2.16,False,0.07787982272586154,1.0,0.000733965494011745,-2.736691788767798,large
AEG,0.0025566791051234083,False,0.0019112821015214098,1.0,False,0.0063709403384046995,1.0,0.0007002272977324548,-2.748800704720241,large
APH,0.0025555096418928922,False,0.010842923677136867,2.36,False,0.03614307892378956,1.0,0.0007073154040629112,-2.772845578359079,large
ADI,0.002554340713592332,False,0.018027688827660218,2.18,False,0.06009229609220072,1.0,0.0007202220706779433,-2.7958787347644565,large
BBD,0.0025531723199770477,False,0.001877653645391372,1.0,False,0.006258845484637907,1.0,0.0007002193696220832,-2.8105086592102086,large
PG,0.002552004460802464,False,0.012071026078502077,2.76,False,0.040236753595006926,1.0,0.0007090663795032457,-2.822062652823734,large
BAC,0.0025508371358241174,False,0.011707622769707729,2.6,False,0.039025409232359094,1.0,0.0007085287023682173,-2.8308800595470025,large
NOK,0.0025496703447976626,False,0.009659703492961764,1.0,False,0.03219901164320588,1.0,0.0007058059475644761,-2.878384096885504,large
RTX,0.0025485040874788606,False,0.00931291731152934,2.73,False,0.0310430577050978,1.0,0.0007053965600174193,-2.8859797084675636,large
ANET,0.0025473383636235854,False,0.011390325310118308,2.54,False,0.037967751033727695,1.0,0.0007080726806639311,-2.888448014382971,large
INTC,0.00254617317298782,False,0.026755339134206343,1.69,False,0.08918446378068781,1.0,0.0007445416640471534,-2.8961262856254972,large
AMAT,0.0025450085153276665,False,0.01958131719100528,2.31,False,0.06527105730335094,1.0,0.000723857741160385,-2.8976486595196658,large
MRK,0.0025438443903993318,False,0.012090499190677157,2.23,False,0.04030166396892386,1.0,0.0007090956550645188,-2.9210495625364308,large
GOF,0.002542680797959134,False,,1.0,False,0.3,1.0,0.001204,-2.9259007383602382,mid
JPM,0.00254151773776351,False,0.009971191868289162,4.56,False,0.03323730622763054,1.0,0.000706186423741508,-2.926780024255714,large
KO,0.0025403552095690004,False,0.009110946553603895,2.67,False,0.030369821845346322,1.0,0.0007051650260419412,-2.93499284379566,large
DELL,0.0025391932131322605,False,0.021742460948745025,2.93,False,0.0724748698291501,1.0,0.0007294145978378125,-2.9370401468301406,large
TSLQ,0.0025380317482100534,False,,1.0,False,0.3,1.0,0.001204,-2.9461527205011464,mid
ASX,0.0025368708145592613,False,0.004325737988106219,1.58,False,0.01441912662702073,1.0,0.000701164302791042,-3.0038579065415423,large
LYG,0.002535710411936871,False,0.0002789417989064602,1.0,False,0.0009298059963548673,1.0,0.0007000048414194688,-3.0159576797765686,large
MDT,0.0025345505400999786,False,0.009467051247438185,1.67,False,0.03155683749146061,1.0,0.0007055766703577896,-3.0313853447461403,large
PBR,0.0025333911988058007,False,0.004946216132582177,1.49,False,0.016487387108607254,1.0,0.0007015222700285467,-3.0481054026656107,large
AMD,0.0025322323878116558,False,0.024024075160105327,2.49,False,0.08008025053368442,1.0,0.0007359119405430109,-3.05909904900604,large
CVX,0.0025310741068749775,False,0.010417811633394915,2.61,False,0.034726038777983054,1.0,0.0007067530275075759,-3.0664255230791015,large
JNJ,0.002529916355753307,False,0.008891857288036629,3.31,False,0.02963952429345543,1.0,0.0007049196078419171,-3.066588085854559,large
WMT,0.002528759134204304,False,0.010828903253356026,2.55,False,0.03609634417785342,1.0,0.0007072964979528339,-3.0776494423335876,large
ORCL,0.0025276024419857313,False,0.014022475263457455,2.32,False,0.04674158421152485,1.0,0.0007122347438897772,-3.108553024447765,large
XOM,0.002526446278855463,False,0.009654480854049068,2.72,False,0.03218160284683023,1.0,0.0007057996711460303,-3.118064167703918,large
V,0.0025252906445714907,False,0.011400542031509052,2.78,False,0.038001806771696844,1.0,0.0007080871689803149,-3.1228608469002475,large
ITUB,0.00252413553889191,False,0.0014850510356179088,1.0,False,0.004950170118726363,1.0,0.0007001372234315442,-3.1467747124810317,large
HD,0.0025229809615749297,False,0.008897806325052996,2.16,False,0.02965935441684332,1.0,0.000704926192904774,-3.2278106263886173,large
SNDK,0.002521826912378866,False,0.03855656596081479,1.0,False,0.12852188653604932,1.0,0.0007925001017851967,-3.3484604278779453,large
JEPQ,0.0025206733910621538,False,,2.35,False,0.3,1.0,0.001204,-3.387979560217069,mid
SPCX,0.00251952039738333,False,0.012466941560879814,2.36,False,0.04155647186959938,1.0,0.0007096708659837933,-3.3880188285239132,large
TSLA,0.0025183679311010457,False,0.018378045161750466,2.04,False,0.06126015053916823,1.0,0.0007210157138468566,-3.4057413032679538,large
UL,0.0025172159919740595,False,0.0019326598173020114,1.01,False,0.0064421993910067045,1.0,0.0007002324108247635,-3.4778232104585416,large
BP,0.0025160645797612474,False,0.0025027231463857066,1.0,False,0.008342410487952355,1.0,0.0007003897365513971,-3.5252963933957466,large
AAPL,0.0025149136942215883,False,0.009445250738273802,3.53,False,0.03148416912757934,1.0,0.0007055510162716625,-3.544589170414524,large
MSFT,0.0025137633351141717,False,0.009876286982470964,3.18,False,0.03292095660823655,1.0,0.0007060692205504077,-3.5645213436363568,large
AMZN,0.002512613502198205,False,0.008357859844991941,2.67,False,0.027859532816639807,1.0,0.000704346459985064,-3.588594546459463,large
BTI,0.002511464195232997,False,0.0013198268337395959,1.0,False,0.004399422779131986,1.0,0.0007001083875564215,-3.594558341009306,large
AVGO,0.0025103154139779708,False,0.010331811568602375,2.42,False,0.034439371895341256,1.0,0.0007066419938846554,-3.5975893286282723,large
GOOGL,0.002509167158192656,False,0.006271541605838037,3.48,False,0.02090513868612679,1.0,0.0007024473390115228,-3.601379227891903,large
TSM,0.0025080194276366997,False,0.0055879668024909745,3.13,False,0.01862655600830325,1.0,0.0007019429120968906,-3.62917406052956,large
MU,0.002506872222069852,False,0.02493110097574037,1.16,False,0.08310366991913458,1.0,0.0007386748317425595,-3.6902074408373586,large
NVDA,0.0025057255412519724,False,0.012070673791356193,2.14,False,0.04023557930452064,1.0,0.000709065850315034,-3.764606070569959,large
GOOG,0.0025045793849430373,False,0.003655421993659961,2.86,False,0.012184739978866536,1.0,0.0007008314201747746,-3.8741079246723977,large
META,0.0025034337529031263,False,0.011158831768377802,1.71,False,0.03719610589459268,1.0,0.0007077478816448418,-3.912176698309559,large
SKHY,0.002502288644892431,False,0.0034823575109990874,1.55,False,0.011607858369996957,1.0,0.0007007545573052523,-3.928778450897716,large
SPY,0.002501144060671251,False,,,False,0.3,1.0,0.001204,-5.802054799467222,mid
