date,symbol,kind,break_type,detail,amount_usd,seeded,material
2019-07-10,TEVA,borrow_fee,notional_break,"PB notional 15,381,333 vs book 15,069,439 (x1.0207)",-2.9291530962867967,stale_mark,True
2019-07-10,TROX,short_rebate,missing_in_pb,"book 971.45, no PB line",971.4516073865414,,True
2019-07-17,PRGO,short_rebate,missing_in_pb,"book 1072.88, no PB line",1072.884983008146,,True
2019-08-01,DVN,borrow_fee,rate_break,PB rate 0.002757 vs book 0.002774,0.6915456138563627,stale_fee_rate,True
2019-08-02,DVN,borrow_fee,rate_break,PB rate 0.002757 vs book 0.002774,0.6879724679907611,stale_fee_rate,True
2019-08-05,DVN,borrow_fee,rate_break,PB rate 0.002757 vs book 0.002772,0.5853680721933188,stale_fee_rate,True
2019-08-06,DVN,borrow_fee,rate_break,PB rate 0.002757 vs book 0.002770,0.5128664345602374,stale_fee_rate,True
2019-08-07,DVN,borrow_fee,rate_break,PB rate 0.002757 vs book 0.002770,0.5115959261768523,stale_fee_rate,True
2019-08-08,DVN,borrow_fee,rate_break,PB rate 0.002757 vs book 0.002773,0.649794324825848,stale_fee_rate,True
2019-08-09,DVN,borrow_fee,rate_break,PB rate 0.002757 vs book 0.002768,0.41233336024737355,stale_fee_rate,False
2019-08-12,DVN,borrow_fee,rate_break,PB rate 0.002757 vs book 0.002771,0.5510185595877175,stale_fee_rate,True
2019-08-13,DVN,borrow_fee,rate_break,PB rate 0.002757 vs book 0.002824,2.580714356467638,stale_fee_rate,True
2019-08-14,DVN,borrow_fee,rate_break,PB rate 0.002757 vs book 0.002826,2.477705653332933,stale_fee_rate,True
2019-08-14,GT,borrow_fee,notional_break,"PB notional 13,671,524 vs book 12,948,951 (x1.0558)",-6.830946370760714,stale_mark,True
2019-08-15,DVN,borrow_fee,rate_break,PB rate 0.002757 vs book 0.002832,2.6400799117987503,stale_fee_rate,True
2019-08-15,HAL,borrow_fee,notional_break,"PB notional 12,550,060 vs book 12,495,286 (x1.0044)",-0.44851615966275915,stale_mark,False
2019-08-16,DVN,borrow_fee,rate_break,PB rate 0.002757 vs book 0.002828,2.583003280832756,stale_fee_rate,True
2019-08-16,SLS,short_rebate,missing_in_pb,"book 876.92, no PB line",876.9187365814171,,True
2019-08-19,DVN,borrow_fee,rate_break,PB rate 0.002757 vs book 0.002824,2.5175391169370016,stale_fee_rate,True
2019-08-20,DVN,borrow_fee,rate_break,PB rate 0.002757 vs book 0.002826,2.6020979950480694,stale_fee_rate,True
2019-08-20,EQT,borrow_fee,notional_break,"PB notional 13,131,589 vs book 12,808,510 (x1.0252)",-3.2375974497609263,stale_mark,True
2019-08-21,DVN,borrow_fee,rate_break,PB rate 0.002757 vs book 0.002810,2.006702787648294,stale_fee_rate,True
2019-08-22,DVN,borrow_fee,rate_break,PB rate 0.002757 vs book 0.002818,2.2705886766856196,stale_fee_rate,True
2019-08-23,DVN,borrow_fee,rate_break,PB rate 0.002757 vs book 0.002826,2.414960781368322,stale_fee_rate,True
2019-08-26,DVN,borrow_fee,rate_break,PB rate 0.002757 vs book 0.002826,2.4027076837582797,stale_fee_rate,True
2019-08-27,DVN,borrow_fee,rate_break,PB rate 0.002757 vs book 0.002824,2.308735886666355,stale_fee_rate,True
2019-08-28,DVN,borrow_fee,rate_break,PB rate 0.002757 vs book 0.002796,1.3936926368448042,stale_fee_rate,True
2019-08-29,DVN,borrow_fee,rate_break,PB rate 0.002757 vs book 0.002802,1.6477375867538058,stale_fee_rate,True
2019-08-30,DVN,borrow_fee,rate_break,PB rate 0.002757 vs book 0.002802,2.2781463268237303,stale_fee_rate,True
2019-09-03,DCH,borrow_fee,notional_break,"PB notional 18,175,858 vs book 17,229,796 (x1.0549)",-18.726564510720607,stale_mark,True
2019-09-09,NOV,short_rebate,missing_in_pb,"book 1261.22, no PB line",1261.2188251981204,,True
2019-09-11,PGEN,short_rebate,missing_in_pb,"book 1171.16, no PB line",1171.1601504544585,,True
2019-09-20,APA,borrow_fee,notional_break,"PB notional 21,706,542 vs book 21,740,247 (x0.9984)",0.806006841011822,stale_mark,True
2019-09-25,NWL,short_rebate,missing_in_pb,"book 1041.34, no PB line",1041.3403999579252,,True
2019-09-26,APA,borrow_fee,notional_break,"PB notional 21,504,307 vs book 21,293,646 (x1.0099)",-5.104270494960815,stale_mark,True
2019-09-27,PTEN,borrow_fee,notional_break,"PB notional 18,764,211 vs book 18,133,834 (x1.0348)",-10.510618713347128,stale_mark,True
2019-09-30,DCH,borrow_fee,notional_break,"PB notional 14,459,585 vs book 14,913,149 (x0.9696)",7.387903790634141,stale_mark,True
2019-10-01,CGC,borrow_fee,rate_break,PB rate 0.005038 vs book 0.005097,2.334200145176453,stale_fee_rate,True
2019-10-02,CGC,borrow_fee,rate_break,PB rate 0.005038 vs book 0.004979,-2.322948136988515,stale_fee_rate,True
2019-10-03,CGC,borrow_fee,rate_break,PB rate 0.005038 vs book 0.003480,-65.78552176294477,stale_fee_rate,True
2019-10-04,CGC,borrow_fee,rate_break,PB rate 0.005038 vs book 0.005050,0.5167604747138057,stale_fee_rate,True
2019-10-07,CGC,borrow_fee,rate_break,PB rate 0.005038 vs book 0.005169,5.285660980898797,stale_fee_rate,True
2019-10-08,CGC,borrow_fee,rate_break,PB rate 0.005038 vs book 0.005050,0.5122512209477179,stale_fee_rate,True
2019-10-09,CGC,borrow_fee,rate_break,PB rate 0.005038 vs book 0.004820,-8.975353577586986,stale_fee_rate,True
2019-10-10,CGC,borrow_fee,rate_break,PB rate 0.005038 vs book 0.003680,-50.10029434598334,stale_fee_rate,True
2019-10-11,CGC,borrow_fee,rate_break,PB rate 0.005038 vs book 0.003650,-48.70831506889604,stale_fee_rate,True
2019-10-11,PCG,short_rebate,missing_in_pb,"book 604.66, no PB line",604.6619571558897,,True
2019-10-14,CGC,borrow_fee,rate_break,PB rate 0.005038 vs book 0.003456,-53.911198223308006,stale_fee_rate,True
2019-10-15,CGC,borrow_fee,rate_break,PB rate 0.005038 vs book 0.003418,-58.823408900293714,stale_fee_rate,True
2019-10-16,CGC,borrow_fee,rate_break,PB rate 0.005038 vs book 0.003200,-65.49385019466014,stale_fee_rate,True
2019-10-17,CGC,borrow_fee,rate_break,PB rate 0.005038 vs book 0.003517,-57.04974580555336,stale_fee_rate,True
2019-10-17,MAC,borrow_fee,notional_break,"PB notional 12,953,999 vs book 13,034,253 (x0.9938)",9.557229100662425,stale_mark,True
2019-10-18,CGC,borrow_fee,rate_break,PB rate 0.005038 vs book 0.003063,-72.09898209096409,stale_fee_rate,True
2019-10-18,VISN,borrow_fee,duplicate_line,2 PB lines vs 1,-242.84277906649797,duplicate_fee,True
2019-10-21,CGC,borrow_fee,rate_break,PB rate 0.005038 vs book 0.002937,-77.23098614310945,stale_fee_rate,True
2019-10-22,AA,borrow_fee,duplicate_line,2 PB lines vs 1,-136.03973322034741,duplicate_fee,True
2019-10-22,CGC,borrow_fee,rate_break,PB rate 0.005038 vs book 0.002925,-80.73380646409274,stale_fee_rate,True
2019-10-23,CGC,borrow_fee,rate_break,PB rate 0.005038 vs book 0.002915,-83.42256285973639,stale_fee_rate,True
2019-10-24,CGC,borrow_fee,rate_break,PB rate 0.005038 vs book 0.003344,-66.28844921367761,stale_fee_rate,True
2019-10-25,CGC,borrow_fee,rate_break,PB rate 0.005038 vs book 0.002868,-85.93356998683319,stale_fee_rate,True
2019-10-28,APA,borrow_fee,notional_break,"PB notional 12,856,765 vs book 12,658,700 (x1.0156)",-2.1935161646134986,stale_mark,True
2019-10-28,CGC,borrow_fee,rate_break,PB rate 0.005038 vs book 0.002963,-81.12269495520304,stale_fee_rate,True
2019-10-29,CGC,borrow_fee,rate_break,PB rate 0.005038 vs book 0.002971,-76.80581216872903,stale_fee_rate,True
2019-10-30,CGC,borrow_fee,rate_break,PB rate 0.005038 vs book 0.002888,-78.30720082407815,stale_fee_rate,True
2019-10-31,CGC,borrow_fee,rate_break,PB rate 0.005038 vs book 0.002890,-100.1773696164405,stale_fee_rate,True
2019-11-01,BB,borrow_fee,rate_break,PB rate 0.004789 vs book 0.004649,-6.79990627453887,stale_fee_rate,True
2019-11-04,BB,borrow_fee,rate_break,PB rate 0.004789 vs book 0.004596,-9.608527260698963,stale_fee_rate,True
2019-11-05,BB,borrow_fee,rate_break,PB rate 0.004789 vs book 0.004703,-4.196882538625061,stale_fee_rate,True
2019-11-06,BB,borrow_fee,rate_break,PB rate 0.004789 vs book 0.004869,3.961739395194627,stale_fee_rate,True
2019-11-06,PTEN,short_rebate,missing_in_pb,"book 773.26, no PB line",773.2578634674883,,True
2019-11-07,BB,borrow_fee,rate_break,PB rate 0.004789 vs book 0.004983,9.536204759896037,stale_fee_rate,True
2019-11-08,BB,borrow_fee,rate_break,PB rate 0.004789 vs book 0.005041,12.401830264841863,stale_fee_rate,True
2019-11-11,BB,borrow_fee,rate_break,PB rate 0.004789 vs book 0.005041,12.446602172866875,stale_fee_rate,True
2019-11-11,DDD,short_rebate,missing_in_pb,"book 712.96, no PB line",712.9635025034047,,True
2019-11-12,BB,borrow_fee,rate_break,PB rate 0.004789 vs book 0.005100,15.531642931049504,stale_fee_rate,True
2019-11-13,BB,borrow_fee,rate_break,PB rate 0.004789 vs book 0.007471,131.2699522952455,stale_fee_rate,True
2019-11-14,BB,borrow_fee,rate_break,PB rate 0.004789 vs book 0.007385,123.84140359708758,stale_fee_rate,True
2019-11-15,AMC,borrow_fee,duplicate_line,2 PB lines vs 1,-123.3439306370235,duplicate_fee,True
2019-11-15,BB,borrow_fee,rate_break,PB rate 0.004789 vs book 0.008485,179.5829907352909,stale_fee_rate,True
2019-11-18,BB,borrow_fee,rate_break,PB rate 0.004789 vs book 0.007735,138.1759774277321,stale_fee_rate,True
2019-11-19,BB,borrow_fee,rate_break,PB rate 0.004789 vs book 0.007735,139.7431892989902,stale_fee_rate,True
2019-11-20,BB,borrow_fee,rate_break,PB rate 0.004789 vs book 0.007659,133.836201466475,stale_fee_rate,True
2019-11-21,BB,borrow_fee,rate_break,PB rate 0.004789 vs book 0.007659,135.87173101790663,stale_fee_rate,True
2019-11-22,BB,borrow_fee,rate_break,PB rate 0.004789 vs book 0.007484,133.8057412474826,stale_fee_rate,True
2019-11-25,BB,borrow_fee,rate_break,PB rate 0.004789 vs book 0.007571,135.16166801083503,stale_fee_rate,True
2019-11-26,BB,borrow_fee,rate_break,PB rate 0.004789 vs book 0.007571,136.64153887185898,stale_fee_rate,True
2019-11-27,BB,borrow_fee,rate_break,PB rate 0.004789 vs book 0.007398,129.53962112996393,stale_fee_rate,True
2019-11-29,BB,borrow_fee,rate_break,PB rate 0.004789 vs book 0.008497,158.34972190291523,stale_fee_rate,True
2019-12-02,BB,borrow_fee,notional_break,"PB notional 15,371,486 vs book 15,178,307 (x1.0127)",-4.507448798205871,stale_mark,True
2019-12-02,NOV,borrow_fee,notional_break,"PB notional 15,371,486 vs book 15,712,317 (x0.9783)",5.308667011651636,stale_mark,True
2019-12-02,PCG,borrow_fee,rate_break,PB rate 0.002934 vs book 0.002940,0.27319439993854644,stale_fee_rate,False
2019-12-04,PCG,borrow_fee,rate_break,PB rate 0.002934 vs book 0.002911,-1.2010914904280696,stale_fee_rate,True
2019-12-05,PCG,borrow_fee,rate_break,PB rate 0.002934 vs book 0.002907,-1.4649292804618028,stale_fee_rate,True
2019-12-06,PCG,borrow_fee,rate_break,PB rate 0.002934 vs book 0.002909,-1.3347270823697386,stale_fee_rate,True
2019-12-06,PGEN,short_rebate,missing_in_pb,"book 638.06, no PB line",638.0638290406112,,True
2019-12-09,PCG,borrow_fee,rate_break,PB rate 0.002934 vs book 0.002895,-2.4424936627279124,stale_fee_rate,True
2019-12-10,PCG,borrow_fee,rate_break,PB rate 0.002934 vs book 0.002881,-3.6743203293263207,stale_fee_rate,True
2019-12-11,PCG,borrow_fee,rate_break,PB rate 0.002934 vs book 0.002881,-3.6742721513749075,stale_fee_rate,True
2019-12-11,VTRS,borrow_fee,notional_break,"PB notional 15,306,006 vs book 15,396,040 (x0.9942)",0.6291214653527106,stale_mark,True
2019-12-12,PCG,borrow_fee,rate_break,PB rate 0.002934 vs book 0.003059,8.429360623502674,stale_fee_rate,True
2019-12-13,PCG,borrow_fee,rate_break,PB rate 0.002934 vs book 0.002984,3.2162762699894927,stale_fee_rate,True
2019-12-16,AKBA,borrow_fee,notional_break,"PB notional 15,615,866 vs book 15,933,560 (x0.9801)",4.0769522655262165,stale_mark,True
2019-12-16,BIDU,short_rebate,missing_in_pb,"book 692.29, no PB line",692.2853511236444,,True
2019-12-16,PCG,borrow_fee,rate_break,PB rate 0.002934 vs book 0.002984,2.767027794439798,stale_fee_rate,True
2019-12-17,PCG,borrow_fee,rate_break,PB rate 0.002934 vs book 0.002981,2.9937117347943456,stale_fee_rate,True
2019-12-18,PCG,borrow_fee,rate_break,PB rate 0.002934 vs book 0.002973,2.573047266128924,stale_fee_rate,True
2019-12-19,PCG,borrow_fee,rate_break,PB rate 0.002934 vs book 0.002973,2.4843214235166897,stale_fee_rate,True
2019-12-20,AA,short_rebate,missing_in_pb,"book 690.45, no PB line",690.4474356699488,,True
2019-12-20,PCG,borrow_fee,rate_break,PB rate 0.002934 vs book 0.002979,2.886676441714883,stale_fee_rate,True
2019-12-23,PCG,borrow_fee,rate_break,PB rate 0.002934 vs book 0.002975,2.6170070897338746,stale_fee_rate,True
2019-12-24,PCG,borrow_fee,rate_break,PB rate 0.002934 vs book 0.002973,2.4911464215752233,stale_fee_rate,True
2019-12-26,PCG,borrow_fee,rate_break,PB rate 0.002934 vs book 0.002969,2.2165361334982663,stale_fee_rate,True
2019-12-26,VTRS,borrow_fee,notional_break,"PB notional 16,239,099 vs book 16,026,288 (x1.0133)",-1.4870332151263739,stale_mark,True
2019-12-27,PCG,borrow_fee,rate_break,PB rate 0.002934 vs book 0.002801,-7.947511911104641,stale_fee_rate,True
2019-12-30,PCG,borrow_fee,rate_break,PB rate 0.002934 vs book 0.002810,-7.625011306963017,stale_fee_rate,True
2019-12-31,PCG,borrow_fee,rate_break,PB rate 0.002934 vs book 0.002810,-4.875741218648258,stale_fee_rate,True
2020-01-03,DDD,borrow_fee,notional_break,"PB notional 14,148,557 vs book 13,920,880 (x1.0164)",-85.92061529574858,stale_mark,True
2020-01-06,VTRS,short_rebate,missing_in_pb,"book 636.15, no PB line",636.1456289700939,,True
2020-01-09,KHC,borrow_fee,notional_break,"PB notional 13,547,828 vs book 13,543,399 (x1.0003)",-0.0337210487669779,stale_mark,False
2020-01-13,AA,borrow_fee,duplicate_line,2 PB lines vs 1,-120.97764417638278,duplicate_fee,True
2020-01-15,TDAY,short_rebate,missing_in_pb,"book 650.70, no PB line",650.7030888569038,,True
2020-01-15,UPWK,borrow_fee,notional_break,"PB notional 13,162,963 vs book 13,202,972 (x0.9970)",0.7118144486128415,stale_mark,True
2020-01-24,PACB,short_rebate,missing_in_pb,"book 590.03, no PB line",590.0274556375745,,True
2020-01-29,GAP,borrow_fee,notional_break,"PB notional 14,592,055 vs book 14,575,959 (x1.0011)",-0.4992144867176762,stale_mark,False
2020-01-29,TLRY,short_rebate,missing_in_pb,"book 677.05, no PB line",677.0541381433006,,True
2020-01-30,AA,borrow_fee,duplicate_line,2 PB lines vs 1,-80.67608125462391,duplicate_fee,True
2020-01-31,DXC,borrow_fee,notional_break,"PB notional 15,117,697 vs book 14,838,429 (x1.0188)",-8.084828693146335,stale_mark,True
2020-02-03,NVAX,borrow_fee,rate_break,PB rate 0.003468 vs book 0.003513,1.668674003715239,stale_fee_rate,True
2020-02-04,NVAX,borrow_fee,rate_break,PB rate 0.003468 vs book 0.003506,1.4298502385396432,stale_fee_rate,True
2020-02-05,NVAX,borrow_fee,rate_break,PB rate 0.003468 vs book 0.003708,9.067514804813015,stale_fee_rate,True
2020-02-06,NVAX,borrow_fee,rate_break,PB rate 0.003468 vs book 0.003539,2.623144969149962,stale_fee_rate,True
2020-02-07,NVAX,borrow_fee,rate_break,PB rate 0.003468 vs book 0.003539,2.4198895081860883,stale_fee_rate,True
2020-02-10,NVAX,borrow_fee,rate_break,PB rate 0.003468 vs book 0.003501,1.2494257233025223,stale_fee_rate,True
2020-02-11,NVAX,borrow_fee,rate_break,PB rate 0.003468 vs book 0.003493,0.9887971407089253,stale_fee_rate,True
2020-02-12,DBX,borrow_fee,notional_break,"PB notional 16,215,909 vs book 16,189,754 (x1.0016)",-0.4671869437979126,stale_mark,False
2020-02-12,NVAX,borrow_fee,rate_break,PB rate 0.003468 vs book 0.003496,1.112008880571409,stale_fee_rate,True
2020-02-13,AEO,borrow_fee,duplicate_line,2 PB lines vs 1,-944.9339590335965,duplicate_fee,True
2020-02-13,NVAX,borrow_fee,rate_break,PB rate 0.003468 vs book 0.003337,-5.512371920232397,stale_fee_rate,True
2020-02-13,TDAY,borrow_fee,notional_break,"PB notional 15,688,420 vs book 15,494,137 (x1.0125)",-114.8541543035135,stale_mark,True
2020-02-14,NVAX,borrow_fee,rate_break,PB rate 0.003468 vs book 0.003337,-5.434533454227761,stale_fee_rate,True
2020-02-18,NVAX,borrow_fee,duplicate_line,2 PB lines vs 1,-150.16059499389007,duplicate_fee,True
2020-02-19,NVAX,borrow_fee,rate_break,PB rate 0.003468 vs book 0.003529,2.6281406471873936,stale_fee_rate,True
2020-02-20,NVAX,borrow_fee,rate_break,PB rate 0.003468 vs book 0.003491,1.0035692515127153,stale_fee_rate,True
2020-02-20,TEVA,borrow_fee,notional_break,"PB notional 19,190,084 vs book 18,990,337 (x1.0105)",-2.0049381999142497,stale_mark,True
2020-02-21,BIDU,short_rebate,missing_in_pb,"book 684.13, no PB line",684.1310704210337,,True
2020-02-21,NVAX,borrow_fee,rate_break,PB rate 0.003468 vs book 0.003469,0.03806149622317889,stale_fee_rate,False
2020-02-24,NVAX,borrow_fee,rate_break,PB rate 0.003468 vs book 0.003499,1.3631814194743583,stale_fee_rate,True
2020-02-25,NVAX,borrow_fee,rate_break,PB rate 0.003468 vs book 0.003517,2.094401723899665,stale_fee_rate,True
2020-02-26,NVAX,borrow_fee,rate_break,PB rate 0.003468 vs book 0.003420,-2.3980913032561375,stale_fee_rate,True
2020-02-27,NVAX,borrow_fee,rate_break,PB rate 0.003468 vs book 0.003304,-10.43967752974487,stale_fee_rate,True
2020-02-28,NVAX,borrow_fee,rate_break,PB rate 0.003468 vs book 0.003442,-1.1382704891990443,stale_fee_rate,True
2020-03-04,AIXC,borrow_fee,notional_break,"PB notional 10,717,698 vs book 10,283,506 (x1.0422)",-3.021374084198996,stale_mark,True
2020-03-04,M,borrow_fee,notional_break,"PB notional 15,076,775 vs book 15,088,694 (x0.9992)",2.6769391574694055,stale_mark,True
2020-03-11,BA,borrow_fee,notional_break,"PB notional 13,240,433 vs book 10,837,198 (x1.2218)",-17.218654735739676,stale_mark,True
2020-03-11,BE,borrow_fee,notional_break,"PB notional 15,594,195 vs book 13,299,397 (x1.1725)",-51.76482642861174,stale_mark,True
2020-03-13,CLF,borrow_fee,notional_break,"PB notional 11,018,632 vs book 13,216,930 (x0.8337)",325.56616846837665,stale_mark,True
2020-03-17,DCH,borrow_fee,notional_break,"PB notional 10,711,309 vs book 9,565,447 (x1.1198)",-23.59935589247513,stale_mark,True
2020-03-17,NOG,borrow_fee,notional_break,"PB notional 8,590,865 vs book 8,482,119 (x1.0128)",-2.1892571362313618,stale_mark,True
2020-03-17,TME,borrow_fee,notional_break,"PB notional 14,364,128 vs book 13,649,171 (x1.0524)",-6.7392334324237595,stale_mark,True
2020-03-18,BB,borrow_fee,notional_break,"PB notional 8,844,743 vs book 9,698,719 (x0.9119)",24.29502282991345,stale_mark,True
2020-03-25,AMC,short_rebate,missing_in_pb,"book 24.21, no PB line",24.209010076786544,,True
2020-04-01,LYFT,borrow_fee,duplicate_line,2 PB lines vs 1,-166.64749187868034,duplicate_fee,True
2020-04-08,SABR,borrow_fee,notional_break,"PB notional 19,446,904 vs book 21,022,773 (x0.9250)",13.358884166705735,stale_mark,True
2020-04-23,AEO,short_rebate,missing_in_pb,"book 19.42, no PB line",19.424268849001642,,True
2020-04-27,AA,short_rebate,missing_in_pb,"book 26.43, no PB line",26.431476059179193,,True
2020-04-29,IONS,short_rebate,missing_in_pb,"book 26.56, no PB line",26.563643179489453,,True
2020-05-01,TLRY,borrow_fee,notional_break,"PB notional 18,645,217 vs book 16,769,115 (x1.1119)",-20.276026330909446,stale_mark,True
2020-05-04,AA,borrow_fee,notional_break,"PB notional 17,592,850 vs book 17,844,503 (x0.9859)",2.4448702028952596,stale_mark,True
2020-05-04,AEO,short_rebate,missing_in_pb,"book 24.27, no PB line",24.267446666861204,,True
2020-05-07,EQT,borrow_fee,duplicate_line,2 PB lines vs 1,-159.64460397097207,duplicate_fee,True
2020-05-22,OKE,short_rebate,missing_in_pb,"book 31.32, no PB line",31.321085052962882,,True
2020-06-04,RITM,borrow_fee,duplicate_line,2 PB lines vs 1,-190.38430663175257,duplicate_fee,True
2020-06-11,PAGP,borrow_fee,notional_break,"PB notional 21,920,376 vs book 18,930,367 (x1.1579)",-29.971620171847604,stale_mark,True
2020-06-23,VERI,short_rebate,missing_in_pb,"book 86.70, no PB line",86.69952543346302,,True
2020-06-26,CGC,borrow_fee,duplicate_line,2 PB lines vs 1,-161.7643737635129,duplicate_fee,True
2020-06-30,SABR,short_rebate,missing_in_pb,"book 42.43, no PB line",42.43317062374756,,True
2020-07-02,MAC,short_rebate,missing_in_pb,"book 44.97, no PB line",44.969933905079344,,True
2020-07-07,OTLK,borrow_fee,duplicate_line,2 PB lines vs 1,-153.14849396102366,duplicate_fee,True
2020-07-14,DVLT,short_rebate,missing_in_pb,"book 49.74, no PB line",49.73562324271806,,True
2020-07-14,NCLH,borrow_fee,notional_break,"PB notional 18,130,302 vs book 17,816,508 (x1.0176)",-4.095843821042479,stale_mark,True
2020-07-15,UAA,borrow_fee,duplicate_line,2 PB lines vs 1,-360.059789017373,duplicate_fee,True
2020-07-16,AAL,short_rebate,missing_in_pb,"book 50.53, no PB line",50.525342244401365,,True
2020-07-21,MGY,short_rebate,missing_in_pb,"book 62.58, no PB line",62.58192592230007,,True
2020-07-23,DXC,borrow_fee,notional_break,"PB notional 19,997,597 vs book 20,286,914 (x0.9857)",3.4644252095402237,stale_mark,True
2020-07-27,CCL,borrow_fee,duplicate_line,2 PB lines vs 1,-280.21774406540607,duplicate_fee,True
2020-08-04,OXY,borrow_fee,notional_break,"PB notional 21,187,221 vs book 21,867,990 (x0.9689)",7.144143710177332,stale_mark,True
2020-08-12,PCG,short_rebate,missing_in_pb,"book 60.29, no PB line",60.28964142189228,,True
2020-08-13,KSS,borrow_fee,notional_break,"PB notional 26,910,031 vs book 26,152,002 (x1.0290)",-154.91503243431907,stale_mark,True
2020-08-13,MIST,borrow_fee,duplicate_line,2 PB lines vs 1,-168.1904102840816,duplicate_fee,True
2020-08-13,TLRY,borrow_fee,duplicate_line,2 PB lines vs 1,-197.66954553696775,duplicate_fee,True
2020-08-19,CGC,borrow_fee,duplicate_line,2 PB lines vs 1,-167.15760950239408,duplicate_fee,True
2020-08-19,OKE,short_rebate,missing_in_pb,"book 54.57, no PB line",54.57203671738097,,True
2020-08-26,OKE,borrow_fee,notional_break,"PB notional 21,358,704 vs book 20,810,240 (x1.0264)",-4.54086298773899,stale_mark,True
2020-08-27,VYX,borrow_fee,notional_break,"PB notional 24,395,327 vs book 25,083,522 (x0.9726)",22.514889579848727,stale_mark,True
2020-08-28,PSKY,borrow_fee,duplicate_line,2 PB lines vs 1,-163.68353066292528,duplicate_fee,True
2020-09-02,TLRY,borrow_fee,notional_break,"PB notional 20,367,271 vs book 20,240,962 (x1.0062)",-1.0569108731409642,stale_mark,True
2020-09-03,AIXC,borrow_fee,notional_break,"PB notional 19,954,863 vs book 18,501,198 (x1.0786)",-11.715087029331158,stale_mark,True
2020-09-14,KSS,borrow_fee,notional_break,"PB notional 21,158,517 vs book 23,182,117 (x0.9127)",815.4341824750791,stale_mark,True
2020-09-16,SABR,borrow_fee,notional_break,"PB notional 20,339,534 vs book 21,218,590 (x0.9586)",26.234292657177207,stale_mark,True
2020-09-17,NCLH,short_rebate,missing_in_pb,"book 53.44, no PB line",53.43507407771442,,True
2020-09-21,APLE,borrow_fee,notional_break,"PB notional 21,354,949 vs book 19,542,383 (x1.0928)",-16.054670857176177,stale_mark,True
2020-09-22,SABR,borrow_fee,duplicate_line,2 PB lines vs 1,-726.305146370594,duplicate_fee,True
2020-09-23,FUN,short_rebate,missing_in_pb,"book 49.82, no PB line",49.81575660190154,,True
2020-09-25,AIXC,short_rebate,missing_in_pb,"book 49.23, no PB line",49.226401600090945,,True
2020-09-30,FUN,borrow_fee,notional_break,"PB notional 22,382,467 vs book 22,929,776 (x0.9761)",8.253466882932116,stale_mark,True
2020-10-02,KIM,borrow_fee,notional_break,"PB notional 23,642,512 vs book 24,233,066 (x0.9756)",5.4375325420514855,stale_mark,True
2020-10-05,UA,borrow_fee,notional_break,"PB notional 24,560,959 vs book 24,677,472 (x0.9953)",2.1885500829532702,stale_mark,True
2020-10-07,FE,borrow_fee,notional_break,"PB notional 24,287,513 vs book 24,407,313 (x0.9951)",0.9828887572320184,stale_mark,True
2020-10-08,IMO,borrow_fee,notional_break,"PB notional 23,140,668 vs book 24,597,744 (x0.9408)",40.86455378037817,stale_mark,True
2020-10-15,TAP,borrow_fee,notional_break,"PB notional 24,186,951 vs book 24,303,101 (x0.9952)",1.804543605544552,stale_mark,True
2020-10-19,KIM,short_rebate,missing_in_pb,"book 55.64, no PB line",55.64441642315839,,True
2020-10-21,TLRY,borrow_fee,duplicate_line,2 PB lines vs 1,-267.9592312254978,duplicate_fee,True
2020-10-27,BA,borrow_fee,duplicate_line,2 PB lines vs 1,-153.3254825457641,duplicate_fee,True
2020-10-28,MAC,borrow_fee,notional_break,"PB notional 23,436,325 vs book 22,051,759 (x1.0628)",-3846.0172796959596,stale_mark,True
2020-11-02,SLB,borrow_fee,rate_break,PB rate 0.002753 vs book 0.002762,0.5887204303384408,stale_fee_rate,True
2020-11-03,SLB,borrow_fee,rate_break,PB rate 0.002753 vs book 0.002764,0.7101166597232691,stale_fee_rate,True
2020-11-04,PK,short_rebate,missing_in_pb,"book 59.20, no PB line",59.19790385012526,,True
2020-11-04,SLB,borrow_fee,rate_break,PB rate 0.002753 vs book 0.002766,0.8357736845016177,stale_fee_rate,True
2020-11-05,SLB,borrow_fee,rate_break,PB rate 0.002753 vs book 0.002760,0.47367492898430896,stale_fee_rate,False
2020-11-06,SLB,borrow_fee,rate_break,PB rate 0.002753 vs book 0.002766,0.7965231990353914,stale_fee_rate,True
2020-11-09,SLB,borrow_fee,rate_break,PB rate 0.002753 vs book 0.002742,-0.7980201480531264,stale_fee_rate,True
2020-11-10,SLB,borrow_fee,rate_break,PB rate 0.002753 vs book 0.002742,-0.8006437525843353,stale_fee_rate,True
2020-11-11,SLB,borrow_fee,rate_break,PB rate 0.002753 vs book 0.002744,-0.6467659227628815,stale_fee_rate,True
2020-11-12,IMO,borrow_fee,duplicate_line,2 PB lines vs 1,-681.2825091308722,duplicate_fee,True
2020-11-12,SLB,borrow_fee,rate_break,PB rate 0.002753 vs book 0.002763,0.7449542944707446,stale_fee_rate,True
2020-11-13,SLB,borrow_fee,rate_break,PB rate 0.002753 vs book 0.002770,1.298454510593814,stale_fee_rate,True
2020-11-16,SLB,borrow_fee,rate_break,PB rate 0.002753 vs book 0.002753,-0.008318201907115963,stale_fee_rate,False
2020-11-17,SLB,borrow_fee,rate_break,PB rate 0.002753 vs book 0.002758,0.42796515215724185,stale_fee_rate,False
2020-11-18,SLB,borrow_fee,rate_break,PB rate 0.002753 vs book 0.002756,0.2807517947901488,stale_fee_rate,False
2020-11-19,SLB,borrow_fee,rate_break,PB rate 0.002753 vs book 0.002756,0.24804944411965835,stale_fee_rate,False
2020-11-20,APA,borrow_fee,notional_break,"PB notional 30,681,182 vs book 30,924,467 (x0.9921)",2.398401456400677,stale_mark,True
2020-11-20,SLB,borrow_fee,rate_break,PB rate 0.002753 vs book 0.002764,0.8959766200159152,stale_fee_rate,True
2020-11-23,NCLH,borrow_fee,notional_break,"PB notional 26,969,623 vs book 28,183,863 (x0.9569)",26.86930094411298,stale_mark,True
2020-11-23,SLB,borrow_fee,rate_break,PB rate 0.002753 vs book 0.002756,0.29280316660154426,stale_fee_rate,False
2020-11-24,SLB,borrow_fee,rate_break,PB rate 0.002753 vs book 0.002759,0.5778332791737171,stale_fee_rate,True
2020-11-25,SLB,borrow_fee,rate_break,PB rate 0.002753 vs book 0.002761,0.7333340485996587,stale_fee_rate,True
2020-11-27,CPRI,short_rebate,missing_in_pb,"book 84.59, no PB line",84.58608801942796,,True
2020-11-27,KIM,borrow_fee,notional_break,"PB notional 33,392,274 vs book 32,954,915 (x1.0133)",-3.7245220248625515,stale_mark,True
2020-11-27,SLB,borrow_fee,rate_break,PB rate 0.002753 vs book 0.002745,-0.6861210864007035,stale_fee_rate,True
2020-11-30,SLB,borrow_fee,rate_break,PB rate 0.002753 vs book 0.002749,-0.26033233558584357,stale_fee_rate,False
2020-12-03,AAL,borrow_fee,notional_break,"PB notional 24,118,682 vs book 26,115,048 (x0.9236)",68.16727314219315,stale_mark,True
2020-12-03,MGY,borrow_fee,notional_break,"PB notional 23,704,426 vs book 24,805,251 (x0.9556)",110.56057901450868,stale_mark,True
2020-12-08,DAL,borrow_fee,notional_break,"PB notional 24,130,396 vs book 24,164,584 (x0.9986)",0.2577557810084272,stale_mark,False
2020-12-09,SU,borrow_fee,notional_break,"PB notional 25,984,092 vs book 25,642,009 (x1.0133)",-2.685360289056007,stale_mark,True
2020-12-11,COP,short_rebate,missing_in_pb,"book 63.02, no PB line",63.015905166099934,,True
2020-12-17,PAGP,borrow_fee,duplicate_line,2 PB lines vs 1,-248.2160361766459,duplicate_fee,True
2020-12-18,NCLH,borrow_fee,notional_break,"PB notional 25,480,938 vs book 25,250,297 (x1.0091)",-3.977491963504008,stale_mark,True
2020-12-22,COP,borrow_fee,duplicate_line,2 PB lines vs 1,-213.74882514083805,duplicate_fee,True
2020-12-22,NOV,short_rebate,missing_in_pb,"book 61.22, no PB line",61.21616506118433,,True
2020-12-29,AAL,borrow_fee,duplicate_line,2 PB lines vs 1,-1233.4057212513208,duplicate_fee,True
2020-12-29,CAN,borrow_fee,notional_break,"PB notional 19,218,565 vs book 18,255,343 (x1.0528)",-7.656430284246085,stale_mark,True
2020-12-29,DVLT,borrow_fee,duplicate_line,2 PB lines vs 1,-274.0493670282319,duplicate_fee,True
2020-12-31,FE,short_rebate,missing_in_pb,"book 58.76, no PB line",58.75696972375556,,True
2021-01-05,SLB,borrow_fee,notional_break,"PB notional 23,631,984 vs book 24,902,403 (x0.9490)",9.886816905230972,stale_mark,True
2021-01-06,AAL,short_rebate,missing_in_pb,"book 57.83, no PB line",57.82550225358771,,True
2021-01-06,DXC,borrow_fee,notional_break,"PB notional 24,534,172 vs book 24,141,699 (x1.0163)",-4.739612543128544,stale_mark,True
2021-01-13,NCLH,short_rebate,missing_in_pb,"book 56.86, no PB line",56.862329666182724,,True
2021-01-22,NCLH,borrow_fee,duplicate_line,2 PB lines vs 1,-537.1480775406407,duplicate_fee,True
2021-01-25,DUO,borrow_fee,duplicate_line,2 PB lines vs 1,-233.451389118889,duplicate_fee,True
2021-01-25,PTEN,borrow_fee,notional_break,"PB notional 27,881,632 vs book 27,836,951 (x1.0016)",-4.462970642923665,stale_mark,True
2021-01-28,OXY,borrow_fee,duplicate_line,2 PB lines vs 1,-254.6580440530822,duplicate_fee,True
2021-02-01,DAL,short_rebate,missing_in_pb,"book 51.74, no PB line",51.73737293770939,,True
2021-02-01,MAC,borrow_fee,duplicate_line,2 PB lines vs 1,-39032.098328207234,duplicate_fee,True
2021-02-03,APA,short_rebate,missing_in_pb,"book 59.75, no PB line",59.74731831472996,,True
2021-02-03,COTY,borrow_fee,notional_break,"PB notional 24,468,535 vs book 24,798,696 (x0.9867)",3.017785613619168,stale_mark,True
2021-02-03,VMRK,borrow_fee,notional_break,"PB notional 23,458,987 vs book 23,913,912 (x0.9810)",3.82697443684728,stale_mark,True
2021-02-04,NCLH,borrow_fee,notional_break,"PB notional 24,358,434 vs book 25,173,476 (x0.9676)",20.100560245926545,stale_mark,True
2021-02-08,MGY,borrow_fee,notional_break,"PB notional 26,237,271 vs book 27,313,246 (x0.9606)",91.43608348048156,stale_mark,True
2021-02-09,CCL,borrow_fee,duplicate_line,2 PB lines vs 1,-261.68267698880015,duplicate_fee,True
2021-02-09,WFC,borrow_fee,notional_break,"PB notional 26,120,860 vs book 26,011,368 (x1.0042)",-0.8337947952735192,stale_mark,True
2021-02-11,NCLH,borrow_fee,duplicate_line,2 PB lines vs 1,-957.3027427381695,duplicate_fee,True
2021-02-12,BA,short_rebate,missing_in_pb,"book 56.42, no PB line",56.41874964862552,,True
2021-02-22,CVE,borrow_fee,notional_break,"PB notional 27,282,439 vs book 28,429,092 (x0.9597)",9.36999684763802,stale_mark,True
2021-02-24,AMC,short_rebate,missing_in_pb,"book 31.15, no PB line",31.14852202866534,,True
2021-03-01,CRK,borrow_fee,rate_break,PB rate 0.003258 vs book 0.003242,-0.894141509704383,stale_fee_rate,True
2021-03-02,CRK,borrow_fee,rate_break,PB rate 0.003258 vs book 0.003254,-0.19646017516492975,stale_fee_rate,False
2021-03-03,CRK,borrow_fee,duplicate_line,2 PB lines vs 1,-180.94958919153066,duplicate_fee,True
2021-03-04,CRK,borrow_fee,rate_break,PB rate 0.003258 vs book 0.003233,-1.438561772390642,stale_fee_rate,True
2021-03-05,CRK,borrow_fee,rate_break,PB rate 0.003258 vs book 0.003227,-1.7751318183251783,stale_fee_rate,True
2021-03-05,PAGP,borrow_fee,notional_break,"PB notional 22,418,995 vs book 22,533,378 (x0.9949)",2.7004066907501283,stale_mark,True
2021-03-05,VMRK,borrow_fee,notional_break,"PB notional 20,415,974 vs book 20,759,657 (x0.9834)",2.818612062364906,stale_mark,True
2021-03-08,CRK,borrow_fee,rate_break,PB rate 0.003258 vs book 0.003245,-0.7218240243928165,stale_fee_rate,True
2021-03-08,DEI,short_rebate,missing_in_pb,"book 39.33, no PB line",39.32706723919183,,True
2021-03-09,CRK,borrow_fee,rate_break,PB rate 0.003258 vs book 0.003269,0.6200276542174379,stale_fee_rate,True
2021-03-09,KMI,short_rebate,missing_in_pb,"book 40.87, no PB line",40.873754179755444,,True
2021-03-10,CRK,borrow_fee,rate_break,PB rate 0.003258 vs book 0.003254,-0.2594629290139778,stale_fee_rate,False
2021-03-11,CRK,borrow_fee,rate_break,PB rate 0.003258 vs book 0.003450,11.478014211312257,stale_fee_rate,True
2021-03-11,SRPT,borrow_fee,notional_break,"PB notional 19,141,977 vs book 19,744,480 (x0.9695)",16.703158527850064,stale_mark,True
2021-03-12,CRK,borrow_fee,rate_break,PB rate 0.003258 vs book 0.003462,12.228823661270098,stale_fee_rate,True
2021-03-15,CRK,borrow_fee,rate_break,PB rate 0.003258 vs book 0.003504,13.492961705167772,stale_fee_rate,True
2021-03-16,CRK,borrow_fee,rate_break,PB rate 0.003258 vs book 0.003523,14.288044842540017,stale_fee_rate,True
2021-03-16,OXY,borrow_fee,notional_break,"PB notional 21,713,011 vs book 20,875,615 (x1.0401)",-6.997781021887619,stale_mark,True
2021-03-17,CRK,borrow_fee,rate_break,PB rate 0.003258 vs book 0.003536,14.833993585014127,stale_fee_rate,True
2021-03-18,CRK,borrow_fee,rate_break,PB rate 0.003258 vs book 0.003530,13.727451341556275,stale_fee_rate,True
2021-03-19,CRK,borrow_fee,rate_break,PB rate 0.003258 vs book 0.003536,14.539986158198644,stale_fee_rate,True
2021-03-19,XRX,borrow_fee,notional_break,"PB notional 19,193,296 vs book 19,185,559 (x1.0004)",-0.0843542694315147,stale_mark,False
2021-03-22,CRK,borrow_fee,rate_break,PB rate 0.003258 vs book 0.003517,13.886188170476203,stale_fee_rate,True
2021-03-23,AIXC,borrow_fee,notional_break,"PB notional 18,340,993 vs book 17,202,173 (x1.0662)",-10.213261222635737,stale_mark,True
2021-03-23,CRK,borrow_fee,rate_break,PB rate 0.003258 vs book 0.003517,13.314842292678861,stale_fee_rate,True
2021-03-23,SLB,short_rebate,missing_in_pb,"book 36.64, no PB line",36.640048683987516,,True
2021-03-24,CRK,borrow_fee,rate_break,PB rate 0.003258 vs book 0.003517,13.51357108764887,stale_fee_rate,True
2021-03-25,CRK,borrow_fee,rate_break,PB rate 0.003258 vs book 0.003523,13.90601132418206,stale_fee_rate,True
2021-03-25,HE,borrow_fee,notional_break,"PB notional 24,062,833 vs book 24,153,083 (x0.9963)",0.7176707841552741,stale_mark,True
2021-03-26,CRK,borrow_fee,rate_break,PB rate 0.003258 vs book 0.003636,20.775211740756845,stale_fee_rate,True
2021-03-29,CRK,borrow_fee,rate_break,PB rate 0.003258 vs book 0.003619,19.82918275656067,stale_fee_rate,True
2021-03-30,CRK,borrow_fee,rate_break,PB rate 0.003258 vs book 0.003639,20.459491625129402,stale_fee_rate,True
2021-03-31,CRK,borrow_fee,rate_break,PB rate 0.003258 vs book 0.003648,19.188545425598477,stale_fee_rate,True
2021-04-01,MDLZ,short_rebate,missing_in_pb,"book 34.41, no PB line",34.406048671251,,True
2021-04-06,CHRS,short_rebate,missing_in_pb,"book 33.11, no PB line",33.11463848992532,,True
2021-04-19,EVRG,borrow_fee,duplicate_line,2 PB lines vs 1,-146.5332804383845,duplicate_fee,True
2021-04-19,LNT,borrow_fee,notional_break,"PB notional 18,376,213 vs book 18,386,029 (x0.9995)",0.08490554564792774,stale_mark,False
2021-04-20,ZCMD,borrow_fee,notional_break,"PB notional 15,931,710 vs book 15,394,686 (x1.0349)",-4.603096206181419,stale_mark,True
2021-04-23,BTCT,borrow_fee,notional_break,"PB notional 13,677,398 vs book 12,942,054 (x1.0568)",-7.25081231565791,stale_mark,True
2021-04-26,XEL,borrow_fee,notional_break,"PB notional 18,939,480 vs book 18,811,581 (x1.0068)",-0.9633953719598196,stale_mark,True
2021-04-30,IOVA,short_rebate,missing_in_pb,"book 23.70, no PB line",23.704895637739188,,True
2021-04-30,KGC,short_rebate,missing_in_pb,"book 23.70, no PB line",23.704895637739188,,True
2021-05-03,AGI,borrow_fee,rate_break,PB rate 0.002819 vs book 0.002809,-0.4849462757253207,stale_fee_rate,False
2021-05-03,IOVA,borrow_fee,notional_break,"PB notional 17,067,525 vs book 17,241,240 (x0.9899)",4.171866284021576,stale_mark,True
2021-05-04,AGI,borrow_fee,rate_break,PB rate 0.002819 vs book 0.002812,-0.317378826300569,stale_fee_rate,False
2021-05-05,AGI,borrow_fee,rate_break,PB rate 0.002819 vs book 0.002804,-0.7182258361553693,stale_fee_rate,True
2021-05-06,AGI,borrow_fee,rate_break,PB rate 0.002819 vs book 0.002798,-1.0708775456455157,stale_fee_rate,True
2021-05-06,EIX,borrow_fee,notional_break,"PB notional 16,720,146 vs book 16,912,496 (x0.9886)",1.5631098439432947,stale_mark,True
2021-05-07,AGI,borrow_fee,rate_break,PB rate 0.002819 vs book 0.002808,-0.5842849165472899,stale_fee_rate,True
2021-05-10,AGI,borrow_fee,rate_break,PB rate 0.002819 vs book 0.002820,0.05507064495768077,stale_fee_rate,False
2021-05-10,CHRS,borrow_fee,notional_break,"PB notional 16,513,983 vs book 16,467,855 (x1.0028)",-12.495801546531766,stale_mark,True
2021-05-11,AGI,borrow_fee,rate_break,PB rate 0.002819 vs book 0.002818,-0.027358049828848152,stale_fee_rate,False
2021-05-12,AGI,borrow_fee,rate_break,PB rate 0.002819 vs book 0.002817,-0.10740317495842078,stale_fee_rate,False
2021-05-12,CERS,borrow_fee,duplicate_line,2 PB lines vs 1,-1489.7819266586653,duplicate_fee,True
2021-05-13,AGI,borrow_fee,rate_break,PB rate 0.002819 vs book 0.002844,1.2619511363507172,stale_fee_rate,True
2021-05-14,AGI,borrow_fee,rate_break,PB rate 0.002819 vs book 0.002845,1.3594753947242566,stale_fee_rate,True
2021-05-17,AGI,borrow_fee,rate_break,PB rate 0.002819 vs book 0.002840,1.1663137446705605,stale_fee_rate,True
2021-05-17,GILD,short_rebate,missing_in_pb,"book 30.96, no PB line",30.95567234236169,,True
2021-05-17,SRPT,borrow_fee,notional_break,"PB notional 18,322,775 vs book 18,101,117 (x1.0122)",-5.926513036473239,stale_mark,True
2021-05-18,AGI,borrow_fee,rate_break,PB rate 0.002819 vs book 0.002841,1.2165892475367173,stale_fee_rate,True
2021-05-19,AGI,borrow_fee,rate_break,PB rate 0.002819 vs book 0.002830,0.6036203838819176,stale_fee_rate,True
2021-05-20,AGI,borrow_fee,rate_break,PB rate 0.002819 vs book 0.002824,0.2630275394110413,stale_fee_rate,False
2021-05-21,AGI,borrow_fee,rate_break,PB rate 0.002819 vs book 0.002828,0.5196851753377416,stale_fee_rate,True
2021-05-24,AGI,borrow_fee,rate_break,PB rate 0.002819 vs book 0.002824,0.26073536268052067,stale_fee_rate,False
2021-05-25,AGI,borrow_fee,rate_break,PB rate 0.002819 vs book 0.002824,0.261881451045781,stale_fee_rate,False
2021-05-26,AGI,borrow_fee,rate_break,PB rate 0.002819 vs book 0.002824,0.26216795264343773,stale_fee_rate,False
2021-05-26,CRK,borrow_fee,notional_break,"PB notional 17,347,321 vs book 17,627,117 (x0.9841)",3.0384943319432125,stale_mark,True
2021-05-27,AGI,borrow_fee,rate_break,PB rate 0.002819 vs book 0.002861,2.256222018472755,stale_fee_rate,True
2021-06-01,EQX,borrow_fee,rate_break,PB rate 0.002923 vs book 0.002922,-0.07840226369745551,stale_fee_rate,False
2021-06-02,EQX,borrow_fee,rate_break,PB rate 0.002923 vs book 0.002920,-0.1547672304092771,stale_fee_rate,False
2021-06-03,CRK,borrow_fee,notional_break,"PB notional 18,260,055 vs book 18,587,190 (x0.9824)",3.4600109947276962,stale_mark,True
2021-06-03,EQX,borrow_fee,rate_break,PB rate 0.002923 vs book 0.002923,-0.031418511276541494,stale_fee_rate,False
2021-06-03,GIS,borrow_fee,notional_break,"PB notional 16,911,148 vs book 16,993,719 (x0.9951)",1.2032445937650778,stale_mark,True
2021-06-04,EQX,borrow_fee,rate_break,PB rate 0.002923 vs book 0.002929,0.2647786051315393,stale_fee_rate,False
2021-06-07,ASTS,buy_in,unknown_charge,PB buy_in -18598.56 with no book line,-18598.560698375466,buy_in_charge,True
2021-06-07,CRK,short_rebate,missing_in_pb,"book 29.24, no PB line",29.243846315535418,,True
2021-06-07,EQX,borrow_fee,rate_break,PB rate 0.002923 vs book 0.002926,0.11550534152664227,stale_fee_rate,False
2021-06-08,EQX,borrow_fee,rate_break,PB rate 0.002923 vs book 0.002929,0.25736599045956154,stale_fee_rate,False
2021-06-09,AAOI,borrow_fee,duplicate_line,2 PB lines vs 1,-849.5320423091418,duplicate_fee,True
2021-06-09,EQX,borrow_fee,rate_break,PB rate 0.002923 vs book 0.002934,0.47616850615665385,stale_fee_rate,False
2021-06-10,CHRS,borrow_fee,notional_break,"PB notional 17,175,920 vs book 17,837,512 (x0.9629)",127.6850921822911,stale_mark,True
2021-06-10,EQX,borrow_fee,rate_break,PB rate 0.002923 vs book 0.002930,0.3094344474144748,stale_fee_rate,False
2021-06-11,D,borrow_fee,notional_break,"PB notional 17,031,412 vs book 17,002,826 (x1.0017)",-0.2109175531066967,stale_mark,False
2021-06-11,EQX,borrow_fee,rate_break,PB rate 0.002923 vs book 0.002892,-1.411688610163253,stale_fee_rate,True
2021-06-14,EQX,borrow_fee,rate_break,PB rate 0.002923 vs book 0.002879,-2.0352704510801516,stale_fee_rate,True
2021-06-15,EQX,borrow_fee,rate_break,PB rate 0.002923 vs book 0.002879,-1.9904900665712262,stale_fee_rate,True
2021-06-16,EQX,borrow_fee,rate_break,PB rate 0.002923 vs book 0.002888,-1.5117045474017772,stale_fee_rate,True
2021-06-17,EQX,borrow_fee,rate_break,PB rate 0.002923 vs book 0.002892,-1.3165186781826037,stale_fee_rate,True
2021-06-17,FE,short_rebate,missing_in_pb,"book 46.28, no PB line",46.27618440078981,,True
2021-06-17,VTRS,borrow_fee,duplicate_line,2 PB lines vs 1,-135.99976466303391,duplicate_fee,True
2021-06-18,EQX,borrow_fee,rate_break,PB rate 0.002923 vs book 0.002885,-1.4917819237180652,stale_fee_rate,True
2021-06-21,EQX,borrow_fee,rate_break,PB rate 0.002923 vs book 0.002882,-1.6403580897095225,stale_fee_rate,True
2021-06-22,EQX,borrow_fee,rate_break,PB rate 0.002923 vs book 0.002882,-1.5786131749595427,stale_fee_rate,True
2021-06-23,EQX,borrow_fee,rate_break,PB rate 0.002923 vs book 0.002891,-1.1535991645571642,stale_fee_rate,True
2021-06-24,EQX,borrow_fee,rate_break,PB rate 0.002923 vs book 0.002892,-1.1607975482258155,stale_fee_rate,True
2021-06-25,EQX,borrow_fee,rate_break,PB rate 0.002923 vs book 0.002890,-1.1985212413027142,stale_fee_rate,True
2021-06-28,EQX,borrow_fee,rate_break,PB rate 0.002923 vs book 0.002926,0.0908651844784032,stale_fee_rate,False
2021-06-29,BTG,short_rebate,missing_in_pb,"book 38.21, no PB line",38.210567554132545,,True
2021-06-29,EQX,borrow_fee,rate_break,PB rate 0.002923 vs book 0.002928,0.14569902671486545,stale_fee_rate,False
2021-06-30,EQX,borrow_fee,rate_break,PB rate 0.002923 vs book 0.002926,0.13293796146885484,stale_fee_rate,False
2021-07-01,PRGO,borrow_fee,rate_break,PB rate 0.004262 vs book 0.004162,-4.801812183195295,stale_fee_rate,True
2021-07-02,PRGO,borrow_fee,rate_break,PB rate 0.004262 vs book 0.004162,-4.8223723655749495,stale_fee_rate,True
2021-07-06,CLOV,borrow_fee,duplicate_line,2 PB lines vs 1,-136.9197053731198,duplicate_fee,True
2021-07-06,PRGO,borrow_fee,rate_break,PB rate 0.004262 vs book 0.004047,-10.413142998527263,stale_fee_rate,True
2021-07-07,PRGO,borrow_fee,rate_break,PB rate 0.004262 vs book 0.004085,-8.584884662598398,stale_fee_rate,True
2021-07-08,PRGO,borrow_fee,rate_break,PB rate 0.004262 vs book 0.004056,-9.897907940787633,stale_fee_rate,True
2021-07-09,PRGO,borrow_fee,rate_break,PB rate 0.004262 vs book 0.004019,-11.747924010938647,stale_fee_rate,True
2021-07-12,GOSS,short_rebate,missing_in_pb,"book 46.17, no PB line",46.173449653768266,,True
2021-07-12,PRGO,borrow_fee,rate_break,PB rate 0.004262 vs book 0.004133,-6.1948245026495385,stale_fee_rate,True
2021-07-13,PRGO,borrow_fee,rate_break,PB rate 0.004262 vs book 0.004133,-6.125593648111504,stale_fee_rate,True
2021-07-14,MRK,borrow_fee,notional_break,"PB notional 17,050,195 vs book 17,052,392 (x0.9999)",0.01607041136610121,stale_mark,False
2021-07-14,PRGO,borrow_fee,rate_break,PB rate 0.004262 vs book 0.003847,-20.373201860667223,stale_fee_rate,True
2021-07-15,PRGO,borrow_fee,rate_break,PB rate 0.004262 vs book 0.003833,-20.534676135692848,stale_fee_rate,True
2021-07-16,PRGO,borrow_fee,rate_break,PB rate 0.004262 vs book 0.003849,-19.543842790562593,stale_fee_rate,True
2021-07-19,ALLO,borrow_fee,notional_break,"PB notional 14,825,205 vs book 14,595,916 (x1.0157)",-2.9024001062910543,stale_mark,True
2021-07-19,CERS,borrow_fee,notional_break,"PB notional 14,136,605 vs book 14,252,242 (x0.9919)",13.409220054477373,stale_mark,True
2021-07-19,GO,borrow_fee,notional_break,"PB notional 17,257,873 vs book 17,519,134 (x0.9851)",12.903170016706213,stale_mark,True
2021-07-19,PRGO,borrow_fee,rate_break,PB rate 0.004262 vs book 0.003869,-18.48529851856179,stale_fee_rate,True
2021-07-20,PRGO,borrow_fee,rate_break,PB rate 0.004262 vs book 0.003876,-18.313312771981344,stale_fee_rate,True
2021-07-21,IOVA,borrow_fee,notional_break,"PB notional 15,594,809 vs book 15,575,110 (x1.0013)",-0.3935353903472105,stale_mark,False
2021-07-21,PRGO,borrow_fee,rate_break,PB rate 0.004262 vs book 0.003822,-20.967584439737692,stale_fee_rate,True
2021-07-22,PRGO,borrow_fee,rate_break,PB rate 0.004262 vs book 0.003817,-21.088237237624668,stale_fee_rate,True
2021-07-22,VST,borrow_fee,duplicate_line,2 PB lines vs 1,-189.7718820467827,duplicate_fee,True
2021-07-23,IQ,short_rebate,missing_in_pb,"book 34.48, no PB line",34.48261615434405,,True
2021-07-23,PRGO,borrow_fee,rate_break,PB rate 0.004262 vs book 0.003810,-21.647951546204013,stale_fee_rate,True
2021-07-26,PRGO,borrow_fee,rate_break,PB rate 0.004262 vs book 0.003810,-21.596564237721026,stale_fee_rate,True
2021-07-27,ASTS,short_rebate,missing_in_pb,"book 40.71, no PB line",40.710831743022645,,True
2021-07-27,PRGO,borrow_fee,rate_break,PB rate 0.004262 vs book 0.003804,-22.328061885046736,stale_fee_rate,True
2021-07-28,PRGO,borrow_fee,rate_break,PB rate 0.004262 vs book 0.003536,-35.55197421541271,stale_fee_rate,True
2021-07-29,PRGO,borrow_fee,rate_break,PB rate 0.004262 vs book 0.003520,-36.77207025685229,stale_fee_rate,True
2021-07-29,TAL,borrow_fee,duplicate_line,2 PB lines vs 1,-48.345117188529024,duplicate_fee,True
2021-07-30,PRGO,borrow_fee,rate_break,PB rate 0.004262 vs book 0.003528,-34.47519483827037,stale_fee_rate,True
2021-08-02,HRL,borrow_fee,rate_break,PB rate 0.003979 vs book 0.003993,0.6563053862230106,stale_fee_rate,True
2021-08-02,XP,borrow_fee,duplicate_line,2 PB lines vs 1,-141.13509238884075,duplicate_fee,True
2021-08-03,HRL,borrow_fee,rate_break,PB rate 0.003979 vs book 0.003986,0.325825805469691,stale_fee_rate,False
2021-08-03,KMB,short_rebate,missing_in_pb,"book 46.98, no PB line",46.976784070216226,,True
2021-08-04,HRL,borrow_fee,rate_break,PB rate 0.003979 vs book 0.003986,0.3206182373491515,stale_fee_rate,False
2021-08-04,VTRS,short_rebate,missing_in_pb,"book 45.97, no PB line",45.968857648563585,,True
2021-08-05,HRL,borrow_fee,rate_break,PB rate 0.003979 vs book 0.004113,6.158262412520173,stale_fee_rate,True
2021-08-06,HRL,borrow_fee,rate_break,PB rate 0.003979 vs book 0.004122,6.583329988779923,stale_fee_rate,True
2021-08-09,HRL,borrow_fee,rate_break,PB rate 0.003979 vs book 0.004160,8.422512164810144,stale_fee_rate,True
2021-08-10,HRL,borrow_fee,rate_break,PB rate 0.003979 vs book 0.004199,10.181014952317412,stale_fee_rate,True
2021-08-10,XEL,short_rebate,missing_in_pb,"book 47.32, no PB line",47.321297646548345,,True
2021-08-11,HRL,borrow_fee,rate_break,PB rate 0.003979 vs book 0.004199,10.181014952317412,stale_fee_rate,True
2021-08-12,HRL,borrow_fee,rate_break,PB rate 0.003979 vs book 0.004122,6.570302268694405,stale_fee_rate,True
2021-08-12,NCNO,borrow_fee,notional_break,"PB notional 15,973,985 vs book 16,091,108 (x0.9927)",1.8361394385185008,stale_mark,True
2021-08-13,HRL,borrow_fee,rate_break,PB rate 0.003979 vs book 0.004199,10.243365601541853,stale_fee_rate,True
2021-08-16,BTAI,borrow_fee,notional_break,"PB notional 16,260,358 vs book 15,764,414 (x1.0315)",-3.7660174618918205,stale_mark,True
2021-08-16,CPB,borrow_fee,duplicate_line,2 PB lines vs 1,-302.7716056310148,duplicate_fee,True
2021-08-16,HRL,borrow_fee,rate_break,PB rate 0.003979 vs book 0.004084,4.923873436692077,stale_fee_rate,True
2021-08-16,KMB,short_rebate,missing_in_pb,"book 47.99, no PB line",47.99154631354924,,True
2021-08-16,LITE,borrow_fee,duplicate_line,2 PB lines vs 1,-1099.472874897924,duplicate_fee,True
2021-08-17,HRL,borrow_fee,rate_break,PB rate 0.003979 vs book 0.004009,1.4389676467150707,stale_fee_rate,True
2021-08-17,XEL,borrow_fee,notional_break,"PB notional 17,298,478 vs book 17,343,107 (x0.9974)",0.3390794892656288,stale_mark,False
2021-08-18,HRL,borrow_fee,rate_break,PB rate 0.003979 vs book 0.004009,1.410579009296498,stale_fee_rate,True
2021-08-19,HRL,borrow_fee,rate_break,PB rate 0.003979 vs book 0.003974,-0.24288455818600596,stale_fee_rate,False
2021-08-20,HRL,borrow_fee,rate_break,PB rate 0.003979 vs book 0.003988,0.408499352579355,stale_fee_rate,False
2021-08-23,HRL,borrow_fee,rate_break,PB rate 0.003979 vs book 0.004009,1.4038634990355376,stale_fee_rate,True
2021-08-24,HRL,borrow_fee,rate_break,PB rate 0.003979 vs book 0.004009,1.3852429824012802,stale_fee_rate,True
2021-08-24,IQ,borrow_fee,duplicate_line,2 PB lines vs 1,-255.182717007641,duplicate_fee,True
2021-08-25,HRL,borrow_fee,rate_break,PB rate 0.003979 vs book 0.003988,0.39985849954649666,stale_fee_rate,False
2021-08-25,HYLN,borrow_fee,notional_break,"PB notional 16,101,703 vs book 15,316,680 (x1.0513)",-278.6554256687559,stale_mark,True
2021-08-26,HRL,borrow_fee,rate_break,PB rate 0.003979 vs book 0.005051,48.504995714008146,stale_fee_rate,True
2021-08-27,HRL,borrow_fee,rate_break,PB rate 0.003979 vs book 0.005146,53.099064861935005,stale_fee_rate,True
2021-08-30,HRL,borrow_fee,rate_break,PB rate 0.003979 vs book 0.005146,53.536437983945405,stale_fee_rate,True
2021-08-31,BEKE,borrow_fee,duplicate_line,2 PB lines vs 1,-133.83278288294915,duplicate_fee,True
2021-08-31,XP,short_rebate,missing_in_pb,"book 29.42, no PB line",29.422563133199365,,True
2021-09-02,MVST,borrow_fee,notional_break,"PB notional 17,889,969 vs book 18,658,371 (x0.9588)",6.366370271107741,stale_mark,True
2021-09-03,XP,borrow_fee,duplicate_line,2 PB lines vs 1,-141.00378230907526,duplicate_fee,True
2021-09-09,EQX,borrow_fee,notional_break,"PB notional 17,555,463 vs book 17,334,794 (x1.0127)",-2.3980484480943574,stale_mark,True
2021-09-14,ALT,borrow_fee,notional_break,"PB notional 19,514,284 vs book 19,561,393 (x0.9976)",0.74669709423722,stale_mark,True
2021-09-15,RDHL,borrow_fee,notional_break,"PB notional 8,686,939 vs book 8,494,673 (x1.0226)",-1.4961807613912157,stale_mark,True
2021-09-16,VTRS,borrow_fee,notional_break,"PB notional 16,567,537 vs book 16,519,270 (x1.0029)",-0.4337655999599974,stale_mark,False
2021-09-17,HYLN,borrow_fee,notional_break,"PB notional 16,573,933 vs book 17,413,626 (x0.9518)",335.303018760138,stale_mark,True
2021-09-20,B,borrow_fee,duplicate_line,2 PB lines vs 1,-116.45416378913266,duplicate_fee,True
2021-09-22,PAAS,borrow_fee,notional_break,"PB notional 16,517,015 vs book 16,503,403 (x1.0008)",-0.10040018573029386,stale_mark,False
2021-09-28,B,borrow_fee,notional_break,"PB notional 15,788,790 vs book 15,920,730 (x0.9917)",0.9406817675043584,stale_mark,True
2021-09-29,TDOC,borrow_fee,notional_break,"PB notional 15,921,433 vs book 15,392,144 (x1.0344)",-19.102365179687467,stale_mark,True
2021-10-01,STNE,short_rebate,missing_in_pb,"book 38.89, no PB line",38.88630536941293,,True
2021-10-05,CYPH,borrow_fee,collateral_basis,"PB notional 15,317,986 vs book 15,018,472 (x1.0199)",-2.1517763126031753,stale_mark,True
2021-10-06,IONS,borrow_fee,notional_break,"PB notional 16,774,182 vs book 17,055,542 (x0.9835)",5.814188817852994,stale_mark,True
2021-10-08,ORIC,borrow_fee,notional_break,"PB notional 10,076,445 vs book 12,685,818 (x0.7943)",117.8783853834795,stale_mark,True
2021-10-11,NUVB,borrow_fee,notional_break,"PB notional 15,725,157 vs book 16,225,739 (x0.9691)",17.181072870329217,stale_mark,True
2021-10-13,RXT,borrow_fee,notional_break,"PB notional 18,267,928 vs book 18,171,400 (x1.0053)",-1.5016901428674032,stale_mark,True
2021-10-15,BTCT,borrow_fee,notional_break,"PB notional 14,774,820 vs book 15,251,427 (x0.9688)",6.0615656147184325,stale_mark,True
2021-10-20,GOSS,borrow_fee,notional_break,"PB notional 17,813,048 vs book 17,362,603 (x1.0259)",-4.793979407698458,stale_mark,True
2021-10-21,PAAS,short_rebate,missing_in_pb,"book 42.21, no PB line",42.20850402219663,,True
2021-10-25,KGC,short_rebate,missing_in_pb,"book 45.88, no PB line",45.88232221539712,,True
2021-11-01,FAMI,borrow_fee,duplicate_line,2 PB lines vs 1,-140.89861903827804,duplicate_fee,True
2021-11-02,PINS,borrow_fee,notional_break,"PB notional 19,278,629 vs book 18,891,012 (x1.0205)",-3.2056243014077097,stale_mark,True
2021-11-03,ALLO,borrow_fee,notional_break,"PB notional 21,584,369 vs book 22,235,099 (x0.9707)",5.019448742223858,stale_mark,True
2021-11-08,KGC,borrow_fee,notional_break,"PB notional 19,647,301 vs book 19,837,130 (x0.9904)",1.4802829660573877,stale_mark,True
2021-11-10,STNE,borrow_fee,notional_break,"PB notional 16,605,431 vs book 16,049,483 (x1.0346)",-5.4326934114359915,stale_mark,True
2021-11-12,UWMC,borrow_fee,notional_break,"PB notional 19,489,901 vs book 19,545,826 (x0.9971)",0.4761101388747875,stale_mark,False
2021-11-17,RKT,borrow_fee,duplicate_line,2 PB lines vs 1,-134.4371623199321,duplicate_fee,True
2021-12-01,BTAI,borrow_fee,rate_break,PB rate 0.002741 vs book 0.002694,-2.3746233825875436,stale_fee_rate,True
2021-12-01,TAL,borrow_fee,rate_break,PB rate 0.003842 vs book 0.003848,0.3596562922319322,stale_fee_rate,False
2021-12-02,BTAI,borrow_fee,rate_break,PB rate 0.002741 vs book 0.002680,-3.4661218676987176,stale_fee_rate,True
2021-12-02,IQ,borrow_fee,duplicate_line,2 PB lines vs 1,-802.6660230348501,duplicate_fee,True
2021-12-02,TAL,borrow_fee,rate_break,PB rate 0.003842 vs book 0.003857,0.8215264977683887,stale_fee_rate,True
2021-12-03,ALLO,borrow_fee,notional_break,"PB notional 21,148,032 vs book 19,519,556 (x1.0834)",-15.597042130722997,stale_mark,True
2021-12-03,BTAI,borrow_fee,rate_break,PB rate 0.002741 vs book 0.002684,-3.0492605112274873,stale_fee_rate,True
2021-12-03,TAL,borrow_fee,rate_break,PB rate 0.003842 vs book 0.003876,1.737628397204702,stale_fee_rate,True
2021-12-06,BTAI,borrow_fee,rate_break,PB rate 0.002741 vs book 0.002688,-2.7514952294843624,stale_fee_rate,True
2021-12-06,TAL,borrow_fee,rate_break,PB rate 0.003842 vs book 0.003890,2.3415136578649935,stale_fee_rate,True
2021-12-07,BTAI,borrow_fee,rate_break,PB rate 0.002741 vs book 0.002685,-3.1261174495235196,stale_fee_rate,True
2021-12-07,IONS,short_rebate,missing_in_pb,"book 52.51, no PB line",52.509510920636956,,True
2021-12-07,TAL,borrow_fee,rate_break,PB rate 0.003842 vs book 0.003916,3.8435373839280373,stale_fee_rate,True
2021-12-08,BTAI,borrow_fee,rate_break,PB rate 0.002741 vs book 0.002679,-3.6519222249604297,stale_fee_rate,True
2021-12-08,TAL,borrow_fee,rate_break,PB rate 0.003842 vs book 0.003859,0.9818239688988228,stale_fee_rate,True
2021-12-08,TAL,short_rebate,missing_in_pb,"book 46.84, no PB line",46.8366549311235,,True
2021-12-09,BTAI,borrow_fee,rate_break,PB rate 0.002741 vs book 0.002689,-2.860119744948406,stale_fee_rate,True
2021-12-09,TAL,borrow_fee,rate_break,PB rate 0.003842 vs book 0.003847,0.3104762883753267,stale_fee_rate,False
2021-12-10,BTAI,borrow_fee,rate_break,PB rate 0.002741 vs book 0.002688,-2.9008196537005233,stale_fee_rate,True
2021-12-10,IONS,borrow_fee,notional_break,"PB notional 23,405,123 vs book 22,779,027 (x1.0275)",-12.033224771028472,stale_mark,True
2021-12-10,TAL,borrow_fee,rate_break,PB rate 0.003842 vs book 0.003873,1.7616005435397994,stale_fee_rate,True
2021-12-13,BTAI,borrow_fee,rate_break,PB rate 0.002741 vs book 0.002723,-0.985466664247781,stale_fee_rate,True
2021-12-13,FIS,short_rebate,missing_in_pb,"book 45.63, no PB line",45.62744538988,,True
2021-12-13,TAL,borrow_fee,rate_break,PB rate 0.003842 vs book 0.006796,150.8835342363537,stale_fee_rate,True
2021-12-14,BTAI,borrow_fee,rate_break,PB rate 0.002741 vs book 0.002744,0.14587925665594526,stale_fee_rate,False
2021-12-14,TAL,borrow_fee,rate_break,PB rate 0.003842 vs book 0.006867,146.54884513016248,stale_fee_rate,True
2021-12-15,BEKE,borrow_fee,notional_break,"PB notional 19,582,529 vs book 19,121,885 (x1.0241)",-3.7877291785831915,stale_mark,True
2021-12-15,BTAI,borrow_fee,rate_break,PB rate 0.002741 vs book 0.002744,0.13734032094959048,stale_fee_rate,False
2021-12-15,TAL,borrow_fee,rate_break,PB rate 0.003842 vs book 0.007064,154.68722437041635,stale_fee_rate,True
2021-12-15,TDOC,borrow_fee,notional_break,"PB notional 18,646,420 vs book 18,802,196 (x0.9917)",4.350412998020943,stale_mark,True
2021-12-16,BTAI,borrow_fee,rate_break,PB rate 0.002741 vs book 0.002747,0.28447088873386406,stale_fee_rate,False
2021-12-16,TAL,borrow_fee,rate_break,PB rate 0.003842 vs book 0.007322,162.46906376042645,stale_fee_rate,True
2021-12-17,BTAI,borrow_fee,rate_break,PB rate 0.002741 vs book 0.002738,-0.1834130518629138,stale_fee_rate,False
2021-12-17,FSLY,borrow_fee,duplicate_line,2 PB lines vs 1,-788.164218338954,duplicate_fee,True
2021-12-17,TAL,borrow_fee,rate_break,PB rate 0.003842 vs book 0.007589,172.87931148674065,stale_fee_rate,True
2021-12-20,BTAI,borrow_fee,rate_break,PB rate 0.002741 vs book 0.002739,-0.10105757413549554,stale_fee_rate,False
2021-12-20,TAL,borrow_fee,rate_break,PB rate 0.003842 vs book 0.007589,170.82123612823682,stale_fee_rate,True
2021-12-21,BTAI,borrow_fee,rate_break,PB rate 0.002741 vs book 0.002739,-0.10096574325305596,stale_fee_rate,False
2021-12-21,TAL,borrow_fee,rate_break,PB rate 0.003842 vs book 0.007726,182.1944775241422,stale_fee_rate,True
2021-12-22,BTAI,borrow_fee,rate_break,PB rate 0.002741 vs book 0.002742,0.05855555307894633,stale_fee_rate,False
2021-12-22,TAL,borrow_fee,rate_break,PB rate 0.003842 vs book 0.008080,191.80911407994986,stale_fee_rate,True
2021-12-23,BTAI,borrow_fee,rate_break,PB rate 0.002741 vs book 0.002745,0.2267226061699148,stale_fee_rate,False
2021-12-23,TAL,borrow_fee,rate_break,PB rate 0.003842 vs book 0.007937,183.51776457171937,stale_fee_rate,True
2021-12-27,BTAI,borrow_fee,rate_break,PB rate 0.002741 vs book 0.002738,-0.18135685165955806,stale_fee_rate,False
2021-12-27,TAL,borrow_fee,rate_break,PB rate 0.003842 vs book 0.008080,186.22244602700655,stale_fee_rate,True
2021-12-27,TME,borrow_fee,notional_break,"PB notional 18,517,629 vs book 18,061,811 (x1.0252)",-4.369492233999864,stale_mark,True
2021-12-28,BTAI,borrow_fee,rate_break,PB rate 0.002741 vs book 0.002736,-0.2584655973004715,stale_fee_rate,False
2021-12-28,TAL,borrow_fee,rate_break,PB rate 0.003842 vs book 0.008080,177.37687717679032,stale_fee_rate,True
2021-12-29,BTAI,borrow_fee,rate_break,PB rate 0.002741 vs book 0.002754,0.6806179478770389,stale_fee_rate,True
2021-12-29,MVST,short_rebate,missing_in_pb,"book 29.65, no PB line",29.64871545111366,,True
2021-12-29,TAL,borrow_fee,rate_break,PB rate 0.003842 vs book 0.019682,598.5512912467357,stale_fee_rate,True
2021-12-30,BTAI,borrow_fee,rate_break,PB rate 0.002741 vs book 0.002751,0.5166826788124013,stale_fee_rate,True
2021-12-30,OCUL,short_rebate,missing_in_pb,"book 46.25, no PB line",46.25057049204948,,True
2021-12-30,TAL,borrow_fee,rate_break,PB rate 0.003842 vs book 0.019682,685.550023992451,stale_fee_rate,True
2021-12-31,BTAI,borrow_fee,rate_break,PB rate 0.002741 vs book 0.002745,0.23445748407226574,stale_fee_rate,False
2021-12-31,CHAI,borrow_fee,rate_break,PB rate 0.002504 vs book 0.002503,-0.07990244411050185,stale_fee_rate,False
2021-12-31,LVS,short_rebate,missing_in_pb,"book 40.88, no PB line",40.88217026004174,,True
2021-12-31,PTON,borrow_fee,notional_break,"PB notional 26,099,131 vs book 21,025,116 (x1.2413)",-48.231108236281756,stale_mark,True
2022-01-04,EDIT,borrow_fee,notional_break,"PB notional 21,880,375 vs book 20,906,330 (x1.0466)",-39.6266563010696,stale_mark,True
2022-01-07,BLDP,short_rebate,missing_in_pb,"book 43.34, no PB line",43.33732957436234,,True
2022-01-07,BTCT,short_rebate,missing_in_pb,"book 42.98, no PB line",42.98468187341531,,True
2022-01-07,CDE,borrow_fee,notional_break,"PB notional 20,107,354 vs book 20,232,502 (x0.9938)",0.9515286431439449,stale_mark,True
2022-01-07,PTON,borrow_fee,notional_break,"PB notional 19,908,011 vs book 20,919,287 (x0.9517)",9.706481634399182,stale_mark,True
2022-01-10,SRRK,short_rebate,missing_in_pb,"book 41.17, no PB line",41.17371412664059,,True
2022-01-11,ARRY,borrow_fee,notional_break,"PB notional 18,773,862 vs book 19,309,874 (x0.9722)",14.677999061770151,stale_mark,True
2022-01-12,BBIO,borrow_fee,notional_break,"PB notional 18,025,129 vs book 17,142,781 (x1.0515)",-58.38934019168528,stale_mark,True
2022-01-13,AI,borrow_fee,duplicate_line,2 PB lines vs 1,-864.0660640559884,duplicate_fee,True
2022-01-18,QS,borrow_fee,duplicate_line,2 PB lines vs 1,-304.1093174715598,duplicate_fee,True
2022-01-24,ARRY,borrow_fee,duplicate_line,2 PB lines vs 1,-573.8288016552519,duplicate_fee,True
2022-01-24,MVST,borrow_fee,notional_break,"PB notional 20,467,915 vs book 19,093,480 (x1.0720)",-50.675749126563346,stale_mark,True
2022-01-24,STNE,borrow_fee,notional_break,"PB notional 18,032,216 vs book 18,306,566 (x0.9850)",2.9551815004905677,stale_mark,True
2022-02-04,TDOC,borrow_fee,notional_break,"PB notional 21,488,287 vs book 21,986,712 (x0.9773)",18.46001736588596,stale_mark,True
2022-02-07,STNE,short_rebate,missing_in_pb,"book 43.27, no PB line",43.27264138861278,,True
2022-02-16,DKNG,borrow_fee,notional_break,"PB notional 24,303,376 vs book 23,545,496 (x1.0322)",-8.667059769240211,stale_mark,True
2022-02-17,AG,borrow_fee,notional_break,"PB notional 26,453,756 vs book 26,921,373 (x0.9826)",4.741718177039445,stale_mark,True
2022-02-24,CRSP,borrow_fee,duplicate_line,2 PB lines vs 1,-420.72149759418414,duplicate_fee,True
2022-02-25,OPTU,borrow_fee,notional_break,"PB notional 18,215,099 vs book 18,152,343 (x1.0035)",-5.1868399891586705,stale_mark,True
2022-03-01,BEKE,borrow_fee,duplicate_line,2 PB lines vs 1,-218.3499911941706,duplicate_fee,True
2022-03-01,TLRY,borrow_fee,rate_break,PB rate 0.003944 vs book 0.003939,-0.31412986372339446,stale_fee_rate,False
2022-03-02,BILI,borrow_fee,notional_break,"PB notional 24,038,950 vs book 23,237,651 (x1.0345)",-17.240001812554226,stale_mark,True
2022-03-02,TLRY,borrow_fee,rate_break,PB rate 0.003944 vs book 0.003972,1.8163858975709672,stale_fee_rate,True
2022-03-03,TLRY,borrow_fee,rate_break,PB rate 0.003944 vs book 0.003939,-0.2910399804012229,stale_fee_rate,False
2022-03-03,VNET,borrow_fee,notional_break,"PB notional 22,126,704 vs book 20,734,113 (x1.0672)",-14.518349345498365,stale_mark,True
2022-03-04,TLRY,borrow_fee,rate_break,PB rate 0.003944 vs book 0.005249,75.88569139927827,stale_fee_rate,True
2022-03-07,TLRY,borrow_fee,rate_break,PB rate 0.003944 vs book 0.003685,-14.688231385516616,stale_fee_rate,True
2022-03-08,BTAI,short_rebate,missing_in_pb,"book 52.70, no PB line",52.70306809763487,,True
2022-03-08,TLRY,borrow_fee,rate_break,PB rate 0.003944 vs book 0.003667,-16.284061067088373,stale_fee_rate,True
2022-03-09,TLRY,borrow_fee,rate_break,PB rate 0.003944 vs book 0.003703,-14.652582367326232,stale_fee_rate,True
2022-03-10,TLRY,borrow_fee,rate_break,PB rate 0.003944 vs book 0.003679,-15.917445235589469,stale_fee_rate,True
2022-03-11,TLRY,borrow_fee,rate_break,PB rate 0.003944 vs book 0.003880,-3.6513861655992343,stale_fee_rate,True
2022-03-14,TLRY,borrow_fee,rate_break,PB rate 0.003944 vs book 0.003861,-4.479850961621338,stale_fee_rate,True
2022-03-15,TLRY,borrow_fee,rate_break,PB rate 0.003944 vs book 0.003854,-4.94625526122914,stale_fee_rate,True
2022-03-16,TLRY,borrow_fee,rate_break,PB rate 0.003944 vs book 0.005585,96.99824693492005,stale_fee_rate,True
2022-03-17,TLRY,borrow_fee,rate_break,PB rate 0.003944 vs book 0.003874,-4.193551801173612,stale_fee_rate,True
2022-03-18,TLRY,borrow_fee,rate_break,PB rate 0.003944 vs book 0.003978,2.1212139702016657,stale_fee_rate,True
2022-03-21,MVST,borrow_fee,duplicate_line,2 PB lines vs 1,-2756.2175408833145,duplicate_fee,True
2022-03-21,PAGS,borrow_fee,notional_break,"PB notional 27,273,152 vs book 26,050,824 (x1.0469)",-15.610386229149242,stale_mark,True
2022-03-21,TLRY,borrow_fee,rate_break,PB rate 0.003944 vs book 0.004246,17.8335178523769,stale_fee_rate,True
2022-03-22,CAN,borrow_fee,duplicate_line,2 PB lines vs 1,-207.2164207138757,duplicate_fee,True
2022-03-22,TLRY,borrow_fee,rate_break,PB rate 0.003944 vs book 0.004209,16.686211363544032,stale_fee_rate,True
2022-03-23,RUN,borrow_fee,duplicate_line,2 PB lines vs 1,-2711.5363529930855,duplicate_fee,True
2022-03-23,TLRY,borrow_fee,rate_break,PB rate 0.003944 vs book 0.004027,5.259727334714313,stale_fee_rate,True
2022-03-24,DKNG,borrow_fee,duplicate_line,2 PB lines vs 1,-211.8866494209495,duplicate_fee,True
2022-03-24,STNE,short_rebate,missing_in_pb,"book 285.02, no PB line",285.02467014084266,,True
2022-03-24,TLRY,borrow_fee,rate_break,PB rate 0.003944 vs book 0.005391,111.8454134302279,stale_fee_rate,True
2022-03-25,EDIT,borrow_fee,notional_break,"PB notional 26,958,198 vs book 26,687,904 (x1.0101)",-12.460168977307148,stale_mark,True
2022-03-25,TLRY,borrow_fee,rate_break,PB rate 0.003944 vs book 0.003710,-22.218751339744472,stale_fee_rate,True
2022-03-28,TLRY,borrow_fee,rate_break,PB rate 0.003944 vs book 0.003661,-25.089625478855453,stale_fee_rate,True
2022-03-29,TLRY,borrow_fee,rate_break,PB rate 0.003944 vs book 0.003661,-26.12586637557456,stale_fee_rate,True
2022-03-30,TLRY,borrow_fee,rate_break,PB rate 0.003944 vs book 0.003766,-16.071416317452872,stale_fee_rate,True
2022-03-31,TLRY,borrow_fee,rate_break,PB rate 0.003944 vs book 0.003654,-20.222549080205965,stale_fee_rate,True
2022-04-04,OPEN,borrow_fee,notional_break,"PB notional 24,676,310 vs book 26,364,079 (x0.9360)",40.42072186803466,stale_mark,True
2022-04-04,QS,short_rebate,missing_in_pb,"book 249.09, no PB line",249.08671663062646,,True
2022-04-04,TGTX,borrow_fee,notional_break,"PB notional 26,679,672 vs book 28,214,811 (x0.9456)",1501.3512625757648,stale_mark,True
2022-04-08,EDIT,short_rebate,missing_in_pb,"book 222.61, no PB line",222.60631111734062,,True
2022-04-08,SANA,borrow_fee,notional_break,"PB notional 26,511,827 vs book 26,359,460 (x1.0058)",-8.93145446323706,stale_mark,True
2022-04-22,PAGS,borrow_fee,notional_break,"PB notional 18,969,268 vs book 18,253,684 (x1.0392)",-7.2398927202898165,stale_mark,True
2022-04-26,DKNG,borrow_fee,notional_break,"PB notional 18,978,444 vs book 18,047,621 (x1.0516)",-11.750420665389896,stale_mark,True
2022-04-26,EDIT,borrow_fee,notional_break,"PB notional 19,837,712 vs book 18,474,614 (x1.0738)",-72.1180632069935,stale_mark,True
2022-04-28,PCT,borrow_fee,notional_break,"PB notional 24,856,363 vs book 24,699,044 (x1.0064)",-154.78259140301452,stale_mark,True
2022-05-03,GAP,short_rebate,missing_in_pb,"book 274.40, no PB line",274.39870773041855,,True
2022-05-05,RXT,borrow_fee,notional_break,"PB notional 29,826,280 vs book 29,020,942 (x1.0278)",-20.98408650096019,stale_mark,True
2022-05-19,PATH,borrow_fee,notional_break,"PB notional 26,387,657 vs book 27,328,931 (x0.9656)",9.009012829743739,stale_mark,True
2022-05-20,UPWK,short_rebate,missing_in_pb,"book 573.27, no PB line",573.2661285448874,,True
2022-05-25,TLRY,borrow_fee,notional_break,"PB notional 24,333,069 vs book 25,246,989 (x0.9638)",9.914793496921163,stale_mark,True
2022-06-01,BILI,borrow_fee,notional_break,"PB notional 32,267,513 vs book 32,541,824 (x0.9916)",4.194963262771807,stale_mark,True
2022-06-08,CGC,borrow_fee,notional_break,"PB notional 27,528,020 vs book 26,813,848 (x1.0266)",-13.71222519148023,stale_mark,True
2022-06-08,TLRY,borrow_fee,notional_break,"PB notional 28,961,708 vs book 28,027,460 (x1.0333)",-10.118636958955904,stale_mark,True
2022-06-09,DKNG,borrow_fee,notional_break,"PB notional 34,124,978 vs book 32,910,481 (x1.0369)",-20.993876745182433,stale_mark,True
2022-06-13,NVAX,borrow_fee,notional_break,"PB notional 23,688,890 vs book 21,157,876 (x1.1196)",-26.004166096471124,stale_mark,True
2022-06-14,CPNG,short_rebate,missing_in_pb,"book 613.44, no PB line",613.4383622506328,,True
2022-06-15,FCEL,borrow_fee,notional_break,"PB notional 26,128,815 vs book 26,994,529 (x0.9679)",7.072484796907759,stale_mark,True
2022-06-15,SHLS,borrow_fee,notional_break,"PB notional 35,432,209 vs book 39,258,805 (x0.9025)",41.513415187306634,stale_mark,True
2022-06-21,RBLX,borrow_fee,duplicate_line,2 PB lines vs 1,-263.43472749187555,duplicate_fee,True
2022-06-21,TDOC,short_rebate,missing_in_pb,"book 1309.01, no PB line",1309.0055310574028,,True
2022-06-23,PTON,borrow_fee,notional_break,"PB notional 22,582,637 vs book 24,293,092 (x0.9296)",30.712411300086615,stale_mark,True
2022-06-23,SHOP,borrow_fee,notional_break,"PB notional 29,120,931 vs book 31,296,355 (x0.9305)",17.28022418223199,stale_mark,True
2022-06-24,DKNG,short_rebate,missing_in_pb,"book 1478.89, no PB line",1478.8945391067919,,True
2022-06-24,PDD,short_rebate,missing_in_pb,"book 1855.24, no PB line",1855.2449481658748,,True
2022-06-27,CVNA,borrow_fee,notional_break,"PB notional 34,547,282 vs book 33,253,951 (x1.0389)",-30.436808551205218,stale_mark,True
2022-06-27,SOFI,short_rebate,missing_in_pb,"book 1122.72, no PB line",1122.72439761523,,True
2022-06-28,CHWY,borrow_fee,notional_break,"PB notional 49,624,313 vs book 45,851,099 (x1.0823)",-38.42646038471088,stale_mark,True
2022-06-29,FSLY,borrow_fee,collateral_basis,"PB notional 30,215,250 vs book 29,621,823 (x1.0200)",-13.486436607098995,stale_mark,True
2022-07-01,NVAX,borrow_fee,rate_break,PB rate 0.003612 vs book 0.003519,-8.38893808830835,stale_fee_rate,True
2022-07-01,PTON,borrow_fee,rate_break,PB rate 0.005573 vs book 0.005476,-7.719862803069532,stale_fee_rate,True
2022-07-05,NVAX,borrow_fee,rate_break,PB rate 0.003612 vs book 0.003496,-11.757726624537042,stale_fee_rate,True
2022-07-05,PTON,borrow_fee,rate_break,PB rate 0.005573 vs book 0.005243,-30.147049508625173,stale_fee_rate,True
2022-07-06,NVAX,borrow_fee,rate_break,PB rate 0.003612 vs book 0.003530,-8.174421248983606,stale_fee_rate,True
2022-07-06,PTON,borrow_fee,rate_break,PB rate 0.005573 vs book 0.005289,-25.30406917792243,stale_fee_rate,True
2022-07-07,NVAX,borrow_fee,rate_break,PB rate 0.003612 vs book 0.003484,-14.689862675516565,stale_fee_rate,True
2022-07-07,PTON,borrow_fee,rate_break,PB rate 0.005573 vs book 0.005335,-22.221454442439722,stale_fee_rate,True
2022-07-08,NVAX,borrow_fee,rate_break,PB rate 0.003612 vs book 0.003519,-11.173507843806078,stale_fee_rate,True
2022-07-08,PAGS,borrow_fee,notional_break,"PB notional 30,113,395 vs book 30,820,946 (x0.9770)",5.893192209453275,stale_mark,True
2022-07-08,PTON,borrow_fee,rate_break,PB rate 0.005573 vs book 0.005429,-12.893408413129919,stale_fee_rate,True
2022-07-11,NVAX,borrow_fee,rate_break,PB rate 0.003612 vs book 0.003542,-7.41686591157071,stale_fee_rate,True
2022-07-12,CHWY,borrow_fee,notional_break,"PB notional 36,001,265 vs book 35,617,293 (x1.0108)",-3.372590046284074,stale_mark,True
2022-07-12,NVAX,borrow_fee,rate_break,PB rate 0.003612 vs book 0.003530,-8.974624418870519,stale_fee_rate,True
2022-07-12,PTON,borrow_fee,rate_break,PB rate 0.005573 vs book 0.005524,-3.9277275463596197,stale_fee_rate,True
2022-07-13,NVAX,borrow_fee,rate_break,PB rate 0.003612 vs book 0.003559,-5.808863704840462,stale_fee_rate,True
2022-07-13,PTON,borrow_fee,rate_break,PB rate 0.005573 vs book 0.005524,-3.791849533798768,stale_fee_rate,True
2022-07-14,NVAX,borrow_fee,rate_break,PB rate 0.003612 vs book 0.003911,24.104947106853103,stale_fee_rate,True
2022-07-14,PTON,borrow_fee,rate_break,PB rate 0.005573 vs book 0.006881,95.66789006903826,stale_fee_rate,True
2022-07-14,STNE,borrow_fee,duplicate_line,2 PB lines vs 1,-532.7656275375186,duplicate_fee,True
2022-07-15,NVAX,borrow_fee,rate_break,PB rate 0.003612 vs book 0.003828,18.38208225249224,stale_fee_rate,True
2022-07-15,PTON,borrow_fee,rate_break,PB rate 0.005573 vs book 0.006941,101.75230579063776,stale_fee_rate,True
2022-07-18,NVAX,borrow_fee,rate_break,PB rate 0.003612 vs book 0.003822,17.040505497098366,stale_fee_rate,True
2022-07-18,PTON,borrow_fee,rate_break,PB rate 0.005573 vs book 0.006762,89.99734791993649,stale_fee_rate,True
2022-07-19,NVAX,borrow_fee,rate_break,PB rate 0.003612 vs book 0.003766,13.92910867299156,stale_fee_rate,True
2022-07-19,PTON,borrow_fee,rate_break,PB rate 0.005573 vs book 0.006530,78.9324965276295,stale_fee_rate,True
2022-07-20,NVAX,borrow_fee,rate_break,PB rate 0.003612 vs book 0.003755,13.330385332442745,stale_fee_rate,True
2022-07-20,PTON,borrow_fee,rate_break,PB rate 0.005573 vs book 0.006262,66.62021786843206,stale_fee_rate,True
2022-07-21,NVAX,borrow_fee,rate_break,PB rate 0.003612 vs book 0.003774,14.899926909180522,stale_fee_rate,True
2022-07-21,PTON,borrow_fee,rate_break,PB rate 0.005573 vs book 0.006427,84.3625879722922,stale_fee_rate,True
2022-07-22,NVAX,borrow_fee,rate_break,PB rate 0.003612 vs book 0.003799,15.99511971734944,stale_fee_rate,True
2022-07-22,PTON,borrow_fee,rate_break,PB rate 0.005573 vs book 0.006207,54.361912292930015,stale_fee_rate,True
2022-07-25,NVAX,borrow_fee,rate_break,PB rate 0.003612 vs book 0.003762,12.957171361061569,stale_fee_rate,True
2022-07-25,PTON,borrow_fee,rate_break,PB rate 0.005573 vs book 0.006372,66.88733798433009,stale_fee_rate,True
2022-07-26,NVAX,borrow_fee,rate_break,PB rate 0.003612 vs book 0.003749,12.110122765153505,stale_fee_rate,True
2022-07-26,PTON,borrow_fee,rate_break,PB rate 0.005573 vs book 0.006483,69.54788537119919,stale_fee_rate,True
2022-07-27,NVAX,borrow_fee,rate_break,PB rate 0.003612 vs book 0.003774,14.257928139022738,stale_fee_rate,True
2022-07-27,PINS,borrow_fee,notional_break,"PB notional 27,529,054 vs book 30,641,035 (x0.8984)",37.55743930360245,stale_mark,True
2022-07-27,PTON,borrow_fee,rate_break,PB rate 0.005573 vs book 0.006262,54.35919993937989,stale_fee_rate,True
2022-07-28,NVAX,borrow_fee,rate_break,PB rate 0.003612 vs book 0.003246,-32.79168447239442,stale_fee_rate,True
2022-07-28,PTON,borrow_fee,rate_break,PB rate 0.005573 vs book 0.004499,-87.89261772499276,stale_fee_rate,True
2022-07-29,BILI,borrow_fee,notional_break,"PB notional 29,380,403 vs book 28,258,838 (x1.0397)",-16.825237950715973,stale_mark,True
2022-07-29,NVAX,borrow_fee,rate_break,PB rate 0.003612 vs book 0.003272,-26.697482705161406,stale_fee_rate,True
2022-07-29,PTON,borrow_fee,rate_break,PB rate 0.005573 vs book 0.004781,-62.14549411298998,stale_fee_rate,True
2022-08-01,BBIO,borrow_fee,notional_break,"PB notional 28,258,838 vs book 27,606,210 (x1.0236)",-94.82337138760977,stale_mark,True
2022-08-01,HOOD,borrow_fee,rate_break,PB rate 0.003984 vs book 0.003805,-14.012547140083143,stale_fee_rate,True
2022-08-01,HUT,borrow_fee,notional_break,"PB notional 28,258,838 vs book 27,725,651 (x1.0192)",-4.253529712672332,stale_mark,True
2022-08-01,NVAX,borrow_fee,rate_break,PB rate 0.003612 vs book 0.003283,-25.574153490756657,stale_fee_rate,True
2022-08-01,OSCR,borrow_fee,duplicate_line,2 PB lines vs 1,-632.2211981844861,duplicate_fee,True
2022-08-02,HOOD,borrow_fee,rate_break,PB rate 0.003984 vs book 0.003811,-13.807318623122228,stale_fee_rate,True
2022-08-02,NVAX,borrow_fee,rate_break,PB rate 0.003612 vs book 0.003256,-29.47057024192884,stale_fee_rate,True
2022-08-03,HOOD,borrow_fee,rate_break,PB rate 0.003984 vs book 0.003743,-21.51322343660314,stale_fee_rate,True
2022-08-03,NVAX,borrow_fee,rate_break,PB rate 0.003612 vs book 0.003235,-33.21535137131957,stale_fee_rate,True
2022-08-04,HOOD,borrow_fee,rate_break,PB rate 0.003984 vs book 0.003719,-25.011120791772385,stale_fee_rate,True
2022-08-04,NVAX,borrow_fee,rate_break,PB rate 0.003612 vs book 0.003272,-30.33159352391567,stale_fee_rate,True
2022-08-05,HOOD,borrow_fee,rate_break,PB rate 0.003984 vs book 0.003749,-21.14708738927021,stale_fee_rate,True
2022-08-05,NVAX,borrow_fee,rate_break,PB rate 0.003612 vs book 0.003337,-23.876687030666574,stale_fee_rate,True
2022-08-08,HOOD,borrow_fee,rate_break,PB rate 0.003984 vs book 0.003731,-23.420175641300943,stale_fee_rate,True
2022-08-08,NVAX,borrow_fee,rate_break,PB rate 0.003612 vs book 0.003315,-24.47839728080328,stale_fee_rate,True
2022-08-09,HOOD,borrow_fee,rate_break,PB rate 0.003984 vs book 0.003755,-19.998241333900125,stale_fee_rate,True
2022-08-09,NVAX,borrow_fee,rate_break,PB rate 0.003612 vs book 0.003404,-12.111885141556257,stale_fee_rate,True
2022-08-10,HOOD,borrow_fee,rate_break,PB rate 0.003984 vs book 0.003755,-20.94865186095467,stale_fee_rate,True
2022-08-10,NVAX,borrow_fee,rate_break,PB rate 0.003612 vs book 0.003415,-11.7709439991296,stale_fee_rate,True
2022-08-11,HOOD,borrow_fee,rate_break,PB rate 0.003984 vs book 0.003849,-12.288181722304557,stale_fee_rate,True
2022-08-11,NVAX,borrow_fee,rate_break,PB rate 0.003612 vs book 0.004088,27.626468250382743,stale_fee_rate,True
2022-08-11,TLRY,borrow_fee,duplicate_line,2 PB lines vs 1,-293.5992143236902,duplicate_fee,True
2022-08-12,AEO,borrow_fee,notional_break,"PB notional 29,244,612 vs book 30,159,974 (x0.9696)",73.96926408506397,stale_mark,True
2022-08-12,HOOD,borrow_fee,rate_break,PB rate 0.003984 vs book 0.003836,-13.97352551429583,stale_fee_rate,True
2022-08-12,NVAX,borrow_fee,rate_break,PB rate 0.003612 vs book 0.004053,26.28522285923924,stale_fee_rate,True
2022-08-12,RXRX,borrow_fee,duplicate_line,2 PB lines vs 1,-982.1484460058588,duplicate_fee,True
2022-08-12,SNAP,short_rebate,missing_in_pb,"book 2151.08, no PB line",2151.081661920148,,True
2022-08-15,HOOD,borrow_fee,rate_break,PB rate 0.003984 vs book 0.003857,-12.099771515978716,stale_fee_rate,True
2022-08-15,NVAX,borrow_fee,rate_break,PB rate 0.003612 vs book 0.004026,25.20321854293232,stale_fee_rate,True
2022-08-16,HOOD,borrow_fee,rate_break,PB rate 0.003984 vs book 0.003844,-13.170698929034245,stale_fee_rate,True
2022-08-16,NVAX,borrow_fee,rate_break,PB rate 0.003612 vs book 0.004061,27.718475525630197,stale_fee_rate,True
2022-08-17,AEO,borrow_fee,duplicate_line,2 PB lines vs 1,-2380.5437448217517,duplicate_fee,True
2022-08-17,HOOD,borrow_fee,rate_break,PB rate 0.003984 vs book 0.003844,-12.590705380583017,stale_fee_rate,True
2022-08-17,NVAX,borrow_fee,rate_break,PB rate 0.003612 vs book 0.004316,39.88946212147644,stale_fee_rate,True
2022-08-18,HOOD,borrow_fee,rate_break,PB rate 0.003984 vs book 0.003953,-2.719591970302588,stale_fee_rate,True
2022-08-18,NVAX,borrow_fee,rate_break,PB rate 0.003612 vs book 0.004279,35.671321144868074,stale_fee_rate,True
2022-08-19,HOOD,borrow_fee,rate_break,PB rate 0.003984 vs book 0.003882,-8.141591332444591,stale_fee_rate,True
2022-08-19,NVAX,borrow_fee,rate_break,PB rate 0.003612 vs book 0.004205,30.905430655896623,stale_fee_rate,True
2022-08-22,EVTL,borrow_fee,notional_break,"PB notional 22,318,858 vs book 20,702,060 (x1.0781)",-13.15609918080068,stale_mark,True
2022-08-22,HOOD,borrow_fee,rate_break,PB rate 0.003984 vs book 0.003852,-10.28967185652516,stale_fee_rate,True
2022-08-22,NVAX,borrow_fee,rate_break,PB rate 0.003612 vs book 0.004214,30.7166216179958,stale_fee_rate,True
2022-08-23,HOOD,borrow_fee,rate_break,PB rate 0.003984 vs book 0.003852,-10.44902557319233,stale_fee_rate,True
2022-08-23,NVAX,borrow_fee,rate_break,PB rate 0.003612 vs book 0.004141,27.836227687882314,stale_fee_rate,True
2022-08-23,TDOC,short_rebate,missing_in_pb,"book 1625.98, no PB line",1625.9759603524801,,True
2022-08-24,HOOD,borrow_fee,rate_break,PB rate 0.003984 vs book 0.003852,-10.608378204351084,stale_fee_rate,True
2022-08-24,NVAX,borrow_fee,rate_break,PB rate 0.003612 vs book 0.004288,36.03989323138069,stale_fee_rate,True
2022-08-25,HOOD,borrow_fee,rate_break,PB rate 0.003984 vs book 0.003846,-11.701481008524695,stale_fee_rate,True
2022-08-25,NVAX,borrow_fee,rate_break,PB rate 0.003612 vs book 0.004177,30.30527639612302,stale_fee_rate,True
2022-08-26,HOOD,borrow_fee,rate_break,PB rate 0.003984 vs book 0.003444,-43.93194458649913,stale_fee_rate,True
2022-08-26,NVAX,borrow_fee,rate_break,PB rate 0.003612 vs book 0.003956,17.42555201290739,stale_fee_rate,True
2022-08-29,EVTL,borrow_fee,notional_break,"PB notional 21,229,277 vs book 19,788,216 (x1.0728)",-12.117133620791009,stale_mark,True
2022-08-29,HOOD,borrow_fee,rate_break,PB rate 0.003984 vs book 0.003444,-43.93194458649913,stale_fee_rate,True
2022-08-29,NVAX,borrow_fee,rate_break,PB rate 0.003612 vs book 0.003963,18.29279774070335,stale_fee_rate,True
2022-08-30,HOOD,borrow_fee,rate_break,PB rate 0.003984 vs book 0.003444,-44.353467152387,stale_fee_rate,True
2022-08-30,NVAX,borrow_fee,rate_break,PB rate 0.003612 vs book 0.003989,19.07970053549937,stale_fee_rate,True
2022-08-31,HOOD,borrow_fee,rate_break,PB rate 0.003984 vs book 0.003455,-41.09309088690276,stale_fee_rate,True
2022-08-31,NVAX,borrow_fee,rate_break,PB rate 0.003612 vs book 0.004410,61.956179388987266,stale_fee_rate,True
2022-09-01,INO,borrow_fee,rate_break,PB rate 0.004978 vs book 0.004809,-13.410716570369061,stale_fee_rate,True
2022-09-06,INO,borrow_fee,rate_break,PB rate 0.004978 vs book 0.005154,11.857721410837655,stale_fee_rate,True
2022-09-07,INO,borrow_fee,rate_break,PB rate 0.004978 vs book 0.005022,3.0289386795315068,stale_fee_rate,True
2022-09-08,INO,borrow_fee,rate_break,PB rate 0.004978 vs book 0.005154,12.870693076846749,stale_fee_rate,True
2022-09-09,INO,borrow_fee,rate_break,PB rate 0.004978 vs book 0.005109,9.87805378683106,stale_fee_rate,True
2022-09-12,INO,borrow_fee,rate_break,PB rate 0.004978 vs book 0.005199,16.981567973912547,stale_fee_rate,True
2022-09-13,INO,borrow_fee,rate_break,PB rate 0.004978 vs book 0.005244,18.663796268637384,stale_fee_rate,True
2022-09-14,INO,borrow_fee,rate_break,PB rate 0.004978 vs book 0.005620,43.5818699481585,stale_fee_rate,True
2022-09-15,INO,borrow_fee,rate_break,PB rate 0.004978 vs book 0.005728,53.43912231503731,stale_fee_rate,True
2022-09-16,INO,borrow_fee,rate_break,PB rate 0.004978 vs book 0.005879,58.97998186720787,stale_fee_rate,True
2022-09-19,INO,borrow_fee,rate_break,PB rate 0.004978 vs book 0.005828,53.35526926556548,stale_fee_rate,True
2022-09-20,INO,borrow_fee,rate_break,PB rate 0.004978 vs book 0.005879,57.1464090379406,stale_fee_rate,True
2022-09-21,INO,borrow_fee,rate_break,PB rate 0.004978 vs book 0.005828,52.20163837771344,stale_fee_rate,True
2022-09-22,INO,borrow_fee,rate_break,PB rate 0.004978 vs book 0.005828,51.04801207396474,stale_fee_rate,True
2022-09-23,INO,borrow_fee,rate_break,PB rate 0.004978 vs book 0.005888,52.80848057052975,stale_fee_rate,True
2022-09-23,PTON,short_rebate,missing_in_pb,"book 1999.18, no PB line",1999.1836014724029,,True
2022-09-26,INO,borrow_fee,rate_break,PB rate 0.004978 vs book 0.006703,97.16925239327605,stale_fee_rate,True
2022-09-27,INO,borrow_fee,rate_break,PB rate 0.004978 vs book 0.006531,92.77773054070371,stale_fee_rate,True
2022-09-27,PTON,borrow_fee,notional_break,"PB notional 22,570,788 vs book 22,515,870 (x1.0024)",-0.8382476076165517,stale_mark,True
2022-09-27,XYZ,short_rebate,missing_in_pb,"book 1913.41, no PB line",1913.4140039659926,,True
2022-09-28,EDIT,short_rebate,missing_in_pb,"book 2182.15, no PB line",2182.150660961631,,True
2022-09-28,INO,borrow_fee,rate_break,PB rate 0.004978 vs book 0.006255,79.7491507584574,stale_fee_rate,True
2022-09-29,BFLY,short_rebate,missing_in_pb,"book 1825.17, no PB line",1825.1679619051704,,True
2022-09-29,HIVE,short_rebate,missing_in_pb,"book 1829.49, no PB line",1829.486010077529,,True
2022-09-29,HUT,borrow_fee,notional_break,"PB notional 26,050,426 vs book 24,947,764 (x1.0442)",-8.99890527018431,stale_mark,True
2022-09-29,INO,borrow_fee,rate_break,PB rate 0.004978 vs book 0.006364,79.0313787909804,stale_fee_rate,True
2022-09-29,LYFT,borrow_fee,notional_break,"PB notional 27,543,196 vs book 25,605,674 (x1.0757)",-22.236970102774137,stale_mark,True
2022-09-30,INO,borrow_fee,rate_break,PB rate 0.004978 vs book 0.005639,54.268974939052725,stale_fee_rate,True
2022-10-03,BILI,borrow_fee,notional_break,"PB notional 29,558,767 vs book 30,079,712 (x0.9827)",8.020508910860144,stale_mark,True
2022-10-03,INO,borrow_fee,rate_break,PB rate 0.005639 vs book 0.005787,12.088373639305871,stale_fee_rate,True
2022-10-04,INO,borrow_fee,rate_break,PB rate 0.005639 vs book 0.005787,12.861467146411599,stale_fee_rate,True
2022-10-05,INO,borrow_fee,rate_break,PB rate 0.005639 vs book 0.005787,12.580342437844138,stale_fee_rate,True
2022-10-06,INO,borrow_fee,rate_break,PB rate 0.005639 vs book 0.005688,4.041143097367922,stale_fee_rate,True
2022-10-06,NFLX,borrow_fee,notional_break,"PB notional 29,720,722 vs book 30,133,772 (x0.9863)",3.0863627633596877,stale_mark,True
2022-10-06,PYPL,short_rebate,missing_in_pb,"book 2774.26, no PB line",2774.2571194392326,,True
2022-10-07,INO,borrow_fee,rate_break,PB rate 0.005639 vs book 0.007183,117.93786714895396,stale_fee_rate,True
2022-10-10,INO,borrow_fee,rate_break,PB rate 0.005639 vs book 0.007435,132.97577804643856,stale_fee_rate,True
2022-10-10,PLTR,borrow_fee,notional_break,"PB notional 29,631,480 vs book 29,304,264 (x1.0112)",-3.383085911130536,stale_mark,True
2022-10-11,INO,borrow_fee,rate_break,PB rate 0.005639 vs book 0.007308,129.0883756491629,stale_fee_rate,True
2022-10-12,INO,borrow_fee,rate_break,PB rate 0.005639 vs book 0.006310,51.859360144033246,stale_fee_rate,True
2022-10-12,STNE,borrow_fee,notional_break,"PB notional 32,908,553 vs book 33,342,786 (x0.9870)",10.94001992593519,stale_mark,True
2022-10-13,INO,borrow_fee,rate_break,PB rate 0.005639 vs book 0.005448,-15.45621724575858,stale_fee_rate,True
2022-10-14,INO,borrow_fee,rate_break,PB rate 0.005639 vs book 0.005688,3.623093824162595,stale_fee_rate,True
2022-10-14,SHOP,short_rebate,missing_in_pb,"book 2446.31, no PB line",2446.3090696067247,,True
2022-10-17,COUR,borrow_fee,notional_break,"PB notional 31,533,008 vs book 34,220,167 (x0.9215)",27.647219229648954,stale_mark,True
2022-10-17,INO,borrow_fee,rate_break,PB rate 0.005639 vs book 0.005263,-32.71112228450323,stale_fee_rate,True
2022-10-18,INO,borrow_fee,rate_break,PB rate 0.005639 vs book 0.005217,-36.042605688490426,stale_fee_rate,True
2022-10-19,INO,borrow_fee,rate_break,PB rate 0.005639 vs book 0.006043,31.795928442581896,stale_fee_rate,True
2022-10-20,INO,borrow_fee,rate_break,PB rate 0.005639 vs book 0.005698,4.544321080787711,stale_fee_rate,True
2022-10-21,INO,borrow_fee,rate_break,PB rate 0.005639 vs book 0.005797,13.235452951281673,stale_fee_rate,True
2022-10-24,INO,borrow_fee,rate_break,PB rate 0.005639 vs book 0.005182,-37.34659445690039,stale_fee_rate,True
2022-10-25,INO,borrow_fee,rate_break,PB rate 0.005639 vs book 0.005093,-48.73048809562539,stale_fee_rate,True
2022-10-26,INO,borrow_fee,rate_break,PB rate 0.005639 vs book 0.004972,-62.37178641369303,stale_fee_rate,True
2022-10-27,INO,borrow_fee,rate_break,PB rate 0.005639 vs book 0.005561,-7.606590733749272,stale_fee_rate,True
2022-10-27,TOST,borrow_fee,notional_break,"PB notional 38,380,432 vs book 38,822,399 (x0.9886)",3.599724623225711,stale_mark,True
2022-10-28,INO,borrow_fee,rate_break,PB rate 0.005639 vs book 0.005658,1.978332746286128,stale_fee_rate,True
2022-10-31,INO,borrow_fee,rate_break,PB rate 0.005639 vs book 0.009326,308.17479987105753,stale_fee_rate,True
2022-11-01,LYFT,borrow_fee,duplicate_line,2 PB lines vs 1,-476.9473459173368,duplicate_fee,True
2022-11-01,MSTR,borrow_fee,rate_break,PB rate 0.007584 vs book 0.007850,21.371606544938004,stale_fee_rate,True
2022-11-02,MSTR,borrow_fee,rate_break,PB rate 0.007584 vs book 0.007716,10.22427620260953,stale_fee_rate,True
2022-11-03,MSTR,borrow_fee,rate_break,PB rate 0.007584 vs book 0.007918,25.916761721896933,stale_fee_rate,True
2022-11-04,KD,short_rebate,missing_in_pb,"book 2744.63, no PB line",2744.630168117731,,True
2022-11-04,MSTR,borrow_fee,rate_break,PB rate 0.007584 vs book 0.007390,-16.75553515816773,stale_fee_rate,True
2022-11-07,MSTR,borrow_fee,rate_break,PB rate 0.007584 vs book 0.007986,33.52366025435447,stale_fee_rate,True
2022-11-08,MARA,short_rebate,missing_in_pb,"book 2432.27, no PB line",2432.273686280895,,True
2022-11-08,MSTR,borrow_fee,rate_break,PB rate 0.007584 vs book 0.008125,35.822199421902496,stale_fee_rate,True
2022-11-09,MSTR,borrow_fee,rate_break,PB rate 0.007584 vs book 0.008266,36.32553796450702,stale_fee_rate,True
2022-11-10,MSTR,borrow_fee,rate_break,PB rate 0.007584 vs book 0.008347,41.73558899867186,stale_fee_rate,True
2022-11-11,MSTR,borrow_fee,rate_break,PB rate 0.007584 vs book 0.008419,45.72661263942268,stale_fee_rate,True
2022-11-14,MSTR,borrow_fee,rate_break,PB rate 0.007584 vs book 0.008565,50.879389581913415,stale_fee_rate,True
2022-11-14,NVAX,short_rebate,missing_in_pb,"book 3317.96, no PB line",3317.96162473965,,True
2022-11-15,MSTR,borrow_fee,rate_break,PB rate 0.007584 vs book 0.008492,48.673105643656925,stale_fee_rate,True
2022-11-16,MSTR,borrow_fee,rate_break,PB rate 0.007584 vs book 0.008347,40.40959029616283,stale_fee_rate,True
2022-11-16,PATH,borrow_fee,notional_break,"PB notional 31,900,520 vs book 30,830,034 (x1.0347)",-11.674658719913054,stale_mark,True
2022-11-17,MSTR,borrow_fee,rate_break,PB rate 0.007584 vs book 0.008276,37.58325575738343,stale_fee_rate,True
2022-11-18,MSTR,borrow_fee,rate_break,PB rate 0.007584 vs book 0.109874,5437.613275335042,stale_fee_rate,True
2022-11-21,MSTR,borrow_fee,rate_break,PB rate 0.007584 vs book 0.109874,5025.285736499874,stale_fee_rate,True
2022-11-21,RKLB,short_rebate,missing_in_pb,"book 2717.20, no PB line",2717.2009035449164,,True
2022-11-22,MSTR,borrow_fee,rate_break,PB rate 0.007584 vs book 0.109874,5340.444876840569,stale_fee_rate,True
2022-11-23,MSTR,borrow_fee,rate_break,PB rate 0.007584 vs book 0.098691,5021.62303639125,stale_fee_rate,True
2022-11-25,MSTR,borrow_fee,rate_break,PB rate 0.007584 vs book 0.098691,5209.802032583856,stale_fee_rate,True
2022-11-25,QS,borrow_fee,duplicate_line,2 PB lines vs 1,-913.1941596562323,duplicate_fee,True
2022-11-28,CZR,borrow_fee,notional_break,"PB notional 34,187,050 vs book 33,512,668 (x1.0201)",-6.274635704447576,stale_mark,True
2022-11-28,LYFT,short_rebate,missing_in_pb,"book 2339.91, no PB line",2339.9062888527214,,True
2022-11-28,MSTR,borrow_fee,rate_break,PB rate 0.007584 vs book 0.109874,5646.973762705644,stale_fee_rate,True
2022-11-29,MSTR,borrow_fee,rate_break,PB rate 0.007584 vs book 0.064167,3217.9091824838597,stale_fee_rate,True
2022-11-30,MSTR,borrow_fee,rate_break,PB rate 0.007584 vs book 0.061139,4620.2872605986795,stale_fee_rate,True
2022-12-06,FSLY,borrow_fee,notional_break,"PB notional 31,090,038 vs book 30,061,207 (x1.0342)",-15.947351695947475,stale_mark,True
2022-12-09,MSTR,borrow_fee,notional_break,"PB notional 31,760,291 vs book 31,866,907 (x0.9967)",19.024063628326076,stale_mark,True
2022-12-14,CGC,borrow_fee,notional_break,"PB notional 24,966,423 vs book 24,365,855 (x1.0246)",-4.8418838984223385,stale_mark,True
2022-12-16,BZ,borrow_fee,notional_break,"PB notional 31,932,525 vs book 31,602,472 (x1.0104)",-2.7448146233704733,stale_mark,True
2022-12-16,DASH,borrow_fee,duplicate_line,2 PB lines vs 1,-261.73063628538955,duplicate_fee,True
2022-12-19,MSTR,borrow_fee,notional_break,"PB notional 27,241,697 vs book 26,686,672 (x1.0208)",-189.10560262002946,stale_mark,True
2022-12-21,EDIT,short_rebate,missing_in_pb,"book 3242.20, no PB line",3242.1957675217927,,True
2022-12-27,LCID,borrow_fee,duplicate_line,2 PB lines vs 1,-172.12475700374893,duplicate_fee,True
2022-12-27,NVAX,short_rebate,missing_in_pb,"book 2007.11, no PB line",2007.106200073353,,True
2022-12-29,FSLY,borrow_fee,duplicate_line,2 PB lines vs 1,-470.725302652699,duplicate_fee,True
2023-01-03,UPWK,borrow_fee,notional_break,"PB notional 32,871,649 vs book 33,942,182 (x0.9685)",11.269631756247918,stale_mark,True
2023-01-04,MSTR,borrow_fee,notional_break,"PB notional 33,672,718 vs book 38,325,879 (x0.8786)",168.7998794738064,stale_mark,True
2023-01-09,ORIC,borrow_fee,notional_break,"PB notional 31,532,228 vs book 31,364,799 (x1.0053)",-4.698797273603191,stale_mark,True
2023-01-10,SPCE,borrow_fee,notional_break,"PB notional 36,933,375 vs book 38,066,881 (x0.9702)",9.491663707013572,stale_mark,True
2023-01-18,AFRM,buy_in,unknown_charge,PB buy_in -44123.47 with no book line,-44123.47310354758,buy_in_charge,True
2023-01-18,RBLX,borrow_fee,duplicate_line,2 PB lines vs 1,-336.2019488681712,duplicate_fee,True
2023-01-20,BILI,borrow_fee,duplicate_line,2 PB lines vs 1,-322.87479332041715,duplicate_fee,True
2023-01-24,MSTR,short_rebate,missing_in_pb,"book 6912.11, no PB line",6912.113640263386,,True
2023-01-24,NVAX,short_rebate,missing_in_pb,"book 4442.18, no PB line",4442.176127153592,,True
2023-01-27,RIVN,borrow_fee,notional_break,"PB notional 32,657,616 vs book 35,368,681 (x0.9233)",21.401697560953778,stale_mark,True
2023-02-01,DBRG,borrow_fee,rate_break,PB rate 0.003827 vs book 0.003833,0.43143868832061116,stale_fee_rate,False
2023-02-01,VFC,borrow_fee,notional_break,"PB notional 24,518,236 vs book 25,072,947 (x0.9779)",5.0837158811185645,stale_mark,True
2023-02-02,DBRG,borrow_fee,rate_break,PB rate 0.003827 vs book 0.003820,-0.4366989002559194,stale_fee_rate,False
2023-02-03,DBRG,borrow_fee,rate_break,PB rate 0.003827 vs book 0.003841,0.9895944337035871,stale_fee_rate,True
2023-02-06,DBRG,borrow_fee,rate_break,PB rate 0.003827 vs book 0.003859,2.236688932116806,stale_fee_rate,True
2023-02-07,DBRG,borrow_fee,rate_break,PB rate 0.003827 vs book 0.003866,2.6796789268769317,stale_fee_rate,True
2023-02-08,DBRG,borrow_fee,rate_break,PB rate 0.003827 vs book 0.003859,2.1659458441915262,stale_fee_rate,True
2023-02-09,DBRG,borrow_fee,rate_break,PB rate 0.003827 vs book 0.003859,2.1283164871290694,stale_fee_rate,True
2023-02-09,SG,borrow_fee,notional_break,"PB notional 24,518,236 vs book 22,981,414 (x1.0669)",-70.36865699352279,stale_mark,True
2023-02-10,DBRG,borrow_fee,rate_break,PB rate 0.003827 vs book 0.003853,1.6988740715431447,stale_fee_rate,True
2023-02-10,HUT,borrow_fee,notional_break,"PB notional 23,247,861 vs book 21,342,299 (x1.0893)",-15.6345945995769,stale_mark,True
2023-02-13,DBRG,borrow_fee,rate_break,PB rate 0.003827 vs book 0.003890,4.186650961268157,stale_fee_rate,True
2023-02-14,DBRG,borrow_fee,rate_break,PB rate 0.003827 vs book 0.003909,5.424342975801409,stale_fee_rate,True
2023-02-15,DBRG,borrow_fee,rate_break,PB rate 0.003827 vs book 0.003890,4.433616375792326,stale_fee_rate,True
2023-02-15,HUT,borrow_fee,duplicate_line,2 PB lines vs 1,-212.30541282064968,duplicate_fee,True
2023-02-16,APP,borrow_fee,notional_break,"PB notional 32,568,714 vs book 30,116,890 (x1.0814)",-37.933659253899634,stale_mark,True
2023-02-16,DBRG,borrow_fee,rate_break,PB rate 0.003827 vs book 0.003897,4.81036065436075,stale_fee_rate,True
2023-02-16,IOVA,short_rebate,missing_in_pb,"book 2739.15, no PB line",2739.1530269980544,,True
2023-02-17,DBRG,borrow_fee,rate_break,PB rate 0.003827 vs book 0.003916,5.898698147441081,stale_fee_rate,True
2023-02-17,VVOS,short_rebate,missing_in_pb,"book 2260.75, no PB line",2260.7513409112544,,True
2023-02-21,DBRG,borrow_fee,rate_break,PB rate 0.003827 vs book 0.003922,5.961317140585209,stale_fee_rate,True
2023-02-21,KSS,borrow_fee,notional_break,"PB notional 24,563,684 vs book 22,124,735 (x1.1102)",-123.73228116439827,stale_mark,True
2023-02-22,DBRG,borrow_fee,rate_break,PB rate 0.003827 vs book 0.003916,5.611955946919863,stale_fee_rate,True
2023-02-23,DBRG,borrow_fee,rate_break,PB rate 0.003827 vs book 0.003935,6.831559594259346,stale_fee_rate,True
2023-02-23,JBLU,borrow_fee,notional_break,"PB notional 25,131,192 vs book 25,345,728 (x0.9915)",2.0285618668496284,stale_mark,True
2023-02-24,DBRG,borrow_fee,rate_break,PB rate 0.003827 vs book 0.003941,6.4225090669318945,stale_fee_rate,True
2023-02-24,HUT,borrow_fee,notional_break,"PB notional 22,612,674 vs book 20,707,111 (x1.0920)",-17.196511998403082,stale_mark,True
2023-02-27,DBRG,borrow_fee,rate_break,PB rate 0.003827 vs book 0.003941,6.506669629380866,stale_fee_rate,True
2023-02-27,GOSS,short_rebate,missing_in_pb,"book 2074.97, no PB line",2074.9693330553446,,True
2023-02-28,DBRG,borrow_fee,rate_break,PB rate 0.003827 vs book 0.003973,10.423111224809986,stale_fee_rate,True
2023-03-07,NVAX,borrow_fee,duplicate_line,2 PB lines vs 1,-4316.31586870278,duplicate_fee,True
2023-03-15,COIN,short_rebate,missing_in_pb,"book 3248.33, no PB line",3248.328545272905,,True
2023-03-22,APP,short_rebate,missing_in_pb,"book 3341.48, no PB line",3341.4750853735495,,True
2023-03-23,UPWK,borrow_fee,notional_break,"PB notional 24,203,599 vs book 24,996,047 (x0.9683)",7.697573244999603,stale_mark,True
2023-03-24,PATH,borrow_fee,duplicate_line,2 PB lines vs 1,-399.6512276590585,duplicate_fee,True
2023-03-28,APP,borrow_fee,notional_break,"PB notional 26,911,505 vs book 26,569,169 (x1.0129)",-5.836296262335281,stale_mark,True
2023-03-29,LYFT,borrow_fee,notional_break,"PB notional 22,773,980 vs book 23,056,408 (x0.9878)",7.758791746568477,stale_mark,True
2023-03-29,SIDU,borrow_fee,notional_break,"PB notional 17,976,094 vs book 18,111,763 (x0.9925)",1.0246177427273722,stale_mark,True
2023-03-29,TLRY,borrow_fee,notional_break,"PB notional 22,681,351 vs book 23,407,153 (x0.9690)",11.757176206775398,stale_mark,True
2023-04-03,NVAX,borrow_fee,duplicate_line,2 PB lines vs 1,-75464.31158954777,duplicate_fee,True
2023-04-04,S,short_rebate,missing_in_pb,"book 3519.83, no PB line",3519.832788287702,,True
2023-04-05,PALI,borrow_fee,notional_break,"PB notional 14,672,327 vs book 15,756,489 (x0.9312)",7.699276633486747,stale_mark,True
2023-04-06,UPST,borrow_fee,notional_break,"PB notional 26,898,680 vs book 27,186,881 (x0.9894)",800.5573477714206,stale_mark,True
2023-04-17,BLDP,borrow_fee,notional_break,"PB notional 22,701,093 vs book 22,929,476 (x0.9900)",30.77645704570159,stale_mark,True
2023-04-28,INO,borrow_fee,rate_break,PB rate 0.007725 vs book 0.003932,-283.9939150917306,stale_fee_rate,True
2023-05-05,BAX,borrow_fee,notional_break,"PB notional 25,601,587 vs book 26,031,199 (x0.9835)",3.1452342243405838,stale_mark,True
2023-05-08,CGC,borrow_fee,duplicate_line,2 PB lines vs 1,-231.37395264103142,duplicate_fee,True
2023-05-12,NWL,borrow_fee,notional_break,"PB notional 21,074,057 vs book 20,563,844 (x1.0248)",-8.06950827841598,stale_mark,True
2023-05-16,AA,borrow_fee,notional_break,"PB notional 26,843,755 vs book 26,197,877 (x1.0247)",-4.922101582509271,stale_mark,True
2023-05-16,GTM,borrow_fee,notional_break,"PB notional 26,780,388 vs book 27,985,935 (x0.9569)",9.84420458587553,stale_mark,True
2023-05-17,BAX,borrow_fee,notional_break,"PB notional 24,312,744 vs book 24,182,730 (x1.0054)",-0.9412716937073355,stale_mark,True
2023-05-18,IOVA,borrow_fee,notional_break,"PB notional 35,841,235 vs book 35,554,506 (x1.0081)",-5.803901220995499,stale_mark,True
2023-05-22,AMC,borrow_fee,duplicate_line,2 PB lines vs 1,-249.39684877055944,duplicate_fee,True
2023-05-25,MARA,borrow_fee,notional_break,"PB notional 25,239,634 vs book 24,383,144 (x1.0351)",-9.168944163921367,stale_mark,True
2023-05-31,CGC,borrow_fee,duplicate_line,2 PB lines vs 1,-232.35850156082844,duplicate_fee,True
2023-06-01,AA,borrow_fee,rate_break,PB rate 0.002945 vs book 0.002942,-0.24136761614457214,stale_fee_rate,False
2023-06-02,AA,borrow_fee,rate_break,PB rate 0.002945 vs book 0.002933,-1.0300389111528432,stale_fee_rate,True
2023-06-02,PTEN,borrow_fee,notional_break,"PB notional 29,767,855 vs book 31,999,718 (x0.9303)",24.7885574221267,stale_mark,True
2023-06-05,AA,borrow_fee,rate_break,PB rate 0.002945 vs book 0.002932,-1.1200382432198523,stale_fee_rate,True
2023-06-05,S,borrow_fee,notional_break,"PB notional 17,747,108 vs book 16,862,395 (x1.0525)",-8.10919920216324,stale_mark,True
2023-06-05,SG,borrow_fee,notional_break,"PB notional 28,942,612 vs book 30,571,928 (x0.9467)",64.500857240105,stale_mark,True
2023-06-06,AA,borrow_fee,rate_break,PB rate 0.002945 vs book 0.002929,-1.3994306206101328,stale_fee_rate,True
2023-06-07,AA,borrow_fee,rate_break,PB rate 0.002945 vs book 0.002926,-1.6913105830111022,stale_fee_rate,True
2023-06-08,AA,borrow_fee,rate_break,PB rate 0.002945 vs book 0.002942,-0.26262568880775916,stale_fee_rate,False
2023-06-09,AA,borrow_fee,rate_break,PB rate 0.002945 vs book 0.002921,-2.072971155339843,stale_fee_rate,True
2023-06-12,AA,borrow_fee,rate_break,PB rate 0.002945 vs book 0.002930,-1.2887380094194612,stale_fee_rate,True
2023-06-13,AA,borrow_fee,rate_break,PB rate 0.002945 vs book 0.002802,-12.955849327795221,stale_fee_rate,True
2023-06-14,AA,borrow_fee,rate_break,PB rate 0.002945 vs book 0.002805,-12.500615443306629,stale_fee_rate,True
2023-06-14,LCID,short_rebate,missing_in_pb,"book 3285.61, no PB line",3285.6061623476744,,True
2023-06-15,AA,borrow_fee,rate_break,PB rate 0.002945 vs book 0.002804,-12.57173291418269,stale_fee_rate,True
2023-06-16,AA,borrow_fee,rate_break,PB rate 0.002945 vs book 0.002807,-12.113361168552387,stale_fee_rate,True
2023-06-20,AA,borrow_fee,rate_break,PB rate 0.002945 vs book 0.002812,-11.276121596916823,stale_fee_rate,True
2023-06-20,CRK,borrow_fee,duplicate_line,2 PB lines vs 1,-643.8222274511993,duplicate_fee,True
2023-06-21,AA,borrow_fee,rate_break,PB rate 0.002945 vs book 0.002805,-12.117213994643919,stale_fee_rate,True
2023-06-21,CGC,borrow_fee,duplicate_line,2 PB lines vs 1,-293.21203913121855,duplicate_fee,True
2023-06-22,AA,borrow_fee,rate_break,PB rate 0.002945 vs book 0.002803,-11.713858600096955,stale_fee_rate,True
2023-06-22,DBRG,short_rebate,missing_in_pb,"book 4176.99, no PB line",4176.9867549309365,,True
2023-06-23,AA,borrow_fee,rate_break,PB rate 0.002945 vs book 0.002805,-11.398719884627724,stale_fee_rate,True
2023-06-23,LYFT,borrow_fee,notional_break,"PB notional 32,237,897 vs book 31,611,919 (x1.0198)",-13.254043817722618,stale_mark,True
2023-06-23,VSTM,borrow_fee,duplicate_line,2 PB lines vs 1,-149.2744551004201,duplicate_fee,True
2023-06-26,AA,borrow_fee,rate_break,PB rate 0.002945 vs book 0.002810,-10.986925810646625,stale_fee_rate,True
2023-06-27,AA,borrow_fee,rate_break,PB rate 0.002945 vs book 0.002809,-11.587618764382512,stale_fee_rate,True
2023-06-28,AA,borrow_fee,rate_break,PB rate 0.002945 vs book 0.002812,-11.091590815081275,stale_fee_rate,True
2023-06-29,AA,borrow_fee,rate_break,PB rate 0.002945 vs book 0.002812,-11.124542156795854,stale_fee_rate,True
2023-06-29,VSTM,short_rebate,missing_in_pb,"book 2465.48, no PB line",2465.482164253487,,True
2023-06-30,AA,borrow_fee,rate_break,PB rate 0.002945 vs book 0.002816,-9.732058898235664,stale_fee_rate,True
2023-07-03,BILI,borrow_fee,notional_break,"PB notional 27,157,291 vs book 28,290,342 (x0.9599)",10.260336857694568,stale_mark,True
2023-07-03,MP,short_rebate,missing_in_pb,"book 3879.09, no PB line",3879.0930685376607,,True
2023-07-06,INO,borrow_fee,notional_break,"PB notional 31,985,254 vs book 30,174,767 (x1.0600)",-23.83666094365327,stale_mark,True
2023-07-07,DBRG,short_rebate,missing_in_pb,"book 3996.32, no PB line",3996.3207825798736,,True
2023-07-12,JD,borrow_fee,notional_break,"PB notional 28,661,166 vs book 29,767,190 (x0.9628)",8.495166374384183,stale_mark,True
2023-07-12,VFC,short_rebate,missing_in_pb,"book 3920.52, no PB line",3920.5227485054115,,True
2023-07-13,WOOF,short_rebate,missing_in_pb,"book 3987.21, no PB line",3987.2058776705476,,True
2023-07-21,TROX,borrow_fee,duplicate_line,2 PB lines vs 1,-303.9397966454332,duplicate_fee,True
2023-07-31,LCID,short_rebate,missing_in_pb,"book 3599.75, no PB line",3599.7486559251806,,True
2023-08-01,DEI,borrow_fee,notional_break,"PB notional 24,313,499 vs book 23,900,004 (x1.0173)",-23.49761765390781,stale_mark,True
2023-08-09,RUN,borrow_fee,duplicate_line,2 PB lines vs 1,-630.4722384110372,duplicate_fee,True
2023-08-14,RUN,borrow_fee,duplicate_line,2 PB lines vs 1,-587.7165014607011,duplicate_fee,True
2023-08-15,ABCL,borrow_fee,notional_break,"PB notional 17,582,466 vs book 17,362,292 (x1.0127)",-41.68710601818293,stale_mark,True
2023-08-21,DLO,short_rebate,missing_in_pb,"book 4482.48, no PB line",4482.481843858155,,True
2023-08-25,ABCL,short_rebate,missing_in_pb,"book 2565.93, no PB line",2565.9270205852076,,True
2023-08-28,PLUG,borrow_fee,notional_break,"PB notional 15,066,216 vs book 15,436,848 (x0.9760)",6.642103047739624,stale_mark,True
2023-09-01,CGC,borrow_fee,duplicate_line,2 PB lines vs 1,-204.38617278862282,duplicate_fee,True
2023-09-01,WOOF,borrow_fee,notional_break,"PB notional 26,828,719 vs book 27,197,679 (x0.9864)",6.127324449143032,stale_mark,True
2023-09-06,NVAX,borrow_fee,notional_break,"PB notional 30,349,990 vs book 32,663,965 (x0.9292)",574.2156321607217,stale_mark,True
2023-09-06,SMR,borrow_fee,duplicate_line,2 PB lines vs 1,-288.17442552727744,duplicate_fee,True
2023-09-08,MP,short_rebate,missing_in_pb,"book 4063.19, no PB line",4063.1928151744028,,True
2023-09-20,FCEL,short_rebate,missing_in_pb,"book 3433.06, no PB line",3433.064616860229,,True
2023-09-25,NFE,borrow_fee,notional_break,"PB notional 26,163,187 vs book 27,347,314 (x0.9567)",12.262224867434327,stale_mark,True
2023-10-02,KEY,borrow_fee,rate_break,PB rate 0.003351 vs book 0.003364,0.9792609669954118,stale_fee_rate,True
2023-10-02,PLUG,borrow_fee,rate_break,PB rate 0.011152 vs book 0.012686,108.4144208935104,stale_fee_rate,True
2023-10-03,KEY,borrow_fee,rate_break,PB rate 0.003351 vs book 0.003369,1.337269257151604,stale_fee_rate,True
2023-10-03,PLUG,borrow_fee,rate_break,PB rate 0.011152 vs book 0.012060,61.35658407186531,stale_fee_rate,True
2023-10-04,KEY,borrow_fee,rate_break,PB rate 0.003351 vs book 0.003369,1.361172820377476,stale_fee_rate,True
2023-10-04,PLUG,borrow_fee,rate_break,PB rate 0.011152 vs book 0.012060,61.35658407186531,stale_fee_rate,True
2023-10-05,KEY,borrow_fee,rate_break,PB rate 0.003351 vs book 0.003339,-0.8758185999965349,stale_fee_rate,True
2023-10-05,PLUG,borrow_fee,rate_break,PB rate 0.011152 vs book 0.011492,22.504852000277083,stale_fee_rate,True
2023-10-05,TRIP,borrow_fee,notional_break,"PB notional 27,325,418 vs book 27,103,537 (x1.0082)",-3.3459802150395603,stale_mark,True
2023-10-06,KEY,borrow_fee,rate_break,PB rate 0.003351 vs book 0.003350,-0.07625657731827573,stale_fee_rate,False
2023-10-06,PLUG,borrow_fee,rate_break,PB rate 0.011152 vs book 0.011205,3.633612865407599,stale_fee_rate,True
2023-10-09,KEY,borrow_fee,rate_break,PB rate 0.003351 vs book 0.003350,-0.07625657731827573,stale_fee_rate,False
2023-10-09,PLUG,borrow_fee,rate_break,PB rate 0.011152 vs book 0.012087,62.04557423276469,stale_fee_rate,True
2023-10-10,KEY,borrow_fee,rate_break,PB rate 0.003351 vs book 0.003345,-0.48409558418143206,stale_fee_rate,False
2023-10-10,PLUG,borrow_fee,rate_break,PB rate 0.011152 vs book 0.011205,3.935955678724099,stale_fee_rate,True
2023-10-11,KEY,borrow_fee,rate_break,PB rate 0.003351 vs book 0.003366,1.1545987193682095,stale_fee_rate,True
2023-10-11,PLUG,borrow_fee,rate_break,PB rate 0.011152 vs book 0.010386,-59.66663147392842,stale_fee_rate,True
2023-10-12,KEY,borrow_fee,rate_break,PB rate 0.003351 vs book 0.003159,-14.762299548626174,stale_fee_rate,True
2023-10-12,PLUG,borrow_fee,rate_break,PB rate 0.011152 vs book 0.007669,-266.91081591849263,stale_fee_rate,True
2023-10-13,KEY,borrow_fee,rate_break,PB rate 0.003351 vs book 0.003159,-14.678103338656342,stale_fee_rate,True
2023-10-13,PLUG,borrow_fee,rate_break,PB rate 0.011152 vs book 0.007415,-283.68422227017913,stale_fee_rate,True
2023-10-16,EL,borrow_fee,notional_break,"PB notional 26,953,349 vs book 27,448,645 (x0.9820)",3.552073283887154,stale_mark,True
2023-10-16,KEY,borrow_fee,rate_break,PB rate 0.003351 vs book 0.003144,-16.21808306902085,stale_fee_rate,True
2023-10-16,PLUG,borrow_fee,rate_break,PB rate 0.011152 vs book 0.007541,-280.4668830600675,stale_fee_rate,True
2023-10-16,SPCE,short_rebate,missing_in_pb,"book 4073.34, no PB line",4073.3361354452427,,True
2023-10-17,KEY,borrow_fee,rate_break,PB rate 0.003351 vs book 0.003129,-17.971545001615056,stale_fee_rate,True
2023-10-17,PLUG,borrow_fee,rate_break,PB rate 0.011152 vs book 0.007353,-303.3383201356147,stale_fee_rate,True
2023-10-18,KEY,borrow_fee,rate_break,PB rate 0.003351 vs book 0.003134,-16.934974517914355,stale_fee_rate,True
2023-10-18,PLUG,borrow_fee,rate_break,PB rate 0.011152 vs book 0.007605,-256.8010425797229,stale_fee_rate,True
2023-10-19,KEY,borrow_fee,rate_break,PB rate 0.003351 vs book 0.003114,-18.274736608157582,stale_fee_rate,True
2023-10-19,PLUG,borrow_fee,rate_break,PB rate 0.011152 vs book 0.007605,-240.65926066124416,stale_fee_rate,True
2023-10-20,GTM,borrow_fee,notional_break,"PB notional 29,333,581 vs book 29,316,325 (x1.0006)",-0.1516481020657352,stale_mark,False
2023-10-20,KEY,borrow_fee,rate_break,PB rate 0.003351 vs book 0.003149,-14.601583281793978,stale_fee_rate,True
2023-10-20,PLUG,borrow_fee,rate_break,PB rate 0.011152 vs book 0.007541,-227.80930862551162,stale_fee_rate,True
2023-10-23,KEY,borrow_fee,rate_break,PB rate 0.003351 vs book 0.003144,-14.977519794512034,stale_fee_rate,True
2023-10-23,PLUG,borrow_fee,rate_break,PB rate 0.011152 vs book 0.007799,-203.8736810604699,stale_fee_rate,True
2023-10-24,CYTK,borrow_fee,notional_break,"PB notional 30,622,847 vs book 30,603,637 (x1.0006)",-0.518102897226072,stale_mark,True
2023-10-24,KEY,borrow_fee,rate_break,PB rate 0.003351 vs book 0.003154,-14.125012773960947,stale_fee_rate,True
2023-10-24,PLUG,borrow_fee,rate_break,PB rate 0.011152 vs book 0.007605,-231.12094531902363,stale_fee_rate,True
2023-10-25,KEY,borrow_fee,rate_break,PB rate 0.003351 vs book 0.003164,-13.406386209925984,stale_fee_rate,True
2023-10-25,PLUG,borrow_fee,rate_break,PB rate 0.011152 vs book 0.007541,-232.2907990176007,stale_fee_rate,True
2023-10-26,KEY,borrow_fee,rate_break,PB rate 0.003351 vs book 0.003366,1.1119572535480415,stale_fee_rate,True
2023-10-26,PLUG,borrow_fee,rate_break,PB rate 0.011152 vs book 0.005759,-349.17131328100885,stale_fee_rate,True
2023-10-27,KEY,borrow_fee,rate_break,PB rate 0.003351 vs book 0.003387,2.6381821080405814,stale_fee_rate,True
2023-10-27,NFE,short_rebate,missing_in_pb,"book 3925.14, no PB line",3925.143843240702,,True
2023-10-27,PLUG,borrow_fee,rate_break,PB rate 0.011152 vs book 0.005759,-329.0911671460915,stale_fee_rate,True
2023-10-30,KEY,borrow_fee,rate_break,PB rate 0.003351 vs book 0.003387,2.680733391456471,stale_fee_rate,True
2023-10-30,PLUG,borrow_fee,rate_break,PB rate 0.011152 vs book 0.005906,-309.2446013485922,stale_fee_rate,True
2023-10-31,EDIT,short_rebate,missing_in_pb,"book 4251.24, no PB line",4251.243841374849,,True
2023-10-31,KEY,borrow_fee,rate_break,PB rate 0.003351 vs book 0.003382,2.475116906995993,stale_fee_rate,True
2023-10-31,NWL,borrow_fee,rate_break,PB rate 0.003051 vs book 0.003547,39.58559240019642,stale_fee_rate,True
2023-10-31,PLUG,borrow_fee,rate_break,PB rate 0.011152 vs book 0.005906,-418.3812197899992,stale_fee_rate,True
2023-11-02,ENVX,short_rebate,missing_in_pb,"book 4881.06, no PB line",4881.057608977552,,True
2023-11-02,IVF,borrow_fee,duplicate_line,2 PB lines vs 1,-207.58645708684193,duplicate_fee,True
2023-11-06,FCEL,borrow_fee,notional_break,"PB notional 32,928,717 vs book 30,030,991 (x1.0965)",-28.027392886234168,stale_mark,True
2023-11-07,OTLK,short_rebate,missing_in_pb,"book 3592.30, no PB line",3592.3011675908097,,True
2023-11-08,OTLK,borrow_fee,notional_break,"PB notional 24,263,197 vs book 23,928,202 (x1.0140)",-2.6749572950097615,stale_mark,True
2023-11-13,RLAY,short_rebate,missing_in_pb,"book 4966.23, no PB line",4966.225856483086,,True
2023-11-16,MP,borrow_fee,duplicate_line,2 PB lines vs 1,-565.7910304428223,duplicate_fee,True
2023-11-17,BEAM,borrow_fee,notional_break,"PB notional 33,671,532 vs book 37,311,696 (x0.9024)",213.7754356256869,stale_mark,True
2023-11-20,CRK,short_rebate,missing_in_pb,"book 3637.18, no PB line",3637.1750862971517,,True
2023-11-21,RLAY,short_rebate,missing_in_pb,"book 5127.26, no PB line",5127.257822498377,,True
2023-11-24,LITE,borrow_fee,notional_break,"PB notional 31,899,389 vs book 32,067,819 (x0.9947)",3.0403071204044636,stale_mark,True
2023-12-01,TLRY,borrow_fee,rate_break,PB rate 0.020615 vs book 0.019114,-138.86996887575742,stale_fee_rate,True
2023-12-01,VFC,short_rebate,missing_in_pb,"book 5077.84, no PB line",5077.837151888554,,True
2023-12-04,TLRY,borrow_fee,rate_break,PB rate 0.020615 vs book 0.016850,-377.53238980139486,stale_fee_rate,True
2023-12-05,TLRY,borrow_fee,rate_break,PB rate 0.020615 vs book 0.017722,-263.3998673891674,stale_fee_rate,True
2023-12-06,TLRY,borrow_fee,rate_break,PB rate 0.020615 vs book 0.018174,-218.65417982637177,stale_fee_rate,True
2023-12-07,IEP,short_rebate,missing_in_pb,"book 4534.63, no PB line",4534.632871084534,,True
2023-12-08,TLRY,borrow_fee,rate_break,PB rate 0.020615 vs book 0.046951,2461.38364473579,stale_fee_rate,True
2023-12-11,TLRY,borrow_fee,rate_break,PB rate 0.020615 vs book 0.027933,655.4328731368437,stale_fee_rate,True
2023-12-12,FMC,borrow_fee,notional_break,"PB notional 32,983,364 vs book 32,303,600 (x1.0210)",-5.65759567021297,stale_mark,True
2023-12-12,TLRY,borrow_fee,rate_break,PB rate 0.020615 vs book 0.027933,641.1843457095435,stale_fee_rate,True
2023-12-13,TLRY,borrow_fee,rate_break,PB rate 0.020615 vs book 0.026645,560.6125854872778,stale_fee_rate,True
2023-12-14,AMLX,borrow_fee,notional_break,"PB notional 32,972,812 vs book 33,017,611 (x0.9986)",0.5587283727411432,stale_mark,True
2023-12-14,TLRY,borrow_fee,rate_break,PB rate 0.020615 vs book 0.021681,106.89117676221531,stale_fee_rate,True
2023-12-15,TLRY,borrow_fee,rate_break,PB rate 0.020615 vs book 0.017722,-290.16241429516435,stale_fee_rate,True
2023-12-18,TLRY,borrow_fee,rate_break,PB rate 0.020615 vs book 0.021681,102.74005724020162,stale_fee_rate,True
2023-12-19,RDHL,borrow_fee,notional_break,"PB notional 19,348,231 vs book 20,934,151 (x0.9242)",12.642187068585145,stale_mark,True
2023-12-19,TLRY,borrow_fee,rate_break,PB rate 0.020615 vs book 0.021681,106.37228558483548,stale_fee_rate,True
2023-12-20,TLRY,borrow_fee,rate_break,PB rate 0.020615 vs book 0.016850,-368.3689824516309,stale_fee_rate,True
2023-12-21,TLRY,borrow_fee,rate_break,PB rate 0.020615 vs book 0.037080,1626.9242761914982,stale_fee_rate,True
2023-12-22,TLRY,borrow_fee,rate_break,PB rate 0.020615 vs book 0.021142,56.10228110247681,stale_fee_rate,True
2023-12-26,TLRY,borrow_fee,rate_break,PB rate 0.020615 vs book 0.016850,-419.68404962805835,stale_fee_rate,True
2023-12-26,VIR,short_rebate,missing_in_pb,"book 5042.48, no PB line",5042.478922030722,,True
2023-12-27,TLRY,borrow_fee,rate_break,PB rate 0.020615 vs book 0.017281,-363.6171932809907,stale_fee_rate,True
2023-12-27,VIR,borrow_fee,notional_break,"PB notional 34,058,019 vs book 34,158,290 (x0.9971)",1.0704749932281175,stale_mark,True
2023-12-28,TLRY,borrow_fee,rate_break,PB rate 0.020615 vs book 0.014485,-719.1432376328569,stale_fee_rate,True
2023-12-29,ECHO,short_rebate,missing_in_pb,"book 4700.90, no PB line",4700.903348950902,,True
2024-01-02,AES,borrow_fee,rate_break,PB rate 0.002922 vs book 0.002916,-0.5189470356384049,stale_fee_rate,True
2024-01-03,AES,borrow_fee,rate_break,PB rate 0.002922 vs book 0.002915,-0.6347728193409523,stale_fee_rate,True
2024-01-04,AES,borrow_fee,rate_break,PB rate 0.002922 vs book 0.002918,-0.37984693671717196,stale_fee_rate,False
2024-01-04,MRVI,borrow_fee,notional_break,"PB notional 30,732,973 vs book 30,684,497 (x1.0016)",-0.419938609371286,stale_mark,False
2024-01-05,EL,short_rebate,missing_in_pb,"book 4413.22, no PB line",4413.224233551982,,True
2024-01-08,AES,borrow_fee,rate_break,PB rate 0.002922 vs book 0.002947,2.1862238985585236,stale_fee_rate,True
2024-01-09,AES,borrow_fee,rate_break,PB rate 0.002922 vs book 0.002946,2.0344529465290293,stale_fee_rate,True
2024-01-09,SBSW,short_rebate,missing_in_pb,"book 4380.58, no PB line",4380.584056847294,,True
2024-01-10,AES,borrow_fee,rate_break,PB rate 0.002922 vs book 0.002951,2.548321666834397,stale_fee_rate,True
2024-01-11,AES,borrow_fee,rate_break,PB rate 0.002922 vs book 0.002950,2.311333064452981,stale_fee_rate,True
2024-01-12,AES,borrow_fee,rate_break,PB rate 0.002922 vs book 0.002954,2.7392022712271,stale_fee_rate,True
2024-01-16,AES,borrow_fee,rate_break,PB rate 0.002922 vs book 0.002934,0.9629729389152715,stale_fee_rate,True
2024-01-16,NWL,borrow_fee,notional_break,"PB notional 31,055,931 vs book 30,214,606 (x1.0278)",-9.139566323609245,stale_mark,True
2024-01-16,SBSW,borrow_fee,duplicate_line,2 PB lines vs 1,-285.76059937919865,duplicate_fee,True
2024-01-16,SHLS,buy_in,unknown_charge,PB buy_in -26908.62 with no book line,-26908.61704331579,buy_in_charge,True
2024-01-17,AES,borrow_fee,rate_break,PB rate 0.002922 vs book 0.002925,0.23379716525639083,stale_fee_rate,False
2024-01-18,AES,borrow_fee,rate_break,PB rate 0.002922 vs book 0.002929,0.5842606034770199,stale_fee_rate,True
2024-01-19,AES,borrow_fee,rate_break,PB rate 0.002922 vs book 0.002929,0.5677883609107539,stale_fee_rate,True
2024-01-19,HE,borrow_fee,notional_break,"PB notional 28,976,371 vs book 28,461,734 (x1.0181)",-10.103892826880383,stale_mark,True
2024-01-22,AES,borrow_fee,rate_break,PB rate 0.002922 vs book 0.002935,1.0163826580657656,stale_fee_rate,True
2024-01-22,SRPT,borrow_fee,notional_break,"PB notional 38,076,106 vs book 39,857,426 (x0.9553)",15.285443504264322,stale_mark,True
2024-01-23,AES,borrow_fee,rate_break,PB rate 0.002922 vs book 0.002937,1.131617001800862,stale_fee_rate,True
2024-01-23,SRPT,borrow_fee,duplicate_line,2 PB lines vs 1,-341.1594069876118,duplicate_fee,True
2024-01-23,VERA,borrow_fee,notional_break,"PB notional 33,650,216 vs book 35,177,898 (x0.9566)",118.53625494543985,stale_mark,True
2024-01-24,AES,borrow_fee,rate_break,PB rate 0.002922 vs book 0.002940,1.3459528338068765,stale_fee_rate,True
2024-01-25,AES,borrow_fee,rate_break,PB rate 0.002922 vs book 0.002940,1.3973436917298727,stale_fee_rate,True
2024-01-26,AES,borrow_fee,rate_break,PB rate 0.002922 vs book 0.002990,5.361102474564092,stale_fee_rate,True
2024-01-29,AES,borrow_fee,rate_break,PB rate 0.002922 vs book 0.002990,5.3436746556027686,stale_fee_rate,True
2024-01-29,VIR,borrow_fee,notional_break,"PB notional 30,141,301 vs book 30,046,617 (x1.0032)",-1.207805652107254,stale_mark,True
2024-01-30,AES,borrow_fee,rate_break,PB rate 0.002922 vs book 0.002988,5.131733120038632,stale_fee_rate,True
2024-01-31,AES,borrow_fee,rate_break,PB rate 0.002922 vs book 0.002990,6.395227674315947,stale_fee_rate,True
2024-01-31,BE,borrow_fee,rate_break,PB rate 0.010178 vs book 0.015712,524.3937953601015,stale_fee_rate,True
2024-01-31,REPL,short_rebate,missing_in_pb,"book 5050.22, no PB line",5050.220555986402,,True
2024-02-01,AA,borrow_fee,collateral_basis,"PB notional 34,722,345 vs book 34,041,514 (x1.0200)",-5.582347682121792,collateral_102,True
2024-02-01,ABCL,borrow_fee,collateral_basis,"PB notional 35,405,296 vs book 34,711,074 (x1.0200)",-159.82561879482,collateral_102,True
2024-02-01,AES,borrow_fee,collateral_basis,"PB notional 35,793,736 vs book 35,091,898 (x1.0200)",-5.82680958375056,collateral_102,True
2024-02-01,AMLX,borrow_fee,collateral_basis,"PB notional 36,031,996 vs book 35,325,487 (x1.0200)",-7.461525519343866,collateral_102,True
2024-02-01,BABA,borrow_fee,collateral_basis,"PB notional 34,932,321 vs book 34,247,373 (x1.0200)",-5.02737875852452,collateral_102,True
2024-02-01,BCRX,borrow_fee,collateral_basis,"PB notional 34,661,221 vs book 33,981,590 (x1.0200)",-38.18663452179294,collateral_102,True
2024-02-01,BE,borrow_fee,collateral_basis,"PB notional 36,913,261 vs book 36,189,471 (x1.0200)",-30.866462813199632,collateral_102,True
2024-02-01,BEAM,borrow_fee,collateral_basis,"PB notional 37,687,138 vs book 36,948,174 (x1.0200)",-73.14873577549724,collateral_102,True
2024-02-01,BILI,borrow_fee,collateral_basis,"PB notional 35,866,596 vs book 35,163,330 (x1.0200)",-7.863200818592873,collateral_102,True
2024-02-01,BMY,borrow_fee,collateral_basis,"PB notional 34,650,125 vs book 33,970,711 (x1.0200)",-4.991743402338869,collateral_102,True
2024-02-01,BZ,borrow_fee,collateral_basis,"PB notional 36,193,220 vs book 35,483,549 (x1.0200)",-7.389475118371536,collateral_102,True
2024-02-01,CCCC,borrow_fee,collateral_basis,"PB notional 32,540,573 vs book 31,902,523 (x1.0200)",-6.297485152928687,collateral_102,True
2024-02-01,CHWY,borrow_fee,collateral_basis,"PB notional 34,948,709 vs book 34,263,440 (x1.0200)",-5.7240735442633195,collateral_102,True
2024-02-01,CNH,borrow_fee,collateral_basis,"PB notional 35,662,327 vs book 34,963,066 (x1.0200)",-5.569965505717278,collateral_102,True
2024-02-01,CSIQ,borrow_fee,collateral_basis,"PB notional 36,083,457 vs book 35,375,939 (x1.0200)",-19.02311566282947,collateral_102,True
2024-02-01,EL,borrow_fee,collateral_basis,"PB notional 35,506,867 vs book 34,810,653 (x1.0200)",-5.031653567518049,collateral_102,True
2024-02-01,ENPH,borrow_fee,collateral_basis,"PB notional 35,230,220 vs book 34,539,432 (x1.0200)",-6.068292741202356,collateral_102,True
2024-02-01,FCEL,borrow_fee,collateral_basis,"PB notional 37,981,827 vs book 37,237,085 (x1.0200)",-7.609538292656794,collateral_102,True
2024-02-01,FMC,borrow_fee,collateral_basis,"PB notional 38,469,871 vs book 37,715,560 (x1.0200)",-7.317157985441895,collateral_102,True
2024-02-01,GTM,borrow_fee,collateral_basis,"PB notional 34,380,382 vs book 33,706,257 (x1.0200)",-5.949943466098148,collateral_102,True
2024-02-01,HE,borrow_fee,collateral_basis,"PB notional 35,758,226 vs book 35,057,085 (x1.0200)",-16.21900350284136,collateral_102,True
2024-02-01,HRL,borrow_fee,collateral_basis,"PB notional 35,353,868 vs book 34,660,655 (x1.0200)",-5.686714316110965,collateral_102,True
2024-02-01,HTZ,borrow_fee,collateral_basis,"PB notional 35,125,855 vs book 34,437,113 (x1.0200)",-8.371975420391209,collateral_102,True
2024-02-01,IEP,borrow_fee,collateral_basis,"PB notional 35,440,703 vs book 34,745,788 (x1.0200)",-5.543640673653272,collateral_102,True
2024-02-01,JBLU,borrow_fee,collateral_basis,"PB notional 36,561,625 vs book 35,844,730 (x1.0200)",-9.316654641399339,collateral_102,True
2024-02-01,JD,borrow_fee,collateral_basis,"PB notional 34,283,355 vs book 33,611,133 (x1.0200)",-5.124623755331925,collateral_102,True
2024-02-01,LCID,borrow_fee,collateral_basis,"PB notional 35,204,261 vs book 34,513,982 (x1.0200)",-7.594683466226286,collateral_102,True
2024-02-01,MP,borrow_fee,collateral_basis,"PB notional 35,562,745 vs book 34,865,437 (x1.0200)",-14.591275933895758,collateral_102,True
2024-02-01,MRNA,borrow_fee,collateral_basis,"PB notional 34,093,563 vs book 33,425,061 (x1.0200)",-5.726443770826847,collateral_102,True
2024-02-01,MRVI,borrow_fee,collateral_basis,"PB notional 32,273,056 vs book 31,640,251 (x1.0200)",-5.864563138053143,collateral_102,True
2024-02-01,NWL,borrow_fee,collateral_basis,"PB notional 35,419,785 vs book 34,725,280 (x1.0200)",-7.311692289797406,collateral_102,True
2024-02-01,PFE,borrow_fee,collateral_basis,"PB notional 35,062,324 vs book 34,374,828 (x1.0200)",-4.9070799129055445,collateral_102,True
2024-02-01,PSKY,borrow_fee,collateral_basis,"PB notional 35,007,136 vs book 34,320,721 (x1.0200)",-4.771524796246609,collateral_102,True
2024-02-01,PTEN,borrow_fee,collateral_basis,"PB notional 34,008,192 vs book 33,341,365 (x1.0200)",-10.157165985047527,collateral_102,True
2024-02-01,PTON,borrow_fee,collateral_basis,"PB notional 26,344,692 vs book 25,828,129 (x1.0200)",-11.460284501593492,collateral_102,True
2024-02-01,QFIN,borrow_fee,collateral_basis,"PB notional 34,816,758 vs book 34,134,076 (x1.0200)",-9.726214866770135,collateral_102,True
2024-02-01,REPL,borrow_fee,collateral_basis,"PB notional 35,240,871 vs book 34,549,873 (x1.0200)",-21.272224735995223,collateral_102,True
2024-02-01,RLAY,borrow_fee,collateral_basis,"PB notional 34,265,923 vs book 33,594,042 (x1.0200)",-19.1851883166554,collateral_102,True
2024-02-01,RUM,borrow_fee,collateral_basis,"PB notional 35,148,059 vs book 34,458,881 (x1.0200)",-15.678018472103417,collateral_102,True
2024-02-01,SHLS,borrow_fee,collateral_basis,"PB notional 37,434,314 vs book 36,700,308 (x1.0200)",-63.11212770533257,collateral_102,True
2024-02-01,SMTC,borrow_fee,collateral_basis,"PB notional 34,669,759 vs book 33,989,959 (x1.0200)",-97.96849334964281,collateral_102,True
2024-02-01,SPCE,borrow_fee,collateral_basis,"PB notional 34,987,978 vs book 34,301,939 (x1.0200)",-7.302582052026821,collateral_102,True
2024-02-01,TLRY,borrow_fee,collateral_basis,"PB notional 37,264,115 vs book 36,533,447 (x1.0200)",-14.42063952361275,collateral_102,True
2024-02-01,TSLQ,borrow_fee,collateral_basis,"PB notional 34,544,948 vs book 33,867,597 (x1.0200)",-4.932107177799452,collateral_102,True
2024-02-01,UAA,borrow_fee,collateral_basis,"PB notional 35,705,705 vs book 35,005,593 (x1.0200)",-6.4985557089837584,collateral_102,True
2024-02-01,VFC,borrow_fee,collateral_basis,"PB notional 35,574,607 vs book 34,877,066 (x1.0200)",-7.542829790454448,collateral_102,True
2024-02-01,VIR,borrow_fee,collateral_basis,"PB notional 33,756,142 vs book 33,094,257 (x1.0200)",-8.24976158955883,collateral_102,True
2024-02-01,VRDN,borrow_fee,collateral_basis,"PB notional 36,148,066 vs book 35,439,281 (x1.0200)",-17.974395348941812,collateral_102,True
2024-02-02,AA,borrow_fee,collateral_basis,"PB notional 34,488,445 vs book 33,812,201 (x1.0200)",-5.54474331111021,collateral_102,True
2024-02-02,ABCL,borrow_fee,collateral_basis,"PB notional 34,111,643 vs book 33,442,788 (x1.0200)",-153.9858492526355,collateral_102,True
2024-02-02,AES,borrow_fee,collateral_basis,"PB notional 35,501,714 vs book 34,805,602 (x1.0200)",-5.776389574625114,collateral_102,True
2024-02-02,AMLX,borrow_fee,collateral_basis,"PB notional 34,314,116 vs book 33,641,290 (x1.0200)",-7.1845196155499025,collateral_102,True
2024-02-02,BABA,borrow_fee,collateral_basis,"PB notional 34,638,245 vs book 33,959,064 (x1.0200)",-4.987543345272684,collateral_102,True
2024-02-02,BCRX,borrow_fee,collateral_basis,"PB notional 33,348,295 vs book 32,694,406 (x1.0200)",-37.67286958547447,collateral_102,True
2024-02-02,BE,borrow_fee,collateral_basis,"PB notional 35,653,108 vs book 34,954,028 (x1.0200)",-29.074636919879822,collateral_102,True
2024-02-02,BEAM,borrow_fee,collateral_basis,"PB notional 36,959,917 vs book 36,235,213 (x1.0200)",-71.73723855426397,collateral_102,True
2024-02-02,BILI,borrow_fee,collateral_basis,"PB notional 34,293,833 vs book 33,621,405 (x1.0200)",-7.6451076453225255,collateral_102,True
2024-02-02,BMY,borrow_fee,collateral_basis,"PB notional 34,678,604 vs book 33,998,631 (x1.0200)",-4.995846018194328,collateral_102,True
2024-02-02,BZ,borrow_fee,collateral_basis,"PB notional 35,017,628 vs book 34,331,007 (x1.0200)",-7.172002070527014,collateral_102,True
2024-02-02,CCCC,borrow_fee,collateral_basis,"PB notional 30,232,330 vs book 29,639,539 (x1.0200)",-5.315086751789977,collateral_102,True
2024-02-02,CHWY,borrow_fee,collateral_basis,"PB notional 34,812,039 vs book 34,129,450 (x1.0200)",-5.755797158063444,collateral_102,True
2024-02-02,CNH,borrow_fee,collateral_basis,"PB notional 35,604,338 vs book 34,906,214 (x1.0200)",-5.566459083760208,collateral_102,True
2024-02-02,CSIQ,borrow_fee,collateral_basis,"PB notional 34,603,594 vs book 33,925,092 (x1.0200)",-18.242935085910744,collateral_102,True
2024-02-02,EL,borrow_fee,collateral_basis,"PB notional 35,353,978 vs book 34,660,763 (x1.0200)",-5.009987878219505,collateral_102,True
2024-02-02,ENPH,borrow_fee,collateral_basis,"PB notional 34,000,637 vs book 33,333,958 (x1.0200)",-5.893494204237356,collateral_102,True
2024-02-02,FCEL,borrow_fee,collateral_basis,"PB notional 36,822,076 vs book 36,100,074 (x1.0200)",-7.494235152047281,collateral_102,True
2024-02-02,FMC,borrow_fee,collateral_basis,"PB notional 38,030,322 vs book 37,284,630 (x1.0200)",-7.256363388349769,collateral_102,True
2024-02-02,GTM,borrow_fee,collateral_basis,"PB notional 33,209,063 vs book 32,557,905 (x1.0200)",-5.774438266600271,collateral_102,True
2024-02-02,HE,borrow_fee,collateral_basis,"PB notional 35,919,180 vs book 35,214,882 (x1.0200)",-16.021982060416235,collateral_102,True
2024-02-02,HRL,borrow_fee,collateral_basis,"PB notional 35,056,006 vs book 34,368,634 (x1.0200)",-5.641616370769157,collateral_102,True
2024-02-02,HTZ,borrow_fee,collateral_basis,"PB notional 36,250,880 vs book 35,540,079 (x1.0200)",-8.35608524823192,collateral_102,True
2024-02-02,IEP,borrow_fee,collateral_basis,"PB notional 35,059,414 vs book 34,371,975 (x1.0200)",-5.483999342018478,collateral_102,True
2024-02-02,JBLU,borrow_fee,collateral_basis,"PB notional 37,609,986 vs book 36,872,535 (x1.0200)",-9.504045245790678,collateral_102,True
2024-02-02,JD,borrow_fee,collateral_basis,"PB notional 33,604,479 vs book 32,945,568 (x1.0200)",-5.025652680847742,collateral_102,True
2024-02-02,LCID,borrow_fee,collateral_basis,"PB notional 34,071,958 vs book 33,403,880 (x1.0200)",-7.315778671209728,collateral_102,True
2024-02-02,MP,borrow_fee,collateral_basis,"PB notional 37,829,432 vs book 37,087,678 (x1.0200)",-14.762255075847293,collateral_102,True
2024-02-02,MRNA,borrow_fee,collateral_basis,"PB notional 33,570,213 vs book 32,911,973 (x1.0200)",-5.674156973970696,collateral_102,True
2024-02-02,MRVI,borrow_fee,collateral_basis,"PB notional 31,433,234 vs book 30,816,896 (x1.0200)",-5.738992104682097,collateral_102,True
2024-02-02,NWL,borrow_fee,collateral_basis,"PB notional 34,792,514 vs book 34,110,308 (x1.0200)",-7.216203470145786,collateral_102,True
2024-02-02,PFE,borrow_fee,collateral_basis,"PB notional 34,599,794 vs book 33,921,366 (x1.0200)",-4.844763447679981,collateral_102,True
2024-02-02,PSKY,borrow_fee,collateral_basis,"PB notional 34,410,965 vs book 33,736,240 (x1.0200)",-4.6926060792525845,collateral_102,True
2024-02-02,PTEN,borrow_fee,collateral_basis,"PB notional 32,784,649 vs book 32,141,813 (x1.0200)",-9.873900071843764,collateral_102,True
2024-02-02,PTON,borrow_fee,collateral_basis,"PB notional 26,532,419 vs book 26,012,176 (x1.0200)",-11.445900036736248,collateral_102,True
2024-02-02,QFIN,borrow_fee,collateral_basis,"PB notional 33,628,721 vs book 32,969,335 (x1.0200)",-9.238628841397258,collateral_102,True
2024-02-02,REPL,borrow_fee,collateral_basis,"PB notional 32,909,414 vs book 32,264,131 (x1.0200)",-19.86490205544999,collateral_102,True
2024-02-02,RLAY,borrow_fee,collateral_basis,"PB notional 33,852,176 vs book 33,188,407 (x1.0200)",-18.484285327755174,collateral_102,True
2024-02-02,RUM,borrow_fee,collateral_basis,"PB notional 35,097,266 vs book 34,409,084 (x1.0200)",-15.39588798465104,collateral_102,True
2024-02-02,SHLS,borrow_fee,collateral_basis,"PB notional 37,777,749 vs book 37,037,009 (x1.0200)",-60.76993466079011,collateral_102,True
2024-02-02,SMTC,borrow_fee,collateral_basis,"PB notional 33,985,831 vs book 33,319,442 (x1.0200)",-100.65231005516125,collateral_102,True
2024-02-02,SPCE,borrow_fee,collateral_basis,"PB notional 34,010,660 vs book 33,343,785 (x1.0200)",-7.132202089892928,collateral_102,True
2024-02-02,TLRY,borrow_fee,collateral_basis,"PB notional 35,743,129 vs book 35,042,283 (x1.0200)",-11.509175910752901,collateral_102,True
2024-02-02,TSLQ,borrow_fee,collateral_basis,"PB notional 34,706,818 vs book 34,026,292 (x1.0200)",-4.960163983550217,collateral_102,True
2024-02-02,UAA,borrow_fee,collateral_basis,"PB notional 35,386,087 vs book 34,692,243 (x1.0200)",-6.440384352820843,collateral_102,True
2024-02-02,VFC,borrow_fee,collateral_basis,"PB notional 35,236,406 vs book 34,545,496 (x1.0200)",-7.506487631591142,collateral_102,True
2024-02-02,VIR,borrow_fee,collateral_basis,"PB notional 32,090,544 vs book 31,461,317 (x1.0200)",-7.9748777467586365,collateral_102,True
2024-02-02,VRDN,borrow_fee,collateral_basis,"PB notional 34,069,553 vs book 33,401,523 (x1.0200)",-16.799891373921582,collateral_102,True
2024-02-05,AA,borrow_fee,collateral_basis,"PB notional 31,389,280 vs book 30,773,804 (x1.0200)",-5.0590897177727925,collateral_102,True
2024-02-05,ABCL,borrow_fee,collateral_basis,"PB notional 33,703,118 vs book 33,042,272 (x1.0200)",-137.07830918911623,collateral_102,True
2024-02-05,AES,borrow_fee,collateral_basis,"PB notional 34,437,914 vs book 33,762,661 (x1.0200)",-5.603301447366846,collateral_102,True
2024-02-05,AMLX,borrow_fee,collateral_basis,"PB notional 33,270,342 vs book 32,617,982 (x1.0200)",-6.933159663494337,collateral_102,True
2024-02-05,BABA,borrow_fee,collateral_basis,"PB notional 35,978,458 vs book 35,272,998 (x1.0200)",-5.17019344608093,collateral_102,True
2024-02-05,BCRX,borrow_fee,collateral_basis,"PB notional 33,742,172 vs book 33,080,561 (x1.0200)",-36.253755463586,collateral_102,True
2024-02-05,BE,borrow_fee,collateral_basis,"PB notional 33,901,186 vs book 33,236,457 (x1.0200)",-26.961512195506657,collateral_102,True
2024-02-05,BEAM,borrow_fee,collateral_basis,"PB notional 36,974,177 vs book 36,249,193 (x1.0200)",-65.3328633033193,collateral_102,True
2024-02-05,BILI,borrow_fee,collateral_basis,"PB notional 34,869,236 vs book 34,185,525 (x1.0200)",-7.546128377319064,collateral_102,True
2024-02-05,BMY,borrow_fee,collateral_basis,"PB notional 34,158,888 vs book 33,489,105 (x1.0200)",-4.92343037088466,collateral_102,True
2024-02-05,BZ,borrow_fee,collateral_basis,"PB notional 34,242,236 vs book 33,570,820 (x1.0200)",-6.98015115756607,collateral_102,True
2024-02-05,CCCC,borrow_fee,collateral_basis,"PB notional 29,838,242 vs book 29,253,178 (x1.0200)",-5.229313124219914,collateral_102,True
2024-02-05,CHWY,borrow_fee,collateral_basis,"PB notional 33,054,842 vs book 32,406,708 (x1.0200)",-5.473873595748046,collateral_102,True
2024-02-05,CNH,borrow_fee,collateral_basis,"PB notional 35,227,419 vs book 34,536,685 (x1.0200)",-5.499294953597882,collateral_102,True
2024-02-05,CSIQ,borrow_fee,collateral_basis,"PB notional 32,730,153 vs book 32,088,385 (x1.0200)",-17.111668507039894,collateral_102,True
2024-02-05,EL,borrow_fee,collateral_basis,"PB notional 39,613,749 vs book 38,837,009 (x1.0200)",-5.580134552773529,collateral_102,True
2024-02-05,ENPH,borrow_fee,collateral_basis,"PB notional 32,677,500 vs book 32,036,764 (x1.0200)",-5.655238983387619,collateral_102,True
2024-02-05,FCEL,borrow_fee,collateral_basis,"PB notional 33,922,700 vs book 33,257,549 (x1.0200)",-8.789886856329815,collateral_102,True
2024-02-05,FMC,borrow_fee,collateral_basis,"PB notional 37,405,046 vs book 36,671,614 (x1.0200)",-7.036655348885574,collateral_102,True
2024-02-05,GTM,borrow_fee,collateral_basis,"PB notional 33,360,900 vs book 32,706,765 (x1.0200)",-5.791715489319984,collateral_102,True
2024-02-05,HE,borrow_fee,collateral_basis,"PB notional 34,792,514 vs book 34,110,308 (x1.0200)",-15.780981317838723,collateral_102,True
2024-02-05,HRL,borrow_fee,collateral_basis,"PB notional 34,139,508 vs book 33,470,106 (x1.0200)",-5.591538565430255,collateral_102,True
2024-02-05,HTZ,borrow_fee,collateral_basis,"PB notional 34,209,165 vs book 33,538,397 (x1.0200)",-7.562769408153088,collateral_102,True
2024-02-05,IEP,borrow_fee,collateral_basis,"PB notional 35,497,898 vs book 34,801,861 (x1.0200)",-5.5442839041866705,collateral_102,True
2024-02-05,JBLU,borrow_fee,collateral_basis,"PB notional 36,561,625 vs book 35,844,730 (x1.0200)",-8.714179994141318,collateral_102,True
2024-02-05,JD,borrow_fee,collateral_basis,"PB notional 34,545,649 vs book 33,868,284 (x1.0200)",-5.168985362140177,collateral_102,True
2024-02-05,LCID,borrow_fee,collateral_basis,"PB notional 33,145,532 vs book 32,495,620 (x1.0200)",-7.083330213145814,collateral_102,True
2024-02-05,MP,borrow_fee,collateral_basis,"PB notional 35,760,806 vs book 35,059,613 (x1.0200)",-13.838881689030814,collateral_102,True
2024-02-05,MRNA,borrow_fee,collateral_basis,"PB notional 32,878,149 vs book 32,233,480 (x1.0200)",-5.601094637450956,collateral_102,True
2024-02-05,MRVI,borrow_fee,collateral_basis,"PB notional 31,613,197 vs book 30,993,330 (x1.0200)",-5.735619541158258,collateral_102,True
2024-02-05,NWL,borrow_fee,collateral_basis,"PB notional 33,830,703 vs book 33,167,356 (x1.0200)",-7.027771766633975,collateral_102,True
2024-02-05,PFE,borrow_fee,collateral_basis,"PB notional 34,137,263 vs book 33,467,905 (x1.0200)",-4.784769755863607,collateral_102,True
2024-02-05,PSKY,borrow_fee,collateral_basis,"PB notional 33,433,246 vs book 32,777,692 (x1.0200)",-4.557001255921136,collateral_102,True
2024-02-05,PTEN,borrow_fee,collateral_basis,"PB notional 31,843,462 vs book 31,219,081 (x1.0200)",-9.431485542941857,collateral_102,True
2024-02-05,PTON,borrow_fee,collateral_basis,"PB notional 25,155,739 vs book 24,662,489 (x1.0200)",-10.852009531413842,collateral_102,True
2024-02-05,QFIN,borrow_fee,collateral_basis,"PB notional 33,410,510 vs book 32,755,402 (x1.0200)",-8.951436185955686,collateral_102,True
2024-02-05,REPL,borrow_fee,collateral_basis,"PB notional 31,609,178 vs book 30,989,390 (x1.0200)",-18.6076674699259,collateral_102,True
2024-02-05,RLAY,borrow_fee,collateral_basis,"PB notional 32,686,155 vs book 32,045,250 (x1.0200)",-17.669525586945838,collateral_102,True
2024-02-05,RUM,borrow_fee,collateral_basis,"PB notional 36,062,314 vs book 35,355,209 (x1.0200)",-15.045615005247214,collateral_102,True
2024-02-05,SHLS,borrow_fee,collateral_basis,"PB notional 37,328,643 vs book 36,596,708 (x1.0200)",-50.25857032075919,collateral_102,True
2024-02-05,SMTC,borrow_fee,collateral_basis,"PB notional 33,880,612 vs book 33,216,287 (x1.0200)",-79.34615613639016,collateral_102,True
2024-02-05,SPCE,borrow_fee,collateral_basis,"PB notional 32,446,953 vs book 31,810,738 (x1.0200)",-13.880906635058636,collateral_102,True
2024-02-05,TLRY,borrow_fee,collateral_basis,"PB notional 34,412,270 vs book 33,737,520 (x1.0200)",-17.841380671895536,collateral_102,True
2024-02-05,TSLQ,borrow_fee,collateral_basis,"PB notional 35,982,734 vs book 35,277,190 (x1.0200)",-5.718989754488405,collateral_102,True
2024-02-05,UAA,borrow_fee,collateral_basis,"PB notional 35,112,131 vs book 34,423,658 (x1.0200)",-6.360414937203984,collateral_102,True
2024-02-05,VFC,borrow_fee,collateral_basis,"PB notional 34,940,481 vs book 34,255,373 (x1.0200)",-7.396723866082027,collateral_102,True
2024-02-05,VIR,borrow_fee,collateral_basis,"PB notional 31,831,452 vs book 31,207,305 (x1.0200)",-7.398947275601245,collateral_102,True
2024-02-05,VRDN,borrow_fee,collateral_basis,"PB notional 33,798,443 vs book 33,135,729 (x1.0200)",-16.527514647178805,collateral_102,True
2024-02-06,AA,borrow_fee,collateral_basis,"PB notional 32,301,488 vs book 31,668,125 (x1.0200)",-5.203516266871588,collateral_102,True
2024-02-06,ABCL,borrow_fee,collateral_basis,"PB notional 35,269,122 vs book 34,577,570 (x1.0200)",-143.44760513717938,collateral_102,True
2024-02-06,AES,borrow_fee,collateral_basis,"PB notional 34,417,054 vs book 33,742,210 (x1.0200)",-5.597114793487549,collateral_102,True
2024-02-06,AMLX,borrow_fee,collateral_basis,"PB notional 33,835,721 vs book 33,172,275 (x1.0200)",-7.050978165253241,collateral_102,True
2024-02-06,BABA,borrow_fee,collateral_basis,"PB notional 37,713,988 vs book 36,974,498 (x1.0200)",-5.414189343641112,collateral_102,True
2024-02-06,BCRX,borrow_fee,collateral_basis,"PB notional 36,171,085 vs book 35,461,848 (x1.0200)",-38.86346422004203,collateral_102,True
2024-02-06,BE,borrow_fee,collateral_basis,"PB notional 34,761,781 vs book 34,080,177 (x1.0200)",-29.06741887729936,collateral_102,True
2024-02-06,BEAM,borrow_fee,collateral_basis,"PB notional 39,754,724 vs book 38,975,220 (x1.0200)",-61.01704865101601,collateral_102,True
2024-02-06,BILI,borrow_fee,collateral_basis,"PB notional 39,127,194 vs book 38,359,994 (x1.0200)",-8.388001638701041,collateral_102,True
2024-02-06,BMY,borrow_fee,collateral_basis,"PB notional 35,070,170 vs book 34,382,520 (x1.0200)",-5.049736039813979,collateral_102,True
2024-02-06,BZ,borrow_fee,collateral_basis,"PB notional 37,168,710 vs book 36,439,911 (x1.0200)",-7.54100474741432,collateral_102,True
2024-02-06,CCCC,borrow_fee,collateral_basis,"PB notional 31,583,497 vs book 30,964,213 (x1.0200)",-5.535178541379423,collateral_102,True
2024-02-06,CHWY,borrow_fee,collateral_basis,"PB notional 33,445,328 vs book 32,789,537 (x1.0200)",-5.538538004198358,collateral_102,True
2024-02-06,CNH,borrow_fee,collateral_basis,"PB notional 36,010,252 vs book 35,304,169 (x1.0200)",-5.618698257159053,collateral_102,True
2024-02-06,CSIQ,borrow_fee,collateral_basis,"PB notional 33,501,570 vs book 32,844,677 (x1.0200)",-17.514973619241005,collateral_102,True
2024-02-06,EL,borrow_fee,collateral_basis,"PB notional 38,540,901 vs book 37,785,197 (x1.0200)",-5.429009296330264,collateral_102,True
2024-02-06,ENPH,borrow_fee,collateral_basis,"PB notional 33,582,980 vs book 32,924,490 (x1.0200)",-5.821099671998297,collateral_102,True
2024-02-06,FCEL,borrow_fee,collateral_basis,"PB notional 35,662,328 vs book 34,963,067 (x1.0200)",-8.936878138228906,collateral_102,True
2024-02-06,FMC,borrow_fee,collateral_basis,"PB notional 33,090,033 vs book 32,441,209 (x1.0200)",-6.2151215803374384,collateral_102,True
2024-02-06,GTM,borrow_fee,collateral_basis,"PB notional 33,317,517 vs book 32,664,232 (x1.0200)",-5.802423260441742,collateral_102,True
2024-02-06,HE,borrow_fee,collateral_basis,"PB notional 35,543,624 vs book 34,846,690 (x1.0200)",-16.25695047820807,collateral_102,True
2024-02-06,HRL,borrow_fee,collateral_basis,"PB notional 34,471,739 vs book 33,795,823 (x1.0200)",-5.631232433846662,collateral_102,True
2024-02-06,HTZ,borrow_fee,collateral_basis,"PB notional 37,250,904 vs book 36,520,494 (x1.0200)",-8.112472012183844,collateral_102,True
2024-02-06,IEP,borrow_fee,collateral_basis,"PB notional 35,821,993 vs book 35,119,601 (x1.0200)",-5.5976946473359135,collateral_102,True
2024-02-06,JBLU,borrow_fee,collateral_basis,"PB notional 39,248,051 vs book 38,478,482 (x1.0200)",-9.354468975641225,collateral_102,True
2024-02-06,JD,borrow_fee,collateral_basis,"PB notional 37,199,448 vs book 36,470,047 (x1.0200)",-5.546665486702352,collateral_102,True
2024-02-06,LCID,borrow_fee,collateral_basis,"PB notional 36,027,752 vs book 35,321,325 (x1.0200)",-7.6629973052391165,collateral_102,True
2024-02-06,MP,borrow_fee,collateral_basis,"PB notional 36,751,106 vs book 36,030,496 (x1.0200)",-14.341458020371874,collateral_102,True
2024-02-06,MRNA,borrow_fee,collateral_basis,"PB notional 34,441,316 vs book 33,765,996 (x1.0200)",-5.858165424656988,collateral_102,True
2024-02-06,MRVI,borrow_fee,collateral_basis,"PB notional 33,232,848 vs book 32,581,224 (x1.0200)",-6.001067419565345,collateral_102,True
2024-02-06,NWL,borrow_fee,collateral_basis,"PB notional 33,705,251 vs book 33,044,364 (x1.0200)",-7.01274170005513,collateral_102,True
2024-02-06,PFE,borrow_fee,collateral_basis,"PB notional 35,332,132 vs book 34,639,345 (x1.0200)",-4.944840347298168,collateral_102,True
2024-02-06,PSKY,borrow_fee,collateral_basis,"PB notional 33,361,704 vs book 32,707,553 (x1.0200)",-4.547249960467582,collateral_102,True
2024-02-06,PTEN,borrow_fee,collateral_basis,"PB notional 33,129,753 vs book 32,480,150 (x1.0200)",-9.730806331689394,collateral_102,True
2024-02-06,PTON,borrow_fee,collateral_basis,"PB notional 27,408,492 vs book 26,871,071 (x1.0200)",-11.627862020574184,collateral_102,True
2024-02-06,QFIN,borrow_fee,collateral_basis,"PB notional 36,223,005 vs book 35,512,750 (x1.0200)",-9.70496773973241,collateral_102,True
2024-02-06,REPL,borrow_fee,collateral_basis,"PB notional 34,299,320 vs book 33,626,785 (x1.0200)",-19.20388714539854,collateral_102,True
2024-02-06,RLAY,borrow_fee,collateral_basis,"PB notional 34,341,152 vs book 33,667,796 (x1.0200)",-18.56418623944444,collateral_102,True
2024-02-06,RUM,borrow_fee,collateral_basis,"PB notional 39,262,210 vs book 38,492,362 (x1.0200)",-16.109153844159323,collateral_102,True
2024-02-06,SHLS,borrow_fee,collateral_basis,"PB notional 38,702,377 vs book 37,943,507 (x1.0200)",-52.108140839610314,collateral_102,True
2024-02-06,SMTC,borrow_fee,collateral_basis,"PB notional 34,143,660 vs book 33,474,177 (x1.0200)",-87.83451341473847,collateral_102,True
2024-02-06,SPCE,borrow_fee,collateral_basis,"PB notional 35,378,907 vs book 34,685,203 (x1.0200)",-14.884352661942671,collateral_102,True
2024-02-06,TLRY,borrow_fee,collateral_basis,"PB notional 37,454,239 vs book 36,719,842 (x1.0200)",-19.4185196376053,collateral_102,True
2024-02-06,TSLQ,borrow_fee,collateral_basis,"PB notional 35,201,952 vs book 34,511,718 (x1.0200)",-5.59768619508236,collateral_102,True
2024-02-06,UAA,borrow_fee,collateral_basis,"PB notional 36,025,319 vs book 35,318,941 (x1.0200)",-6.525835192707518,collateral_102,True
2024-02-06,VFC,borrow_fee,collateral_basis,"PB notional 35,828,261 vs book 35,125,746 (x1.0200)",-7.5727321705003305,collateral_102,True
2024-02-06,VIR,borrow_fee,collateral_basis,"PB notional 33,274,969 vs book 32,622,518 (x1.0200)",-7.799384419985643,collateral_102,True
2024-02-06,VRDN,borrow_fee,collateral_basis,"PB notional 33,418,887 vs book 32,763,615 (x1.0200)",-16.75677289837938,collateral_102,True
2024-02-07,AA,borrow_fee,collateral_basis,"PB notional 32,196,233 vs book 31,564,934 (x1.0200)",-5.200891193926566,collateral_102,True
2024-02-07,ABCL,borrow_fee,collateral_basis,"PB notional 33,430,770 vs book 32,775,264 (x1.0200)",-136.24200833635496,collateral_102,True
2024-02-07,AES,borrow_fee,collateral_basis,"PB notional 34,041,595 vs book 33,374,113 (x1.0200)",-5.545751757016603,collateral_102,True
2024-02-07,AMLX,borrow_fee,collateral_basis,"PB notional 32,878,925 vs book 32,234,241 (x1.0200)",-6.8654869247774855,collateral_102,True
2024-02-07,BABA,borrow_fee,collateral_basis,"PB notional 35,501,188 vs book 34,805,087 (x1.0200)",-5.108862414909254,collateral_102,True
2024-02-07,BCRX,borrow_fee,collateral_basis,"PB notional 34,792,514 vs book 34,110,308 (x1.0200)",-40.36156546572124,collateral_102,True
2024-02-07,BE,borrow_fee,collateral_basis,"PB notional 34,731,044 vs book 34,050,044 (x1.0200)",-29.097469813078078,collateral_102,True
2024-02-07,BEAM,borrow_fee,collateral_basis,"PB notional 39,312,689 vs book 38,541,852 (x1.0200)",-63.37305998260581,collateral_102,True
2024-02-07,BILI,borrow_fee,collateral_basis,"PB notional 37,362,634 vs book 36,630,033 (x1.0200)",-8.025650984726894,collateral_102,True
2024-02-07,BMY,borrow_fee,collateral_basis,"PB notional 34,628,768 vs book 33,949,772 (x1.0200)",-5.003214170480987,collateral_102,True
2024-02-07,BZ,borrow_fee,collateral_basis,"PB notional 36,893,572 vs book 36,170,169 (x1.0200)",-7.453619216748848,collateral_102,True
2024-02-07,CCCC,borrow_fee,collateral_basis,"PB notional 31,020,512 vs book 30,412,267 (x1.0200)",-5.517784167232094,collateral_102,True
2024-02-07,CHWY,borrow_fee,collateral_basis,"PB notional 33,054,842 vs book 32,406,708 (x1.0200)",-5.521305973174435,collateral_102,True
2024-02-07,CNH,borrow_fee,collateral_basis,"PB notional 35,865,283 vs book 35,162,042 (x1.0200)",-5.611785526074129,collateral_102,True
2024-02-07,CSIQ,borrow_fee,collateral_basis,"PB notional 34,745,283 vs book 34,064,003 (x1.0200)",-18.181382071266967,collateral_102,True
2024-02-07,EL,borrow_fee,collateral_basis,"PB notional 37,412,691 vs book 36,679,108 (x1.0200)",-5.282983505977256,collateral_102,True
2024-02-07,ENPH,borrow_fee,collateral_basis,"PB notional 39,263,118 vs book 38,493,253 (x1.0200)",-6.68319637896451,collateral_102,True
2024-02-07,FCEL,borrow_fee,collateral_basis,"PB notional 36,242,202 vs book 35,531,571 (x1.0200)",-7.71189326479589,collateral_102,True
2024-02-07,FMC,borrow_fee,collateral_basis,"PB notional 33,832,934 vs book 33,169,543 (x1.0200)",-6.388501109510514,collateral_102,True
2024-02-07,GTM,borrow_fee,collateral_basis,"PB notional 33,209,063 vs book 32,557,905 (x1.0200)",-5.7875790952958255,collateral_102,True
2024-02-07,HE,borrow_fee,collateral_basis,"PB notional 35,168,067 vs book 34,478,498 (x1.0200)",-15.573815442764271,collateral_102,True
2024-02-07,HRL,borrow_fee,collateral_basis,"PB notional 34,059,315 vs book 33,391,485 (x1.0200)",-5.574003159795666,collateral_102,True
2024-02-07,HTZ,borrow_fee,collateral_basis,"PB notional 36,500,888 vs book 35,785,184 (x1.0200)",-8.153863244852914,collateral_102,True
2024-02-07,IEP,borrow_fee,collateral_basis,"PB notional 35,536,024 vs book 34,839,239 (x1.0200)",-5.582469740231147,collateral_102,True
2024-02-07,JBLU,borrow_fee,collateral_basis,"PB notional 37,151,329 vs book 36,422,872 (x1.0200)",-9.097055301051853,collateral_102,True
2024-02-07,JD,borrow_fee,collateral_basis,"PB notional 35,563,967 vs book 34,866,634 (x1.0200)",-5.32331962267466,collateral_102,True
2024-02-07,LCID,borrow_fee,collateral_basis,"PB notional 34,792,514 vs book 34,110,308 (x1.0200)",-7.391788259372106,collateral_102,True
2024-02-07,MP,borrow_fee,collateral_basis,"PB notional 36,421,003 vs book 35,706,866 (x1.0200)",-14.837343995918445,collateral_102,True
2024-02-07,MRNA,borrow_fee,collateral_basis,"PB notional 34,189,972 vs book 33,519,580 (x1.0200)",-5.847178503904502,collateral_102,True
2024-02-07,MRVI,borrow_fee,collateral_basis,"PB notional 32,752,952 vs book 32,110,737 (x1.0200)",-5.974338120907817,collateral_102,True
2024-02-07,NWL,borrow_fee,collateral_basis,"PB notional 33,119,798 vs book 32,470,391 (x1.0200)",-6.87243297881696,collateral_102,True
2024-02-07,PFE,borrow_fee,collateral_basis,"PB notional 35,409,220 vs book 34,714,921 (x1.0200)",-4.960382791157713,collateral_102,True
2024-02-07,PSKY,borrow_fee,collateral_basis,"PB notional 30,643,167 vs book 30,042,321 (x1.0200)",-4.176703720118411,collateral_102,True
2024-02-07,PTEN,borrow_fee,collateral_basis,"PB notional 33,443,479 vs book 32,787,725 (x1.0200)",-9.92190648681111,collateral_102,True
2024-02-07,PTON,borrow_fee,collateral_basis,"PB notional 27,471,067 vs book 26,932,419 (x1.0200)",-11.864498085373839,collateral_102,True
2024-02-07,QFIN,borrow_fee,collateral_basis,"PB notional 35,204,690 vs book 34,514,402 (x1.0200)",-9.3706402117337,collateral_102,True
2024-02-07,REPL,borrow_fee,collateral_basis,"PB notional 33,268,099 vs book 32,615,783 (x1.0200)",-19.145874103703022,collateral_102,True
2024-02-07,RLAY,borrow_fee,collateral_basis,"PB notional 32,874,223 vs book 32,229,630 (x1.0200)",-17.786210982948433,collateral_102,True
2024-02-07,RUM,borrow_fee,collateral_basis,"PB notional 40,938,347 vs book 40,135,635 (x1.0200)",-16.817397677374174,collateral_102,True
2024-02-07,SHLS,borrow_fee,collateral_basis,"PB notional 40,551,640 vs book 39,756,510 (x1.0200)",-54.667181402649476,collateral_102,True
2024-02-07,SMTC,borrow_fee,collateral_basis,"PB notional 34,774,977 vs book 34,093,115 (x1.0200)",-98.39826215392532,collateral_102,True
2024-02-07,SPCE,borrow_fee,collateral_basis,"PB notional 34,597,053 vs book 33,918,680 (x1.0200)",-7.111571604234996,collateral_102,True
2024-02-07,TLRY,borrow_fee,collateral_basis,"PB notional 35,933,253 vs book 35,228,679 (x1.0200)",-13.923724999860838,collateral_102,True
2024-02-07,TSLQ,borrow_fee,collateral_basis,"PB notional 34,725,864 vs book 34,044,965 (x1.0200)",-4.992311719372083,collateral_102,True
2024-02-07,UAA,borrow_fee,collateral_basis,"PB notional 35,157,789 vs book 34,468,421 (x1.0200)",-6.463600955573725,collateral_102,True
2024-02-07,VFC,borrow_fee,collateral_basis,"PB notional 32,361,691 vs book 31,727,148 (x1.0200)",-6.864551829060929,collateral_102,True
2024-02-07,VIR,borrow_fee,collateral_basis,"PB notional 33,534,064 vs book 32,876,533 (x1.0200)",-8.00829366604512,collateral_102,True
2024-02-07,VRDN,borrow_fee,collateral_basis,"PB notional 32,063,334 vs book 31,434,642 (x1.0200)",-16.50027838703295,collateral_102,True
2024-02-08,AA,borrow_fee,collateral_basis,"PB notional 32,406,740 vs book 31,771,314 (x1.0200)",-5.232288896018247,collateral_102,True
2024-02-08,ABCL,borrow_fee,collateral_basis,"PB notional 34,179,729 vs book 33,509,538 (x1.0200)",-122.26471189708991,collateral_102,True
2024-02-08,AES,borrow_fee,collateral_basis,"PB notional 33,791,291 vs book 33,128,717 (x1.0200)",-5.504974532765175,collateral_102,True
2024-02-08,AMLX,borrow_fee,collateral_basis,"PB notional 33,618,267 vs book 32,959,085 (x1.0200)",-7.05305423116414,collateral_102,True
2024-02-08,BABA,borrow_fee,collateral_basis,"PB notional 34,122,408 vs book 33,453,341 (x1.0200)",-4.920240714186974,collateral_102,True
2024-02-08,BCRX,borrow_fee,collateral_basis,"PB notional 34,923,806 vs book 34,239,026 (x1.0200)",-37.58250553021685,collateral_102,True
2024-02-08,BE,borrow_fee,collateral_basis,"PB notional 35,407,225 vs book 34,712,966 (x1.0200)",-27.51764339928718,collateral_102,True
2024-02-08,BEAM,borrow_fee,collateral_basis,"PB notional 40,082,689 vs book 39,296,753 (x1.0200)",-58.83069733377806,collateral_102,True
2024-02-08,BILI,borrow_fee,collateral_basis,"PB notional 37,324,273 vs book 36,592,424 (x1.0200)",-8.030024455709963,collateral_102,True
2024-02-08,BMY,borrow_fee,collateral_basis,"PB notional 34,678,604 vs book 33,998,631 (x1.0200)",-5.015408815192302,collateral_102,True
2024-02-08,BZ,borrow_fee,collateral_basis,"PB notional 35,768,006 vs book 35,066,672 (x1.0200)",-7.306178904642991,collateral_102,True
2024-02-08,CCCC,borrow_fee,collateral_basis,"PB notional 31,639,794 vs book 31,019,406 (x1.0200)",-5.699164613244591,collateral_102,True
2024-02-08,CHWY,borrow_fee,collateral_basis,"PB notional 32,371,486 vs book 31,736,751 (x1.0200)",-5.424189129019737,collateral_102,True
2024-02-08,CNH,borrow_fee,collateral_basis,"PB notional 35,314,402 vs book 34,621,963 (x1.0200)",-5.544891641669494,collateral_102,True
2024-02-08,CSIQ,borrow_fee,collateral_basis,"PB notional 34,745,283 vs book 34,064,003 (x1.0200)",-17.88044987309013,collateral_102,True
2024-02-08,EL,borrow_fee,collateral_basis,"PB notional 37,106,918 vs book 36,379,331 (x1.0200)",-5.237196343731682,collateral_102,True
2024-02-08,ENPH,borrow_fee,collateral_basis,"PB notional 39,052,617 vs book 38,286,880 (x1.0200)",-6.6473658430526825,collateral_102,True
2024-02-08,FCEL,borrow_fee,duplicate_line,2 PB lines vs 1,-363.806267835902,duplicate_fee,True
2024-02-08,FMC,borrow_fee,collateral_basis,"PB notional 32,217,125 vs book 31,585,417 (x1.0200)",-6.141047317603125,collateral_102,True
2024-02-08,GTM,borrow_fee,collateral_basis,"PB notional 32,775,240 vs book 32,132,588 (x1.0200)",-5.70300123767106,collateral_102,True
2024-02-08,HE,borrow_fee,collateral_basis,"PB notional 35,060,766 vs book 34,373,300 (x1.0200)",-15.269311994270197,collateral_102,True
2024-02-08,HRL,borrow_fee,collateral_basis,"PB notional 33,761,453 vs book 33,099,464 (x1.0200)",-5.516577305335318,collateral_102,True
2024-02-08,HTZ,borrow_fee,collateral_basis,"PB notional 36,084,210 vs book 35,376,676 (x1.0200)",-8.128331664848076,collateral_102,True
2024-02-08,IEP,borrow_fee,collateral_basis,"PB notional 36,756,147 vs book 36,035,439 (x1.0200)",-5.782778471079666,collateral_102,True
2024-02-08,JBLU,borrow_fee,collateral_basis,"PB notional 38,003,124 vs book 37,257,965 (x1.0200)",-9.383611176273234,collateral_102,True
2024-02-08,JD,borrow_fee,collateral_basis,"PB notional 34,021,061 vs book 33,353,982 (x1.0200)",-5.099988923764329,collateral_102,True
2024-02-08,LCID,borrow_fee,collateral_basis,"PB notional 36,130,687 vs book 35,422,242 (x1.0200)",-7.700259755813988,collateral_102,True
2024-02-08,MP,borrow_fee,collateral_basis,"PB notional 36,156,926 vs book 35,447,967 (x1.0200)",-14.365577229975315,collateral_102,True
2024-02-08,MRNA,borrow_fee,collateral_basis,"PB notional 32,248,064 vs book 31,615,749 (x1.0200)",-5.558593145484849,collateral_102,True
2024-02-08,MRVI,borrow_fee,collateral_basis,"PB notional 32,752,952 vs book 32,110,737 (x1.0200)",-5.993151396045562,collateral_102,True
2024-02-08,NWL,borrow_fee,collateral_basis,"PB notional 35,336,147 vs book 34,643,282 (x1.0200)",-7.309313273387545,collateral_102,True
2024-02-08,PFE,borrow_fee,collateral_basis,"PB notional 35,422,068 vs book 34,727,518 (x1.0200)",-4.954772540112089,collateral_102,True
2024-02-08,PSKY,borrow_fee,collateral_basis,"PB notional 31,024,716 vs book 30,416,388 (x1.0200)",-4.228709318411518,collateral_102,True
2024-02-08,PTEN,borrow_fee,collateral_basis,"PB notional 33,412,106 vs book 32,756,967 (x1.0200)",-9.912598669059378,collateral_102,True
2024-02-08,PTON,borrow_fee,collateral_basis,"PB notional 28,347,140 vs book 27,791,313 (x1.0200)",-11.840940038891063,collateral_102,True
2024-02-08,QFIN,borrow_fee,collateral_basis,"PB notional 34,234,863 vs book 33,563,591 (x1.0200)",-9.112495492143694,collateral_102,True
2024-02-08,REPL,borrow_fee,collateral_basis,"PB notional 34,613,169 vs book 33,934,479 (x1.0200)",-19.42745446798392,collateral_102,True
2024-02-08,RLAY,borrow_fee,collateral_basis,"PB notional 33,438,428 vs book 32,782,773 (x1.0200)",-17.644165320395587,collateral_102,True
2024-02-08,RUM,borrow_fee,collateral_basis,"PB notional 40,481,216 vs book 39,687,467 (x1.0200)",-16.354361288322707,collateral_102,True
2024-02-08,SHLS,borrow_fee,collateral_basis,"PB notional 40,789,400 vs book 39,989,608 (x1.0200)",-52.30223172424803,collateral_102,True
2024-02-08,SMTC,borrow_fee,collateral_basis,"PB notional 35,529,049 vs book 34,832,401 (x1.0200)",-83.34021400658912,collateral_102,True
2024-02-08,SPCE,borrow_fee,collateral_basis,"PB notional 34,401,589 vs book 33,727,048 (x1.0200)",-7.060285350628305,collateral_102,True
2024-02-08,TLRY,borrow_fee,collateral_basis,"PB notional 35,933,253 vs book 35,228,679 (x1.0200)",-13.354705257691307,collateral_102,True
2024-02-08,TSLQ,borrow_fee,collateral_basis,"PB notional 34,392,600 vs book 33,718,235 (x1.0200)",-4.944400488612359,collateral_102,True
2024-02-08,UAA,borrow_fee,collateral_basis,"PB notional 35,203,450 vs book 34,513,186 (x1.0200)",-6.461829236178858,collateral_102,True
2024-02-08,VFC,borrow_fee,collateral_basis,"PB notional 32,446,241 vs book 31,810,040 (x1.0200)",-6.904159677713153,collateral_102,True
2024-02-08,VIR,borrow_fee,collateral_basis,"PB notional 34,163,287 vs book 33,493,419 (x1.0200)",-8.226927651421192,collateral_102,True
2024-02-08,VRDN,borrow_fee,collateral_basis,"PB notional 32,460,962 vs book 31,824,472 (x1.0200)",-16.42840951020571,collateral_102,True
2024-02-09,AA,borrow_fee,collateral_basis,"PB notional 31,447,754 vs book 30,831,131 (x1.0200)",-5.095190093626314,collateral_102,True
2024-02-09,ABCL,borrow_fee,collateral_basis,"PB notional 34,792,514 vs book 34,110,308 (x1.0200)",-157.3504983225539,collateral_102,True
2024-02-09,AES,borrow_fee,collateral_basis,"PB notional 34,333,617 vs book 33,660,409 (x1.0200)",-5.587755587357776,collateral_102,True
2024-02-09,AMLX,borrow_fee,collateral_basis,"PB notional 35,096,947 vs book 34,408,772 (x1.0200)",-7.363278829577041,collateral_102,True
2024-02-09,BABA,borrow_fee,collateral_basis,"PB notional 34,720,199 vs book 34,039,411 (x1.0200)",-5.001453230145415,collateral_102,True
2024-02-09,BCRX,borrow_fee,collateral_basis,"PB notional 38,403,056 vs book 37,650,055 (x1.0200)",-39.308329429656624,collateral_102,True
2024-02-09,BE,borrow_fee,collateral_basis,"PB notional 35,437,958 vs book 34,743,096 (x1.0200)",-28.955655095206794,collateral_102,True
2024-02-09,BEAM,borrow_fee,collateral_basis,"PB notional 41,423,054 vs book 40,610,837 (x1.0200)",-58.01320763523745,collateral_102,True
2024-02-09,BILI,borrow_fee,collateral_basis,"PB notional 37,899,675 vs book 37,156,544 (x1.0200)",-8.16664585793501,collateral_102,True
2024-02-09,BMY,borrow_fee,collateral_basis,"PB notional 35,461,739 vs book 34,766,411 (x1.0200)",-5.123563072156685,collateral_102,True
2024-02-09,BZ,borrow_fee,collateral_basis,"PB notional 36,093,170 vs book 35,385,461 (x1.0200)",-7.361017905677556,collateral_102,True
2024-02-09,CCCC,borrow_fee,collateral_basis,"PB notional 34,623,620 vs book 33,944,725 (x1.0200)",-6.24644243936558,collateral_102,True
2024-02-09,CHWY,borrow_fee,collateral_basis,"PB notional 33,972,488 vs book 33,306,361 (x1.0200)",-5.683512417402142,collateral_102,True
2024-02-09,CNH,borrow_fee,collateral_basis,"PB notional 35,053,458 vs book 34,366,135 (x1.0200)",-5.514897430270253,collateral_102,True
2024-02-09,CSIQ,borrow_fee,collateral_basis,"PB notional 36,067,714 vs book 35,360,504 (x1.0200)",-18.716533958421337,collateral_102,True
2024-02-09,EL,borrow_fee,collateral_basis,"PB notional 37,784,367 vs book 37,043,497 (x1.0200)",-5.332810129623454,collateral_102,True
2024-02-09,ENPH,borrow_fee,collateral_basis,"PB notional 40,920,382 vs book 40,118,021 (x1.0200)",-6.965288518513432,collateral_102,True
2024-02-09,FCEL,borrow_fee,collateral_basis,"PB notional 39,721,452 vs book 38,942,600 (x1.0200)",-7.912196856716889,collateral_102,True
2024-02-09,FMC,borrow_fee,collateral_basis,"PB notional 32,037,590 vs book 31,409,402 (x1.0200)",-6.097232795907246,collateral_102,True
2024-02-09,GTM,borrow_fee,collateral_basis,"PB notional 33,382,592 vs book 32,728,031 (x1.0200)",-5.845323375378086,collateral_102,True
2024-02-09,HE,borrow_fee,collateral_basis,"PB notional 35,114,418 vs book 34,425,900 (x1.0200)",-15.811768491306907,collateral_102,True
2024-02-09,HRL,borrow_fee,collateral_basis,"PB notional 33,291,749 vs book 32,638,969 (x1.0200)",-5.377857793965461,collateral_102,True
2024-02-09,HTZ,borrow_fee,collateral_basis,"PB notional 35,167,520 vs book 34,477,960 (x1.0200)",-8.12266672819851,collateral_102,True
2024-02-09,IEP,borrow_fee,collateral_basis,"PB notional 36,432,053 vs book 35,717,699 (x1.0200)",-5.726081524964968,collateral_102,True
2024-02-09,JBLU,borrow_fee,collateral_basis,"PB notional 38,920,440 vs book 38,157,294 (x1.0200)",-9.61011191224378,collateral_102,True
2024-02-09,JD,borrow_fee,collateral_basis,"PB notional 34,530,220 vs book 33,853,157 (x1.0200)",-5.181474968374005,collateral_102,True
2024-02-09,LCID,borrow_fee,collateral_basis,"PB notional 36,233,625 vs book 35,523,162 (x1.0200)",-7.734347419768312,collateral_102,True
2024-02-09,MP,borrow_fee,collateral_basis,"PB notional 36,597,056 vs book 35,879,467 (x1.0200)",-14.662295334564078,collateral_102,True
2024-02-09,MRNA,borrow_fee,collateral_basis,"PB notional 30,096,127 vs book 29,506,007 (x1.0200)",-5.187664191813099,collateral_102,True
2024-02-09,MRVI,borrow_fee,collateral_basis,"PB notional 33,112,874 vs book 32,463,602 (x1.0200)",-6.059010139327484,collateral_102,True
2024-02-09,NWL,borrow_fee,collateral_basis,"PB notional 28,645,279 vs book 28,083,607 (x1.0200)",-6.000290057144753,collateral_102,True
2024-02-09,PFE,borrow_fee,collateral_basis,"PB notional 35,409,220 vs book 34,714,921 (x1.0200)",-4.95791241003144,collateral_102,True
2024-02-09,PSKY,borrow_fee,collateral_basis,"PB notional 30,762,400 vs book 30,159,215 (x1.0200)",-4.192955237101671,collateral_102,True
2024-02-09,PTEN,borrow_fee,collateral_basis,"PB notional 32,941,514 vs book 32,295,602 (x1.0200)",-10.020742629590018,collateral_102,True
2024-02-09,PTON,borrow_fee,collateral_basis,"PB notional 28,472,292 vs book 27,914,012 (x1.0200)",-12.296918039462412,collateral_102,True
2024-02-09,QFIN,borrow_fee,collateral_basis,"PB notional 34,525,810 vs book 33,848,834 (x1.0200)",-9.266950464532727,collateral_102,True
2024-02-09,REPL,borrow_fee,collateral_basis,"PB notional 34,792,514 vs book 34,110,308 (x1.0200)",-20.530791898554753,collateral_102,True
2024-02-09,RLAY,borrow_fee,collateral_basis,"PB notional 34,190,698 vs book 33,520,292 (x1.0200)",-18.49847423145627,collateral_102,True
2024-02-09,RUM,borrow_fee,collateral_basis,"PB notional 40,074,881 vs book 39,289,099 (x1.0200)",-16.73975807801719,collateral_102,True
2024-02-09,SHLS,borrow_fee,collateral_basis,"PB notional 43,589,710 vs book 42,735,009 (x1.0200)",-55.89293049894468,collateral_102,True
2024-02-09,SMTC,borrow_fee,collateral_basis,"PB notional 36,826,753 vs book 36,104,660 (x1.0200)",-90.53090205368608,collateral_102,True
2024-02-09,SPCE,borrow_fee,collateral_basis,"PB notional 34,987,978 vs book 34,301,939 (x1.0200)",-7.1919278822571755,collateral_102,True
2024-02-09,TLRY,borrow_fee,collateral_basis,"PB notional 35,743,129 vs book 35,042,283 (x1.0200)",-13.734955208375368,collateral_102,True
2024-02-09,TSLQ,borrow_fee,collateral_basis,"PB notional 33,659,425 vs book 32,999,436 (x1.0200)",-4.843820168566452,collateral_102,True
2024-02-09,UAA,borrow_fee,collateral_basis,"PB notional 36,938,510 vs book 36,214,226 (x1.0200)",-6.780311186515576,collateral_102,True
2024-02-09,VFC,borrow_fee,collateral_basis,"PB notional 32,340,553 vs book 31,706,424 (x1.0200)",-6.881670473011525,collateral_102,True
2024-02-09,VIR,borrow_fee,collateral_basis,"PB notional 34,385,369 vs book 33,711,146 (x1.0200)",-8.075678723387739,collateral_102,True
2024-02-09,VRDN,borrow_fee,collateral_basis,"PB notional 33,473,110 vs book 32,816,775 (x1.0200)",-17.082617978232747,collateral_102,True
2024-02-12,AA,borrow_fee,collateral_basis,"PB notional 32,628,945 vs book 31,989,162 (x1.0200)",-5.27604423002083,collateral_102,True
2024-02-12,ABCL,borrow_fee,collateral_basis,"PB notional 37,175,562 vs book 36,446,629 (x1.0200)",-151.50333886584394,collateral_102,True
2024-02-12,AES,borrow_fee,collateral_basis,"PB notional 35,209,688 vs book 34,519,302 (x1.0200)",-5.730335046867992,collateral_102,True
2024-02-12,AMLX,borrow_fee,collateral_basis,"PB notional 35,336,147 vs book 34,643,281 (x1.0200)",-7.40181749328633,collateral_102,True
2024-02-12,BABA,borrow_fee,collateral_basis,"PB notional 35,260,143 vs book 34,568,767 (x1.0200)",-5.102055133791481,collateral_102,True
2024-02-12,BCRX,borrow_fee,collateral_basis,"PB notional 39,059,518 vs book 38,293,645 (x1.0200)",-42.03306269192581,collateral_102,True
2024-02-12,BE,borrow_fee,collateral_basis,"PB notional 37,866,058 vs book 37,123,586 (x1.0200)",-34.19837782153559,collateral_102,True
2024-02-12,BEAM,borrow_fee,collateral_basis,"PB notional 47,625,821 vs book 46,691,981 (x1.0200)",-80.45940017425119,collateral_102,True
2024-02-12,BILI,borrow_fee,collateral_basis,"PB notional 39,127,194 vs book 38,359,994 (x1.0200)",-8.45770216890719,collateral_102,True
2024-02-12,BMY,borrow_fee,collateral_basis,"PB notional 35,419,022 vs book 34,724,531 (x1.0200)",-5.112295322434761,collateral_102,True
2024-02-12,BZ,borrow_fee,collateral_basis,"PB notional 37,293,773 vs book 36,562,523 (x1.0200)",-7.617840902126147,collateral_102,True
2024-02-12,CCCC,borrow_fee,collateral_basis,"PB notional 38,057,833 vs book 37,311,601 (x1.0200)",-6.801551306527585,collateral_102,True
2024-02-12,CHWY,borrow_fee,collateral_basis,"PB notional 34,226,308 vs book 33,555,204 (x1.0200)",-5.762094928770296,collateral_102,True
2024-02-12,CNH,borrow_fee,collateral_basis,"PB notional 36,010,252 vs book 35,304,169 (x1.0200)",-5.648520099933876,collateral_102,True
2024-02-12,CSIQ,borrow_fee,collateral_basis,"PB notional 37,153,997 vs book 36,425,487 (x1.0200)",-19.280236206917152,collateral_102,True
2024-02-12,EL,borrow_fee,collateral_basis,"PB notional 38,461,820 vs book 37,707,667 (x1.0200)",-5.417618653609168,collateral_102,True
2024-02-12,ENPH,borrow_fee,collateral_basis,"PB notional 43,068,808 vs book 42,224,321 (x1.0200)",-7.2735873470621755,collateral_102,True
2024-02-12,FCEL,borrow_fee,collateral_basis,"PB notional 43,490,642 vs book 42,637,885 (x1.0200)",-8.622230247634036,collateral_102,True
2024-02-12,FMC,borrow_fee,collateral_basis,"PB notional 33,189,087 vs book 32,538,320 (x1.0200)",-6.286661242732293,collateral_102,True
2024-02-12,GTM,borrow_fee,collateral_basis,"PB notional 34,749,131 vs book 34,067,775 (x1.0200)",-6.065505295085757,collateral_102,True
2024-02-12,HE,borrow_fee,collateral_basis,"PB notional 36,616,638 vs book 35,898,664 (x1.0200)",-16.488207132064986,collateral_102,True
2024-02-12,HRL,borrow_fee,collateral_basis,"PB notional 33,910,385 vs book 33,245,476 (x1.0200)",-5.472335864110846,collateral_102,True
2024-02-12,HTZ,borrow_fee,collateral_basis,"PB notional 36,167,547 vs book 35,458,379 (x1.0200)",-8.423647326527202,collateral_102,True
2024-02-12,IEP,borrow_fee,collateral_basis,"PB notional 36,851,468 vs book 36,128,890 (x1.0200)",-5.797775073846651,collateral_102,True
2024-02-12,JBLU,borrow_fee,collateral_basis,"PB notional 39,772,235 vs book 38,992,387 (x1.0200)",-9.902729708699269,collateral_102,True
2024-02-12,JD,borrow_fee,collateral_basis,"PB notional 35,317,102 vs book 34,624,610 (x1.0200)",-5.29163759159843,collateral_102,True
2024-02-12,LCID,borrow_fee,collateral_basis,"PB notional 36,954,181 vs book 36,229,590 (x1.0200)",-9.355930064504776,collateral_102,True
2024-02-12,MP,borrow_fee,collateral_basis,"PB notional 37,631,372 vs book 36,893,502 (x1.0200)",-14.951392060243961,collateral_102,True
2024-02-12,MRNA,borrow_fee,collateral_basis,"PB notional 30,643,579 vs book 30,042,724 (x1.0200)",-5.29033835417539,collateral_102,True
2024-02-12,MRVI,borrow_fee,collateral_basis,"PB notional 32,992,900 vs book 32,345,980 (x1.0200)",-6.046555142749128,collateral_102,True
2024-02-12,NWL,borrow_fee,collateral_basis,"PB notional 30,485,269 vs book 29,887,518 (x1.0200)",-6.345681993794017,collateral_102,True
2024-02-12,PFE,borrow_fee,collateral_basis,"PB notional 35,537,701 vs book 34,840,883 (x1.0200)",-4.975902001537406,collateral_102,True
2024-02-12,PSKY,borrow_fee,collateral_basis,"PB notional 31,978,588 vs book 31,351,557 (x1.0200)",-4.358723314144186,collateral_102,True
2024-02-12,PTEN,borrow_fee,collateral_basis,"PB notional 32,816,023 vs book 32,172,571 (x1.0200)",-9.98256840835927,collateral_102,True
2024-02-12,PTON,borrow_fee,collateral_basis,"PB notional 30,099,279 vs book 29,509,097 (x1.0200)",-12.999598370703893,collateral_102,True
2024-02-12,QFIN,borrow_fee,collateral_basis,"PB notional 36,004,797 vs book 35,298,820 (x1.0200)",-9.744903660704438,collateral_102,True
2024-02-12,REPL,borrow_fee,collateral_basis,"PB notional 35,644,391 vs book 34,945,481 (x1.0200)",-21.56670326706694,collateral_102,True
2024-02-12,RLAY,borrow_fee,collateral_basis,"PB notional 35,620,012 vs book 34,921,581 (x1.0200)",-19.271788005596818,collateral_102,True
2024-02-12,RUM,borrow_fee,collateral_basis,"PB notional 37,687,658 vs book 36,948,685 (x1.0200)",-16.141681323702073,collateral_102,True
2024-02-12,SHLS,borrow_fee,collateral_basis,"PB notional 44,963,447 vs book 44,081,811 (x1.0200)",-60.614685952773925,collateral_102,True
2024-02-12,SMTC,borrow_fee,collateral_basis,"PB notional 36,844,290 vs book 36,121,853 (x1.0200)",-94.92180711811761,collateral_102,True
2024-02-12,SPCE,borrow_fee,collateral_basis,"PB notional 36,551,689 vs book 35,834,989 (x1.0200)",-7.431129830313864,collateral_102,True
2024-02-12,TLRY,borrow_fee,collateral_basis,"PB notional 35,933,253 vs book 35,228,679 (x1.0200)",-37.712733740369686,collateral_102,True
2024-02-12,TSLQ,borrow_fee,collateral_basis,"PB notional 34,678,254 vs book 33,998,288 (x1.0200)",-5.41525188739223,collateral_102,True
2024-02-12,UAA,borrow_fee,collateral_basis,"PB notional 38,079,997 vs book 37,333,330 (x1.0200)",-6.891640702108191,collateral_102,True
2024-02-12,VFC,borrow_fee,collateral_basis,"PB notional 36,864,003 vs book 36,141,180 (x1.0200)",-7.7340041778461455,collateral_102,True
2024-02-12,VIR,borrow_fee,collateral_basis,"PB notional 36,050,967 vs book 35,344,085 (x1.0200)",-8.466857829968433,collateral_102,True
2024-02-12,VRDN,borrow_fee,collateral_basis,"PB notional 35,569,698 vs book 34,872,253 (x1.0200)",-18.001732775917844,collateral_102,True
2024-02-13,AA,borrow_fee,collateral_basis,"PB notional 30,231,479 vs book 29,638,705 (x1.0200)",-4.895688880864185,collateral_102,True
2024-02-13,ABCL,borrow_fee,collateral_basis,"PB notional 34,792,514 vs book 34,110,308 (x1.0200)",-64.55723164848087,collateral_102,True
2024-02-13,AES,borrow_fee,collateral_basis,"PB notional 33,374,113 vs book 32,719,719 (x1.0200)",-5.770805368814877,collateral_102,True
2024-02-13,AMLX,borrow_fee,collateral_basis,"PB notional 32,531,001 vs book 31,893,138 (x1.0200)",-8.03245172986459,collateral_102,True
2024-02-13,BABA,borrow_fee,collateral_basis,"PB notional 34,517,722 vs book 33,840,904 (x1.0200)",-4.950043875651573,collateral_102,True
2024-02-13,BCRX,borrow_fee,collateral_basis,"PB notional 34,923,806 vs book 34,239,026 (x1.0200)",-103.56297925986291,collateral_102,True
2024-02-13,BE,borrow_fee,collateral_basis,"PB notional 34,577,367 vs book 33,899,379 (x1.0200)",-18.093515412189845,collateral_102,True
2024-02-13,BEAM,borrow_fee,collateral_basis,"PB notional 42,749,163 vs book 41,910,944 (x1.0200)",-48.365660936222866,collateral_102,True
2024-02-13,BILI,borrow_fee,collateral_basis,"PB notional 36,940,675 vs book 36,216,348 (x1.0200)",-7.689411596656271,collateral_102,True
2024-02-13,BMY,borrow_fee,collateral_basis,"PB notional 34,678,604 vs book 33,998,631 (x1.0200)",-5.090923898037346,collateral_102,True
2024-02-13,BZ,borrow_fee,collateral_basis,"PB notional 35,818,030 vs book 35,115,715 (x1.0200)",-6.4924728523307635,collateral_102,True
2024-02-13,CCCC,borrow_fee,collateral_basis,"PB notional 36,762,966 vs book 36,042,123 (x1.0200)",-5.914969513581013,collateral_102,True
2024-02-13,CHWY,borrow_fee,collateral_basis,"PB notional 32,644,827 vs book 32,004,732 (x1.0200)",-6.0205033247249276,collateral_102,True
2024-02-13,CNH,borrow_fee,collateral_basis,"PB notional 34,270,625 vs book 33,598,652 (x1.0200)",-5.445721691864378,collateral_102,True
2024-02-13,CSIQ,borrow_fee,collateral_basis,"PB notional 34,461,905 vs book 33,786,181 (x1.0200)",-14.760086172597653,collateral_102,True
2024-02-13,EL,borrow_fee,collateral_basis,"PB notional 37,473,321 vs book 36,738,550 (x1.0200)",-5.379250799481781,collateral_102,True
2024-02-13,ENPH,borrow_fee,collateral_basis,"PB notional 41,284,577 vs book 40,475,076 (x1.0200)",-7.217613303139274,collateral_102,True
2024-02-13,FCEL,borrow_fee,collateral_basis,"PB notional 39,141,578 vs book 38,374,096 (x1.0200)",-7.882961016510706,collateral_102,True
2024-02-13,FMC,borrow_fee,collateral_basis,"PB notional 31,876,629 vs book 31,251,597 (x1.0200)",-6.349570704634573,collateral_102,True
2024-02-13,GTM,borrow_fee,collateral_basis,"PB notional 39,738,080 vs book 38,958,902 (x1.0200)",-7.2257142506845184,collateral_102,True
2024-02-13,HE,borrow_fee,collateral_basis,"PB notional 35,168,067 vs book 34,478,498 (x1.0200)",-22.93818798590337,collateral_102,True
2024-02-13,HRL,borrow_fee,collateral_basis,"PB notional 32,902,237 vs book 32,257,095 (x1.0200)",-5.338819242023931,collateral_102,True
2024-02-13,HTZ,borrow_fee,collateral_basis,"PB notional 31,584,101 vs book 30,964,805 (x1.0200)",-8.76513040055562,collateral_102,True
2024-02-13,IEP,borrow_fee,collateral_basis,"PB notional 38,014,397 vs book 37,269,017 (x1.0200)",-6.0195929474541,collateral_102,True
2024-02-13,JBLU,borrow_fee,collateral_basis,"PB notional 48,355,698 vs book 47,407,548 (x1.0200)",-9.908517648794316,collateral_102,True
2024-02-13,JD,borrow_fee,collateral_basis,"PB notional 34,144,493 vs book 33,474,994 (x1.0200)",-5.154313646704054,collateral_102,True
2024-02-13,LCID,borrow_fee,collateral_basis,"PB notional 34,174,897 vs book 33,504,801 (x1.0200)",-7.507904717947724,collateral_102,True
2024-02-13,MP,borrow_fee,collateral_basis,"PB notional 34,000,273 vs book 33,333,601 (x1.0200)",-15.962411669788935,collateral_102,True
2024-02-13,MRNA,borrow_fee,collateral_basis,"PB notional 29,393,735 vs book 28,817,387 (x1.0200)",-5.4722956647072465,collateral_102,True
2024-02-13,MRVI,borrow_fee,collateral_basis,"PB notional 30,833,364 vs book 30,228,788 (x1.0200)",-6.074545670270766,collateral_102,True
2024-02-13,NWL,borrow_fee,collateral_basis,"PB notional 30,777,995 vs book 30,174,505 (x1.0200)",-6.426789138035019,collateral_102,True
2024-02-13,PFE,borrow_fee,collateral_basis,"PB notional 34,651,185 vs book 33,971,750 (x1.0200)",-4.873575072777925,collateral_102,True
2024-02-13,PSKY,borrow_fee,collateral_basis,"PB notional 31,000,869 vs book 30,393,009 (x1.0200)",-4.225458891023749,collateral_102,True
2024-02-13,PTEN,borrow_fee,collateral_basis,"PB notional 32,408,175 vs book 31,772,721 (x1.0200)",-7.485338954451208,collateral_102,True
2024-02-13,PTON,borrow_fee,collateral_basis,"PB notional 27,846,525 vs book 27,300,515 (x1.0200)",-13.293384521873463,collateral_102,True
2024-02-13,QFIN,borrow_fee,collateral_basis,"PB notional 36,465,463 vs book 35,750,454 (x1.0200)",-6.842426465323626,collateral_102,True
2024-02-13,REPL,borrow_fee,collateral_basis,"PB notional 32,079,953 vs book 31,450,934 (x1.0200)",-14.445370895441897,collateral_102,True
2024-02-13,RLAY,borrow_fee,collateral_basis,"PB notional 33,814,561 vs book 33,151,531 (x1.0200)",-14.726577408331082,collateral_102,True
2024-02-13,RUM,borrow_fee,collateral_basis,"PB notional 35,046,475 vs book 34,359,289 (x1.0200)",-8.799206210977331,collateral_102,True
2024-02-13,SHLS,borrow_fee,collateral_basis,"PB notional 41,000,746 vs book 40,196,810 (x1.0200)",-60.17816115057849,collateral_102,True
2024-02-13,SMTC,borrow_fee,collateral_basis,"PB notional 33,810,468 vs book 33,147,518 (x1.0200)",-72.21001500983948,collateral_102,True
2024-02-13,SPCE,borrow_fee,collateral_basis,"PB notional 33,619,735 vs book 32,960,525 (x1.0200)",-6.8028910377258285,collateral_102,True
2024-02-13,TLRY,borrow_fee,collateral_basis,"PB notional 33,651,779 vs book 32,991,940 (x1.0200)",-47.12949503742357,collateral_102,True
2024-02-13,TSLQ,borrow_fee,collateral_basis,"PB notional 35,411,429 vs book 34,717,087 (x1.0200)",-5.526988330430811,collateral_102,True
2024-02-13,UAA,borrow_fee,collateral_basis,"PB notional 36,436,255 vs book 35,721,819 (x1.0200)",-6.5219938317791275,collateral_102,True
2024-02-13,VFC,borrow_fee,collateral_basis,"PB notional 34,750,242 vs book 34,068,864 (x1.0200)",-7.762789712872461,collateral_102,True
2024-02-13,VIR,borrow_fee,collateral_basis,"PB notional 32,756,784 vs book 32,114,495 (x1.0200)",-6.786429876222769,collateral_102,True
2024-02-13,VRDN,borrow_fee,collateral_basis,"PB notional 32,063,334 vs book 31,434,642 (x1.0200)",-16.363155050404544,collateral_102,True
2024-02-14,AA,borrow_fee,collateral_basis,"PB notional 31,330,806 vs book 30,716,476 (x1.0200)",-5.072514235181245,collateral_102,True
2024-02-14,ABCL,borrow_fee,collateral_basis,"PB notional 35,541,470 vs book 34,844,578 (x1.0200)",-72.55996664500071,collateral_102,True
2024-02-14,AES,borrow_fee,collateral_basis,"PB notional 33,666,136 vs book 33,006,015 (x1.0200)",-5.85292159442298,collateral_102,True
2024-02-14,AMLX,borrow_fee,collateral_basis,"PB notional 32,770,198 vs book 32,127,645 (x1.0200)",-8.174848439070047,collateral_102,True
2024-02-14,BABA,borrow_fee,collateral_basis,"PB notional 35,380,666 vs book 34,686,927 (x1.0200)",-5.0784866873640055,collateral_102,True
2024-02-14,BCRX,borrow_fee,collateral_basis,"PB notional 36,564,962 vs book 35,848,002 (x1.0200)",-108.56846265337663,collateral_102,True
2024-02-14,BE,borrow_fee,collateral_basis,"PB notional 35,991,197 vs book 35,285,487 (x1.0200)",-18.850070979804286,collateral_102,True
2024-02-14,BEAM,borrow_fee,collateral_basis,"PB notional 44,617,123 vs book 43,742,278 (x1.0200)",-49.306695063578445,collateral_102,True
2024-02-14,BILI,borrow_fee,collateral_basis,"PB notional 38,475,073 vs book 37,720,660 (x1.0200)",-7.9998787194830925,collateral_102,True
2024-02-14,BMY,borrow_fee,collateral_basis,"PB notional 34,806,753 vs book 34,124,268 (x1.0200)",-5.1117545875188455,collateral_102,True
2024-02-14,BZ,borrow_fee,collateral_basis,"PB notional 36,843,546 vs book 36,121,123 (x1.0200)",-6.68265884651106,collateral_102,True
2024-02-14,CCCC,borrow_fee,collateral_basis,"PB notional 41,154,253 vs book 40,347,307 (x1.0200)",-6.616704930072444,collateral_102,True
2024-02-14,CHWY,borrow_fee,collateral_basis,"PB notional 34,050,588 vs book 33,382,929 (x1.0200)",-6.313317040556285,collateral_102,True
2024-02-14,CNH,borrow_fee,collateral_basis,"PB notional 36,387,171 vs book 35,673,697 (x1.0200)",-5.7808302170709,collateral_102,True
2024-02-14,CSIQ,borrow_fee,collateral_basis,"PB notional 36,540,009 vs book 35,823,538 (x1.0200)",-15.931664645549631,collateral_102,True
2024-02-14,EL,borrow_fee,collateral_basis,"PB notional 37,602,483 vs book 36,865,179 (x1.0200)",-5.410844763891134,collateral_102,True
2024-02-14,ENPH,borrow_fee,collateral_basis,"PB notional 43,977,630 vs book 43,115,324 (x1.0200)",-7.693756474652048,collateral_102,True
2024-02-14,FCEL,borrow_fee,collateral_basis,"PB notional 40,881,203 vs book 40,079,611 (x1.0200)",-8.237429947231249,collateral_102,True
2024-02-14,FMC,borrow_fee,collateral_basis,"PB notional 31,653,759 vs book 31,033,097 (x1.0200)",-6.328261051286461,collateral_102,True
2024-02-14,GTM,borrow_fee,collateral_basis,"PB notional 39,282,569 vs book 38,512,323 (x1.0200)",-7.15868315027933,collateral_102,True
2024-02-14,HE,borrow_fee,collateral_basis,"PB notional 33,451,245 vs book 32,795,338 (x1.0200)",-21.327700398612023,collateral_102,True
2024-02-14,HRL,borrow_fee,collateral_basis,"PB notional 32,993,887 vs book 32,346,948 (x1.0200)",-5.352410039788367,collateral_102,True
2024-02-14,HTZ,borrow_fee,collateral_basis,"PB notional 32,209,116 vs book 31,577,565 (x1.0200)",-8.954268417093488,collateral_102,True
2024-02-14,IEP,borrow_fee,collateral_basis,"PB notional 38,776,972 vs book 38,016,639 (x1.0200)",-6.148251477081828,collateral_102,True
2024-02-14,JBLU,borrow_fee,collateral_basis,"PB notional 47,176,289 vs book 46,251,264 (x1.0200)",-9.717106417937202,collateral_102,True
2024-02-14,JD,borrow_fee,collateral_basis,"PB notional 35,702,828 vs book 35,002,773 (x1.0200)",-5.39684361945433,collateral_102,True
2024-02-14,LCID,borrow_fee,collateral_basis,"PB notional 35,513,070 vs book 34,816,735 (x1.0200)",-7.9494703335120676,collateral_102,True
2024-02-14,MP,borrow_fee,collateral_basis,"PB notional 34,946,560 vs book 34,261,333 (x1.0200)",-16.561121732083734,collateral_102,True
2024-02-14,MRNA,borrow_fee,collateral_basis,"PB notional 29,593,433 vs book 29,013,169 (x1.0200)",-5.521480056818916,collateral_102,True
2024-02-14,MRVI,borrow_fee,collateral_basis,"PB notional 30,893,352 vs book 30,287,600 (x1.0200)",-6.080036632023507,collateral_102,True
2024-02-14,NWL,borrow_fee,collateral_basis,"PB notional 31,823,443 vs book 31,199,454 (x1.0200)",-6.627243104786771,collateral_102,True
2024-02-14,PFE,borrow_fee,collateral_basis,"PB notional 34,831,059 vs book 34,148,097 (x1.0200)",-4.898657408635586,collateral_102,True
2024-02-14,PSKY,borrow_fee,collateral_basis,"PB notional 31,453,957 vs book 30,837,213 (x1.0200)",-4.287209634328491,collateral_102,True
2024-02-14,PTEN,borrow_fee,collateral_basis,"PB notional 32,439,549 vs book 31,803,479 (x1.0200)",-7.633794608104779,collateral_102,True
2024-02-14,PTON,borrow_fee,collateral_basis,"PB notional 29,473,515 vs book 28,895,603 (x1.0200)",-14.202206283051623,collateral_102,True
2024-02-14,QFIN,borrow_fee,collateral_basis,"PB notional 37,120,097 vs book 36,392,252 (x1.0200)",-6.969416816158969,collateral_102,True
2024-02-14,REPL,borrow_fee,collateral_basis,"PB notional 30,802,134 vs book 30,198,170 (x1.0200)",-14.118514336458816,collateral_102,True
2024-02-14,RLAY,borrow_fee,collateral_basis,"PB notional 37,199,781 vs book 36,470,373 (x1.0200)",-15.687573067780363,collateral_102,True
2024-02-14,RUM,borrow_fee,collateral_basis,"PB notional 36,214,691 vs book 35,504,599 (x1.0200)",-9.26282085649433,collateral_102,True
2024-02-14,SHLS,borrow_fee,collateral_basis,"PB notional 42,902,841 vs book 42,061,609 (x1.0200)",-63.11106154720119,collateral_102,True
2024-02-14,SMTC,borrow_fee,collateral_basis,"PB notional 35,529,049 vs book 34,832,401 (x1.0200)",-76.01160155930165,collateral_102,True
2024-02-14,SPCE,borrow_fee,collateral_basis,"PB notional 38,115,396 vs book 37,368,035 (x1.0200)",-7.644042999756607,collateral_102,True
2024-02-14,TLRY,borrow_fee,collateral_basis,"PB notional 34,982,638 vs book 34,296,704 (x1.0200)",-47.21931007949752,collateral_102,True
2024-02-14,TSLQ,borrow_fee,collateral_basis,"PB notional 34,511,622 vs book 33,834,924 (x1.0200)",-5.409710443715767,collateral_102,True
2024-02-14,UAA,borrow_fee,collateral_basis,"PB notional 37,988,676 vs book 37,243,800 (x1.0200)",-6.825763938264174,collateral_102,True
2024-02-14,VFC,borrow_fee,collateral_basis,"PB notional 36,356,701 vs book 35,643,824 (x1.0200)",-8.070773627974745,collateral_102,True
2024-02-14,VIR,borrow_fee,collateral_basis,"PB notional 36,236,034 vs book 35,525,524 (x1.0200)",-7.45198634912515,collateral_102,True
2024-02-14,VRDN,borrow_fee,collateral_basis,"PB notional 33,093,554 vs book 32,444,661 (x1.0200)",-16.9044973473284,collateral_102,True
2024-02-15,AA,borrow_fee,collateral_basis,"PB notional 32,032,502 vs book 31,404,414 (x1.0200)",-5.1990357514128505,collateral_102,True
2024-02-15,ABCL,borrow_fee,collateral_basis,"PB notional 35,949,995 vs book 35,245,093 (x1.0200)",-63.77591592009048,collateral_102,True
2024-02-15,AES,borrow_fee,collateral_basis,"PB notional 35,001,103 vs book 34,314,807 (x1.0200)",-6.085008183847265,collateral_102,True
2024-02-15,AMLX,borrow_fee,collateral_basis,"PB notional 33,444,304 vs book 32,788,534 (x1.0200)",-8.483232462291824,collateral_102,True
2024-02-15,BABA,borrow_fee,collateral_basis,"PB notional 35,587,965 vs book 34,890,162 (x1.0200)",-5.082893413037937,collateral_102,True
2024-02-15,BCRX,borrow_fee,collateral_basis,"PB notional 37,024,484 vs book 36,298,514 (x1.0200)",-100.10559636108519,collateral_102,True
2024-02-15,BE,borrow_fee,collateral_basis,"PB notional 36,790,319 vs book 36,068,940 (x1.0200)",-20.700273091520558,collateral_102,True
2024-02-15,BEAM,borrow_fee,collateral_basis,"PB notional 47,083,969 vs book 46,160,754 (x1.0200)",-50.7480720671424,collateral_102,True
2024-02-15,BILI,borrow_fee,collateral_basis,"PB notional 38,897,036 vs book 38,134,349 (x1.0200)",-8.176981378337246,collateral_102,True
2024-02-15,BMY,borrow_fee,collateral_basis,"PB notional 35,198,320 vs book 34,508,156 (x1.0200)",-5.166689545052407,collateral_102,True
2024-02-15,BZ,borrow_fee,collateral_basis,"PB notional 37,218,736 vs book 36,488,957 (x1.0200)",-6.771939660057058,collateral_102,True
2024-02-15,CCCC,borrow_fee,collateral_basis,"PB notional 44,475,869 vs book 43,603,793 (x1.0200)",-7.143637307656377,collateral_102,True
2024-02-15,CHWY,borrow_fee,collateral_basis,"PB notional 34,089,634 vs book 33,421,209 (x1.0200)",-6.501710269909722,collateral_102,True
2024-02-15,CNH,borrow_fee,collateral_basis,"PB notional 35,807,297 vs book 35,105,193 (x1.0200)",-5.688705521992233,collateral_102,True
2024-02-15,CSIQ,borrow_fee,collateral_basis,"PB notional 37,484,603 vs book 36,749,611 (x1.0200)",-16.61820000804039,collateral_102,True
2024-02-15,EL,borrow_fee,collateral_basis,"PB notional 38,306,297 vs book 37,555,193 (x1.0200)",-5.512120815718163,collateral_102,True
2024-02-15,ENPH,borrow_fee,collateral_basis,"PB notional 45,571,411 vs book 44,677,854 (x1.0200)",-7.985109697806536,collateral_102,True
2024-02-15,FCEL,borrow_fee,collateral_basis,"PB notional 40,591,266 vs book 39,795,359 (x1.0200)",-8.426645998776564,collateral_102,True
2024-02-15,FMC,borrow_fee,collateral_basis,"PB notional 32,031,400 vs book 31,403,334 (x1.0200)",-6.433990342294578,collateral_102,True
2024-02-15,GTM,borrow_fee,collateral_basis,"PB notional 38,089,557 vs book 37,342,703 (x1.0200)",-6.984999022737213,collateral_102,True
2024-02-15,HE,borrow_fee,collateral_basis,"PB notional 35,463,148 vs book 34,767,792 (x1.0200)",-22.052162687590226,collateral_102,True
2024-02-15,HRL,borrow_fee,collateral_basis,"PB notional 33,349,031 vs book 32,695,128 (x1.0200)",-5.4207989871900395,collateral_102,True
2024-02-15,HTZ,borrow_fee,collateral_basis,"PB notional 32,750,797 vs book 32,108,624 (x1.0200)",-9.492258902133358,collateral_102,True
2024-02-15,IEP,borrow_fee,collateral_basis,"PB notional 40,016,157 vs book 39,231,526 (x1.0200)",-6.325819890353898,collateral_102,True
2024-02-15,JBLU,borrow_fee,collateral_basis,"PB notional 46,914,199 vs book 45,994,313 (x1.0200)",-9.723993565697072,collateral_102,True
2024-02-15,JD,borrow_fee,collateral_basis,"PB notional 36,350,849 vs book 35,638,087 (x1.0200)",-5.4866041284185485,collateral_102,True
2024-02-15,LCID,borrow_fee,collateral_basis,"PB notional 37,365,925 vs book 36,633,260 (x1.0200)",-7.966881953750999,collateral_102,True
2024-02-15,MP,borrow_fee,collateral_basis,"PB notional 36,354,986 vs book 35,642,143 (x1.0200)",-17.66473586514303,collateral_102,True
2024-02-15,MRNA,borrow_fee,collateral_basis,"PB notional 31,380,402 vs book 30,765,100 (x1.0200)",-5.818238072908741,collateral_102,True
2024-02-15,MRVI,borrow_fee,collateral_basis,"PB notional 32,872,926 vs book 32,228,359 (x1.0200)",-6.489976237215956,collateral_102,True
2024-02-15,NWL,borrow_fee,collateral_basis,"PB notional 33,454,341 vs book 32,798,374 (x1.0200)",-6.9559496642307295,collateral_102,True
2024-02-15,PFE,borrow_fee,collateral_basis,"PB notional 35,344,980 vs book 34,651,941 (x1.0200)",-4.970935573543329,collateral_102,True
2024-02-15,PSKY,borrow_fee,collateral_basis,"PB notional 30,023,149 vs book 29,434,460 (x1.0200)",-4.092188905801578,collateral_102,True
2024-02-15,PTEN,borrow_fee,collateral_basis,"PB notional 36,863,123 vs book 36,140,316 (x1.0200)",-8.18319351176774,collateral_102,True
2024-02-15,PTON,borrow_fee,collateral_basis,"PB notional 29,160,631 vs book 28,588,854 (x1.0200)",-14.287602903404036,collateral_102,True
2024-02-15,QFIN,borrow_fee,collateral_basis,"PB notional 36,901,885 vs book 36,178,319 (x1.0200)",-7.016010781830801,collateral_102,True
2024-02-15,REPL,borrow_fee,collateral_basis,"PB notional 34,344,155 vs book 33,670,740 (x1.0200)",-15.481836161912156,collateral_102,True
2024-02-15,RLAY,borrow_fee,collateral_basis,"PB notional 40,133,635 vs book 39,346,701 (x1.0200)",-16.099344291976195,collateral_102,True
2024-02-15,RUM,borrow_fee,collateral_basis,"PB notional 38,652,706 vs book 37,894,810 (x1.0200)",-6.159112108978093,collateral_102,True
2024-02-15,SHLS,borrow_fee,collateral_basis,"PB notional 43,536,872 vs book 42,683,208 (x1.0200)",-58.765753996635794,collateral_102,True
2024-02-15,SMTC,borrow_fee,collateral_basis,"PB notional 34,967,880 vs book 34,282,235 (x1.0200)",-78.39713845039341,collateral_102,True
2024-02-15,SPCE,borrow_fee,collateral_basis,"PB notional 37,529,007 vs book 36,793,144 (x1.0200)",-7.609608495879456,collateral_102,True
2024-02-15,TLRY,borrow_fee,collateral_basis,"PB notional 35,172,761 vs book 34,483,099 (x1.0200)",-28.7949717963279,collateral_102,True
2024-02-15,TSLQ,borrow_fee,collateral_basis,"PB notional 32,364,467 vs book 31,729,869 (x1.0200)",-5.139185891706404,collateral_102,True
2024-02-15,UAA,borrow_fee,collateral_basis,"PB notional 37,714,721 vs book 36,975,217 (x1.0200)",-6.819227654816132,collateral_102,True
2024-02-15,VFC,borrow_fee,collateral_basis,"PB notional 36,039,634 vs book 35,332,974 (x1.0200)",-8.202928170973621,collateral_102,True
2024-02-15,VIR,borrow_fee,collateral_basis,"PB notional 38,160,728 vs book 37,412,479 (x1.0200)",-7.860131963161848,collateral_102,True
2024-02-15,VRDN,borrow_fee,collateral_basis,"PB notional 34,756,365 vs book 34,074,868 (x1.0200)",-17.90245065939689,collateral_102,True
2024-02-16,AA,borrow_fee,collateral_basis,"PB notional 32,044,197 vs book 31,415,880 (x1.0200)",-5.203521881218705,collateral_102,True
2024-02-16,ABCL,borrow_fee,collateral_basis,"PB notional 36,358,517 vs book 35,645,605 (x1.0200)",-64.50064151741435,collateral_102,True
2024-02-16,AES,borrow_fee,collateral_basis,"PB notional 34,980,244 vs book 34,294,356 (x1.0200)",-6.110090580979943,collateral_102,True
2024-02-16,AMLX,borrow_fee,collateral_basis,"PB notional 34,531,570 vs book 33,854,481 (x1.0200)",-8.759020251601612,collateral_102,True
2024-02-16,BABA,borrow_fee,collateral_basis,"PB notional 35,631,355 vs book 34,932,701 (x1.0200)",-5.091622940442193,collateral_102,True
2024-02-16,BCRX,borrow_fee,collateral_basis,"PB notional 38,862,581 vs book 38,100,569 (x1.0200)",-105.07538158229636,collateral_102,True
2024-02-16,BE,borrow_fee,collateral_basis,"PB notional 30,366,612 vs book 29,771,188 (x1.0200)",-16.1715484464454,collateral_102,True
2024-02-16,BEAM,borrow_fee,collateral_basis,"PB notional 46,912,860 vs book 45,993,000 (x1.0200)",-48.09752196675936,collateral_102,True
2024-02-16,BILI,borrow_fee,collateral_basis,"PB notional 39,740,953 vs book 38,961,719 (x1.0200)",-8.315136793701527,collateral_102,True
2024-02-16,BMY,borrow_fee,collateral_basis,"PB notional 35,497,336 vs book 34,801,310 (x1.0200)",-5.2131742694932655,collateral_102,True
2024-02-16,BZ,borrow_fee,collateral_basis,"PB notional 37,193,723 vs book 36,464,434 (x1.0200)",-6.778020910451346,collateral_102,True
2024-02-16,CCCC,borrow_fee,collateral_basis,"PB notional 44,926,257 vs book 44,045,350 (x1.0200)",-7.230350999999985,collateral_102,True
2024-02-16,CHWY,borrow_fee,collateral_basis,"PB notional 32,801,022 vs book 32,157,865 (x1.0200)",-6.265770040493408,collateral_102,True
2024-02-16,CNH,borrow_fee,collateral_basis,"PB notional 35,227,419 vs book 34,536,685 (x1.0200)",-5.607727925201971,collateral_102,True
2024-02-16,CSIQ,borrow_fee,collateral_basis,"PB notional 36,114,944 vs book 35,406,808 (x1.0200)",-16.010983855955942,collateral_102,True
2024-02-16,EL,borrow_fee,collateral_basis,"PB notional 38,583,073 vs book 37,826,543 (x1.0200)",-5.551947813228196,collateral_102,True
2024-02-16,ENPH,borrow_fee,collateral_basis,"PB notional 44,061,162 vs book 43,197,217 (x1.0200)",-7.805790784920362,collateral_102,True
2024-02-16,FCEL,borrow_fee,collateral_basis,"PB notional 40,011,392 vs book 39,226,855 (x1.0200)",-8.332386455366986,collateral_102,True
2024-02-16,FMC,borrow_fee,collateral_basis,"PB notional 32,402,850 vs book 31,767,500 (x1.0200)",-6.5290692302316415,collateral_102,True
2024-02-16,GTM,borrow_fee,collateral_basis,"PB notional 37,937,720 vs book 37,193,843 (x1.0200)",-6.957154614148919,collateral_102,True
2024-02-16,HE,borrow_fee,collateral_basis,"PB notional 35,141,244 vs book 34,452,200 (x1.0200)",-21.851991965548677,collateral_102,True
2024-02-16,HRL,borrow_fee,collateral_basis,"PB notional 33,211,556 vs book 32,560,349 (x1.0200)",-5.398452700204928,collateral_102,True
2024-02-16,HTZ,borrow_fee,collateral_basis,"PB notional 32,209,116 vs book 31,577,565 (x1.0200)",-10.666821357901654,collateral_102,True
2024-02-16,IEP,borrow_fee,collateral_basis,"PB notional 40,454,637 vs book 39,661,409 (x1.0200)",-6.401501450596982,collateral_102,True
2024-02-16,JBLU,borrow_fee,collateral_basis,"PB notional 45,603,748 vs book 44,709,557 (x1.0200)",-9.526861715012558,collateral_102,True
2024-02-16,JD,borrow_fee,collateral_basis,"PB notional 37,369,166 vs book 36,636,437 (x1.0200)",-5.648727407311014,collateral_102,True
2024-02-16,LCID,borrow_fee,collateral_basis,"PB notional 38,189,415 vs book 37,440,603 (x1.0200)",-14.094506811917768,collateral_102,True
2024-02-16,MP,borrow_fee,collateral_basis,"PB notional 36,421,003 vs book 35,706,866 (x1.0200)",-17.4042978848737,collateral_102,True
2024-02-16,MRNA,borrow_fee,collateral_basis,"PB notional 30,426,665 vs book 29,830,063 (x1.0200)",-5.676942700534482,collateral_102,True
2024-02-16,MRVI,borrow_fee,collateral_basis,"PB notional 31,853,145 vs book 31,228,573 (x1.0200)",-6.318332035418791,collateral_102,True
2024-02-16,NWL,borrow_fee,collateral_basis,"PB notional 32,074,350 vs book 31,445,441 (x1.0200)",-6.721570861936584,collateral_102,True
2024-02-16,PFE,borrow_fee,collateral_basis,"PB notional 35,486,310 vs book 34,790,500 (x1.0200)",-4.990812198136496,collateral_102,True
2024-02-16,PSKY,borrow_fee,collateral_basis,"PB notional 28,616,187 vs book 28,055,085 (x1.0200)",-3.9004182902670834,collateral_102,True
2024-02-16,PTEN,borrow_fee,collateral_basis,"PB notional 37,835,683 vs book 37,093,807 (x1.0200)",-8.22045307645385,collateral_102,True
2024-02-16,PTON,borrow_fee,collateral_basis,"PB notional 28,409,715 vs book 27,852,661 (x1.0200)",-13.919682137424957,collateral_102,True
2024-02-16,QFIN,borrow_fee,collateral_basis,"PB notional 36,877,639 vs book 36,154,548 (x1.0200)",-7.077755670620377,collateral_102,True
2024-02-16,REPL,borrow_fee,collateral_basis,"PB notional 34,658,006 vs book 33,978,437 (x1.0200)",-15.62331543221967,collateral_102,True
2024-02-16,RLAY,borrow_fee,collateral_basis,"PB notional 40,773,065 vs book 39,973,594 (x1.0200)",-15.819615643104271,collateral_102,True
2024-02-16,RUM,borrow_fee,collateral_basis,"PB notional 38,195,578 vs book 37,446,645 (x1.0200)",-6.098393903076442,collateral_102,True
2024-02-16,SHLS,borrow_fee,collateral_basis,"PB notional 43,325,529 vs book 42,476,008 (x1.0200)",-58.4804836102976,collateral_102,True
2024-02-16,SMTC,borrow_fee,collateral_basis,"PB notional 34,932,806 vs book 34,247,849 (x1.0200)",-78.31850361516854,collateral_102,True
2024-02-16,SPCE,borrow_fee,collateral_basis,"PB notional 36,160,760 vs book 35,451,726 (x1.0200)",-7.3899545185914235,collateral_102,True
2024-02-16,TLRY,borrow_fee,collateral_basis,"PB notional 36,503,624 vs book 35,787,867 (x1.0200)",-45.71192759486894,collateral_102,True
2024-02-16,TSLQ,borrow_fee,collateral_basis,"PB notional 32,450,162 vs book 31,813,885 (x1.0200)",-5.152793580162495,collateral_102,True
2024-02-16,UAA,borrow_fee,collateral_basis,"PB notional 36,847,189 vs book 36,124,695 (x1.0200)",-6.672835860740008,collateral_102,True
2024-02-16,VFC,borrow_fee,collateral_basis,"PB notional 35,194,130 vs book 34,504,049 (x1.0200)",-8.145117163494945,collateral_102,True
2024-02-16,VIR,borrow_fee,collateral_basis,"PB notional 37,938,647 vs book 37,194,752 (x1.0200)",-7.85127883890857,collateral_102,True
2024-02-16,VRDN,borrow_fee,collateral_basis,"PB notional 33,599,628 vs book 32,940,812 (x1.0200)",-17.59750786696486,collateral_102,True
2024-02-20,AA,borrow_fee,collateral_basis,"PB notional 31,213,856 vs book 30,601,820 (x1.0200)",-5.076256423040206,collateral_102,True
2024-02-20,ABCL,borrow_fee,collateral_basis,"PB notional 36,154,255 vs book 35,445,348 (x1.0200)",-84.94247860357427,collateral_102,True
2024-02-20,AES,borrow_fee,collateral_basis,"PB notional 34,250,184 vs book 33,578,612 (x1.0200)",-6.010811529085117,collateral_102,True
2024-02-20,AMLX,borrow_fee,collateral_basis,"PB notional 32,422,274 vs book 31,786,543 (x1.0200)",-8.0209317979415,collateral_102,True
2024-02-20,BABA,borrow_fee,collateral_basis,"PB notional 35,260,143 vs book 34,568,767 (x1.0200)",-5.0360718323507285,collateral_102,True
2024-02-20,BCRX,borrow_fee,collateral_basis,"PB notional 38,206,119 vs book 37,456,979 (x1.0200)",-103.30046131168183,collateral_102,True
2024-02-20,BE,borrow_fee,collateral_basis,"PB notional 27,416,010 vs book 26,878,441 (x1.0200)",-14.47905550772407,collateral_102,True
2024-02-20,BEAM,borrow_fee,collateral_basis,"PB notional 45,344,341 vs book 44,455,237 (x1.0200)",-47.66633246961055,collateral_102,True
2024-02-20,BILI,borrow_fee,collateral_basis,"PB notional 39,127,194 vs book 38,359,994 (x1.0200)",-8.173875659505597,collateral_102,True
2024-02-20,BMY,borrow_fee,collateral_basis,"PB notional 35,497,336 vs book 34,801,310 (x1.0200)",-5.215768295420901,collateral_102,True
2024-02-20,BZ,borrow_fee,collateral_basis,"PB notional 37,068,659 vs book 36,341,823 (x1.0200)",-6.755229898956088,collateral_102,True
2024-02-20,CCCC,borrow_fee,collateral_basis,"PB notional 42,674,314 vs book 41,837,563 (x1.0200)",-6.878184653595042,collateral_102,True
2024-02-20,CHWY,borrow_fee,collateral_basis,"PB notional 32,215,291 vs book 31,583,619 (x1.0200)",-6.039035838883592,collateral_102,True
2024-02-20,CNH,borrow_fee,collateral_basis,"PB notional 34,618,550 vs book 33,939,755 (x1.0200)",-5.519034677328818,collateral_102,True
2024-02-20,CSIQ,borrow_fee,collateral_basis,"PB notional 35,957,512 vs book 35,252,462 (x1.0200)",-15.808891428761399,collateral_102,True
2024-02-20,EL,borrow_fee,collateral_basis,"PB notional 38,250,939 vs book 37,500,921 (x1.0200)",-5.498681524251538,collateral_102,True
2024-02-20,ENPH,borrow_fee,collateral_basis,"PB notional 42,617,741 vs book 41,782,099 (x1.0200)",-7.5500771616257225,collateral_102,True
2024-02-20,FCEL,borrow_fee,collateral_basis,"PB notional 37,691,890 vs book 36,952,833 (x1.0200)",-7.714964304511966,collateral_102,True
2024-02-20,FMC,borrow_fee,collateral_basis,"PB notional 31,567,087 vs book 30,948,125 (x1.0200)",-6.301033908888655,collateral_102,True
2024-02-20,GTM,borrow_fee,collateral_basis,"PB notional 36,939,931 vs book 36,215,619 (x1.0200)",-6.763550279554693,collateral_102,True
2024-02-20,HE,borrow_fee,collateral_basis,"PB notional 35,650,925 vs book 34,951,887 (x1.0200)",-22.730162904118515,collateral_102,True
2024-02-20,HRL,borrow_fee,collateral_basis,"PB notional 33,727,086 vs book 33,065,770 (x1.0200)",-5.482250832421698,collateral_102,True
2024-02-20,HTZ,borrow_fee,collateral_basis,"PB notional 30,375,738 vs book 29,780,135 (x1.0200)",-8.586510454676898,collateral_102,True
2024-02-20,IEP,borrow_fee,collateral_basis,"PB notional 41,064,700 vs book 40,259,510 (x1.0200)",-6.491575403310549,collateral_102,True
2024-02-20,JBLU,borrow_fee,collateral_basis,"PB notional 45,931,362 vs book 45,030,747 (x1.0200)",-9.56522221171889,collateral_102,True
2024-02-20,JD,borrow_fee,collateral_basis,"PB notional 35,841,690 vs book 35,138,912 (x1.0200)",-5.420529834828187,collateral_102,True
2024-02-20,LCID,borrow_fee,collateral_basis,"PB notional 37,880,607 vs book 37,137,850 (x1.0200)",-12.862665805781376,collateral_102,True
2024-02-20,MP,borrow_fee,collateral_basis,"PB notional 35,672,777 vs book 34,973,311 (x1.0200)",-16.764976807999687,collateral_102,True
2024-02-20,MRNA,borrow_fee,collateral_basis,"PB notional 29,951,515 vs book 29,364,231 (x1.0200)",-5.6589168657968685,collateral_102,True
2024-02-20,MRVI,borrow_fee,collateral_basis,"PB notional 31,913,133 vs book 31,287,386 (x1.0200)",-6.280736956717476,collateral_102,True
2024-02-20,NWL,borrow_fee,collateral_basis,"PB notional 32,617,984 vs book 31,978,415 (x1.0200)",-6.7820510884677105,collateral_102,True
2024-02-20,PFE,borrow_fee,collateral_basis,"PB notional 35,447,765 vs book 34,752,710 (x1.0200)",-4.9853912065248664,collateral_102,True
2024-02-20,PSKY,borrow_fee,collateral_basis,"PB notional 28,496,952 vs book 27,938,188 (x1.0200)",-3.88416648539544,collateral_102,True
2024-02-20,PTEN,borrow_fee,collateral_basis,"PB notional 36,612,140 vs book 35,894,255 (x1.0200)",-7.954617304435828,collateral_102,True
2024-02-20,PTON,borrow_fee,collateral_basis,"PB notional 27,220,761 vs book 26,687,021 (x1.0200)",-13.226454270281351,collateral_102,True
2024-02-20,QFIN,borrow_fee,collateral_basis,"PB notional 36,877,639 vs book 36,154,548 (x1.0200)",-7.077755670620377,collateral_102,True
2024-02-20,REPL,borrow_fee,collateral_basis,"PB notional 34,299,320 vs book 33,626,785 (x1.0200)",-15.20605593265384,collateral_102,True
2024-02-20,RLAY,borrow_fee,collateral_basis,"PB notional 40,284,089 vs book 39,494,205 (x1.0200)",-16.294930762920785,collateral_102,True
2024-02-20,RUM,borrow_fee,collateral_basis,"PB notional 35,808,355 vs book 35,106,231 (x1.0200)",-5.751476193447104,collateral_102,True
2024-02-20,SHLS,borrow_fee,collateral_basis,"PB notional 42,110,300 vs book 41,284,608 (x1.0200)",-56.84017718850964,collateral_102,True
2024-02-20,SMTC,borrow_fee,collateral_basis,"PB notional 35,213,391 vs book 34,522,932 (x1.0200)",-71.89017420701612,collateral_102,True
2024-02-20,SPCE,borrow_fee,collateral_basis,"PB notional 35,378,907 vs book 34,685,203 (x1.0200)",-7.139935191863799,collateral_102,True
2024-02-20,TLRY,borrow_fee,collateral_basis,"PB notional 34,222,146 vs book 33,551,124 (x1.0200)",-28.72600811999837,collateral_102,True
2024-02-20,TSLQ,borrow_fee,collateral_basis,"PB notional 33,468,991 vs book 32,812,737 (x1.0200)",-5.171135370095101,collateral_102,True
2024-02-20,UAA,borrow_fee,collateral_basis,"PB notional 37,166,808 vs book 36,438,047 (x1.0200)",-6.709617445538072,collateral_102,True
2024-02-20,VFC,borrow_fee,collateral_basis,"PB notional 34,242,939 vs book 33,571,509 (x1.0200)",-7.85920942004617,collateral_102,True
2024-02-20,VIR,borrow_fee,collateral_basis,"PB notional 37,864,619 vs book 37,122,175 (x1.0200)",-7.774691780820717,collateral_102,True
2024-02-20,VRDN,borrow_fee,collateral_basis,"PB notional 34,756,365 vs book 34,074,868 (x1.0200)",-17.90245065939689,collateral_102,True
2024-02-21,AA,borrow_fee,collateral_basis,"PB notional 32,699,114 vs book 32,057,955 (x1.0200)",-5.304590792356976,collateral_102,True
2024-02-21,ABCL,borrow_fee,collateral_basis,"PB notional 32,749,899 vs book 32,107,744 (x1.0200)",-60.883897192446966,collateral_102,True
2024-02-21,AES,borrow_fee,collateral_basis,"PB notional 34,521,347 vs book 33,844,458 (x1.0200)",-6.011030954288401,collateral_102,True
2024-02-21,AMLX,borrow_fee,collateral_basis,"PB notional 33,292,088 vs book 32,639,302 (x1.0200)",-7.769398835252787,collateral_102,True
2024-02-21,BABA,borrow_fee,collateral_basis,"PB notional 36,436,446 vs book 35,722,006 (x1.0200)",-5.20149056117765,collateral_102,True
2024-02-21,BCRX,borrow_fee,collateral_basis,"PB notional 37,090,132 vs book 36,362,874 (x1.0200)",-105.09022617346909,collateral_102,True
2024-02-21,BE,borrow_fee,collateral_basis,"PB notional 27,538,952 vs book 26,998,972 (x1.0200)",-14.543983945282775,collateral_102,True
2024-02-21,BEAM,borrow_fee,collateral_basis,"PB notional 45,287,306 vs book 44,399,320 (x1.0200)",-47.60637630394922,collateral_102,True
2024-02-21,BILI,borrow_fee,collateral_basis,"PB notional 39,549,156 vs book 38,773,682 (x1.0200)",-8.22320589736654,collateral_102,True
2024-02-21,BMY,borrow_fee,collateral_basis,"PB notional 36,244,872 vs book 35,534,189 (x1.0200)",-5.320310907293276,collateral_102,True
2024-02-21,BZ,borrow_fee,collateral_basis,"PB notional 37,043,648 vs book 36,317,302 (x1.0200)",-6.708413654854041,collateral_102,True
2024-02-21,CCCC,borrow_fee,collateral_basis,"PB notional 40,816,462 vs book 40,016,139 (x1.0200)",-6.572196533869771,collateral_102,True
2024-02-21,CHWY,borrow_fee,collateral_basis,"PB notional 31,317,170 vs book 30,703,108 (x1.0200)",-5.815636959750748,collateral_102,True
2024-02-21,CNH,borrow_fee,collateral_basis,"PB notional 34,647,544 vs book 33,968,181 (x1.0200)",-5.515419731731697,collateral_102,True
2024-02-21,CSIQ,borrow_fee,collateral_basis,"PB notional 35,154,607 vs book 34,465,301 (x1.0200)",-15.847175978516702,collateral_102,True
2024-02-21,EL,borrow_fee,collateral_basis,"PB notional 38,875,669 vs book 38,113,401 (x1.0200)",-5.582930802127407,collateral_102,True
2024-02-21,ENPH,borrow_fee,collateral_basis,"PB notional 42,180,034 vs book 41,352,975 (x1.0200)",-7.390866161038787,collateral_102,True
2024-02-21,FCEL,borrow_fee,collateral_basis,"PB notional 36,532,139 vs book 35,815,822 (x1.0200)",-12.932591655964416,collateral_102,True
2024-02-21,FMC,borrow_fee,collateral_basis,"PB notional 31,641,377 vs book 31,020,958 (x1.0200)",-6.296063344527056,collateral_102,True
2024-02-21,GTM,borrow_fee,collateral_basis,"PB notional 37,048,385 vs book 36,321,946 (x1.0200)",-6.751535258961667,collateral_102,True
2024-02-21,HE,borrow_fee,collateral_basis,"PB notional 35,168,067 vs book 34,478,498 (x1.0200)",-22.989953539378575,collateral_102,True
2024-02-21,HRL,borrow_fee,collateral_basis,"PB notional 34,070,771 vs book 33,402,717 (x1.0200)",-5.529857096044566,collateral_102,True
2024-02-21,HTZ,borrow_fee,collateral_basis,"PB notional 30,292,403 vs book 29,698,434 (x1.0200)",-8.634612818210826,collateral_102,True
2024-02-21,IEP,borrow_fee,collateral_basis,"PB notional 37,213,692 vs book 36,484,012 (x1.0200)",-5.876951653422907,collateral_102,True
2024-02-21,JBLU,borrow_fee,collateral_basis,"PB notional 43,965,682 vs book 43,103,610 (x1.0200)",-9.127166357150315,collateral_102,True
2024-02-21,JD,borrow_fee,collateral_basis,"PB notional 36,705,719 vs book 35,985,999 (x1.0200)",-5.556727386172497,collateral_102,True
2024-02-21,LCID,borrow_fee,collateral_basis,"PB notional 38,086,481 vs book 37,339,687 (x1.0200)",-16.885032881926463,collateral_102,True
2024-02-21,MP,borrow_fee,collateral_basis,"PB notional 35,408,699 vs book 34,714,411 (x1.0200)",-16.502765682586755,collateral_102,True
2024-02-21,MRNA,borrow_fee,collateral_basis,"PB notional 30,158,101 vs book 29,566,765 (x1.0200)",-5.574082431205568,collateral_102,True
2024-02-21,MRVI,borrow_fee,collateral_basis,"PB notional 31,553,211 vs book 30,934,521 (x1.0200)",-6.161348188707052,collateral_102,True
2024-02-21,NWL,borrow_fee,collateral_basis,"PB notional 31,865,260 vs book 31,240,451 (x1.0200)",-6.573738723421229,collateral_102,True
2024-02-21,PFE,borrow_fee,collateral_basis,"PB notional 35,550,549 vs book 34,853,479 (x1.0200)",-4.999846839506432,collateral_102,True
2024-02-21,PSKY,borrow_fee,collateral_basis,"PB notional 28,139,251 vs book 27,587,501 (x1.0200)",-3.8354113807580745,collateral_102,True
2024-02-21,PTEN,borrow_fee,collateral_basis,"PB notional 36,361,157 vs book 35,648,194 (x1.0200)",-7.813746474552886,collateral_102,True
2024-02-21,PTON,borrow_fee,collateral_basis,"PB notional 26,782,728 vs book 26,257,577 (x1.0200)",-13.013615699517118,collateral_102,True
2024-02-21,QFIN,borrow_fee,collateral_basis,"PB notional 37,338,306 vs book 36,606,182 (x1.0200)",-7.043480687724525,collateral_102,True
2024-02-21,REPL,borrow_fee,collateral_basis,"PB notional 34,254,484 vs book 33,582,827 (x1.0200)",-15.060147052010734,collateral_102,True
2024-02-21,RLAY,borrow_fee,collateral_basis,"PB notional 39,418,976 vs book 38,646,055 (x1.0200)",-15.812663505511068,collateral_102,True
2024-02-21,RUM,borrow_fee,collateral_basis,"PB notional 36,570,233 vs book 35,853,170 (x1.0200)",-5.873847712831775,collateral_102,True
2024-02-21,SHLS,borrow_fee,collateral_basis,"PB notional 39,785,518 vs book 39,005,410 (x1.0200)",-58.52540805287572,collateral_102,True
2024-02-21,SMTC,borrow_fee,collateral_basis,"PB notional 35,248,465 vs book 34,557,318 (x1.0200)",-68.67003785244833,collateral_102,True
2024-02-21,SPCE,borrow_fee,collateral_basis,"PB notional 34,401,589 vs book 33,727,048 (x1.0200)",-7.052552084886429,collateral_102,True
2024-02-21,TLRY,borrow_fee,collateral_basis,"PB notional 33,841,899 vs book 33,178,332 (x1.0200)",-87.3151195043074,collateral_102,True
2024-02-21,TSLQ,borrow_fee,collateral_basis,"PB notional 33,297,600 vs book 32,644,706 (x1.0200)",-4.810496068620381,collateral_102,True
2024-02-21,UAA,borrow_fee,collateral_basis,"PB notional 37,760,382 vs book 37,019,982 (x1.0200)",-6.742272668651879,collateral_102,True
2024-02-21,VFC,borrow_fee,collateral_basis,"PB notional 33,756,773 vs book 33,094,876 (x1.0200)",-7.493619260273874,collateral_102,True
2024-02-21,VIR,borrow_fee,collateral_basis,"PB notional 37,420,459 vs book 36,686,725 (x1.0200)",-7.635395396521176,collateral_102,True
2024-02-21,VRDN,borrow_fee,collateral_basis,"PB notional 33,473,110 vs book 32,816,775 (x1.0200)",-17.385752235543464,collateral_102,True
2024-02-22,AA,borrow_fee,collateral_basis,"PB notional 32,453,521 vs book 31,817,178 (x1.0200)",-5.269990299786912,collateral_102,True
2024-02-22,ABCL,borrow_fee,collateral_basis,"PB notional 33,022,247 vs book 32,374,752 (x1.0200)",-58.58204049986671,collateral_102,True
2024-02-22,AES,borrow_fee,collateral_basis,"PB notional 33,374,113 vs book 32,719,719 (x1.0200)",-5.820399073328417,collateral_102,True
2024-02-22,AMLX,borrow_fee,collateral_basis,"PB notional 40,315,827 vs book 39,525,321 (x1.0200)",-8.67718763935153,collateral_102,True
2024-02-22,BABA,borrow_fee,collateral_basis,"PB notional 36,696,776 vs book 35,977,231 (x1.0200)",-5.259543948054784,collateral_102,True
2024-02-22,BCRX,borrow_fee,collateral_basis,"PB notional 38,206,119 vs book 37,456,979 (x1.0200)",-103.30046131168183,collateral_102,True
2024-02-22,BE,borrow_fee,collateral_basis,"PB notional 26,432,477 vs book 25,914,193 (x1.0200)",-15.248889948231636,collateral_102,True
2024-02-22,BEAM,borrow_fee,collateral_basis,"PB notional 47,825,449 vs book 46,887,695 (x1.0200)",-49.03315671674909,collateral_102,True
2024-02-22,BILI,borrow_fee,collateral_basis,"PB notional 39,434,073 vs book 38,660,856 (x1.0200)",-8.342098588139663,collateral_102,True
2024-02-22,BMY,borrow_fee,collateral_basis,"PB notional 36,543,889 vs book 35,827,342 (x1.0200)",-5.369542576755009,collateral_102,True
2024-02-22,BZ,borrow_fee,collateral_basis,"PB notional 37,593,924 vs book 36,856,788 (x1.0200)",-6.829475071937168,collateral_102,True
2024-02-22,CCCC,borrow_fee,collateral_basis,"PB notional 49,542,741 vs book 48,571,314 (x1.0200)",-7.914044066013787,collateral_102,True
2024-02-22,CHWY,borrow_fee,collateral_basis,"PB notional 31,395,265 vs book 30,779,672 (x1.0200)",-5.820993946200133,collateral_102,True
2024-02-22,CNH,borrow_fee,collateral_basis,"PB notional 34,589,558 vs book 33,911,332 (x1.0200)",-5.506189132464726,collateral_102,True
2024-02-22,CSIQ,borrow_fee,collateral_basis,"PB notional 33,643,260 vs book 32,983,588 (x1.0200)",-14.668664380669838,collateral_102,True
2024-02-22,EL,borrow_fee,collateral_basis,"PB notional 39,189,353 vs book 38,420,935 (x1.0200)",-5.636384421737375,collateral_102,True
2024-02-22,ENPH,borrow_fee,collateral_basis,"PB notional 41,244,484 vs book 40,435,769 (x1.0200)",-7.2838878541612075,collateral_102,True
2024-02-22,FCEL,borrow_fee,collateral_basis,"PB notional 34,212,640 vs book 33,541,804 (x1.0200)",-7.024835883774415,collateral_102,True
2024-02-22,FMC,borrow_fee,collateral_basis,"PB notional 31,975,683 vs book 31,348,709 (x1.0200)",-6.372580573021139,collateral_102,True
2024-02-22,GTM,borrow_fee,collateral_basis,"PB notional 37,460,517 vs book 36,725,997 (x1.0200)",-6.848108184046737,collateral_102,True
2024-02-22,HE,borrow_fee,collateral_basis,"PB notional 34,202,355 vs book 33,531,720 (x1.0200)",-20.743023717490132,collateral_102,True
2024-02-22,HRL,borrow_fee,collateral_basis,"PB notional 34,689,408 vs book 34,009,223 (x1.0200)",-5.627464721299077,collateral_102,True
2024-02-22,HTZ,borrow_fee,collateral_basis,"PB notional 30,250,736 vs book 29,657,584 (x1.0200)",-9.689804947664697,collateral_102,True
2024-02-22,IEP,borrow_fee,collateral_basis,"PB notional 37,690,302 vs book 36,951,277 (x1.0200)",-5.952219987382989,collateral_102,True
2024-02-22,JBLU,borrow_fee,collateral_basis,"PB notional 42,851,797 vs book 42,011,566 (x1.0200)",-8.937922224808233,collateral_102,True
2024-02-22,JD,borrow_fee,collateral_basis,"PB notional 36,968,010 vs book 36,243,147 (x1.0200)",-5.610372077172201,collateral_102,True
2024-02-22,LCID,borrow_fee,collateral_basis,"PB notional 31,704,421 vs book 31,082,766 (x1.0200)",-30.91967561257161,collateral_102,True
2024-02-22,MP,borrow_fee,collateral_basis,"PB notional 34,462,413 vs book 33,786,679 (x1.0200)",-16.06173434557843,collateral_102,True
2024-02-22,MRNA,borrow_fee,collateral_basis,"PB notional 34,238,175 vs book 33,566,838 (x1.0200)",-6.200356832449472,collateral_102,True
2024-02-22,MRVI,borrow_fee,collateral_basis,"PB notional 30,653,404 vs book 30,052,357 (x1.0200)",-6.0044673621261495,collateral_102,True
2024-02-22,NWL,borrow_fee,collateral_basis,"PB notional 31,447,081 vs book 30,830,471 (x1.0200)",-6.497661869444869,collateral_102,True
2024-02-22,PFE,borrow_fee,collateral_basis,"PB notional 35,396,371 vs book 34,702,325 (x1.0200)",-4.9806403043730825,collateral_102,True
2024-02-22,PSKY,borrow_fee,collateral_basis,"PB notional 27,924,629 vs book 27,377,087 (x1.0200)",-3.8061581939847144,collateral_102,True
2024-02-22,PTEN,borrow_fee,collateral_basis,"PB notional 37,145,479 vs book 36,417,136 (x1.0200)",-7.944785943428087,collateral_102,True
2024-02-22,PTON,borrow_fee,collateral_basis,"PB notional 26,720,150 vs book 26,196,226 (x1.0200)",-12.768606324982215,collateral_102,True
2024-02-22,QFIN,borrow_fee,collateral_basis,"PB notional 37,508,027 vs book 36,772,575 (x1.0200)",-7.03120505318617,collateral_102,True
2024-02-22,REPL,borrow_fee,collateral_basis,"PB notional 35,644,391 vs book 34,945,481 (x1.0200)",-14.906898359475917,collateral_102,True
2024-02-22,RLAY,borrow_fee,collateral_basis,"PB notional 39,757,498 vs book 38,977,940 (x1.0200)",-15.044708218270443,collateral_102,True
2024-02-22,RUM,borrow_fee,collateral_basis,"PB notional 36,519,442 vs book 35,803,375 (x1.0200)",-5.897875616101089,collateral_102,True
2024-02-22,SHLS,borrow_fee,collateral_basis,"PB notional 38,464,618 vs book 37,710,409 (x1.0200)",-59.29464345871702,collateral_102,True
2024-02-22,SMTC,borrow_fee,collateral_basis,"PB notional 36,528,632 vs book 35,812,384 (x1.0200)",-67.90877266647476,collateral_102,True
2024-02-22,SPCE,borrow_fee,collateral_basis,"PB notional 32,642,418 vs book 32,002,370 (x1.0200)",-14.962029638254762,collateral_102,True
2024-02-22,TLRY,borrow_fee,collateral_basis,"PB notional 34,032,022 vs book 33,364,728 (x1.0200)",-30.791392494047386,collateral_102,True
2024-02-22,TSLQ,borrow_fee,collateral_basis,"PB notional 32,897,686 vs book 32,252,634 (x1.0200)",-4.990164896779277,collateral_102,True
2024-02-22,UAA,borrow_fee,collateral_basis,"PB notional 38,353,951 vs book 37,601,913 (x1.0200)",-6.923928944208967,collateral_102,True
2024-02-22,VFC,borrow_fee,collateral_basis,"PB notional 33,608,808 vs book 32,949,812 (x1.0200)",-7.398855274690277,collateral_102,True
2024-02-22,VIR,borrow_fee,collateral_basis,"PB notional 38,123,714 vs book 37,376,190 (x1.0200)",-7.803352245445808,collateral_102,True
2024-02-22,VRDN,borrow_fee,collateral_basis,"PB notional 32,515,185 vs book 31,877,633 (x1.0200)",-17.029540607877607,collateral_102,True
2024-02-23,AA,borrow_fee,collateral_basis,"PB notional 31,015,041 vs book 30,406,903 (x1.0200)",-5.0238899829946035,collateral_102,True
2024-02-23,ABCL,borrow_fee,collateral_basis,"PB notional 33,158,422 vs book 32,508,256 (x1.0200)",-64.5982766126931,collateral_102,True
2024-02-23,AES,borrow_fee,collateral_basis,"PB notional 33,374,113 vs book 32,719,719 (x1.0200)",-5.783964079916643,collateral_102,True
2024-02-23,AMLX,borrow_fee,collateral_basis,"PB notional 38,380,491 vs book 37,627,932 (x1.0200)",-8.338821962490783,collateral_102,True
2024-02-23,BABA,borrow_fee,collateral_basis,"PB notional 36,619,640 vs book 35,901,607 (x1.0200)",-5.240661423831455,collateral_102,True
2024-02-23,BCRX,borrow_fee,collateral_basis,"PB notional 37,484,009 vs book 36,749,029 (x1.0200)",-96.71208952360485,collateral_102,True
2024-02-23,BE,borrow_fee,collateral_basis,"PB notional 26,371,005 vs book 25,853,926 (x1.0200)",-13.811580447626397,collateral_102,True
2024-02-23,BEAM,borrow_fee,collateral_basis,"PB notional 48,467,116 vs book 47,516,780 (x1.0200)",-49.6910266430923,collateral_102,True
2024-02-23,BILI,borrow_fee,collateral_basis,"PB notional 38,436,716 vs book 37,683,055 (x1.0200)",-8.311799740172546,collateral_102,True
2024-02-23,BMY,borrow_fee,collateral_basis,"PB notional 36,778,827 vs book 36,057,674 (x1.0200)",-5.40137542458524,collateral_102,True
2024-02-23,BZ,borrow_fee,collateral_basis,"PB notional 37,518,887 vs book 36,783,222 (x1.0200)",-6.837277366458352,collateral_102,True
2024-02-23,CCCC,borrow_fee,collateral_basis,"PB notional 50,612,411 vs book 49,620,011 (x1.0200)",-8.08491509090993,collateral_102,True
2024-02-23,CHWY,borrow_fee,collateral_basis,"PB notional 31,414,790 vs book 30,798,814 (x1.0200)",-5.852110733753989,collateral_102,True
2024-02-23,CNH,borrow_fee,collateral_basis,"PB notional 35,430,377 vs book 34,735,664 (x1.0200)",-5.631625209828883,collateral_102,True
2024-02-23,CSIQ,borrow_fee,collateral_basis,"PB notional 33,328,394 vs book 32,674,896 (x1.0200)",-15.404296290832349,collateral_102,True
2024-02-23,EL,borrow_fee,collateral_basis,"PB notional 39,537,307 vs book 38,762,066 (x1.0200)",-5.683600500025136,collateral_102,True
2024-02-23,ENPH,borrow_fee,collateral_basis,"PB notional 39,490,324 vs book 38,716,004 (x1.0200)",-6.952235623889067,collateral_102,True
2024-02-23,FCEL,borrow_fee,collateral_basis,"PB notional 33,052,889 vs book 32,404,793 (x1.0200)",-6.797368451577086,collateral_102,True
2024-02-23,FMC,borrow_fee,collateral_basis,"PB notional 32,427,614 vs book 31,791,778 (x1.0200)",-6.462647964381006,collateral_102,True
2024-02-23,GTM,borrow_fee,collateral_basis,"PB notional 37,395,442 vs book 36,662,198 (x1.0200)",-6.846952470348867,collateral_102,True
2024-02-23,HE,borrow_fee,collateral_basis,"PB notional 33,960,926 vs book 33,295,026 (x1.0200)",-22.762866872169752,collateral_102,True
2024-02-23,HRL,borrow_fee,collateral_basis,"PB notional 34,952,900 vs book 34,267,549 (x1.0200)",-5.653310367850736,collateral_102,True
2024-02-23,HTZ,borrow_fee,collateral_basis,"PB notional 30,959,085 vs book 30,352,044 (x1.0200)",-8.535326446347767,collateral_102,True
2024-02-23,IEP,borrow_fee,collateral_basis,"PB notional 37,823,752 vs book 37,082,110 (x1.0200)",-5.973295029011524,collateral_102,True
2024-02-23,JBLU,borrow_fee,collateral_basis,"PB notional 42,000,002 vs book 41,176,473 (x1.0200)",-8.801612135412313,collateral_102,True
2024-02-23,JD,borrow_fee,collateral_basis,"PB notional 36,875,437 vs book 36,152,389 (x1.0200)",-5.59910753293849,collateral_102,True
2024-02-23,LCID,borrow_fee,collateral_basis,"PB notional 31,086,804 vs book 30,477,259 (x1.0200)",-12.36677559280929,collateral_102,True
2024-02-23,MP,borrow_fee,collateral_basis,"PB notional 33,009,974 vs book 32,362,720 (x1.0200)",-15.774288840358508,collateral_102,True
2024-02-23,MRNA,borrow_fee,collateral_basis,"PB notional 33,212,130 vs book 32,560,912 (x1.0200)",-5.995690735005439,collateral_102,True
2024-02-23,MRVI,borrow_fee,collateral_basis,"PB notional 50,149,206 vs book 49,165,888 (x1.0200)",-9.039091000664655,collateral_102,True
2024-02-23,NWL,borrow_fee,collateral_basis,"PB notional 30,317,997 vs book 29,723,526 (x1.0200)",-6.284067804078461,collateral_102,True
2024-02-23,PFE,borrow_fee,collateral_basis,"PB notional 35,666,182 vs book 34,966,845 (x1.0200)",-5.018605438049661,collateral_102,True
2024-02-23,PSKY,borrow_fee,collateral_basis,"PB notional 26,732,288 vs book 26,208,125 (x1.0200)",-3.6436407652236085,collateral_102,True
2024-02-23,PTEN,borrow_fee,collateral_basis,"PB notional 36,298,410 vs book 35,586,677 (x1.0200)",-7.837085838339647,collateral_102,True
2024-02-23,PTON,borrow_fee,collateral_basis,"PB notional 27,220,761 vs book 26,687,021 (x1.0200)",-13.226454270281351,collateral_102,True
2024-02-23,QFIN,borrow_fee,collateral_basis,"PB notional 38,186,904 vs book 37,438,142 (x1.0200)",-7.192260058674947,collateral_102,True
2024-02-23,REPL,borrow_fee,collateral_basis,"PB notional 36,899,789 vs book 36,176,264 (x1.0200)",-15.431920706673623,collateral_102,True
2024-02-23,RLAY,borrow_fee,collateral_basis,"PB notional 37,613,528 vs book 36,876,008 (x1.0200)",-14.472626614033288,collateral_102,True
2024-02-23,RUM,borrow_fee,collateral_basis,"PB notional 34,030,633 vs book 33,363,366 (x1.0200)",-5.981664201963952,collateral_102,True
2024-02-23,SHLS,borrow_fee,collateral_basis,"PB notional 38,675,961 vs book 37,917,609 (x1.0200)",-62.4783813301824,collateral_102,True
2024-02-23,SMTC,borrow_fee,collateral_basis,"PB notional 35,599,194 vs book 34,901,170 (x1.0200)",-66.18089478484717,collateral_102,True
2024-02-23,SPCE,borrow_fee,collateral_basis,"PB notional 32,251,489 vs book 31,619,107 (x1.0200)",-6.642980092678783,collateral_102,True
2024-02-23,TLRY,borrow_fee,collateral_basis,"PB notional 33,461,655 vs book 32,805,544 (x1.0200)",-33.45957066294659,collateral_102,True
2024-02-23,TSLQ,borrow_fee,collateral_basis,"PB notional 33,830,816 vs book 33,167,467 (x1.0200)",-5.1959288689506025,collateral_102,True
2024-02-23,UAA,borrow_fee,collateral_basis,"PB notional 38,490,933 vs book 37,736,208 (x1.0200)",-6.883513409863781,collateral_102,True
2024-02-23,VFC,borrow_fee,collateral_basis,"PB notional 33,777,909 vs book 33,115,597 (x1.0200)",-7.688140427140297,collateral_102,True
2024-02-23,VIR,borrow_fee,collateral_basis,"PB notional 42,676,350 vs book 41,839,559 (x1.0200)",-8.653314983682492,collateral_102,True
2024-02-23,VRDN,borrow_fee,collateral_basis,"PB notional 33,924,961 vs book 33,259,766 (x1.0200)",-17.620441109811964,collateral_102,True
2024-02-26,AA,borrow_fee,collateral_basis,"PB notional 29,635,036 vs book 29,053,956 (x1.0200)",-4.802741956250458,collateral_102,True
2024-02-26,ABCL,borrow_fee,collateral_basis,"PB notional 33,703,118 vs book 33,042,272 (x1.0200)",-62.655984007304596,collateral_102,True
2024-02-26,AES,borrow_fee,collateral_basis,"PB notional 32,435,467 vs book 31,799,477 (x1.0200)",-5.5948780073686635,collateral_102,True
2024-02-26,AMLX,borrow_fee,collateral_basis,"PB notional 38,184,783 vs book 37,436,062 (x1.0200)",-8.296300984289758,collateral_102,True
2024-02-26,BABA,borrow_fee,collateral_basis,"PB notional 36,884,791 vs book 36,161,560 (x1.0200)",-5.270735526290082,collateral_102,True
2024-02-26,BCRX,borrow_fee,collateral_basis,"PB notional 38,009,179 vs book 37,263,901 (x1.0200)",-102.76798099875305,collateral_102,True
2024-02-26,BE,borrow_fee,collateral_basis,"PB notional 26,739,830 vs book 26,215,519 (x1.0200)",-14.673824253548446,collateral_102,True
2024-02-26,BEAM,borrow_fee,collateral_basis,"PB notional 51,048,032 vs book 50,047,091 (x1.0200)",-53.662097703977,collateral_102,True
2024-02-26,BILI,borrow_fee,collateral_basis,"PB notional 38,858,675 vs book 38,096,740 (x1.0200)",-8.698371782321658,collateral_102,True
2024-02-26,BMY,borrow_fee,collateral_basis,"PB notional 35,967,216 vs book 35,261,977 (x1.0200)",-5.287439407249053,collateral_102,True
2024-02-26,BZ,borrow_fee,collateral_basis,"PB notional 38,044,151 vs book 37,298,187 (x1.0200)",-6.889599531076556,collateral_102,True
2024-02-26,CCCC,borrow_fee,collateral_basis,"PB notional 53,539,939 vs book 52,490,136 (x1.0200)",-8.56959895768722,collateral_102,True
2024-02-26,CHWY,borrow_fee,collateral_basis,"PB notional 32,410,536 vs book 31,775,035 (x1.0200)",-5.999808782315029,collateral_102,True
2024-02-26,CNH,borrow_fee,collateral_basis,"PB notional 34,821,508 vs book 34,138,734 (x1.0200)",-5.534846037729835,collateral_102,True
2024-02-26,CSIQ,borrow_fee,collateral_basis,"PB notional 33,265,420 vs book 32,613,157 (x1.0200)",-16.851267816482732,collateral_102,True
2024-02-26,EL,borrow_fee,collateral_basis,"PB notional 38,227,216 vs book 37,477,663 (x1.0200)",-5.492538240703993,collateral_102,True
2024-02-26,ENPH,borrow_fee,collateral_basis,"PB notional 40,041,629 vs book 39,256,499 (x1.0200)",-7.0271939522352795,collateral_102,True
2024-02-26,FCEL,borrow_fee,collateral_basis,"PB notional 33,052,889 vs book 32,404,793 (x1.0200)",-11.223375203188994,collateral_102,True
2024-02-26,FMC,borrow_fee,collateral_basis,"PB notional 32,526,667 vs book 31,888,889 (x1.0200)",-6.4620674195044785,collateral_102,True
2024-02-26,GTM,borrow_fee,collateral_basis,"PB notional 36,766,403 vs book 36,045,493 (x1.0200)",-6.7212180583413215,collateral_102,True
2024-02-26,HE,borrow_fee,collateral_basis,"PB notional 32,861,086 vs book 32,216,751 (x1.0200)",-23.74121171071033,collateral_102,True
2024-02-26,HRL,borrow_fee,collateral_basis,"PB notional 34,884,163 vs book 34,200,160 (x1.0200)",-5.633778716215431,collateral_102,True
2024-02-26,HTZ,borrow_fee,collateral_basis,"PB notional 31,042,420 vs book 30,433,745 (x1.0200)",-8.77496592377696,collateral_102,True
2024-02-26,IEP,borrow_fee,collateral_basis,"PB notional 36,508,308 vs book 35,792,459 (x1.0200)",-5.756956169693183,collateral_102,True
2024-02-26,JBLU,borrow_fee,collateral_basis,"PB notional 41,868,957 vs book 41,047,997 (x1.0200)",-8.760386401646258,collateral_102,True
2024-02-26,JD,borrow_fee,collateral_basis,"PB notional 36,566,857 vs book 35,849,860 (x1.0200)",-5.538460198545522,collateral_102,True
2024-02-26,LCID,borrow_fee,collateral_basis,"PB notional 32,424,977 vs book 31,789,193 (x1.0200)",-12.47621797292868,collateral_102,True
2024-02-26,MP,borrow_fee,collateral_basis,"PB notional 32,371,782 vs book 31,737,041 (x1.0200)",-15.860944606081489,collateral_102,True
2024-02-26,MRNA,borrow_fee,collateral_basis,"PB notional 32,372,013 vs book 31,737,268 (x1.0200)",-5.899333723170855,collateral_102,True
2024-02-26,MRVI,borrow_fee,collateral_basis,"PB notional 48,169,632 vs book 47,225,130 (x1.0200)",-8.709588124187917,collateral_102,True
2024-02-26,NWL,borrow_fee,collateral_basis,"PB notional 29,941,635 vs book 29,354,544 (x1.0200)",-6.196323377704573,collateral_102,True
2024-02-26,PFE,borrow_fee,collateral_basis,"PB notional 34,920,995 vs book 34,236,269 (x1.0200)",-4.91374986358349,collateral_102,True
2024-02-26,PSKY,borrow_fee,collateral_basis,"PB notional 26,446,126 vs book 25,927,575 (x1.0200)",-3.604636619518203,collateral_102,True
2024-02-26,PTEN,borrow_fee,collateral_basis,"PB notional 36,204,292 vs book 35,494,404 (x1.0200)",-7.853666316846329,collateral_102,True
2024-02-26,PTON,borrow_fee,collateral_basis,"PB notional 28,597,445 vs book 28,036,711 (x1.0200)",-14.128920023250998,collateral_102,True
2024-02-26,QFIN,borrow_fee,collateral_basis,"PB notional 37,289,816 vs book 36,558,643 (x1.0200)",-7.078644997331594,collateral_102,True
2024-02-26,REPL,borrow_fee,collateral_basis,"PB notional 38,603,547 vs book 37,846,615 (x1.0200)",-16.415793084872462,collateral_102,True
2024-02-26,RLAY,borrow_fee,collateral_basis,"PB notional 38,215,344 vs book 37,466,024 (x1.0200)",-15.202611082319095,collateral_102,True
2024-02-26,RUM,borrow_fee,collateral_basis,"PB notional 34,690,930 vs book 34,010,716 (x1.0200)",-6.021623336291839,collateral_102,True
2024-02-26,SHLS,borrow_fee,collateral_basis,"PB notional 40,393,131 vs book 39,601,109 (x1.0200)",-62.267518550369005,collateral_102,True
2024-02-26,SMTC,borrow_fee,collateral_basis,"PB notional 36,230,510 vs book 35,520,108 (x1.0200)",-81.22792502719585,collateral_102,True
2024-02-26,SPCE,borrow_fee,collateral_basis,"PB notional 34,792,514 vs book 34,110,308 (x1.0200)",-7.032625051436071,collateral_102,True
2024-02-26,TLRY,borrow_fee,collateral_basis,"PB notional 33,081,407 vs book 32,432,752 (x1.0200)",-15.0374047336295,collateral_102,True
2024-02-26,TSLQ,borrow_fee,collateral_basis,"PB notional 32,516,815 vs book 31,879,231 (x1.0200)",-5.486979720185843,collateral_102,True
2024-02-26,UAA,borrow_fee,collateral_basis,"PB notional 38,947,525 vs book 38,183,848 (x1.0200)",-6.921566795351396,collateral_102,True
2024-02-26,VFC,borrow_fee,collateral_basis,"PB notional 32,763,305 vs book 32,120,887 (x1.0200)",-7.709982090323479,collateral_102,True
2024-02-26,VIR,borrow_fee,collateral_basis,"PB notional 44,045,842 vs book 43,182,198 (x1.0200)",-8.916991831107907,collateral_102,True
2024-02-26,VRDN,borrow_fee,collateral_basis,"PB notional 34,828,663 vs book 34,145,748 (x1.0200)",-18.85951959950114,collateral_102,True
2024-02-27,AA,borrow_fee,collateral_basis,"PB notional 31,225,551 vs book 30,613,285 (x1.0200)",-5.050445927412596,collateral_102,True
2024-02-27,ABCL,borrow_fee,collateral_basis,"PB notional 34,860,599 vs book 34,177,058 (x1.0200)",-64.80780672890887,collateral_102,True
2024-02-27,AES,borrow_fee,collateral_basis,"PB notional 31,496,820 vs book 30,879,236 (x1.0200)",-5.467192387361649,collateral_102,True
2024-02-27,AMLX,borrow_fee,collateral_basis,"PB notional 41,316,110 vs book 40,505,990 (x1.0200)",-8.892478802932601,collateral_102,True
2024-02-27,BABA,borrow_fee,collateral_basis,"PB notional 37,448,837 vs book 36,714,546 (x1.0200)",-5.348674661450161,collateral_102,True
2024-02-27,BCRX,borrow_fee,collateral_basis,"PB notional 38,534,348 vs book 37,778,773 (x1.0200)",-109.18223100871,collateral_102,True
2024-02-27,BE,borrow_fee,collateral_basis,"PB notional 28,645,426 vs book 28,083,751 (x1.0200)",-15.254941785416804,collateral_102,True
2024-02-27,BEAM,borrow_fee,collateral_basis,"PB notional 64,266,337 vs book 63,006,212 (x1.0200)",-62.67562151404718,collateral_102,True
2024-02-27,BILI,borrow_fee,collateral_basis,"PB notional 39,549,156 vs book 38,773,682 (x1.0200)",-9.001725430328008,collateral_102,True
2024-02-27,BMY,borrow_fee,collateral_basis,"PB notional 35,960,095 vs book 35,254,995 (x1.0200)",-5.286392580471841,collateral_102,True
2024-02-27,BZ,borrow_fee,collateral_basis,"PB notional 39,019,643 vs book 38,254,552 (x1.0200)",-7.066256084379518,collateral_102,True
2024-02-27,CCCC,borrow_fee,collateral_basis,"PB notional 54,891,103 vs book 53,814,807 (x1.0200)",-8.781496638619615,collateral_102,True
2024-02-27,CHWY,borrow_fee,collateral_basis,"PB notional 33,660,098 vs book 33,000,096 (x1.0200)",-6.201848961218275,collateral_102,True
2024-02-27,CNH,borrow_fee,collateral_basis,"PB notional 34,676,539 vs book 33,996,607 (x1.0200)",-5.5145459148807845,collateral_102,True
2024-02-27,CSIQ,borrow_fee,collateral_basis,"PB notional 34,005,353 vs book 33,338,581 (x1.0200)",-17.2260958694269,collateral_102,True
2024-02-27,EL,borrow_fee,collateral_basis,"PB notional 39,147,176 vs book 38,379,585 (x1.0200)",-5.621921933655017,collateral_102,True
2024-02-27,ENPH,borrow_fee,collateral_basis,"PB notional 40,465,970 vs book 39,672,520 (x1.0200)",-7.123997320077251,collateral_102,True
2024-02-27,FCEL,borrow_fee,collateral_basis,"PB notional 35,952,265 vs book 35,247,319 (x1.0200)",-12.006094344775079,collateral_102,True
2024-02-27,FMC,borrow_fee,collateral_basis,"PB notional 32,675,246 vs book 32,034,555 (x1.0200)",-6.491585545678674,collateral_102,True
2024-02-27,GTM,borrow_fee,collateral_basis,"PB notional 37,503,900 vs book 36,768,530 (x1.0200)",-6.877599269425843,collateral_102,True
2024-02-27,HE,borrow_fee,collateral_basis,"PB notional 33,746,323 vs book 33,084,631 (x1.0200)",-25.63085655245868,collateral_102,True
2024-02-27,HRL,borrow_fee,collateral_basis,"PB notional 35,399,692 vs book 34,705,580 (x1.0200)",-5.722727217229135,collateral_102,True
2024-02-27,HTZ,borrow_fee,collateral_basis,"PB notional 32,542,457 vs book 31,904,370 (x1.0200)",-9.122648174593166,collateral_102,True
2024-02-27,IEP,borrow_fee,collateral_basis,"PB notional 36,832,403 vs book 36,110,199 (x1.0200)",-5.810952368536846,collateral_102,True
2024-02-27,JBLU,borrow_fee,collateral_basis,"PB notional 42,786,276 vs book 41,947,329 (x1.0200)",-8.938277105873397,collateral_102,True
2024-02-27,JD,borrow_fee,collateral_basis,"PB notional 37,153,160 vs book 36,424,667 (x1.0200)",-5.630062387186001,collateral_102,True
2024-02-27,LCID,borrow_fee,collateral_basis,"PB notional 32,630,850 vs book 31,991,030 (x1.0200)",-13.875960390761634,collateral_102,True
2024-02-27,MP,borrow_fee,collateral_basis,"PB notional 34,374,386 vs book 33,700,379 (x1.0200)",-16.84214495509002,collateral_102,True
2024-02-27,MRNA,borrow_fee,collateral_basis,"PB notional 33,122,609 vs book 32,473,146 (x1.0200)",-6.017196632905382,collateral_102,True
2024-02-27,MRVI,borrow_fee,collateral_basis,"PB notional 49,549,338 vs book 48,577,783 (x1.0200)",-8.945000152989735,collateral_102,True
2024-02-27,NWL,borrow_fee,collateral_basis,"PB notional 30,777,995 vs book 30,174,505 (x1.0200)",-6.339478047705427,collateral_102,True
2024-02-27,PFE,borrow_fee,collateral_basis,"PB notional 34,548,400 vs book 33,870,981 (x1.0200)",-4.86132190393991,collateral_102,True
2024-02-27,PSKY,borrow_fee,collateral_basis,"PB notional 26,827,675 vs book 26,301,642 (x1.0200)",-3.6566421471254102,collateral_102,True
2024-02-27,PTEN,borrow_fee,collateral_basis,"PB notional 36,486,649 vs book 35,771,224 (x1.0200)",-7.939806980025082,collateral_102,True
2024-02-27,PTON,borrow_fee,collateral_basis,"PB notional 29,410,937 vs book 28,834,252 (x1.0200)",-14.652437322428113,collateral_102,True
2024-02-27,QFIN,borrow_fee,collateral_basis,"PB notional 38,235,397 vs book 37,485,683 (x1.0200)",-7.280967417275633,collateral_102,True
2024-02-27,REPL,borrow_fee,collateral_basis,"PB notional 39,724,440 vs book 38,945,529 (x1.0200)",-16.6132223290316,collateral_102,True
2024-02-27,RLAY,borrow_fee,collateral_basis,"PB notional 38,704,321 vs book 37,945,412 (x1.0200)",-15.269350898554535,collateral_102,True
2024-02-27,RUM,borrow_fee,collateral_basis,"PB notional 34,640,139 vs book 33,960,921 (x1.0200)",-6.117542652762893,collateral_102,True
2024-02-27,SHLS,borrow_fee,collateral_basis,"PB notional 40,657,312 vs book 39,860,110 (x1.0200)",-62.67476352249105,collateral_102,True
2024-02-27,SMTC,borrow_fee,collateral_basis,"PB notional 35,686,878 vs book 34,987,136 (x1.0200)",-80.00911507734054,collateral_102,True
2024-02-27,SPCE,borrow_fee,collateral_basis,"PB notional 37,138,078 vs book 36,409,881 (x1.0200)",-7.448041897198607,collateral_102,True
2024-02-27,TLRY,borrow_fee,collateral_basis,"PB notional 34,412,270 vs book 33,737,520 (x1.0200)",-15.642358470235536,collateral_102,True
2024-02-27,TSLQ,borrow_fee,collateral_basis,"PB notional 32,469,205 vs book 31,832,554 (x1.0200)",-5.522121760036384,collateral_102,True
2024-02-27,UAA,borrow_fee,collateral_basis,"PB notional 40,591,268 vs book 39,795,361 (x1.0200)",-7.213685007417041,collateral_102,True
2024-02-27,VFC,borrow_fee,collateral_basis,"PB notional 33,968,148 vs book 33,302,106 (x1.0200)",-7.796141174920763,collateral_102,True
2024-02-27,VIR,borrow_fee,collateral_basis,"PB notional 42,306,219 vs book 41,476,685 (x1.0200)",-8.591742473956458,collateral_102,True
2024-02-27,VRDN,borrow_fee,collateral_basis,"PB notional 35,443,180 vs book 34,748,216 (x1.0200)",-19.19227722219125,collateral_102,True
2024-02-28,AA,borrow_fee,collateral_basis,"PB notional 30,781,141 vs book 30,177,590 (x1.0200)",-4.998419570526806,collateral_102,True
2024-02-28,ABCL,borrow_fee,collateral_basis,"PB notional 34,588,251 vs book 33,910,050 (x1.0200)",-64.30149621037754,collateral_102,True
2024-02-28,AES,borrow_fee,collateral_basis,"PB notional 31,413,385 vs book 30,797,436 (x1.0200)",-5.444156341911992,collateral_102,True
2024-02-28,AMLX,borrow_fee,collateral_basis,"PB notional 42,555,593 vs book 41,721,169 (x1.0200)",-9.087639424148676,collateral_102,True
2024-02-28,BABA,borrow_fee,collateral_basis,"PB notional 35,959,173 vs book 35,254,092 (x1.0200)",-5.141024145964423,collateral_102,True
2024-02-28,BCRX,borrow_fee,collateral_basis,"PB notional 37,484,009 vs book 36,749,029 (x1.0200)",-111.29729026694713,collateral_102,True
2024-02-28,BE,borrow_fee,collateral_basis,"PB notional 27,631,157 vs book 27,089,370 (x1.0200)",-15.546820902539935,collateral_102,True
2024-02-28,BEAM,borrow_fee,collateral_basis,"PB notional 62,184,491 vs book 60,965,187 (x1.0200)",-57.687470657884205,collateral_102,True
2024-02-28,BILI,borrow_fee,collateral_basis,"PB notional 37,094,115 vs book 36,366,779 (x1.0200)",-8.234471141107008,collateral_102,True
2024-02-28,BMY,borrow_fee,collateral_basis,"PB notional 36,251,991 vs book 35,541,167 (x1.0200)",-5.337262686727513,collateral_102,True
2024-02-28,BZ,borrow_fee,collateral_basis,"PB notional 38,444,352 vs book 37,690,541 (x1.0200)",-6.973012145152609,collateral_102,True
2024-02-28,CCCC,borrow_fee,collateral_basis,"PB notional 61,646,931 vs book 60,438,167 (x1.0200)",-9.818239274663313,collateral_102,True
2024-02-28,CHWY,borrow_fee,collateral_basis,"PB notional 33,054,842 vs book 32,406,708 (x1.0200)",-6.119082059117147,collateral_102,True
2024-02-28,CNH,borrow_fee,collateral_basis,"PB notional 34,531,570 vs book 33,854,480 (x1.0200)",-5.494224219328373,collateral_102,True
2024-02-28,CSIQ,borrow_fee,collateral_basis,"PB notional 32,793,124 vs book 32,150,122 (x1.0200)",-15.031107838087678,collateral_102,True
2024-02-28,EL,borrow_fee,collateral_basis,"PB notional 38,849,312 vs book 38,087,560 (x1.0200)",-5.581921727247561,collateral_102,True
2024-02-28,ENPH,borrow_fee,collateral_basis,"PB notional 39,794,377 vs book 39,014,095 (x1.0200)",-6.972846668233274,collateral_102,True
2024-02-28,FCEL,borrow_fee,collateral_basis,"PB notional 35,372,388 vs book 34,678,811 (x1.0200)",-7.984240981943003,collateral_102,True
2024-02-28,FMC,borrow_fee,collateral_basis,"PB notional 31,752,812 vs book 31,130,208 (x1.0200)",-6.298430211781522,collateral_102,True
2024-02-28,GTM,borrow_fee,collateral_basis,"PB notional 36,441,033 vs book 35,726,503 (x1.0200)",-6.7142343429914035,collateral_102,True
2024-02-28,HE,borrow_fee,collateral_basis,"PB notional 33,102,515 vs book 32,453,446 (x1.0200)",-24.521091726460327,collateral_102,True
2024-02-28,HRL,borrow_fee,collateral_basis,"PB notional 35,319,499 vs book 34,626,959 (x1.0200)",-5.718290779993026,collateral_102,True
2024-02-28,HTZ,borrow_fee,collateral_basis,"PB notional 32,834,132 vs book 32,190,325 (x1.0200)",-9.838986661022943,collateral_102,True
2024-02-28,IEP,borrow_fee,collateral_basis,"PB notional 36,565,503 vs book 35,848,532 (x1.0200)",-5.771714722952765,collateral_102,True
2024-02-28,JBLU,borrow_fee,collateral_basis,"PB notional 42,065,526 vs book 41,240,712 (x1.0200)",-8.815343514192023,collateral_102,True
2024-02-28,JD,borrow_fee,collateral_basis,"PB notional 35,193,670 vs book 34,503,598 (x1.0200)",-5.3437507060485245,collateral_102,True
2024-02-28,LCID,borrow_fee,collateral_basis,"PB notional 33,248,467 vs book 32,596,537 (x1.0200)",-51.25375322739592,collateral_102,True
2024-02-28,MP,borrow_fee,collateral_basis,"PB notional 33,516,126 vs book 32,858,947 (x1.0200)",-16.016160787850936,collateral_102,True
2024-02-28,MRNA,borrow_fee,collateral_basis,"PB notional 33,563,328 vs book 32,905,223 (x1.0200)",-6.106839063091286,collateral_102,True
2024-02-28,MRVI,borrow_fee,collateral_basis,"PB notional 48,109,650 vs book 47,166,323 (x1.0200)",-8.698742598472563,collateral_102,True
2024-02-28,NWL,borrow_fee,collateral_basis,"PB notional 30,527,087 vs book 29,928,517 (x1.0200)",-6.287797570366536,collateral_102,True
2024-02-28,PFE,borrow_fee,collateral_basis,"PB notional 34,741,123 vs book 34,059,924 (x1.0200)",-4.89330609719849,collateral_102,True
2024-02-28,PSKY,borrow_fee,collateral_basis,"PB notional 26,374,586 vs book 25,857,438 (x1.0200)",-3.5948856605862147,collateral_102,True
2024-02-28,PTEN,borrow_fee,collateral_basis,"PB notional 36,423,902 vs book 35,709,707 (x1.0200)",-8.290390858371836,collateral_102,True
2024-02-28,PTON,borrow_fee,collateral_basis,"PB notional 29,035,479 vs book 28,466,156 (x1.0200)",-14.465385101874176,collateral_102,True
2024-02-28,QFIN,borrow_fee,collateral_basis,"PB notional 37,580,763 vs book 36,843,885 (x1.0200)",-7.145083128149452,collateral_102,True
2024-02-28,REPL,borrow_fee,collateral_basis,"PB notional 39,051,906 vs book 38,286,182 (x1.0200)",-16.60645343749411,collateral_102,True
2024-02-28,RLAY,borrow_fee,collateral_basis,"PB notional 37,914,436 vs book 37,171,016 (x1.0200)",-14.710490980711029,collateral_102,True
2024-02-28,RUM,borrow_fee,collateral_basis,"PB notional 32,354,498 vs book 31,720,096 (x1.0200)",-5.695980018436728,collateral_102,True
2024-02-28,SHLS,borrow_fee,collateral_basis,"PB notional 40,657,312 vs book 39,860,110 (x1.0200)",-59.807836980776756,collateral_102,True
2024-02-28,SMTC,borrow_fee,collateral_basis,"PB notional 35,985,000 vs book 35,279,411 (x1.0200)",-80.6774961786864,collateral_102,True
2024-02-28,SPCE,borrow_fee,collateral_basis,"PB notional 34,206,125 vs book 33,535,416 (x1.0200)",-8.184800645398013,collateral_102,True
2024-02-28,TLRY,borrow_fee,collateral_basis,"PB notional 33,271,531 vs book 32,619,148 (x1.0200)",-14.266805085391184,collateral_102,True
2024-02-28,TSLQ,borrow_fee,collateral_basis,"PB notional 32,097,859 vs book 31,468,489 (x1.0200)",-4.808663921118068,collateral_102,True
2024-02-28,UAA,borrow_fee,collateral_basis,"PB notional 41,093,521 vs book 40,287,766 (x1.0200)",-7.291487108305034,collateral_102,True
2024-02-28,VFC,borrow_fee,collateral_basis,"PB notional 34,179,525 vs book 33,509,338 (x1.0200)",-7.650961271047436,collateral_102,True
2024-02-28,VIR,borrow_fee,collateral_basis,"PB notional 42,935,446 vs book 42,093,574 (x1.0200)",-8.692194282203673,collateral_102,True
2024-02-28,VRDN,borrow_fee,collateral_basis,"PB notional 36,455,325 vs book 35,740,515 (x1.0200)",-18.621721612801593,collateral_102,True
2024-02-29,AA,borrow_fee,collateral_basis,"PB notional 42,198,367 vs book 41,370,948 (x1.0200)",-6.872898351865501,collateral_102,True
2024-02-29,ABCL,borrow_fee,collateral_basis,"PB notional 42,198,367 vs book 41,370,948 (x1.0200)",-78.44912867917174,collateral_102,True
2024-02-29,AMLX,borrow_fee,collateral_basis,"PB notional 42,198,367 vs book 41,370,948 (x1.0200)",-8.80163150098906,collateral_102,True
2024-02-29,BCRX,borrow_fee,collateral_basis,"PB notional 42,198,367 vs book 41,370,948 (x1.0200)",-90.2800827570154,collateral_102,True
2024-02-29,BE,borrow_fee,collateral_basis,"PB notional 42,198,367 vs book 41,370,948 (x1.0200)",-26.904652909917104,collateral_102,True
2024-02-29,BEAM,borrow_fee,collateral_basis,"PB notional 42,198,367 vs book 41,370,948 (x1.0200)",-31.2589554811957,collateral_102,True
2024-02-29,BILI,borrow_fee,collateral_basis,"PB notional 42,198,367 vs book 41,370,948 (x1.0200)",-9.153939337254656,collateral_102,True
2024-02-29,BTAI,borrow_fee,collateral_basis,"PB notional 42,198,367 vs book 41,370,948 (x1.0200)",-6.670787365106264,collateral_102,True
2024-02-29,BZ,borrow_fee,collateral_basis,"PB notional 42,198,367 vs book 41,370,948 (x1.0200)",-7.972787055654294,collateral_102,True
2024-02-29,CHWY,borrow_fee,collateral_basis,"PB notional 42,198,367 vs book 41,370,948 (x1.0200)",-7.985313272385213,collateral_102,True
2024-02-29,COGT,borrow_fee,collateral_basis,"PB notional 42,198,367 vs book 41,370,948 (x1.0200)",-7.799469243003898,collateral_102,True
2024-02-29,CSIQ,borrow_fee,collateral_basis,"PB notional 42,198,367 vs book 41,370,948 (x1.0200)",-21.73570771999107,collateral_102,True
2024-02-29,ECHO,borrow_fee,collateral_basis,"PB notional 42,198,367 vs book 41,370,948 (x1.0200)",-20.675598788886646,collateral_102,True
2024-02-29,EL,borrow_fee,collateral_basis,"PB notional 42,198,367 vs book 41,370,948 (x1.0200)",-5.979250453929524,collateral_102,True
2024-02-29,ENPH,borrow_fee,collateral_basis,"PB notional 42,198,367 vs book 41,370,948 (x1.0200)",-6.893443227429202,collateral_102,True
2024-02-29,FCEL,borrow_fee,collateral_basis,"PB notional 42,198,367 vs book 41,370,948 (x1.0200)",-9.011354831168376,collateral_102,True
2024-02-29,FMC,borrow_fee,collateral_basis,"PB notional 42,198,367 vs book 41,370,948 (x1.0200)",-7.042850095821279,collateral_102,True
2024-02-29,GPUS,borrow_fee,collateral_basis,"PB notional 42,198,367 vs book 41,370,948 (x1.0200)",-5.914168719654526,collateral_102,True
2024-02-29,GTM,borrow_fee,collateral_basis,"PB notional 42,198,367 vs book 41,370,948 (x1.0200)",-7.726348374812517,collateral_102,True
2024-02-29,HE,borrow_fee,collateral_basis,"PB notional 42,198,367 vs book 41,370,948 (x1.0200)",-21.37643223306827,collateral_102,True
2024-02-29,HTZ,borrow_fee,collateral_basis,"PB notional 42,198,367 vs book 41,370,948 (x1.0200)",-13.629942306855014,collateral_102,True
2024-02-29,IEP,borrow_fee,collateral_basis,"PB notional 42,198,367 vs book 41,370,948 (x1.0200)",-6.720750969223843,collateral_102,True
2024-02-29,INDI,borrow_fee,collateral_basis,"PB notional 42,198,367 vs book 41,370,948 (x1.0200)",-55.552664022613044,collateral_102,True
2024-02-29,JBLU,borrow_fee,collateral_basis,"PB notional 42,198,367 vs book 41,370,948 (x1.0200)",-13.293403058293052,collateral_102,True
2024-02-29,JD,borrow_fee,collateral_basis,"PB notional 42,198,367 vs book 41,370,948 (x1.0200)",-6.588338751292497,collateral_102,True
2024-02-29,LCID,borrow_fee,collateral_basis,"PB notional 42,198,367 vs book 41,370,948 (x1.0200)",-59.235284127183604,collateral_102,True
2024-02-29,LUNR,borrow_fee,collateral_basis,"PB notional 42,198,367 vs book 41,370,948 (x1.0200)",-6.309280374902812,collateral_102,True
2024-02-29,MBLY,borrow_fee,collateral_basis,"PB notional 42,198,367 vs book 41,370,948 (x1.0200)",-7.256087802391448,collateral_102,True
2024-02-29,MOS,borrow_fee,collateral_basis,"PB notional 42,198,367 vs book 41,370,948 (x1.0200)",-6.114611414466594,collateral_102,True
2024-02-29,MP,borrow_fee,collateral_basis,"PB notional 42,198,367 vs book 41,370,948 (x1.0200)",-22.10102158011364,collateral_102,True
2024-02-29,MRVI,borrow_fee,collateral_basis,"PB notional 42,198,367 vs book 41,370,948 (x1.0200)",-6.933148549267969,collateral_102,True
2024-02-29,NTLA,borrow_fee,collateral_basis,"PB notional 42,198,367 vs book 41,370,948 (x1.0200)",-15.444833865134228,collateral_102,True
2024-02-29,NWL,borrow_fee,collateral_basis,"PB notional 42,198,367 vs book 41,370,948 (x1.0200)",-8.201295408622457,collateral_102,True
2024-02-29,PRME,borrow_fee,collateral_basis,"PB notional 42,198,367 vs book 41,370,948 (x1.0200)",-24.960533267469373,collateral_102,True
2024-02-29,PSKY,borrow_fee,collateral_basis,"PB notional 42,198,367 vs book 41,370,948 (x1.0200)",-5.751684756143902,collateral_102,True
2024-02-29,REPL,borrow_fee,collateral_basis,"PB notional 42,198,367 vs book 41,370,948 (x1.0200)",-14.20988049073594,collateral_102,True
2024-02-29,RLAY,borrow_fee,collateral_basis,"PB notional 42,198,367 vs book 41,370,948 (x1.0200)",-14.32879624175041,collateral_102,True
2024-02-29,RUN,borrow_fee,collateral_basis,"PB notional 42,198,367 vs book 41,370,948 (x1.0200)",-14.691547773382354,collateral_102,True
2024-02-29,SHLS,borrow_fee,collateral_basis,"PB notional 42,198,367 vs book 41,370,948 (x1.0200)",-54.181003645416695,collateral_102,True
2024-02-29,SMTC,borrow_fee,collateral_basis,"PB notional 42,198,367 vs book 41,370,948 (x1.0200)",-119.56376902261218,collateral_102,True
2024-02-29,SPCE,borrow_fee,collateral_basis,"PB notional 42,198,367 vs book 41,370,948 (x1.0200)",-10.883621130226288,collateral_102,True
2024-02-29,TLRY,borrow_fee,collateral_basis,"PB notional 42,198,367 vs book 41,370,948 (x1.0200)",-86.15040837297965,collateral_102,True
2024-02-29,ULCC,borrow_fee,collateral_basis,"PB notional 42,198,367 vs book 41,370,948 (x1.0200)",-9.524998369765626,collateral_102,True
2024-02-29,VIR,borrow_fee,collateral_basis,"PB notional 42,198,367 vs book 41,370,948 (x1.0200)",-8.252957925894748,collateral_102,True
2024-02-29,VRDN,borrow_fee,collateral_basis,"PB notional 42,198,367 vs book 41,370,948 (x1.0200)",-21.19902762418701,collateral_102,True
2024-02-29,WBD,borrow_fee,collateral_basis,"PB notional 42,198,367 vs book 41,370,948 (x1.0200)",-7.1880611940090375,collateral_102,True
2024-03-01,MBLY,borrow_fee,rate_break,PB rate 0.003157 vs book 0.003137,-2.4119971481601397,stale_fee_rate,True
2024-03-04,MBLY,borrow_fee,rate_break,PB rate 0.003157 vs book 0.003088,-7.979782630121065,stale_fee_rate,True
2024-03-05,MBLY,borrow_fee,rate_break,PB rate 0.003157 vs book 0.003110,-5.280384773211381,stale_fee_rate,True
2024-03-06,MBLY,borrow_fee,rate_break,PB rate 0.003157 vs book 0.003062,-11.953793346755276,stale_fee_rate,True
2024-03-07,MBLY,borrow_fee,rate_break,PB rate 0.003157 vs book 0.003071,-10.967577934003941,stale_fee_rate,True
2024-03-08,FMC,short_rebate,missing_in_pb,"book 6809.52, no PB line",6809.51774286468,,True
2024-03-08,MBLY,borrow_fee,rate_break,PB rate 0.003157 vs book 0.003147,-1.283510609425548,stale_fee_rate,True
2024-03-11,ECHO,borrow_fee,notional_break,"PB notional 43,485,253 vs book 48,124,102 (x0.9036)",108.67116661952616,stale_mark,True
2024-03-11,MBLY,borrow_fee,rate_break,PB rate 0.003157 vs book 0.003098,-7.402829223160836,stale_fee_rate,True
2024-03-12,MBLY,borrow_fee,rate_break,PB rate 0.003157 vs book 0.003074,-10.690983879543865,stale_fee_rate,True
2024-03-13,MBLY,borrow_fee,rate_break,PB rate 0.003157 vs book 0.003035,-15.774049248328936,stale_fee_rate,True
2024-03-14,MBLY,borrow_fee,rate_break,PB rate 0.003157 vs book 0.003064,-11.93620727400264,stale_fee_rate,True
2024-03-15,MBLY,borrow_fee,rate_break,PB rate 0.003157 vs book 0.002999,-19.748000141835973,stale_fee_rate,True
2024-03-18,MBLY,borrow_fee,rate_break,PB rate 0.003157 vs book 0.002992,-21.572536381630584,stale_fee_rate,True
2024-03-19,ABCL,borrow_fee,notional_break,"PB notional 37,602,505 vs book 37,684,426 (x0.9978)",5.116942640656816,stale_mark,True
2024-03-19,MBLY,borrow_fee,rate_break,PB rate 0.003157 vs book 0.002989,-21.527445515684292,stale_fee_rate,True
2024-03-20,MBLY,borrow_fee,rate_break,PB rate 0.003157 vs book 0.002984,-23.755423942872312,stale_fee_rate,True
2024-03-21,MBLY,borrow_fee,rate_break,PB rate 0.003157 vs book 0.002987,-24.13907158830716,stale_fee_rate,True
2024-03-22,MBLY,borrow_fee,rate_break,PB rate 0.003157 vs book 0.002987,-24.26976088962971,stale_fee_rate,True
2024-03-22,ULCC,borrow_fee,notional_break,"PB notional 43,040,092 vs book 41,370,948 (x1.0403)",-36.326032319203364,stale_mark,True
2024-03-25,MBLY,borrow_fee,rate_break,PB rate 0.003157 vs book 0.002994,-22.935165400686856,stale_fee_rate,True
2024-03-26,MBLY,borrow_fee,rate_break,PB rate 0.003157 vs book 0.002997,-22.632965935460447,stale_fee_rate,True
2024-03-27,MBLY,borrow_fee,rate_break,PB rate 0.003157 vs book 0.002994,-24.045524631577678,stale_fee_rate,True
2024-03-28,MBLY,borrow_fee,rate_break,PB rate 0.003157 vs book 0.002976,-21.306902764451934,stale_fee_rate,True
2024-04-01,OTLK,short_rebate,missing_in_pb,"book 5378.83, no PB line",5378.827934678238,,True
2024-04-01,RUN,borrow_fee,rate_break,PB rate 0.009413 vs book 0.009491,8.893437012095319,stale_fee_rate,True
2024-04-02,FMC,short_rebate,missing_in_pb,"book 5929.40, no PB line",5929.396083360882,,True
2024-04-02,RUN,borrow_fee,rate_break,PB rate 0.009413 vs book 0.009500,9.07235766234362,stale_fee_rate,True
2024-04-02,SMTC,borrow_fee,duplicate_line,2 PB lines vs 1,-2462.2097994843452,duplicate_fee,True
2024-04-03,RUN,borrow_fee,rate_break,PB rate 0.009413 vs book 0.009579,18.33761201212178,stale_fee_rate,True
2024-04-04,JD,short_rebate,missing_in_pb,"book 5969.33, no PB line",5969.332312804459,,True
2024-04-04,RUN,borrow_fee,rate_break,PB rate 0.009413 vs book 0.009579,17.909094135459554,stale_fee_rate,True
2024-04-05,RUN,borrow_fee,rate_break,PB rate 0.009413 vs book 0.009579,17.480576258797555,stale_fee_rate,True
2024-04-08,RUN,borrow_fee,rate_break,PB rate 0.009413 vs book 0.009579,17.554458942883116,stale_fee_rate,True
2024-04-09,RUN,borrow_fee,rate_break,PB rate 0.009413 vs book 0.009500,10.07867732298746,stale_fee_rate,True
2024-04-10,RUN,borrow_fee,rate_break,PB rate 0.009413 vs book 0.009500,9.513589827962278,stale_fee_rate,True
2024-04-11,BE,borrow_fee,notional_break,"PB notional 42,955,590 vs book 42,805,133 (x1.0035)",-7.7367908031669685,stale_mark,True
2024-04-11,MRVI,borrow_fee,notional_break,"PB notional 41,937,183 vs book 41,888,418 (x1.0012)",-0.39509199261846106,stale_mark,False
2024-04-11,RUN,borrow_fee,rate_break,PB rate 0.009413 vs book 0.008321,-115.24916516385406,stale_fee_rate,True
2024-04-12,RUN,borrow_fee,rate_break,PB rate 0.009413 vs book 0.008321,-113.2067745898704,stale_fee_rate,True
2024-04-15,RUN,borrow_fee,rate_break,PB rate 0.009413 vs book 0.008253,-110.501177802587,stale_fee_rate,True
2024-04-16,RUN,borrow_fee,rate_break,PB rate 0.009413 vs book 0.008321,-100.46614590928323,stale_fee_rate,True
2024-04-17,RUN,borrow_fee,rate_break,PB rate 0.009413 vs book 0.008745,-64.53054649511944,stale_fee_rate,True
2024-04-18,GME,short_rebate,missing_in_pb,"book 5154.65, no PB line",5154.647019476235,,True
2024-04-18,RUN,borrow_fee,rate_break,PB rate 0.009413 vs book 0.008818,-53.609199887793125,stale_fee_rate,True
2024-04-19,RUN,borrow_fee,rate_break,PB rate 0.009413 vs book 0.008540,-79.76733782797646,stale_fee_rate,True
2024-04-22,RUN,borrow_fee,rate_break,PB rate 0.009413 vs book 0.008610,-71.86351913702276,stale_fee_rate,True
2024-04-23,RUN,borrow_fee,rate_break,PB rate 0.009413 vs book 0.008610,-73.4366527787862,stale_fee_rate,True
2024-04-24,RUN,borrow_fee,rate_break,PB rate 0.009413 vs book 0.008827,-52.34677671782231,stale_fee_rate,True
2024-04-25,REPL,borrow_fee,notional_break,"PB notional 32,756,804 vs book 31,825,332 (x1.0293)",-42.459035203151416,stale_mark,True
2024-04-25,RUN,borrow_fee,rate_break,PB rate 0.009413 vs book 0.008909,-43.6311603384878,stale_fee_rate,True
2024-04-26,MBLY,borrow_fee,notional_break,"PB notional 40,634,728 vs book 38,399,162 (x1.0582)",-21.407602612349365,stale_mark,True
2024-04-26,RUN,borrow_fee,rate_break,PB rate 0.009413 vs book 0.018149,800.9917482848576,stale_fee_rate,True
2024-04-29,RUN,borrow_fee,rate_break,PB rate 0.009413 vs book 0.017706,792.1158611680509,stale_fee_rate,True
2024-04-30,RUN,borrow_fee,rate_break,PB rate 0.009413 vs book 0.017273,943.0326931755051,stale_fee_rate,True
2024-04-30,TDOC,short_rebate,missing_in_pb,"book 6394.77, no PB line",6394.771496893555,,True
2024-05-01,JD,borrow_fee,rate_break,PB rate 0.002818 vs book 0.002812,-0.7276604361894101,stale_fee_rate,True
2024-05-01,SMR,borrow_fee,rate_break,PB rate 0.003021 vs book 0.003037,1.9455416007366466,stale_fee_rate,True
2024-05-02,JD,borrow_fee,rate_break,PB rate 0.002818 vs book 0.002798,-2.679740347115626,stale_fee_rate,True
2024-05-02,SMR,borrow_fee,rate_break,PB rate 0.003021 vs book 0.003085,7.968980383410269,stale_fee_rate,True
2024-05-03,GME,borrow_fee,notional_break,"PB notional 49,695,773 vs book 64,144,932 (x0.7747)",556.0645336225439,stale_mark,True
2024-05-03,JD,borrow_fee,rate_break,PB rate 0.002818 vs book 0.002792,-3.44862452863822,stale_fee_rate,True
2024-05-03,SMR,borrow_fee,rate_break,PB rate 0.003021 vs book 0.003099,9.973923769128476,stale_fee_rate,True
2024-05-06,JD,borrow_fee,rate_break,PB rate 0.002818 vs book 0.002790,-3.8044632477179903,stale_fee_rate,True
2024-05-06,SMR,borrow_fee,rate_break,PB rate 0.003021 vs book 0.003114,11.182634852346439,stale_fee_rate,True
2024-05-07,AES,borrow_fee,notional_break,"PB notional 45,556,387 vs book 45,459,871 (x1.0021)",-0.7362045548570677,stale_mark,True
2024-05-07,JD,borrow_fee,rate_break,PB rate 0.002818 vs book 0.002796,-2.821283809242118,stale_fee_rate,True
2024-05-07,SMR,borrow_fee,rate_break,PB rate 0.003021 vs book 0.003128,12.556648248947283,stale_fee_rate,True
2024-05-07,VIR,short_rebate,missing_in_pb,"book 7505.92, no PB line",7505.919932547785,,True
2024-05-08,JD,borrow_fee,rate_break,PB rate 0.002818 vs book 0.002796,-2.80547827143414,stale_fee_rate,True
2024-05-08,SMR,borrow_fee,rate_break,PB rate 0.003021 vs book 0.003104,10.054088068984072,stale_fee_rate,True
2024-05-09,JD,borrow_fee,rate_break,PB rate 0.002818 vs book 0.002799,-2.472698210951023,stale_fee_rate,True
2024-05-09,SMR,borrow_fee,rate_break,PB rate 0.003021 vs book 0.003080,7.164828036913832,stale_fee_rate,True
2024-05-10,JD,borrow_fee,rate_break,PB rate 0.002818 vs book 0.002801,-2.275717677689272,stale_fee_rate,True
2024-05-10,SMR,borrow_fee,rate_break,PB rate 0.003021 vs book 0.003056,4.587648555928581,stale_fee_rate,True
2024-05-13,AES,borrow_fee,notional_break,"PB notional 48,114,111 vs book 48,162,366 (x0.9990)",0.3761305095719081,stale_mark,False
2024-05-13,JD,borrow_fee,rate_break,PB rate 0.002818 vs book 0.002818,0.130565829447562,stale_fee_rate,False
2024-05-13,SMR,borrow_fee,rate_break,PB rate 0.003021 vs book 0.003407,50.91451470621888,stale_fee_rate,True
2024-05-14,JD,borrow_fee,rate_break,PB rate 0.002818 vs book 0.002821,0.5127610452323665,stale_fee_rate,True
2024-05-14,SMR,borrow_fee,rate_break,PB rate 0.003021 vs book 0.003323,45.96082915715323,stale_fee_rate,True
2024-05-15,JD,borrow_fee,rate_break,PB rate 0.002818 vs book 0.002816,-0.2566373916617408,stale_fee_rate,False
2024-05-15,SMR,borrow_fee,rate_break,PB rate 0.003021 vs book 0.003334,45.331794987492856,stale_fee_rate,True
2024-05-16,JD,borrow_fee,rate_break,PB rate 0.002818 vs book 0.002814,-0.4584834371557349,stale_fee_rate,False
2024-05-16,SMR,borrow_fee,rate_break,PB rate 0.003021 vs book 0.003375,44.6252065584236,stale_fee_rate,True
2024-05-17,JD,borrow_fee,rate_break,PB rate 0.002818 vs book 0.002812,-0.8768221221769181,stale_fee_rate,True
2024-05-17,SMR,borrow_fee,rate_break,PB rate 0.003021 vs book 0.003365,44.87290628508748,stale_fee_rate,True
2024-05-20,JD,borrow_fee,rate_break,PB rate 0.002818 vs book 0.002820,0.33425152590444895,stale_fee_rate,False
2024-05-20,SMR,borrow_fee,rate_break,PB rate 0.003021 vs book 0.003370,52.340823811090615,stale_fee_rate,True
2024-05-21,JD,borrow_fee,rate_break,PB rate 0.002818 vs book 0.002820,0.3202081612481038,stale_fee_rate,False
2024-05-21,SMR,borrow_fee,rate_break,PB rate 0.003021 vs book 0.003365,52.62432865297137,stale_fee_rate,True
2024-05-22,JD,borrow_fee,rate_break,PB rate 0.002818 vs book 0.002814,-0.4372115163708372,stale_fee_rate,False
2024-05-22,SMR,borrow_fee,rate_break,PB rate 0.003021 vs book 0.003313,44.275232046061376,stale_fee_rate,True
2024-05-23,JD,borrow_fee,rate_break,PB rate 0.002818 vs book 0.002809,-1.1335184077797749,stale_fee_rate,True
2024-05-23,SMR,borrow_fee,rate_break,PB rate 0.003021 vs book 0.003455,59.83561822318427,stale_fee_rate,True
2024-05-24,JD,borrow_fee,rate_break,PB rate 0.002818 vs book 0.002825,0.9886579938903992,stale_fee_rate,True
2024-05-24,SMR,borrow_fee,rate_break,PB rate 0.003021 vs book 0.003339,51.14385467703755,stale_fee_rate,True
2024-05-28,JD,borrow_fee,rate_break,PB rate 0.002818 vs book 0.002814,-0.39988530708183134,stale_fee_rate,False
2024-05-28,SMR,borrow_fee,rate_break,PB rate 0.003021 vs book 0.003242,43.30792244227541,stale_fee_rate,True
2024-05-29,JD,borrow_fee,rate_break,PB rate 0.002818 vs book 0.002754,-7.722528643684939,stale_fee_rate,True
2024-05-29,SMR,borrow_fee,rate_break,PB rate 0.003021 vs book 0.003119,17.900434013846052,stale_fee_rate,True
2024-05-30,JD,borrow_fee,rate_break,PB rate 0.002818 vs book 0.002757,-7.617166881610217,stale_fee_rate,True
2024-05-30,SMR,borrow_fee,rate_break,PB rate 0.003021 vs book 0.003128,19.323040578761606,stale_fee_rate,True
2024-06-12,NVAX,short_rebate,missing_in_pb,"book 6193.53, no PB line",6193.531942025645,,True
2024-06-17,AI,borrow_fee,notional_break,"PB notional 38,932,723 vs book 39,160,632 (x0.9942)",20.127095599550557,stale_mark,True
2024-06-20,CSIQ,short_rebate,missing_in_pb,"book 4787.57, no PB line",4787.57108361769,,True
2024-06-21,CHAI,borrow_fee,duplicate_line,2 PB lines vs 1,-202.9466638314534,duplicate_fee,True
2024-06-25,CHAI,borrow_fee,notional_break,"PB notional 28,854,280 vs book 27,223,386 (x1.0599)",-11.476518796586987,stale_mark,True
2024-07-08,CHWY,borrow_fee,notional_break,"PB notional 40,440,531 vs book 40,149,126 (x1.0073)",-2.4041346967426875,stale_mark,True
2024-07-15,GTM,borrow_fee,notional_break,"PB notional 40,473,264 vs book 39,713,527 (x1.0191)",-8.137472363102859,stale_mark,True
2024-07-18,FLG,borrow_fee,duplicate_line,2 PB lines vs 1,-592.1061907605418,duplicate_fee,True
2024-07-19,CZR,borrow_fee,notional_break,"PB notional 40,570,452 vs book 40,903,360 (x0.9919)",3.6889890388805497,stale_mark,True
2024-07-26,MBLY,borrow_fee,notional_break,"PB notional 33,094,086 vs book 33,313,875 (x0.9934)",1.769451649672078,stale_mark,True
2024-08-01,SOFI,borrow_fee,rate_break,PB rate 0.006774 vs book 0.007233,47.03387747710565,stale_fee_rate,True
2024-08-02,SOFI,borrow_fee,rate_break,PB rate 0.006774 vs book 0.007353,55.059747149521286,stale_fee_rate,True
2024-08-05,GTM,short_rebate,missing_in_pb,"book 4958.99, no PB line",4958.990807249807,,True
2024-08-05,SOFI,borrow_fee,rate_break,PB rate 0.006774 vs book 0.007233,42.96111221528167,stale_fee_rate,True
2024-08-06,SOFI,borrow_fee,rate_break,PB rate 0.006774 vs book 0.007233,42.23852381968959,stale_fee_rate,True
2024-08-07,GTM,borrow_fee,notional_break,"PB notional 27,376,318 vs book 29,734,576 (x0.9207)",25.73159971928476,stale_mark,True
2024-08-07,SOFI,borrow_fee,rate_break,PB rate 0.006774 vs book 0.007475,63.31773987742906,stale_fee_rate,True
2024-08-08,APTV,short_rebate,missing_in_pb,"book 5711.10, no PB line",5711.102412798314,,True
2024-08-08,IEP,borrow_fee,duplicate_line,2 PB lines vs 1,-309.0441367513562,duplicate_fee,True
2024-08-08,SOFI,borrow_fee,rate_break,PB rate 0.006774 vs book 0.007293,49.27419479912305,stale_fee_rate,True
2024-08-08,XRAY,borrow_fee,duplicate_line,2 PB lines vs 1,-380.5203027332669,duplicate_fee,True
2024-08-09,BIDU,short_rebate,missing_in_pb,"book 5523.17, no PB line",5523.170453677737,,True
2024-08-09,SOFI,borrow_fee,rate_break,PB rate 0.006774 vs book 0.007174,38.0080119700001,stale_fee_rate,True
2024-08-12,SOFI,borrow_fee,rate_break,PB rate 0.006774 vs book 0.007475,64.92071906155854,stale_fee_rate,True
2024-08-13,FCEL,short_rebate,missing_in_pb,"book 5184.81, no PB line",5184.814147651285,,True
2024-08-13,SOFI,borrow_fee,rate_break,PB rate 0.006774 vs book 0.005893,-83.71169759393524,stale_fee_rate,True
2024-08-14,RIG,borrow_fee,notional_break,"PB notional 34,534,208 vs book 33,863,642 (x1.0198)",-44.605066762237584,stale_mark,True
2024-08-14,SOFI,borrow_fee,rate_break,PB rate 0.006774 vs book 0.005893,-83.33348545163392,stale_fee_rate,True
2024-08-15,SOFI,borrow_fee,rate_break,PB rate 0.006774 vs book 0.005950,-81.42904198675762,stale_fee_rate,True
2024-08-16,COUR,short_rebate,missing_in_pb,"book 5099.37, no PB line",5099.370044243527,,True
2024-08-16,SOFI,borrow_fee,rate_break,PB rate 0.006774 vs book 0.006098,-67.67294312265835,stale_fee_rate,True
2024-08-19,FLNC,borrow_fee,duplicate_line,2 PB lines vs 1,-492.1314413755312,duplicate_fee,True
2024-08-19,RKLB,borrow_fee,notional_break,"PB notional 48,606,393 vs book 53,274,386 (x0.9124)",88.67873701381404,stale_mark,True
2024-08-19,SOFI,borrow_fee,rate_break,PB rate 0.006774 vs book 0.005902,-93.08820863316305,stale_fee_rate,True
2024-08-20,RIOT,short_rebate,missing_in_pb,"book 4535.52, no PB line",4535.523462220981,,True
2024-08-20,SOFI,borrow_fee,rate_break,PB rate 0.006774 vs book 0.005902,-91.96515864143703,stale_fee_rate,True
2024-08-20,XRAY,borrow_fee,notional_break,"PB notional 36,536,917 vs book 34,777,307 (x1.0506)",-21.65841876752461,stale_mark,True
2024-08-21,SOFI,borrow_fee,rate_break,PB rate 0.006774 vs book 0.006049,-75.76600716432915,stale_fee_rate,True
2024-08-22,FSLY,borrow_fee,notional_break,"PB notional 30,964,802 vs book 29,862,340 (x1.0369)",-23.875492955904292,stale_mark,True
2024-08-22,SOFI,borrow_fee,rate_break,PB rate 0.006774 vs book 0.005950,-84.72862944612984,stale_fee_rate,True
2024-08-23,SOFI,borrow_fee,rate_break,PB rate 0.006774 vs book 0.005863,-98.04680950622878,stale_fee_rate,True
2024-08-26,SOFI,borrow_fee,rate_break,PB rate 0.006774 vs book 0.006107,-73.15941362393562,stale_fee_rate,True
2024-08-27,SOFI,borrow_fee,rate_break,PB rate 0.006774 vs book 0.006107,-74.11325121358311,stale_fee_rate,True
2024-08-28,EL,borrow_fee,notional_break,"PB notional 36,198,731 vs book 36,011,636 (x1.0052)",-1.3502839926935621,stale_mark,True
2024-08-28,SOFI,borrow_fee,rate_break,PB rate 0.006774 vs book 0.007502,77.94153423944522,stale_fee_rate,True
2024-08-29,SOFI,borrow_fee,rate_break,PB rate 0.006774 vs book 0.007441,76.55293319156681,stale_fee_rate,True
2024-09-05,ASST,borrow_fee,notional_break,"PB notional 75,260,130 vs book 68,752,672 (x1.0947)",-51.072749249946355,stale_mark,True
2024-09-18,BTDR,short_rebate,missing_in_pb,"book 6475.88, no PB line",6475.8772672614705,,True
2024-09-20,GTM,borrow_fee,notional_break,"PB notional 43,223,208 vs book 41,801,390 (x1.0340)",-18.60096217540797,stale_mark,True
2024-10-01,EL,short_rebate,missing_in_pb,"book 5363.62, no PB line",5363.615199979318,,True
2024-10-01,FLG,borrow_fee,rate_break,PB rate 0.005683 vs book 0.005824,15.403413025921509,stale_fee_rate,True
2024-10-01,XPON,borrow_fee,rate_break,PB rate 0.002868 vs book 0.002870,0.15004642872679597,stale_fee_rate,False
2024-10-02,FLG,borrow_fee,rate_break,PB rate 0.005683 vs book 0.005776,10.283876546094916,stale_fee_rate,True
2024-10-02,OKLO,borrow_fee,duplicate_line,2 PB lines vs 1,-425.2086576491709,duplicate_fee,True
2024-10-02,XPON,borrow_fee,rate_break,PB rate 0.002868 vs book 0.002871,0.2879143587146018,stale_fee_rate,False
2024-10-03,APA,borrow_fee,notional_break,"PB notional 43,162,747 vs book 44,452,938 (x0.9710)",10.616182387011861,stale_mark,True
2024-10-03,FLG,borrow_fee,rate_break,PB rate 0.005683 vs book 0.005824,15.546302378118412,stale_fee_rate,True
2024-10-03,XPON,borrow_fee,rate_break,PB rate 0.002868 vs book 0.002874,0.5883671843418483,stale_fee_rate,True
2024-10-04,FLG,borrow_fee,rate_break,PB rate 0.005683 vs book 0.006017,36.943935382378186,stale_fee_rate,True
2024-10-04,XPON,borrow_fee,rate_break,PB rate 0.002868 vs book 0.002870,0.14392209045831805,stale_fee_rate,False
2024-10-07,FLG,borrow_fee,rate_break,PB rate 0.005683 vs book 0.006067,41.890524182871104,stale_fee_rate,True
2024-10-07,XPON,borrow_fee,rate_break,PB rate 0.002868 vs book 0.002592,-20.588925967102085,stale_fee_rate,True
2024-10-08,FLG,borrow_fee,rate_break,PB rate 0.005683 vs book 0.006217,58.53522864365789,stale_fee_rate,True
2024-10-08,XPON,borrow_fee,rate_break,PB rate 0.002868 vs book 0.002593,-18.083692818656658,stale_fee_rate,True
2024-10-09,FLG,borrow_fee,rate_break,PB rate 0.005683 vs book 0.006268,65.24901486154829,stale_fee_rate,True
2024-10-09,XPON,borrow_fee,rate_break,PB rate 0.002868 vs book 0.002908,2.5547055445585727,stale_fee_rate,True
2024-10-10,FLG,borrow_fee,rate_break,PB rate 0.005683 vs book 0.006067,42.59064181207111,stale_fee_rate,True
2024-10-10,UUUU,borrow_fee,notional_break,"PB notional 40,237,971 vs book 40,312,626 (x0.9981)",3.286917297729815,stale_mark,True
2024-10-10,XPON,borrow_fee,rate_break,PB rate 0.002868 vs book 0.002929,3.0597069940831716,stale_fee_rate,True
2024-10-11,FLG,borrow_fee,rate_break,PB rate 0.005683 vs book 0.005152,-63.35284545543459,stale_fee_rate,True
2024-10-11,GTM,borrow_fee,duplicate_line,2 PB lines vs 1,-571.658277703128,duplicate_fee,True
2024-10-11,XPON,borrow_fee,rate_break,PB rate 0.002868 vs book 0.003295,22.329095192698958,stale_fee_rate,True
2024-10-14,FLG,borrow_fee,rate_break,PB rate 0.005683 vs book 0.005110,-69.0536618439022,stale_fee_rate,True
2024-10-14,XPON,borrow_fee,rate_break,PB rate 0.002868 vs book 0.003137,20.68781669742617,stale_fee_rate,True
2024-10-15,FLG,borrow_fee,rate_break,PB rate 0.005683 vs book 0.005237,-53.491517083444705,stale_fee_rate,True
2024-10-15,XPON,borrow_fee,rate_break,PB rate 0.002868 vs book 0.003171,20.193401953970664,stale_fee_rate,True
2024-10-16,FLG,borrow_fee,rate_break,PB rate 0.005683 vs book 0.005237,-55.976343453329605,stale_fee_rate,True
2024-10-16,FRSH,borrow_fee,notional_break,"PB notional 41,091,606 vs book 40,341,889 (x1.0186)",-7.833029801688554,stale_mark,True
2024-10-16,ULCC,short_rebate,missing_in_pb,"book 6392.94, no PB line",6392.943623778382,,True
2024-10-16,XPON,borrow_fee,rate_break,PB rate 0.002868 vs book 0.003215,20.7928871149187,stale_fee_rate,True
2024-10-17,FLG,borrow_fee,rate_break,PB rate 0.005683 vs book 0.005323,-45.107328083107745,stale_fee_rate,True
2024-10-17,XPON,borrow_fee,rate_break,PB rate 0.002868 vs book 0.002741,-8.489829396458845,stale_fee_rate,True
2024-10-18,LI,borrow_fee,duplicate_line,2 PB lines vs 1,-325.40749124745395,duplicate_fee,True
2024-10-18,MP,borrow_fee,notional_break,"PB notional 42,470,627 vs book 43,144,025 (x0.9844)",13.361180212304475,stale_mark,True
2024-10-18,XPON,borrow_fee,rate_break,PB rate 0.002868 vs book 0.003275,24.920400266745133,stale_fee_rate,True
2024-10-21,FLG,borrow_fee,rate_break,PB rate 0.005683 vs book 0.005376,-36.37198000446051,stale_fee_rate,True
2024-10-21,XPON,borrow_fee,rate_break,PB rate 0.002868 vs book 0.003666,63.3873012295241,stale_fee_rate,True
2024-10-22,FLG,borrow_fee,rate_break,PB rate 0.005683 vs book 0.005376,-36.652004287422756,stale_fee_rate,True
2024-10-22,RIVN,borrow_fee,notional_break,"PB notional 36,637,658 vs book 38,317,949 (x0.9561)",17.296071377802377,stale_mark,True
2024-10-22,XPON,borrow_fee,rate_break,PB rate 0.002868 vs book 0.003689,58.71882333865631,stale_fee_rate,True
2024-10-23,FLG,borrow_fee,rate_break,PB rate 0.005683 vs book 0.005350,-39.862210967387,stale_fee_rate,True
2024-10-23,XPON,borrow_fee,rate_break,PB rate 0.002868 vs book 0.006884,269.0357917697514,stale_fee_rate,True
2024-10-24,ARRY,borrow_fee,notional_break,"PB notional 38,811,081 vs book 38,314,299 (x1.0130)",-88.23955750775986,stale_mark,True
2024-10-24,FLG,borrow_fee,rate_break,PB rate 0.005683 vs book 0.005394,-33.72193946578159,stale_fee_rate,True
2024-10-24,XPON,borrow_fee,rate_break,PB rate 0.002868 vs book 0.006451,276.05559943227865,stale_fee_rate,True
2024-10-25,FLG,borrow_fee,rate_break,PB rate 0.005683 vs book 0.005527,-16.68658945637719,stale_fee_rate,True
2024-10-25,XPON,borrow_fee,rate_break,PB rate 0.002868 vs book 0.005851,280.1012982513508,stale_fee_rate,True
2024-10-28,FLG,borrow_fee,rate_break,PB rate 0.005683 vs book 0.008437,296.1972591957772,stale_fee_rate,True
2024-10-28,OKLO,borrow_fee,duplicate_line,2 PB lines vs 1,-1000.9728806340269,duplicate_fee,True
2024-10-28,UUUU,short_rebate,missing_in_pb,"book 6500.35, no PB line",6500.3483969548315,,True
2024-10-28,XPON,borrow_fee,rate_break,PB rate 0.002868 vs book 0.058359,5114.618678596022,stale_fee_rate,True
2024-10-29,FLG,borrow_fee,symbol_mapping,PB carries NYCB for FLG,-886.406795532481,,True
2024-10-29,FLG,short_rebate,symbol_mapping,PB carries NYCB for FLG,5033.587746018533,,True
2024-10-29,XPON,borrow_fee,rate_break,PB rate 0.002868 vs book 0.058359,5126.767308304417,stale_fee_rate,True
2024-10-30,FLG,borrow_fee,symbol_mapping,PB carries NYCB for FLG,-847.1212097985062,,True
2024-10-30,FLG,short_rebate,symbol_mapping,PB carries NYCB for FLG,5092.345525120073,,True
2024-10-30,XPON,borrow_fee,rate_break,PB rate 0.002868 vs book 0.058359,4555.776691436102,stale_fee_rate,True
2024-10-31,FLG,borrow_fee,symbol_mapping,PB carries NYCB for FLG,-1002.2252517467114,,True
2024-10-31,FLG,short_rebate,symbol_mapping,PB carries NYCB for FLG,5927.51388650954,,True
2024-10-31,XPON,borrow_fee,rate_break,PB rate 0.002868 vs book 0.050882,5892.366139366497,stale_fee_rate,True
2024-11-01,BA,short_rebate,missing_in_pb,"book 6137.13, no PB line",6137.126548734343,,True
2024-11-01,FLG,borrow_fee,symbol_mapping,PB carries NYCB for FLG,-1020.6288979561515,,True
2024-11-01,FLG,short_rebate,symbol_mapping,PB carries NYCB for FLG,6085.65928975622,,True
2024-11-07,BA,borrow_fee,notional_break,"PB notional 43,544,053 vs book 44,674,373 (x0.9747)",8.018945448154568,stale_mark,True
2024-11-07,SRRK,short_rebate,missing_in_pb,"book 6033.81, no PB line",6033.809012460749,,True
2024-11-13,APTV,borrow_fee,notional_break,"PB notional 43,830,393 vs book 43,643,813 (x1.0043)",-2.154773314113413,stale_mark,True
2024-11-13,PTEN,short_rebate,missing_in_pb,"book 6133.68, no PB line",6133.678537462403,,True
2024-11-13,TDOC,borrow_fee,duplicate_line,2 PB lines vs 1,-1253.965086678629,duplicate_fee,True
2024-11-15,DXCM,borrow_fee,notional_break,"PB notional 46,812,986 vs book 47,565,201 (x0.9842)",5.659434534822196,stale_mark,True
2024-11-26,GT,borrow_fee,notional_break,"PB notional 55,873,371 vs book 55,707,903 (x1.0030)",-2.586065100310293,stale_mark,True
2024-11-27,GTM,short_rebate,missing_in_pb,"book 5595.27, no PB line",5595.273590731162,,True
2024-11-29,GO,borrow_fee,notional_break,"PB notional 46,352,643 vs book 45,807,318 (x1.0119)",-5.987830681079345,stale_mark,True
2024-12-02,LCID,borrow_fee,rate_break,PB rate 0.003846 vs book 0.003917,8.848564680451545,stale_fee_rate,True
2024-12-03,ACHR,short_rebate,missing_in_pb,"book 4110.45, no PB line",4110.45305999783,,True
2024-12-03,LCID,borrow_fee,rate_break,PB rate 0.003846 vs book 0.003924,9.746045899364617,stale_fee_rate,True
2024-12-03,SNOW,borrow_fee,notional_break,"PB notional 45,183,625 vs book 46,106,061 (x0.9800)",7.083702839241596,stale_mark,True
2024-12-04,ASAN,borrow_fee,notional_break,"PB notional 45,418,360 vs book 47,363,150 (x0.9589)",19.884166262570943,stale_mark,True
2024-12-04,LCID,borrow_fee,rate_break,PB rate 0.003846 vs book 0.006071,272.7701560877986,stale_fee_rate,True
2024-12-05,LCID,borrow_fee,rate_break,PB rate 0.003846 vs book 0.003853,0.9203454321399249,stale_fee_rate,True
2024-12-05,QXO,borrow_fee,duplicate_line,2 PB lines vs 1,-346.7678519249302,duplicate_fee,True
2024-12-06,LCID,borrow_fee,rate_break,PB rate 0.003846 vs book 0.004647,107.54831462266088,stale_fee_rate,True
2024-12-09,LCID,borrow_fee,rate_break,PB rate 0.003846 vs book 0.003766,-11.856905015477992,stale_fee_rate,True
2024-12-10,LCID,borrow_fee,rate_break,PB rate 0.003846 vs book 0.003818,-3.798859609608826,stale_fee_rate,True
2024-12-10,LCID,short_rebate,missing_in_pb,"book 6308.90, no PB line",6308.8961087206135,,True
2024-12-11,LCID,borrow_fee,rate_break,PB rate 0.003846 vs book 0.003778,-9.666047071085245,stale_fee_rate,True
2024-12-11,RIVN,short_rebate,missing_in_pb,"book 6556.77, no PB line",6556.768412742647,,True
2024-12-12,LCID,borrow_fee,rate_break,PB rate 0.003846 vs book 0.003726,-17.74335493944102,stale_fee_rate,True
2024-12-13,LCID,borrow_fee,rate_break,PB rate 0.003846 vs book 0.003703,-21.437627663316675,stale_fee_rate,True
2024-12-16,LCID,borrow_fee,rate_break,PB rate 0.003846 vs book 0.004998,183.6609611208038,stale_fee_rate,True
2024-12-16,PTEN,borrow_fee,notional_break,"PB notional 42,099,108 vs book 41,117,523 (x1.0239)",-12.068857883908208,stale_mark,True
2024-12-17,LCID,borrow_fee,rate_break,PB rate 0.003846 vs book 0.004998,185.67922119623745,stale_fee_rate,True
2024-12-17,MBLY,borrow_fee,notional_break,"PB notional 47,710,669 vs book 49,842,423 (x0.9572)",17.559618735533718,stale_mark,True
2024-12-18,LCID,borrow_fee,rate_break,PB rate 0.003846 vs book 0.004391,80.47103787300637,stale_fee_rate,True
2024-12-19,LCID,borrow_fee,rate_break,PB rate 0.003846 vs book 0.003703,-21.853085576054127,stale_fee_rate,True
2024-12-20,DXCM,short_rebate,missing_in_pb,"book 5654.42, no PB line",5654.424883080249,,True
2024-12-20,LCID,borrow_fee,rate_break,PB rate 0.003846 vs book 0.003631,-37.9174034377628,stale_fee_rate,True
2024-12-23,LCID,borrow_fee,rate_break,PB rate 0.003846 vs book 0.003608,-42.91986614232792,stale_fee_rate,True
2024-12-23,XRX,borrow_fee,duplicate_line,2 PB lines vs 1,-4073.509959606425,duplicate_fee,True
2024-12-24,LCID,borrow_fee,rate_break,PB rate 0.003846 vs book 0.003592,-47.38313481512955,stale_fee_rate,True
2024-12-24,NKE,borrow_fee,duplicate_line,2 PB lines vs 1,-325.6336172262402,duplicate_fee,True
2024-12-26,LCID,borrow_fee,rate_break,PB rate 0.003846 vs book 0.003586,-49.918954205494174,stale_fee_rate,True
2024-12-27,LCID,borrow_fee,rate_break,PB rate 0.003846 vs book 0.003323,-97.62176875792886,stale_fee_rate,True
2024-12-30,LCID,borrow_fee,rate_break,PB rate 0.003846 vs book 0.003374,-86.70059510467206,stale_fee_rate,True
2024-12-31,LCID,borrow_fee,rate_break,PB rate 0.003846 vs book 0.003364,-60.81675732643345,stale_fee_rate,True
2025-01-02,STLA,borrow_fee,rate_break,PB rate 0.002635 vs book 0.002644,1.1045934834206719,stale_fee_rate,True
2025-01-03,STLA,borrow_fee,rate_break,PB rate 0.002635 vs book 0.002646,1.237997361617147,stale_fee_rate,True
2025-01-06,STLA,borrow_fee,rate_break,PB rate 0.002635 vs book 0.002637,0.16028270075855744,stale_fee_rate,False
2025-01-07,PAGS,borrow_fee,notional_break,"PB notional 46,018,906 vs book 47,688,361 (x0.9650)",24.333323983463174,stale_mark,True
2025-01-07,PATH,short_rebate,missing_in_pb,"book 5675.91, no PB line",5675.905252250122,,True
2025-01-07,STLA,borrow_fee,rate_break,PB rate 0.002635 vs book 0.002634,-0.16156078320489087,stale_fee_rate,False
2025-01-08,PAGS,short_rebate,missing_in_pb,"book 5473.94, no PB line",5473.939013579932,,True
2025-01-08,STLA,borrow_fee,rate_break,PB rate 0.002635 vs book 0.002633,-0.3146655336457229,stale_fee_rate,False
2025-01-08,STLA,short_rebate,missing_in_pb,"book 5347.95, no PB line",5347.947791946703,,True
2025-01-10,MRNA,borrow_fee,notional_break,"PB notional 47,175,759 vs book 46,170,394 (x1.0218)",-11.064817971052719,stale_mark,True
2025-01-10,STLA,borrow_fee,rate_break,PB rate 0.002635 vs book 0.002635,-0.022297374452193708,stale_fee_rate,False
2025-01-13,STLA,borrow_fee,rate_break,PB rate 0.002635 vs book 0.002639,0.43370849939361733,stale_fee_rate,False
2025-01-14,SPCE,borrow_fee,duplicate_line,2 PB lines vs 1,-544.6766220848547,duplicate_fee,True
2025-01-14,STLA,borrow_fee,rate_break,PB rate 0.002635 vs book 0.002636,0.1311324289954996,stale_fee_rate,False
2025-01-15,STLA,borrow_fee,rate_break,PB rate 0.002635 vs book 0.002746,13.595093960417103,stale_fee_rate,True
2025-01-16,STLA,borrow_fee,rate_break,PB rate 0.002635 vs book 0.002780,17.607076647398458,stale_fee_rate,True
2025-01-16,XP,short_rebate,missing_in_pb,"book 5529.78, no PB line",5529.776449647006,,True
2025-01-17,STLA,borrow_fee,rate_break,PB rate 0.002635 vs book 0.002758,15.223633789554071,stale_fee_rate,True
2025-01-21,STLA,borrow_fee,rate_break,PB rate 0.002635 vs book 0.002763,16.307304842082146,stale_fee_rate,True
2025-01-21,TDOC,short_rebate,missing_in_pb,"book 5711.71, no PB line",5711.714339254058,,True
2025-01-22,STLA,borrow_fee,rate_break,PB rate 0.002635 vs book 0.002738,12.971591898155054,stale_fee_rate,True
2025-01-23,STLA,borrow_fee,rate_break,PB rate 0.002635 vs book 0.002780,18.560325079091797,stale_fee_rate,True
2025-01-24,STLA,borrow_fee,rate_break,PB rate 0.002635 vs book 0.002779,18.574098860228673,stale_fee_rate,True
2025-01-27,APTV,short_rebate,missing_in_pb,"book 5798.65, no PB line",5798.651545963889,,True
2025-01-27,STLA,borrow_fee,rate_break,PB rate 0.002635 vs book 0.002733,12.949430254297283,stale_fee_rate,True
2025-01-28,STLA,borrow_fee,rate_break,PB rate 0.002635 vs book 0.002732,12.485370417316119,stale_fee_rate,True
2025-01-28,TDOC,borrow_fee,duplicate_line,2 PB lines vs 1,-1633.0417872183937,duplicate_fee,True
2025-01-29,CYTK,short_rebate,missing_in_pb,"book 5652.26, no PB line",5652.262211643841,,True
2025-01-29,STLA,borrow_fee,rate_break,PB rate 0.002635 vs book 0.002769,17.29468904455615,stale_fee_rate,True
2025-01-30,EYPT,borrow_fee,notional_break,"PB notional 47,145,973 vs book 49,097,683 (x0.9602)",253.590575746588,stale_mark,True
2025-01-30,MBLY,borrow_fee,duplicate_line,2 PB lines vs 1,-294.15216295885966,duplicate_fee,True
2025-01-30,STLA,borrow_fee,rate_break,PB rate 0.002635 vs book 0.002787,19.779454102469856,stale_fee_rate,True
2025-01-31,STLA,borrow_fee,rate_break,PB rate 0.002635 vs book 0.002787,20.192607120418188,stale_fee_rate,True
2025-02-03,GT,borrow_fee,notional_break,"PB notional 48,057,995 vs book 47,136,928 (x1.0195)",-12.832327529387385,stale_mark,True
2025-02-03,MRNA,borrow_fee,rate_break,PB rate 0.003634 vs book 0.003684,6.204678744584498,stale_fee_rate,True
2025-02-03,MRNA,short_rebate,missing_in_pb,"book 5359.47, no PB line",5359.4696890818295,,True
2025-02-04,MRNA,borrow_fee,rate_break,PB rate 0.003634 vs book 0.003696,7.100513995545043,stale_fee_rate,True
2025-02-05,MRNA,borrow_fee,rate_break,PB rate 0.003634 vs book 0.003701,7.93568978896576,stale_fee_rate,True
2025-02-06,MRNA,borrow_fee,rate_break,PB rate 0.003634 vs book 0.003741,12.13748025526587,stale_fee_rate,True
2025-02-07,MRNA,borrow_fee,rate_break,PB rate 0.003634 vs book 0.003741,11.772741166790581,stale_fee_rate,True
2025-02-10,MRNA,borrow_fee,rate_break,PB rate 0.003634 vs book 0.003747,12.124131733600109,stale_fee_rate,True
2025-02-10,PATH,short_rebate,missing_in_pb,"book 5784.37, no PB line",5784.3735049486895,,True
2025-02-11,MRNA,borrow_fee,rate_break,PB rate 0.003634 vs book 0.003775,14.764562094908342,stale_fee_rate,True
2025-02-12,MRNA,borrow_fee,rate_break,PB rate 0.003634 vs book 0.003781,15.17066337214635,stale_fee_rate,True
2025-02-13,MRNA,borrow_fee,rate_break,PB rate 0.003634 vs book 0.003722,9.455362372363311,stale_fee_rate,True
2025-02-13,TDOC,borrow_fee,notional_break,"PB notional 59,362,978 vs book 63,903,892 (x0.9289)",112.49726054905977,stale_mark,True
2025-02-13,XP,borrow_fee,duplicate_line,2 PB lines vs 1,-415.89797505382353,duplicate_fee,True
2025-02-14,CPRI,borrow_fee,notional_break,"PB notional 43,888,312 vs book 43,558,616 (x1.0076)",-3.00947435054519,stale_mark,True
2025-02-14,MRNA,borrow_fee,rate_break,PB rate 0.003634 vs book 0.003722,9.772318915701987,stale_fee_rate,True
2025-02-18,MRNA,borrow_fee,rate_break,PB rate 0.003634 vs book 0.003682,5.827095702864881,stale_fee_rate,True
2025-02-19,MRNA,borrow_fee,rate_break,PB rate 0.003634 vs book 0.003688,6.531691134351547,stale_fee_rate,True
2025-02-20,MRNA,borrow_fee,rate_break,PB rate 0.003634 vs book 0.003705,8.059811078455255,stale_fee_rate,True
2025-02-21,MRNA,borrow_fee,rate_break,PB rate 0.003634 vs book 0.003694,7.138530962476295,stale_fee_rate,True
2025-02-21,SIRI,borrow_fee,notional_break,"PB notional 50,419,863 vs book 49,539,166 (x1.0178)",-8.542326684079399,stale_mark,True
2025-02-21,TSLQ,short_rebate,missing_in_pb,"book 7927.94, no PB line",7927.9431313395435,,True
2025-02-24,MRNA,borrow_fee,rate_break,PB rate 0.003634 vs book 0.003705,8.100433191995648,stale_fee_rate,True
2025-02-25,GO,borrow_fee,notional_break,"PB notional 46,900,328 vs book 46,722,224 (x1.0038)",-3.6072315394717407,stale_mark,True
2025-02-25,MRNA,borrow_fee,rate_break,PB rate 0.003634 vs book 0.003710,8.586631799172494,stale_fee_rate,True
2025-02-25,XRX,borrow_fee,duplicate_line,2 PB lines vs 1,-1844.5147386702156,duplicate_fee,True
2025-02-26,COUR,borrow_fee,duplicate_line,2 PB lines vs 1,-471.47982418087963,duplicate_fee,True
2025-02-26,MRNA,borrow_fee,rate_break,PB rate 0.003634 vs book 0.003727,10.59007797604886,stale_fee_rate,True
2025-02-27,MRNA,borrow_fee,rate_break,PB rate 0.003634 vs book 0.003729,9.990097006242934,stale_fee_rate,True
2025-02-28,MRNA,borrow_fee,rate_break,PB rate 0.003634 vs book 0.003656,3.223394264318017,stale_fee_rate,True
2025-02-28,PAGS,borrow_fee,duplicate_line,2 PB lines vs 1,-735.0908673952957,duplicate_fee,True
2025-03-04,TRIP,borrow_fee,notional_break,"PB notional 51,037,891 vs book 48,909,833 (x1.0435)",-31.528110144932043,stale_mark,True
2025-03-05,ARRY,short_rebate,missing_in_pb,"book 6481.04, no PB line",6481.035255191669,,True
2025-03-05,CELH,short_rebate,missing_in_pb,"book 6333.29, no PB line",6333.289552120476,,True
2025-03-05,EL,borrow_fee,notional_break,"PB notional 49,703,576 vs book 52,492,062 (x0.9469)",20.62237523626618,stale_mark,True
2025-03-07,PAGS,buy_in,unknown_charge,PB buy_in -53561.87 with no book line,-53561.873996725255,buy_in_charge,True
2025-03-11,STNE,borrow_fee,notional_break,"PB notional 52,548,812 vs book 52,094,827 (x1.0087)",-9.28042809323324,stale_mark,True
2025-03-13,ASST,borrow_fee,notional_break,"PB notional 55,254,800 vs book 51,998,714 (x1.0626)",-24.88020401647583,stale_mark,True
2025-03-13,CELH,borrow_fee,notional_break,"PB notional 56,169,979 vs book 54,412,750 (x1.0323)",-17.95589412551169,stale_mark,True
2025-03-13,COUR,short_rebate,missing_in_pb,"book 5404.85, no PB line",5404.84884307788,,True
2025-03-14,ASST,borrow_fee,notional_break,"PB notional 51,998,714 vs book 51,801,376 (x1.0038)",-1.509339617690273,stale_mark,True
2025-03-14,XP,borrow_fee,notional_break,"PB notional 51,527,546 vs book 54,421,101 (x0.9468)",22.910237496928687,stale_mark,True
2025-03-17,CPRI,borrow_fee,duplicate_line,2 PB lines vs 1,-492.12262747661686,duplicate_fee,True
2025-03-17,CRSP,borrow_fee,notional_break,"PB notional 50,340,749 vs book 51,177,372 (x0.9837)",40.39750164243014,stale_mark,True
2025-03-20,CELH,borrow_fee,notional_break,"PB notional 65,180,877 vs book 63,852,741 (x1.0208)",-13.468808711146949,stale_mark,True
2025-03-25,DBRG,borrow_fee,notional_break,"PB notional 43,627,967 vs book 42,750,793 (x1.0205)",-11.446094947118809,stale_mark,True
2025-03-26,QXO,borrow_fee,notional_break,"PB notional 57,106,749 vs book 55,870,675 (x1.0221)",-9.585336516686539,stale_mark,True
2025-03-27,PAGS,borrow_fee,notional_break,"PB notional 58,126,397 vs book 58,197,719 (x0.9988)",0.8069135387133883,stale_mark,True
2025-04-10,CSIQ,borrow_fee,duplicate_line,2 PB lines vs 1,-1469.6491825494747,duplicate_fee,True
2025-04-28,INTC,borrow_fee,duplicate_line,2 PB lines vs 1,-341.71565887759857,duplicate_fee,True
2025-04-30,IVF,borrow_fee,symbol_mapping,PB carries NAYA for IVF,-373.5458260889201,,True
2025-04-30,IVF,short_rebate,symbol_mapping,PB carries NAYA for IVF,6411.255795963176,,True
2025-05-01,IVF,borrow_fee,symbol_mapping,PB carries NAYA for IVF,-293.9758748125007,,True
2025-05-01,IVF,short_rebate,symbol_mapping,PB carries NAYA for IVF,5043.1639060758425,,True
2025-05-02,EYPT,short_rebate,missing_in_pb,"book 6862.49, no PB line",6862.487882017164,,True
2025-05-02,IVF,borrow_fee,symbol_mapping,PB carries NAYA for IVF,-281.73576695139053,,True
2025-05-02,IVF,short_rebate,symbol_mapping,PB carries NAYA for IVF,4828.561056033617,,True
2025-05-07,SMCI,short_rebate,missing_in_pb,"book 6536.02, no PB line",6536.019501844767,,True
2025-05-07,SNAP,borrow_fee,notional_break,"PB notional 55,982,321 vs book 54,442,140 (x1.0283)",-12.767453716607122,stale_mark,True
2025-05-14,GTM,borrow_fee,symbol_mapping,PB carries ZI for GTM,-634.4072901873193,,True
2025-05-14,GTM,short_rebate,symbol_mapping,PB carries ZI for GTM,7662.049140506953,,True
2025-05-14,RIOT,borrow_fee,duplicate_line,2 PB lines vs 1,-1162.4752610242742,duplicate_fee,True
2025-05-14,SMCI,borrow_fee,duplicate_line,2 PB lines vs 1,-711.1782188881655,duplicate_fee,True
2025-05-15,GTM,borrow_fee,symbol_mapping,PB carries ZI for GTM,-621.0449152119854,,True
2025-05-15,GTM,short_rebate,symbol_mapping,PB carries ZI for GTM,7534.723462145298,,True
2025-05-16,EYPT,borrow_fee,notional_break,"PB notional 44,706,363 vs book 47,910,842 (x0.9331)",321.07460094631915,stale_mark,True
2025-05-16,GTM,borrow_fee,symbol_mapping,PB carries ZI for GTM,-630.9701377964391,,True
2025-05-16,GTM,short_rebate,symbol_mapping,PB carries ZI for GTM,7639.579987182133,,True
2025-05-19,CERT,short_rebate,missing_in_pb,"book 5449.10, no PB line",5449.104865458723,,True
2025-05-19,NXE,borrow_fee,notional_break,"PB notional 55,647,885 vs book 54,730,611 (x1.0168)",-28.938811883680273,stale_mark,True
2025-05-19,RIOT,borrow_fee,duplicate_line,2 PB lines vs 1,-1170.303432140994,duplicate_fee,True
2025-05-21,AEO,borrow_fee,notional_break,"PB notional 58,062,105 vs book 53,860,576 (x1.0780)",-44.75579393902228,stale_mark,True
2025-05-23,NTLA,borrow_fee,notional_break,"PB notional 56,849,315 vs book 55,046,481 (x1.0328)",-182.10037067906342,stale_mark,True
2025-06-03,TSLQ,borrow_fee,notional_break,"PB notional 57,921,728 vs book 57,360,025 (x1.0098)",-3.913772327064919,stale_mark,True
2025-06-09,CSIQ,borrow_fee,notional_break,"PB notional 60,592,755 vs book 59,460,684 (x1.0190)",-30.605244298378466,stale_mark,True
2025-06-10,ARRY,borrow_fee,notional_break,"PB notional 64,419,987 vs book 66,398,171 (x0.9702)",28.48284574422621,stale_mark,True
2025-06-11,VKTX,borrow_fee,notional_break,"PB notional 61,721,648 vs book 61,319,211 (x1.0066)",-19.196043040463337,stale_mark,True
2025-06-12,PTEN,short_rebate,missing_in_pb,"book 7854.22, no PB line",7854.2152331689995,,True
2025-06-12,RUN,short_rebate,missing_in_pb,"book 7720.93, no PB line",7720.93284994363,,True
2025-06-17,ASST,borrow_fee,notional_break,"PB notional 46,562,104 vs book 44,051,800 (x1.0570)",-19.788799568920012,stale_mark,True
2025-06-23,ARRY,borrow_fee,notional_break,"PB notional 63,645,918 vs book 63,559,908 (x1.0014)",-1.5080471627213683,stale_mark,True
2025-06-23,DOW,short_rebate,missing_in_pb,"book 6613.47, no PB line",6613.469920169592,,True
2025-06-24,FIP,borrow_fee,notional_break,"PB notional 57,043,991 vs book 57,880,142 (x0.9856)",43.124194146031186,stale_mark,True
2025-06-27,QXO,borrow_fee,notional_break,"PB notional 72,525,987 vs book 69,220,245 (x1.0478)",-26.574010563102547,stale_mark,True
2025-07-01,QXO,short_rebate,missing_in_pb,"book 7940.63, no PB line",7940.626103841831,,True
2025-07-14,VKTX,short_rebate,missing_in_pb,"book 9638.91, no PB line",9638.907419574558,,True
2025-07-15,BHVN,short_rebate,missing_in_pb,"book 7589.11, no PB line",7589.1132002837385,,True
2025-07-17,BHVN,short_rebate,missing_in_pb,"book 8647.93, no PB line",8647.925782158289,,True
2025-07-17,GO,borrow_fee,notional_break,"PB notional 72,709,270 vs book 74,141,834 (x0.9807)",108.21490213417746,stale_mark,True
2025-07-17,MRK,borrow_fee,notional_break,"PB notional 69,914,717 vs book 69,142,878 (x1.0112)",-5.4934438268508075,stale_mark,True
2025-07-18,MBLY,borrow_fee,notional_break,"PB notional 60,755,695 vs book 59,934,163 (x1.0137)",-7.042760883838923,stale_mark,True
2025-07-21,GO,short_rebate,missing_in_pb,"book 8946.87, no PB line",8946.874493381267,,True
2025-07-30,VKTX,borrow_fee,notional_break,"PB notional 83,381,771 vs book 85,408,673 (x0.9763)",125.81046645632796,stale_mark,True
2025-08-01,CYTK,borrow_fee,rate_break,PB rate 0.008772 vs book 0.008912,26.138173854033766,stale_fee_rate,True
2025-08-01,GO,borrow_fee,notional_break,"PB notional 69,169,407 vs book 70,902,581 (x0.9756)",49.7743210154531,stale_mark,True
2025-08-01,NVO,borrow_fee,notional_break,"PB notional 69,169,407 vs book 70,815,246 (x0.9768)",11.718416142204205,stale_mark,True
2025-08-01,XRAY,borrow_fee,notional_break,"PB notional 69,169,407 vs book 69,121,069 (x1.0007)",-0.44236507122070634,stale_mark,False
2025-08-04,CYTK,borrow_fee,rate_break,PB rate 0.008772 vs book 0.009053,52.53422784231907,stale_fee_rate,True
2025-08-05,CYTK,borrow_fee,rate_break,PB rate 0.008772 vs book 0.009053,51.93104362147619,stale_fee_rate,True
2025-08-06,CYTK,borrow_fee,rate_break,PB rate 0.008772 vs book 0.009053,50.46617391767131,stale_fee_rate,True
2025-08-07,ACHC,borrow_fee,duplicate_line,2 PB lines vs 1,-1167.3130891037,duplicate_fee,True
2025-08-07,CYTK,borrow_fee,rate_break,PB rate 0.008772 vs book 0.009133,65.02071585492308,stale_fee_rate,True
2025-08-07,TLRY,borrow_fee,duplicate_line,2 PB lines vs 1,-3180.843657024799,duplicate_fee,True
2025-08-08,CYTK,borrow_fee,rate_break,PB rate 0.008772 vs book 0.009279,88.18619043663807,stale_fee_rate,True
2025-08-11,CYTK,borrow_fee,rate_break,PB rate 0.008772 vs book 0.009352,98.36555872741974,stale_fee_rate,True
2025-08-11,LCID,borrow_fee,notional_break,"PB notional 59,890,581 vs book 61,577,641 (x0.9726)",16.128626692637795,stale_mark,True
2025-08-12,CPRI,borrow_fee,notional_break,"PB notional 73,846,611 vs book 74,607,135 (x0.9898)",7.960044002927134,stale_mark,True
2025-08-12,CYTK,borrow_fee,rate_break,PB rate 0.008772 vs book 0.009426,114.52353396272292,stale_fee_rate,True
2025-08-12,VERA,borrow_fee,duplicate_line,2 PB lines vs 1,-1798.5356266485528,duplicate_fee,True
2025-08-13,CYTK,borrow_fee,rate_break,PB rate 0.008772 vs book 0.011123,442.533335558938,stale_fee_rate,True
2025-08-14,CYTK,borrow_fee,rate_break,PB rate 0.008772 vs book 0.009961,234.9250096872122,stale_fee_rate,True
2025-08-15,CYTK,borrow_fee,rate_break,PB rate 0.008772 vs book 0.010609,362.59492229912667,stale_fee_rate,True
2025-08-18,CYTK,borrow_fee,rate_break,PB rate 0.008772 vs book 0.010361,315.92800841508165,stale_fee_rate,True
2025-08-19,CYTK,borrow_fee,rate_break,PB rate 0.008772 vs book 0.010609,354.81232388950957,stale_fee_rate,True
2025-08-20,CYTK,borrow_fee,rate_break,PB rate 0.008772 vs book 0.009882,211.5330197933988,stale_fee_rate,True
2025-08-20,IEP,borrow_fee,duplicate_line,2 PB lines vs 1,-686.7550242830455,duplicate_fee,True
2025-08-21,CYTK,borrow_fee,rate_break,PB rate 0.008772 vs book 0.010119,261.5998596901916,stale_fee_rate,True
2025-08-22,CSIQ,borrow_fee,notional_break,"PB notional 62,547,448 vs book 66,641,021 (x0.9386)",70.58299273313582,stale_mark,True
2025-08-22,CYTK,borrow_fee,rate_break,PB rate 0.008772 vs book 0.010119,263.5936625898796,stale_fee_rate,True
2025-08-22,TSLQ,short_rebate,missing_in_pb,"book 6701.60, no PB line",6701.598725342594,,True
2025-08-25,CYTK,borrow_fee,rate_break,PB rate 0.008772 vs book 0.010119,254.44968625957972,stale_fee_rate,True
2025-08-26,CYTK,borrow_fee,rate_break,PB rate 0.008772 vs book 0.009961,231.70933663445044,stale_fee_rate,True
2025-08-27,CYTK,borrow_fee,rate_break,PB rate 0.008772 vs book 0.009728,184.57575336001355,stale_fee_rate,True
2025-08-28,CYTK,borrow_fee,rate_break,PB rate 0.008772 vs book 0.008309,-88.26173884660693,stale_fee_rate,True
2025-08-29,CYTK,borrow_fee,rate_break,PB rate 0.008772 vs book 0.008383,-68.26420012024232,stale_fee_rate,True
2025-09-02,CYTK,borrow_fee,duplicate_line,2 PB lines vs 1,-1711.9612046497512,duplicate_fee,True
2025-09-02,UWMC,borrow_fee,rate_break,PB rate 0.002873 vs book 0.002885,2.0935482481738745,stale_fee_rate,True
2025-09-03,BAX,borrow_fee,notional_break,"PB notional 61,896,756 vs book 60,283,396 (x1.0268)",-13.120127084842863,stale_mark,True
2025-09-03,UWMC,borrow_fee,rate_break,PB rate 0.002873 vs book 0.002885,2.131066998715653,stale_fee_rate,True
2025-09-04,UWMC,borrow_fee,rate_break,PB rate 0.002873 vs book 0.002874,0.24549444487263372,stale_fee_rate,False
2025-09-05,UWMC,borrow_fee,rate_break,PB rate 0.002873 vs book 0.002872,-0.26243087621662653,stale_fee_rate,False
2025-09-08,UWMC,borrow_fee,rate_break,PB rate 0.002873 vs book 0.002870,-0.5372124459522638,stale_fee_rate,True
2025-09-09,UWMC,borrow_fee,rate_break,PB rate 0.002873 vs book 0.002878,1.0659474508385074,stale_fee_rate,True
2025-09-10,NTLA,borrow_fee,duplicate_line,2 PB lines vs 1,-5157.002611317561,duplicate_fee,True
2025-09-10,UWMC,borrow_fee,rate_break,PB rate 0.002873 vs book 0.002880,1.4160442551515189,stale_fee_rate,True
2025-09-11,UWMC,borrow_fee,rate_break,PB rate 0.002873 vs book 0.002884,2.3662543264307487,stale_fee_rate,True
2025-09-12,UWMC,borrow_fee,rate_break,PB rate 0.002873 vs book 0.002951,16.488318709587247,stale_fee_rate,True
2025-09-15,UWMC,borrow_fee,rate_break,PB rate 0.002873 vs book 0.002957,17.399451336435618,stale_fee_rate,True
2025-09-16,CRML,short_rebate,missing_in_pb,"book 7979.39, no PB line",7979.3913434492615,,True
2025-09-16,UWMC,borrow_fee,rate_break,PB rate 0.002873 vs book 0.002959,17.578531724264167,stale_fee_rate,True
2025-09-17,UWMC,borrow_fee,rate_break,PB rate 0.002873 vs book 0.002955,17.058772611702352,stale_fee_rate,True
2025-09-18,DCH,short_rebate,missing_in_pb,"book 7769.20, no PB line",7769.200973974709,,True
2025-09-18,UWMC,borrow_fee,rate_break,PB rate 0.002873 vs book 0.002967,18.919816032768836,stale_fee_rate,True
2025-09-19,AEMD,borrow_fee,duplicate_line,2 PB lines vs 1,-205.11346454338928,duplicate_fee,True
2025-09-19,UWMC,borrow_fee,rate_break,PB rate 0.002873 vs book 0.002960,17.064423073710373,stale_fee_rate,True
2025-09-22,UWMC,borrow_fee,rate_break,PB rate 0.002873 vs book 0.002969,18.740273681641042,stale_fee_rate,True
2025-09-23,UWMC,borrow_fee,rate_break,PB rate 0.002873 vs book 0.002968,18.70381308844526,stale_fee_rate,True
2025-09-24,UWMC,borrow_fee,rate_break,PB rate 0.002873 vs book 0.002971,19.37161959309674,stale_fee_rate,True
2025-09-25,UWMC,borrow_fee,rate_break,PB rate 0.002873 vs book 0.002968,18.20699283772001,stale_fee_rate,True
2025-09-26,ADBE,borrow_fee,notional_break,"PB notional 62,778,181 vs book 63,878,960 (x0.9828)",7.8029630901263545,stale_mark,True
2025-09-26,NVO,borrow_fee,duplicate_line,2 PB lines vs 1,-439.6011171395832,duplicate_fee,True
2025-09-26,UWMC,borrow_fee,rate_break,PB rate 0.002873 vs book 0.002962,17.046366520443144,stale_fee_rate,True
2025-09-29,UWMC,borrow_fee,rate_break,PB rate 0.002873 vs book 0.002966,17.803972716676185,stale_fee_rate,True
2025-09-30,BHVN,short_rebate,missing_in_pb,"book 8497.23, no PB line",8497.23474694323,,True
2025-09-30,ON,short_rebate,missing_in_pb,"book 8497.23, no PB line",8497.23474694323,,True
2025-10-01,FCEL,borrow_fee,notional_break,"PB notional 74,792,286 vs book 83,709,822 (x0.8935)",69.87689853266,stale_mark,True
2025-10-01,ON,borrow_fee,notional_break,"PB notional 74,792,286 vs book 73,336,176 (x1.0199)",-14.542429276958387,stale_mark,True
2025-10-01,XRAY,borrow_fee,rate_break,PB rate 0.003323 vs book 0.003317,-1.2148987255392285,stale_fee_rate,True
2025-10-02,XRAY,borrow_fee,rate_break,PB rate 0.003323 vs book 0.003341,3.9613498898775106,stale_fee_rate,True
2025-10-03,XRAY,borrow_fee,rate_break,PB rate 0.003323 vs book 0.003346,5.090106892879476,stale_fee_rate,True
2025-10-06,XRAY,borrow_fee,rate_break,PB rate 0.003323 vs book 0.003386,12.922311442853129,stale_fee_rate,True
2025-10-07,XRAY,borrow_fee,rate_break,PB rate 0.003323 vs book 0.003391,13.728788988192946,stale_fee_rate,True
2025-10-08,SRPT,borrow_fee,duplicate_line,2 PB lines vs 1,-1611.3650070702802,duplicate_fee,True
2025-10-08,XRAY,borrow_fee,rate_break,PB rate 0.003323 vs book 0.003401,15.80219203433478,stale_fee_rate,True
2025-10-09,XRAY,borrow_fee,rate_break,PB rate 0.003323 vs book 0.003396,14.601407055685058,stale_fee_rate,True
2025-10-10,ENPH,borrow_fee,notional_break,"PB notional 77,581,939 vs book 72,425,310 (x1.0712)",-78.9821700632433,stale_mark,True
2025-10-10,XRAY,borrow_fee,rate_break,PB rate 0.003323 vs book 0.003601,53.85016256202266,stale_fee_rate,True
2025-10-13,XRAY,borrow_fee,rate_break,PB rate 0.003323 vs book 0.003643,64.07040329630695,stale_fee_rate,True
2025-10-14,TTD,borrow_fee,notional_break,"PB notional 78,248,821 vs book 77,417,114 (x1.0107)",-6.852458827179817,stale_mark,True
2025-10-14,XRAY,borrow_fee,rate_break,PB rate 0.003323 vs book 0.003643,65.43472102518058,stale_fee_rate,True
2025-10-15,WEAV,borrow_fee,notional_break,"PB notional 75,911,936 vs book 73,896,571 (x1.0273)",-25.609908907771114,stale_mark,True
2025-10-15,XRAY,borrow_fee,rate_break,PB rate 0.003323 vs book 0.003648,68.28630398345103,stale_fee_rate,True
2025-10-16,AEHL,borrow_fee,notional_break,"PB notional 80,718,457 vs book 70,500,931 (x1.1449)",-82.17348808666861,stale_mark,True
2025-10-16,XRAY,borrow_fee,rate_break,PB rate 0.003323 vs book 0.003638,65.11924066396944,stale_fee_rate,True
2025-10-17,AVTR,borrow_fee,duplicate_line,2 PB lines vs 1,-731.4785149617979,duplicate_fee,True
2025-10-20,XRAY,borrow_fee,rate_break,PB rate 0.003323 vs book 0.003601,58.857364568992466,stale_fee_rate,True
2025-10-21,ENPH,borrow_fee,duplicate_line,2 PB lines vs 1,-1448.5389470459563,duplicate_fee,True
2025-10-21,XRAY,borrow_fee,rate_break,PB rate 0.003323 vs book 0.003606,60.16103904644706,stale_fee_rate,True
2025-10-22,VKTX,borrow_fee,notional_break,"PB notional 93,860,331 vs book 89,420,608 (x1.0496)",-205.72392425800354,stale_mark,True
2025-10-22,XRAY,borrow_fee,rate_break,PB rate 0.003323 vs book 0.003601,59.31256198890969,stale_fee_rate,True
2025-10-23,VERA,borrow_fee,notional_break,"PB notional 77,057,162 vs book 72,578,891 (x1.0617)",-98.11426201296649,stale_mark,True
2025-10-23,XRAY,borrow_fee,rate_break,PB rate 0.003323 vs book 0.003648,70.20685442278591,stale_fee_rate,True
2025-10-24,XRAY,borrow_fee,rate_break,PB rate 0.003323 vs book 0.003648,69.94011003428,stale_fee_rate,True
2025-10-27,TSLQ,short_rebate,missing_in_pb,"book 7832.97, no PB line",7832.973861961884,,True
2025-10-27,XRAY,borrow_fee,rate_break,PB rate 0.003323 vs book 0.003456,28.554887100574888,stale_fee_rate,True
2025-10-28,XRAY,borrow_fee,rate_break,PB rate 0.003323 vs book 0.003366,9.254509913483275,stale_fee_rate,True
2025-10-29,XRAY,borrow_fee,rate_break,PB rate 0.003323 vs book 0.003366,9.105814620427509,stale_fee_rate,True
2025-10-30,XRAY,borrow_fee,rate_break,PB rate 0.003323 vs book 0.003366,8.914635343795908,stale_fee_rate,True
2025-10-31,AESI,borrow_fee,duplicate_line,2 PB lines vs 1,-4434.484592288836,duplicate_fee,True
2025-10-31,TSLQ,borrow_fee,notional_break,"PB notional 84,518,755 vs book 78,328,243 (x1.0790)",-43.229969882860246,stale_mark,True
2025-10-31,XRAY,borrow_fee,rate_break,PB rate 0.003323 vs book 0.003356,7.266323633054526,stale_fee_rate,True
2025-11-05,S,short_rebate,missing_in_pb,"book 7910.82, no PB line",7910.823448044223,,True
2025-11-06,CAG,borrow_fee,notional_break,"PB notional 77,872,579 vs book 76,095,502 (x1.0234)",-14.634601967842855,stale_mark,True
2025-11-06,CMG,borrow_fee,notional_break,"PB notional 79,020,316 vs book 75,535,217 (x1.0461)",-25.732490265510478,stale_mark,True
2025-11-07,SDOT,borrow_fee,notional_break,"PB notional 60,821,103 vs book 62,636,655 (x0.9710)",13.417723725592396,stale_mark,True
2025-11-11,VKTX,short_rebate,missing_in_pb,"book 8977.51, no PB line",8977.510134522858,,True
2025-11-12,NCNO,borrow_fee,notional_break,"PB notional 77,095,189 vs book 76,772,245 (x1.0042)",-5.594537950628364,stale_mark,True
2025-11-12,VERA,short_rebate,missing_in_pb,"book 9195.45, no PB line",9195.449733634377,,True
2025-11-25,VKTX,short_rebate,missing_in_pb,"book 7861.21, no PB line",7861.209447993323,,True
2025-11-28,ACHC,short_rebate,rate_break,PB rate 0.038800 vs book 0.038900,-19.13607325972589,stale_effr,True
2025-11-28,ADBE,short_rebate,rate_break,PB rate 0.038800 vs book 0.038900,-19.13607325972589,stale_effr,True
2025-11-28,AEHL,short_rebate,rate_break,PB rate 0.038800 vs book 0.038900,-19.13607325972589,stale_effr,True
2025-11-28,AESI,short_rebate,rate_break,PB rate 0.038800 vs book 0.038900,-19.13607325972589,stale_effr,True
2025-11-28,AI,short_rebate,rate_break,PB rate 0.038800 vs book 0.038900,-19.13607325972589,stale_effr,True
2025-11-28,ALT,short_rebate,rate_break,PB rate 0.038800 vs book 0.038900,-19.13607325972589,stale_effr,True
2025-11-28,AMIX,short_rebate,rate_break,PB rate 0.038800 vs book 0.038900,-19.13607325972589,stale_effr,True
2025-11-28,AVTR,short_rebate,rate_break,PB rate 0.038800 vs book 0.038900,-19.13607325972589,stale_effr,True
2025-11-28,BHVN,short_rebate,rate_break,PB rate 0.038800 vs book 0.038900,-19.13607325972589,stale_effr,True
2025-11-28,CAG,short_rebate,rate_break,PB rate 0.038800 vs book 0.038900,-19.13607325972589,stale_effr,True
2025-11-28,CAPR,short_rebate,rate_break,PB rate 0.038800 vs book 0.038900,-19.13607325972589,stale_effr,True
2025-11-28,CMG,short_rebate,rate_break,PB rate 0.038800 vs book 0.038900,-19.13607325972589,stale_effr,True
2025-11-28,CPRT,short_rebate,rate_break,PB rate 0.038800 vs book 0.038900,-19.13607325972589,stale_effr,True
2025-11-28,CRGY,short_rebate,rate_break,PB rate 0.038800 vs book 0.038900,-19.13607325972589,stale_effr,True
2025-11-28,CZR,short_rebate,rate_break,PB rate 0.038800 vs book 0.038900,-19.13607325972589,stale_effr,True
2025-11-28,DOW,short_rebate,rate_break,PB rate 0.038800 vs book 0.038900,-19.13607325972589,stale_effr,True
2025-11-28,DXC,short_rebate,rate_break,PB rate 0.038800 vs book 0.038900,-19.13607325972589,stale_effr,True
2025-11-28,EIX,short_rebate,rate_break,PB rate 0.038800 vs book 0.038900,-19.13607325972589,stale_effr,True
2025-11-28,ENPH,short_rebate,rate_break,PB rate 0.038800 vs book 0.038900,-19.13607325972589,stale_effr,True
2025-11-28,FGL,short_rebate,rate_break,PB rate 0.038800 vs book 0.038900,-19.13607325972589,stale_effr,True
2025-11-28,FISV,short_rebate,rate_break,PB rate 0.038800 vs book 0.038900,-19.13607325972589,stale_effr,True
2025-11-28,FLO,short_rebate,rate_break,PB rate 0.038800 vs book 0.038900,-19.13607325972589,stale_effr,True
2025-11-28,FMC,short_rebate,rate_break,PB rate 0.038800 vs book 0.038900,-19.13607325972589,stale_effr,True
2025-11-28,FRSH,short_rebate,rate_break,PB rate 0.038800 vs book 0.038900,-19.13607325972589,stale_effr,True
2025-11-28,FUN,short_rebate,rate_break,PB rate 0.038800 vs book 0.038900,-19.13607325972589,stale_effr,True
2025-11-28,GPK,short_rebate,rate_break,PB rate 0.038800 vs book 0.038900,-19.13607325972589,stale_effr,True
2025-11-28,INV,short_rebate,rate_break,PB rate 0.038800 vs book 0.038900,-19.13607325972589,stale_effr,True
2025-11-28,JHX,short_rebate,rate_break,PB rate 0.038800 vs book 0.038900,-19.13607325972589,stale_effr,True
2025-11-28,KVUE,short_rebate,rate_break,PB rate 0.038800 vs book 0.038900,-19.13607325972589,stale_effr,True
2025-11-28,LULU,short_rebate,rate_break,PB rate 0.038800 vs book 0.038900,-19.13607325972589,stale_effr,True
2025-11-28,MRNA,short_rebate,rate_break,PB rate 0.038800 vs book 0.038900,-19.13607325972589,stale_effr,True
2025-11-28,NCNO,short_rebate,rate_break,PB rate 0.038800 vs book 0.038900,-19.13607325972589,stale_effr,True
2025-11-28,NOG,short_rebate,rate_break,PB rate 0.038800 vs book 0.038900,-19.13607325972589,stale_effr,True
2025-11-28,NRIX,short_rebate,rate_break,PB rate 0.038800 vs book 0.038900,-19.13607325972589,stale_effr,True
2025-11-28,NUAI,short_rebate,rate_break,PB rate 0.038800 vs book 0.038900,-19.13607325972589,stale_effr,True
2025-11-28,NVO,short_rebate,rate_break,PB rate 0.038800 vs book 0.038900,-19.13607325972589,stale_effr,True
2025-11-28,OKE,short_rebate,rate_break,PB rate 0.038800 vs book 0.038900,-19.13607325972589,stale_effr,True
2025-11-28,ONON,short_rebate,rate_break,PB rate 0.038800 vs book 0.038900,-19.13607325972589,stale_effr,True
2025-11-28,QFIN,short_rebate,rate_break,PB rate 0.038800 vs book 0.038900,-19.13607325972589,stale_effr,True
2025-11-28,RDW,short_rebate,rate_break,PB rate 0.038800 vs book 0.038900,-19.13607325972589,stale_effr,True
2025-11-28,RHI,short_rebate,rate_break,PB rate 0.038800 vs book 0.038900,-19.13607325972589,stale_effr,True
2025-11-28,S,short_rebate,rate_break,PB rate 0.038800 vs book 0.038900,-19.13607325972589,stale_effr,True
2025-11-28,SG,short_rebate,rate_break,PB rate 0.038800 vs book 0.038900,-19.13607325972589,stale_effr,True
2025-11-28,SNAP,short_rebate,rate_break,PB rate 0.038800 vs book 0.038900,-19.13607325972589,stale_effr,True
2025-11-28,SRPT,short_rebate,rate_break,PB rate 0.038800 vs book 0.038900,-19.13607325972589,stale_effr,True
2025-11-28,TEAM,short_rebate,rate_break,PB rate 0.038800 vs book 0.038900,-19.13607325972589,stale_effr,True
2025-11-28,TENB,short_rebate,rate_break,PB rate 0.038800 vs book 0.038900,-19.13607325972589,stale_effr,True
2025-11-28,TNMG,short_rebate,rate_break,PB rate 0.038800 vs book 0.038900,-19.13607325972589,stale_effr,True
2025-11-28,TSLQ,short_rebate,rate_break,PB rate 0.038800 vs book 0.038900,-19.13607325972589,stale_effr,True
2025-11-28,TTD,short_rebate,rate_break,PB rate 0.038800 vs book 0.038900,-19.13607325972589,stale_effr,True
2025-11-28,VERA,short_rebate,rate_break,PB rate 0.038800 vs book 0.038900,-19.13607325972589,stale_effr,True
2025-11-28,WEAV,short_rebate,rate_break,PB rate 0.038800 vs book 0.038900,-19.13607325972589,stale_effr,True
2025-11-28,WEN,short_rebate,rate_break,PB rate 0.038800 vs book 0.038900,-19.13607325972589,stale_effr,True
2025-12-01,KVUE,borrow_fee,rate_break,PB rate 0.002561 vs book 0.002562,0.22600391384975183,stale_fee_rate,False
2025-12-01,QFIN,borrow_fee,rate_break,PB rate 0.002955 vs book 0.002958,0.5312423165999007,stale_fee_rate,True
2025-12-02,ACHC,borrow_fee,duplicate_line,2 PB lines vs 1,-1102.0101588018026,duplicate_fee,True
2025-12-02,KVUE,borrow_fee,rate_break,PB rate 0.002561 vs book 0.002567,1.107424138870158,stale_fee_rate,True
2025-12-02,QFIN,borrow_fee,rate_break,PB rate 0.002955 vs book 0.002958,0.5272055311003214,stale_fee_rate,True
2025-12-03,KVUE,borrow_fee,rate_break,PB rate 0.002561 vs book 0.002569,1.544465680084329,stale_fee_rate,True
2025-12-03,QFIN,borrow_fee,rate_break,PB rate 0.002955 vs book 0.002956,0.1380482466029207,stale_fee_rate,False
2025-12-03,S,short_rebate,missing_in_pb,"book 7788.35, no PB line",7788.346420849453,,True
2025-12-04,KVUE,borrow_fee,rate_break,PB rate 0.002561 vs book 0.002571,1.7697049980807833,stale_fee_rate,True
2025-12-04,QFIN,borrow_fee,rate_break,PB rate 0.002955 vs book 0.002960,0.8922003937879026,stale_fee_rate,True
2025-12-05,KVUE,borrow_fee,rate_break,PB rate 0.002561 vs book 0.002573,2.2090254302643757,stale_fee_rate,True
2025-12-05,QFIN,borrow_fee,rate_break,PB rate 0.002955 vs book 0.002954,-0.12054198727889798,stale_fee_rate,False
2025-12-08,KVUE,borrow_fee,rate_break,PB rate 0.002561 vs book 0.002574,2.4075453262218502,stale_fee_rate,True
2025-12-08,QFIN,borrow_fee,rate_break,PB rate 0.002955 vs book 0.002957,0.3995435585989071,stale_fee_rate,False
2025-12-09,KVUE,borrow_fee,rate_break,PB rate 0.002561 vs book 0.002574,2.444893913770329,stale_fee_rate,True
2025-12-09,QFIN,borrow_fee,rate_break,PB rate 0.002955 vs book 0.002954,-0.11863253647334204,stale_fee_rate,False
2025-12-10,KVUE,borrow_fee,rate_break,PB rate 0.002561 vs book 0.002572,2.0319425493520953,stale_fee_rate,True
2025-12-10,NCNO,short_rebate,missing_in_pb,"book 7799.55, no PB line",7799.553070903853,,True
2025-12-10,QFIN,borrow_fee,rate_break,PB rate 0.002955 vs book 0.002954,-0.1209115557497853,stale_fee_rate,False
2025-12-11,AVTR,short_rebate,missing_in_pb,"book 6811.14, no PB line",6811.13740179941,,True
2025-12-11,KVUE,borrow_fee,rate_break,PB rate 0.002561 vs book 0.002742,34.513153916249166,stale_fee_rate,True
2025-12-11,QFIN,borrow_fee,rate_break,PB rate 0.002955 vs book 0.002772,-34.720374583390935,stale_fee_rate,True
2025-12-12,KVUE,borrow_fee,rate_break,PB rate 0.002561 vs book 0.002737,33.56147825908687,stale_fee_rate,True
2025-12-12,QFIN,borrow_fee,rate_break,PB rate 0.002955 vs book 0.002762,-37.429473584311495,stale_fee_rate,True
2025-12-15,KVUE,borrow_fee,rate_break,PB rate 0.002561 vs book 0.002737,33.32908324611901,stale_fee_rate,True
2025-12-15,QFIN,borrow_fee,rate_break,PB rate 0.002955 vs book 0.002758,-37.01892238239054,stale_fee_rate,True
2025-12-16,KVUE,borrow_fee,rate_break,PB rate 0.002561 vs book 0.002734,32.92366321830775,stale_fee_rate,True
2025-12-16,QFIN,borrow_fee,rate_break,PB rate 0.002955 vs book 0.002756,-37.28570069199384,stale_fee_rate,True
2025-12-17,KVUE,borrow_fee,rate_break,PB rate 0.002561 vs book 0.002735,33.163112801327316,stale_fee_rate,True
2025-12-17,QFIN,borrow_fee,rate_break,PB rate 0.002955 vs book 0.002762,-35.75599616818522,stale_fee_rate,True
2025-12-18,CAG,borrow_fee,duplicate_line,2 PB lines vs 1,-581.3309780674545,duplicate_fee,True
2025-12-18,FISV,borrow_fee,notional_break,"PB notional 76,577,915 vs book 76,208,079 (x1.0049)",-2.6297128825499385,stale_mark,True
2025-12-18,KVUE,borrow_fee,rate_break,PB rate 0.002561 vs book 0.002734,32.57870633369123,stale_fee_rate,True
2025-12-18,QFIN,borrow_fee,rate_break,PB rate 0.002955 vs book 0.002763,-35.68831671473515,stale_fee_rate,True
2025-12-19,KVUE,borrow_fee,rate_break,PB rate 0.002561 vs book 0.002741,33.8549791374038,stale_fee_rate,True
2025-12-19,QFIN,borrow_fee,rate_break,PB rate 0.002955 vs book 0.002768,-34.75336821519147,stale_fee_rate,True
2025-12-19,QFIN,short_rebate,missing_in_pb,"book 6772.94, no PB line",6772.935028812773,,True
2025-12-22,KVUE,borrow_fee,rate_break,PB rate 0.002561 vs book 0.002739,33.3586968699334,stale_fee_rate,True
2025-12-22,ONON,borrow_fee,notional_break,"PB notional 76,062,299 vs book 75,388,904 (x1.0089)",-5.260393809357083,stale_mark,True
2025-12-22,QFIN,borrow_fee,rate_break,PB rate 0.002955 vs book 0.002771,-35.10610356848633,stale_fee_rate,True
2025-12-23,KVUE,borrow_fee,rate_break,PB rate 0.002561 vs book 0.002738,33.14013884114786,stale_fee_rate,True
2025-12-23,QFIN,borrow_fee,rate_break,PB rate 0.002955 vs book 0.002768,-36.10763281944594,stale_fee_rate,True
2025-12-24,KVUE,borrow_fee,rate_break,PB rate 0.002561 vs book 0.002738,33.510090703628066,stale_fee_rate,True
2025-12-24,QFIN,borrow_fee,rate_break,PB rate 0.002955 vs book 0.002767,-36.48451956824181,stale_fee_rate,True
2025-12-26,KVUE,borrow_fee,rate_break,PB rate 0.002561 vs book 0.002738,33.47115094337238,stale_fee_rate,True
2025-12-26,QFIN,borrow_fee,rate_break,PB rate 0.002955 vs book 0.002768,-36.60175738184853,stale_fee_rate,True
2025-12-29,FMC,borrow_fee,notional_break,"PB notional 65,370,650 vs book 66,672,275 (x0.9805)",13.615991881530022,stale_mark,True
2025-12-29,KVUE,borrow_fee,rate_break,PB rate 0.002561 vs book 0.002754,36.60699301858932,stale_fee_rate,True
2025-12-29,QFIN,borrow_fee,rate_break,PB rate 0.002955 vs book 0.002789,-31.71848103759544,stale_fee_rate,True
2025-12-30,FRSH,borrow_fee,notional_break,"PB notional 70,138,276 vs book 69,968,039 (x1.0024)",-1.6360120644043263,stale_mark,True
2025-12-30,KVUE,borrow_fee,rate_break,PB rate 0.002561 vs book 0.002757,37.393187607644734,stale_fee_rate,True
2025-12-30,NVO,borrow_fee,notional_break,"PB notional 71,849,270 vs book 71,500,284 (x1.0049)",-2.4642781500423894,stale_mark,True
2025-12-30,QFIN,borrow_fee,rate_break,PB rate 0.002955 vs book 0.002789,-31.865024579706414,stale_fee_rate,True
2025-12-31,EVTL,short_rebate,day_count_break,PB day count 365.0 vs book 360.0,-109.59698219805887,rebate_act365,True
2025-12-31,QFIN,borrow_fee,rate_break,PB rate 0.002955 vs book 0.002794,-35.38811351241759,stale_fee_rate,True
2026-01-02,DOW,borrow_fee,rate_break,PB rate 0.002871 vs book 0.002867,-0.9100469257058421,stale_fee_rate,True
2026-01-02,FMC,borrow_fee,rate_break,PB rate 0.003760 vs book 0.003771,2.502572678115712,stale_fee_rate,True
2026-01-02,WHLR,borrow_fee,rate_break,PB rate 0.002527 vs book 0.002659,32.11421918592646,stale_fee_rate,True
2026-01-05,DOW,borrow_fee,rate_break,PB rate 0.002871 vs book 0.002865,-1.5553958346619083,stale_fee_rate,True
2026-01-05,FMC,borrow_fee,rate_break,PB rate 0.003760 vs book 0.003777,3.691114347844632,stale_fee_rate,True
2026-01-05,WHLR,borrow_fee,rate_break,PB rate 0.002527 vs book 0.002655,33.54112550571574,stale_fee_rate,True
2026-01-06,CCC,borrow_fee,notional_break,"PB notional 80,520,040 vs book 82,610,178 (x0.9747)",22.024857684610538,stale_mark,True
2026-01-06,DOW,borrow_fee,rate_break,PB rate 0.002871 vs book 0.002862,-2.2307411305555434,stale_fee_rate,True
2026-01-06,FMC,borrow_fee,rate_break,PB rate 0.003760 vs book 0.003777,3.8902092888532707,stale_fee_rate,True
2026-01-06,FUN,borrow_fee,duplicate_line,2 PB lines vs 1,-6907.466208588617,duplicate_fee,True
2026-01-06,WHLR,borrow_fee,rate_break,PB rate 0.002527 vs book 0.002709,45.849813068579124,stale_fee_rate,True
2026-01-07,DOW,borrow_fee,rate_break,PB rate 0.002871 vs book 0.002867,-0.929920174598692,stale_fee_rate,True
2026-01-07,FMC,borrow_fee,rate_break,PB rate 0.003760 vs book 0.003794,7.676750573350887,stale_fee_rate,True
2026-01-07,WHLR,borrow_fee,rate_break,PB rate 0.002527 vs book 0.002722,47.06201503889315,stale_fee_rate,True
2026-01-08,DOW,borrow_fee,rate_break,PB rate 0.002871 vs book 0.002866,-1.2955887049578223,stale_fee_rate,True
2026-01-08,FMC,borrow_fee,rate_break,PB rate 0.003760 vs book 0.003777,3.9321239606800873,stale_fee_rate,True
2026-01-08,WHLR,borrow_fee,rate_break,PB rate 0.002527 vs book 0.002725,46.900140096194605,stale_fee_rate,True
2026-01-09,ACHC,short_rebate,missing_in_pb,"book 7628.46, no PB line",7628.459789418175,,True
2026-01-09,DOW,borrow_fee,rate_break,PB rate 0.002871 vs book 0.002865,-1.6447218006181856,stale_fee_rate,True
2026-01-09,FMC,borrow_fee,rate_break,PB rate 0.003760 vs book 0.003777,3.9818975710165887,stale_fee_rate,True
2026-01-09,WHLR,borrow_fee,rate_break,PB rate 0.002527 vs book 0.002586,15.083742041032338,stale_fee_rate,True
2026-01-12,DOW,borrow_fee,rate_break,PB rate 0.002871 vs book 0.002862,-2.316404345586079,stale_fee_rate,True
2026-01-12,FMC,borrow_fee,rate_break,PB rate 0.003760 vs book 0.003766,1.320999176083319,stale_fee_rate,True
2026-01-12,WHLR,borrow_fee,rate_break,PB rate 0.002527 vs book 0.002734,49.262398057481846,stale_fee_rate,True
2026-01-13,DOW,borrow_fee,rate_break,PB rate 0.002871 vs book 0.002860,-2.9824720386249055,stale_fee_rate,True
2026-01-13,FMC,borrow_fee,rate_break,PB rate 0.003760 vs book 0.003782,5.351533125774381,stale_fee_rate,True
2026-01-13,WHLR,borrow_fee,rate_break,PB rate 0.002527 vs book 0.002753,49.997290184696794,stale_fee_rate,True
2026-01-14,DOW,borrow_fee,rate_break,PB rate 0.002871 vs book 0.002894,6.0326363640709815,stale_fee_rate,True
2026-01-14,FMC,borrow_fee,rate_break,PB rate 0.003760 vs book 0.004348,141.00439369906996,stale_fee_rate,True
2026-01-14,MBLY,borrow_fee,notional_break,"PB notional 81,476,161 vs book 82,916,201 (x0.9826)",11.67402770854801,stale_mark,True
2026-01-14,WHLR,borrow_fee,rate_break,PB rate 0.002527 vs book 0.002739,47.72600616837349,stale_fee_rate,True
2026-01-15,DOW,borrow_fee,rate_break,PB rate 0.002871 vs book 0.002894,5.964326322321085,stale_fee_rate,True
2026-01-15,FMC,borrow_fee,rate_break,PB rate 0.003760 vs book 0.004314,135.92394786256125,stale_fee_rate,True
2026-01-15,UMAC,borrow_fee,notional_break,"PB notional 102,665,854 vs book 108,441,963 (x0.9467)",57.0733125117647,stale_mark,True
2026-01-15,WHLR,borrow_fee,rate_break,PB rate 0.002527 vs book 0.002750,48.566289672234916,stale_fee_rate,True
2026-01-16,DOW,borrow_fee,rate_break,PB rate 0.002871 vs book 0.002892,5.190540857921178,stale_fee_rate,True
2026-01-16,FMC,borrow_fee,rate_break,PB rate 0.003760 vs book 0.004314,134.78247501548526,stale_fee_rate,True
2026-01-16,WHLR,borrow_fee,rate_break,PB rate 0.002527 vs book 0.002821,64.36678398580398,stale_fee_rate,True
2026-01-20,DOW,borrow_fee,rate_break,PB rate 0.002871 vs book 0.002898,6.679951387381379,stale_fee_rate,True
2026-01-20,FMC,borrow_fee,rate_break,PB rate 0.003760 vs book 0.004416,159.92296898463178,stale_fee_rate,True
2026-01-20,WHLR,borrow_fee,rate_break,PB rate 0.002527 vs book 0.003424,194.59381573772612,stale_fee_rate,True
2026-01-21,DOW,borrow_fee,rate_break,PB rate 0.002871 vs book 0.002894,6.064656645246146,stale_fee_rate,True
2026-01-21,FMC,borrow_fee,rate_break,PB rate 0.003760 vs book 0.004215,114.66260699430859,stale_fee_rate,True
2026-01-21,WHLR,borrow_fee,rate_break,PB rate 0.002527 vs book 0.003340,198.1080844730492,stale_fee_rate,True
2026-01-22,DOW,borrow_fee,rate_break,PB rate 0.002871 vs book 0.002897,6.762195809175296,stale_fee_rate,True
2026-01-22,FMC,borrow_fee,rate_break,PB rate 0.003760 vs book 0.004281,132.19680837554938,stale_fee_rate,True
2026-01-22,SOUN,borrow_fee,notional_break,"PB notional 84,285,315 vs book 86,507,525 (x0.9743)",75.33390503333294,stale_mark,True
2026-01-22,WHLR,borrow_fee,rate_break,PB rate 0.002527 vs book 0.002704,42.52755726061616,stale_fee_rate,True
2026-01-23,DOW,borrow_fee,rate_break,PB rate 0.002871 vs book 0.002902,8.17028027123115,stale_fee_rate,True
2026-01-23,FMC,borrow_fee,rate_break,PB rate 0.003760 vs book 0.004348,151.62163633987677,stale_fee_rate,True
2026-01-23,WHLR,borrow_fee,rate_break,PB rate 0.002527 vs book 0.002704,46.719341731254076,stale_fee_rate,True
2026-01-26,DOW,borrow_fee,rate_break,PB rate 0.002871 vs book 0.002901,7.793877123737047,stale_fee_rate,True
2026-01-26,ENPH,short_rebate,missing_in_pb,"book 9840.34, no PB line",9840.338366619266,,True
2026-01-26,FMC,borrow_fee,rate_break,PB rate 0.003760 vs book 0.004382,158.88484781348927,stale_fee_rate,True
2026-01-26,QFIN,short_rebate,missing_in_pb,"book 6809.00, no PB line",6809.003680260598,,True
2026-01-26,WHLR,borrow_fee,rate_break,PB rate 0.002527 vs book 0.002704,42.984843614522674,stale_fee_rate,True
2026-01-27,DOW,borrow_fee,rate_break,PB rate 0.002871 vs book 0.002904,8.394671052425338,stale_fee_rate,True
2026-01-27,FMC,borrow_fee,rate_break,PB rate 0.003760 vs book 0.004382,158.39234182561063,stale_fee_rate,True
2026-01-27,WHLR,borrow_fee,rate_break,PB rate 0.002527 vs book 0.002706,41.352560295367425,stale_fee_rate,True
2026-01-28,DOW,borrow_fee,rate_break,PB rate 0.002871 vs book 0.002896,6.280461677412632,stale_fee_rate,True
2026-01-28,FMC,borrow_fee,rate_break,PB rate 0.003760 vs book 0.004382,157.8013308825764,stale_fee_rate,True
2026-01-28,WHLR,borrow_fee,rate_break,PB rate 0.002527 vs book 0.002706,41.12067835225321,stale_fee_rate,True
2026-01-29,DOW,borrow_fee,rate_break,PB rate 0.002871 vs book 0.002846,-6.426103191816537,stale_fee_rate,True
2026-01-29,FMC,borrow_fee,rate_break,PB rate 0.003760 vs book 0.003861,25.283821103257196,stale_fee_rate,True
2026-01-29,WHLR,borrow_fee,rate_break,PB rate 0.002527 vs book 0.002736,42.638496085141924,stale_fee_rate,True
2026-01-30,DOW,borrow_fee,rate_break,PB rate 0.002871 vs book 0.002841,-7.000702820540823,stale_fee_rate,True
2026-01-30,FMC,borrow_fee,rate_break,PB rate 0.003760 vs book 0.003861,23.06512263301545,stale_fee_rate,True
2026-01-30,SG,short_rebate,missing_in_pb,"book 8371.98, no PB line",8371.980982675577,,True
2026-02-02,BHVN,borrow_fee,rate_break,PB rate 0.006262 vs book 0.006166,-22.036505684979147,stale_fee_rate,True
2026-02-02,FMC,borrow_fee,notional_break,"PB notional 82,799,812 vs book 82,013,735 (x1.0096)",-8.405307041682363,stale_mark,True
2026-02-03,BHVN,borrow_fee,rate_break,PB rate 0.006262 vs book 0.006311,10.805671262735359,stale_fee_rate,True
2026-02-04,BHVN,borrow_fee,rate_break,PB rate 0.006262 vs book 0.006271,1.8332642179900631,stale_fee_rate,True
2026-02-05,BHVN,borrow_fee,rate_break,PB rate 0.006262 vs book 0.006183,-16.596485821854913,stale_fee_rate,True
2026-02-05,CMG,borrow_fee,notional_break,"PB notional 85,057,798 vs book 81,905,143 (x1.0385)",-23.584609524309712,stale_mark,True
2026-02-06,BHVN,borrow_fee,rate_break,PB rate 0.006262 vs book 0.006231,-7.054290742322564,stale_fee_rate,True
2026-02-09,BHVN,borrow_fee,rate_break,PB rate 0.006262 vs book 0.005857,-100.755227006214,stale_fee_rate,True
2026-02-09,SG,short_rebate,missing_in_pb,"book 7690.22, no PB line",7690.223558838082,,True
2026-02-10,BHVN,borrow_fee,rate_break,PB rate 0.006262 vs book 0.006041,-52.48805997162867,stale_fee_rate,True
2026-02-11,BHVN,borrow_fee,rate_break,PB rate 0.006262 vs book 0.006328,15.105544687325619,stale_fee_rate,True
2026-02-12,BHVN,borrow_fee,rate_break,PB rate 0.006262 vs book 0.008966,604.4693149888853,stale_fee_rate,True
2026-02-13,BHVN,borrow_fee,rate_break,PB rate 0.006262 vs book 0.009106,628.0115273465367,stale_fee_rate,True
2026-02-17,BHVN,borrow_fee,rate_break,PB rate 0.006262 vs book 0.009185,652.248727097457,stale_fee_rate,True
2026-02-18,BHVN,borrow_fee,rate_break,PB rate 0.006262 vs book 0.009044,624.0349793014491,stale_fee_rate,True
2026-02-18,JHX,short_rebate,missing_in_pb,"book 9151.28, no PB line",9151.277823538603,,True
2026-02-19,BHVN,borrow_fee,rate_break,PB rate 0.006262 vs book 0.008768,554.9297921208215,stale_fee_rate,True
2026-02-20,AVTR,borrow_fee,collateral_basis,"PB notional 69,833,907 vs book 68,469,073 (x1.0199)",-11.574171643492377,stale_mark,True
2026-02-20,BHVN,borrow_fee,rate_break,PB rate 0.006262 vs book 0.009044,607.2714519116375,stale_fee_rate,True
2026-02-23,BHVN,borrow_fee,rate_break,PB rate 0.006262 vs book 0.011230,1118.384503872809,stale_fee_rate,True
2026-02-24,AI,short_rebate,missing_in_pb,"book 7695.23, no PB line",7695.226596301732,,True
2026-02-24,BHVN,borrow_fee,rate_break,PB rate 0.006262 vs book 0.011230,1145.4265906177702,stale_fee_rate,True
2026-02-25,BHVN,borrow_fee,rate_break,PB rate 0.006262 vs book 0.011493,1170.5996562491582,stale_fee_rate,True
2026-02-25,FISV,short_rebate,missing_in_pb,"book 8093.48, no PB line",8093.484342654906,,True
2026-02-25,TSLQ,short_rebate,missing_in_pb,"book 8763.60, no PB line",8763.601553381688,,True
2026-02-26,BHVN,borrow_fee,rate_break,PB rate 0.006262 vs book 0.012039,1252.302475055302,stale_fee_rate,True
2026-02-27,BHVN,borrow_fee,rate_break,PB rate 0.006262 vs book 0.010000,946.8882358188143,stale_fee_rate,True
2026-02-27,QFIN,borrow_fee,notional_break,"PB notional 93,329,425 vs book 91,199,765 (x1.0234)",-17.64099245329669,stale_mark,True
2026-03-02,HPQ,borrow_fee,rate_break,PB rate 0.003506 vs book 0.003487,-4.613422015463925,stale_fee_rate,True
2026-03-02,IOT,borrow_fee,rate_break,PB rate 0.002951 vs book 0.002949,-0.5046371484879728,stale_fee_rate,True
2026-03-02,SMCI,borrow_fee,rate_break,PB rate 0.003111 vs book 0.003095,-3.9692773637082155,stale_fee_rate,True
2026-03-03,ASAN,borrow_fee,duplicate_line,2 PB lines vs 1,-1055.3114480299823,duplicate_fee,True
2026-03-03,HPQ,borrow_fee,rate_break,PB rate 0.003506 vs book 0.003467,-9.821519936853974,stale_fee_rate,True
2026-03-03,IOT,borrow_fee,rate_break,PB rate 0.002951 vs book 0.002950,-0.15678700102591847,stale_fee_rate,False
2026-03-03,SMCI,borrow_fee,rate_break,PB rate 0.003111 vs book 0.003091,-4.905614319705137,stale_fee_rate,True
2026-03-04,HPQ,borrow_fee,rate_break,PB rate 0.003506 vs book 0.003477,-7.324361953109587,stale_fee_rate,True
2026-03-04,IOT,borrow_fee,rate_break,PB rate 0.002951 vs book 0.002950,-0.1554325867366515,stale_fee_rate,False
2026-03-04,SMCI,borrow_fee,rate_break,PB rate 0.003111 vs book 0.003077,-8.65782633336778,stale_fee_rate,True
2026-03-05,HPQ,borrow_fee,rate_break,PB rate 0.003506 vs book 0.003472,-8.68968615992776,stale_fee_rate,True
2026-03-05,IOT,borrow_fee,rate_break,PB rate 0.002951 vs book 0.002949,-0.512784833417868,stale_fee_rate,True
2026-03-05,SMCI,borrow_fee,rate_break,PB rate 0.003111 vs book 0.003086,-6.288050082041195,stale_fee_rate,True
2026-03-06,HPQ,borrow_fee,rate_break,PB rate 0.003506 vs book 0.003472,-8.743603070443783,stale_fee_rate,True
2026-03-06,IOT,borrow_fee,rate_break,PB rate 0.002951 vs book 0.002928,-6.910964694368431,stale_fee_rate,True
2026-03-06,SMCI,borrow_fee,rate_break,PB rate 0.003111 vs book 0.003073,-9.398020102418968,stale_fee_rate,True
2026-03-06,SOC,short_rebate,missing_in_pb,"book 16061.84, no PB line",16061.844535475413,,True
2026-03-06,SRPT,borrow_fee,duplicate_line,2 PB lines vs 1,-4313.390345286899,duplicate_fee,True
2026-03-09,HPQ,borrow_fee,rate_break,PB rate 0.003506 vs book 0.003477,-7.2288932117568265,stale_fee_rate,True
2026-03-09,IOT,borrow_fee,rate_break,PB rate 0.002951 vs book 0.002926,-7.484488506888283,stale_fee_rate,True
2026-03-09,LCID,borrow_fee,duplicate_line,2 PB lines vs 1,-1454.8217266444133,duplicate_fee,True
2026-03-09,SMCI,borrow_fee,rate_break,PB rate 0.003111 vs book 0.003077,-8.4801613855484,stale_fee_rate,True
2026-03-10,FUN,borrow_fee,notional_break,"PB notional 86,969,119 vs book 85,790,970 (x1.0137)",-258.3436300190915,stale_mark,True
2026-03-10,HPQ,borrow_fee,rate_break,PB rate 0.003506 vs book 0.003474,-7.970805068125628,stale_fee_rate,True
2026-03-10,IOT,borrow_fee,rate_break,PB rate 0.002951 vs book 0.002924,-7.764158361728619,stale_fee_rate,True
2026-03-10,RUM,borrow_fee,notional_break,"PB notional 89,514,004 vs book 88,165,395 (x1.0153)",-17.216206779649383,stale_mark,True
2026-03-10,SMCI,borrow_fee,rate_break,PB rate 0.003111 vs book 0.003079,-7.898329434099992,stale_fee_rate,True
2026-03-11,BAX,borrow_fee,duplicate_line,2 PB lines vs 1,-743.37314352442,duplicate_fee,True
2026-03-11,FLO,short_rebate,missing_in_pb,"book 8045.31, no PB line",8045.312397635524,,True
2026-03-11,HPQ,borrow_fee,rate_break,PB rate 0.003506 vs book 0.003464,-10.313362843885102,stale_fee_rate,True
2026-03-11,IOT,borrow_fee,rate_break,PB rate 0.002951 vs book 0.002922,-7.9490822874471405,stale_fee_rate,True
2026-03-11,SMCI,borrow_fee,rate_break,PB rate 0.003111 vs book 0.003097,-3.4353965172783774,stale_fee_rate,True
2026-03-12,ASAN,borrow_fee,duplicate_line,2 PB lines vs 1,-951.030316580754,duplicate_fee,True
2026-03-12,FRSH,short_rebate,missing_in_pb,"book 9374.60, no PB line",9374.604563542092,,True
2026-03-12,HPQ,borrow_fee,rate_break,PB rate 0.003506 vs book 0.003409,-24.471948596666266,stale_fee_rate,True
2026-03-12,IOT,borrow_fee,rate_break,PB rate 0.002951 vs book 0.002949,-0.34474122715994326,stale_fee_rate,False
2026-03-12,SMCI,borrow_fee,rate_break,PB rate 0.003111 vs book 0.003245,32.28742064868277,stale_fee_rate,True
2026-03-13,HPQ,borrow_fee,rate_break,PB rate 0.003506 vs book 0.003424,-20.68530332612613,stale_fee_rate,True
2026-03-13,IOT,borrow_fee,rate_break,PB rate 0.002951 vs book 0.002944,-1.8520988290739524,stale_fee_rate,True
2026-03-13,SMCI,borrow_fee,rate_break,PB rate 0.003111 vs book 0.003254,34.401751257451,stale_fee_rate,True
2026-03-16,HPQ,borrow_fee,rate_break,PB rate 0.003506 vs book 0.003444,-15.438692519356323,stale_fee_rate,True
2026-03-16,IOT,borrow_fee,rate_break,PB rate 0.002951 vs book 0.002941,-2.675313043956635,stale_fee_rate,True
2026-03-16,SMCI,borrow_fee,rate_break,PB rate 0.003111 vs book 0.003264,38.00346408996154,stale_fee_rate,True
2026-03-17,HPQ,borrow_fee,rate_break,PB rate 0.003506 vs book 0.003439,-16.747283863074813,stale_fee_rate,True
2026-03-17,IOT,borrow_fee,rate_break,PB rate 0.002951 vs book 0.002938,-3.568876282743645,stale_fee_rate,True
2026-03-17,SMCI,borrow_fee,rate_break,PB rate 0.003111 vs book 0.003259,36.41814242992234,stale_fee_rate,True
2026-03-18,HPQ,borrow_fee,rate_break,PB rate 0.003506 vs book 0.003454,-12.622438534640082,stale_fee_rate,True
2026-03-18,HPQ,short_rebate,missing_in_pb,"book 8847.41, no PB line",8847.406845595846,,True
2026-03-18,IOT,borrow_fee,rate_break,PB rate 0.002951 vs book 0.002941,-2.766488946305344,stale_fee_rate,True
2026-03-18,SMCI,borrow_fee,rate_break,PB rate 0.003111 vs book 0.003264,36.202295277193116,stale_fee_rate,True
2026-03-19,HPQ,borrow_fee,rate_break,PB rate 0.003506 vs book 0.003484,-5.346832971174422,stale_fee_rate,True
2026-03-19,IOT,borrow_fee,rate_break,PB rate 0.002951 vs book 0.002938,-3.5635828654742454,stale_fee_rate,True
2026-03-19,PRMB,borrow_fee,duplicate_line,2 PB lines vs 1,-749.7352111094499,duplicate_fee,True
2026-03-19,SMCI,borrow_fee,rate_break,PB rate 0.003111 vs book 0.003254,34.44650252724102,stale_fee_rate,True
2026-03-20,HPQ,borrow_fee,rate_break,PB rate 0.003506 vs book 0.003459,-11.433035556639084,stale_fee_rate,True
2026-03-20,IOT,borrow_fee,rate_break,PB rate 0.002951 vs book 0.002938,-3.507471915468841,stale_fee_rate,True
2026-03-20,LULU,borrow_fee,duplicate_line,2 PB lines vs 1,-613.7031916951935,duplicate_fee,True
2026-03-20,SMCI,borrow_fee,rate_break,PB rate 0.003111 vs book 0.003307,31.38670822866129,stale_fee_rate,True
2026-03-23,HPQ,borrow_fee,rate_break,PB rate 0.003506 vs book 0.003454,-12.837201071823529,stale_fee_rate,True
2026-03-23,IOT,borrow_fee,rate_break,PB rate 0.002951 vs book 0.002938,-3.5148827804181337,stale_fee_rate,True
2026-03-23,LI,short_rebate,missing_in_pb,"book 8980.16, no PB line",8980.160532567725,,True
2026-03-23,SMCI,borrow_fee,rate_break,PB rate 0.003111 vs book 0.003278,28.147598188218353,stale_fee_rate,True
2026-03-24,HPQ,borrow_fee,rate_break,PB rate 0.003506 vs book 0.003444,-15.61225307832592,stale_fee_rate,True
2026-03-24,IOT,borrow_fee,rate_break,PB rate 0.002951 vs book 0.002940,-3.016714020662789,stale_fee_rate,True
2026-03-24,SMCI,borrow_fee,rate_break,PB rate 0.003111 vs book 0.003254,24.869948445699606,stale_fee_rate,True
2026-03-25,DKNG,borrow_fee,notional_break,"PB notional 89,172,251 vs book 81,942,070 (x1.0882)",-59.20654010482838,stale_mark,True
2026-03-25,HPQ,borrow_fee,rate_break,PB rate 0.003506 vs book 0.003444,-16.083347825689543,stale_fee_rate,True
2026-03-25,IOT,borrow_fee,rate_break,PB rate 0.002951 vs book 0.002940,-2.9941521424749453,stale_fee_rate,True
2026-03-25,QFIN,short_rebate,missing_in_pb,"book 8309.31, no PB line",8309.311605262072,,True
2026-03-25,SMCI,borrow_fee,rate_break,PB rate 0.003111 vs book 0.003254,26.906084276268075,stale_fee_rate,True
2026-03-26,HPQ,borrow_fee,rate_break,PB rate 0.003506 vs book 0.003671,42.63218196331559,stale_fee_rate,True
2026-03-26,IOT,borrow_fee,rate_break,PB rate 0.002951 vs book 0.002860,-25.389276119061492,stale_fee_rate,True
2026-03-26,SG,borrow_fee,notional_break,"PB notional 86,270,045 vs book 81,340,325 (x1.0606)",-668.9418786840833,stale_mark,True
2026-03-26,SMCI,borrow_fee,rate_break,PB rate 0.003111 vs book 0.003264,26.492683191305332,stale_fee_rate,True
2026-03-27,HPQ,borrow_fee,rate_break,PB rate 0.003506 vs book 0.003662,40.5848577164229,stale_fee_rate,True
2026-03-27,IOT,borrow_fee,rate_break,PB rate 0.002951 vs book 0.002859,-23.81193391338934,stale_fee_rate,True
2026-03-27,KD,borrow_fee,notional_break,"PB notional 94,824,085 vs book 91,421,660 (x1.0372)",-36.41817238151191,stale_mark,True
2026-03-27,SMCI,borrow_fee,rate_break,PB rate 0.003111 vs book 0.003271,27.368742695249807,stale_fee_rate,True
2026-03-30,HPQ,borrow_fee,rate_break,PB rate 0.003506 vs book 0.003705,50.63863529972696,stale_fee_rate,True
2026-03-30,IOT,borrow_fee,rate_break,PB rate 0.002951 vs book 0.002857,-25.230217493001874,stale_fee_rate,True
2026-03-30,SMCI,borrow_fee,rate_break,PB rate 0.003111 vs book 0.003275,27.017423910323146,stale_fee_rate,True
2026-03-30,TENB,borrow_fee,notional_break,"PB notional 78,442,238 vs book 80,908,371 (x0.9695)",24.44247549097281,stale_mark,True
2026-03-30,UPST,borrow_fee,notional_break,"PB notional 82,960,641 vs book 81,118,556 (x1.0227)",-283.7711479604168,stale_mark,True
2026-03-31,HPQ,borrow_fee,rate_break,PB rate 0.003506 vs book 0.003705,49.944297972277354,stale_fee_rate,True
2026-04-02,HPQ,short_rebate,missing_in_pb,"book 9266.09, no PB line",9266.088744324778,,True
2026-04-02,LCID,borrow_fee,duplicate_line,2 PB lines vs 1,-1732.1340565908429,duplicate_fee,True
2026-04-06,DEI,buy_in,unknown_charge,PB buy_in -90233.47 with no book line,-90233.46651545518,buy_in_charge,True
2026-04-09,FISV,borrow_fee,notional_break,"PB notional 91,575,652 vs book 91,219,891 (x1.0039)",-2.6998413398538332,stale_mark,True
2026-04-17,FMC,short_rebate,missing_in_pb,"book 9097.12, no PB line",9097.115155162955,,True
2026-04-17,NOW,borrow_fee,notional_break,"PB notional 83,234,007 vs book 83,423,883 (x0.9977)",1.3933821735789707,stale_mark,True
2026-04-29,NCNO,borrow_fee,notional_break,"PB notional 104,810,569 vs book 105,171,982 (x0.9966)",3.5528364004146624,stale_mark,True
2026-04-30,TSLQ,borrow_fee,notional_break,"PB notional 113,404,171 vs book 108,139,667 (x1.0487)",-38.790370695930505,stale_mark,True
2026-05-04,CPRT,short_rebate,missing_in_pb,"book 10993.56, no PB line",10993.56446702841,,True
2026-05-04,NCNO,borrow_fee,duplicate_line,2 PB lines vs 1,-1102.031026159333,duplicate_fee,True
2026-05-05,BBWI,borrow_fee,notional_break,"PB notional 103,244,450 vs book 102,354,412 (x1.0087)",-7.359298920283663,stale_mark,True
2026-05-08,HTZ,borrow_fee,duplicate_line,2 PB lines vs 1,-4030.24332074901,duplicate_fee,True
2026-05-08,MBLY,borrow_fee,duplicate_line,2 PB lines vs 1,-946.4720240606124,duplicate_fee,True
2026-05-11,BBWI,borrow_fee,notional_break,"PB notional 109,752,856 vs book 106,582,096 (x1.0297)",-26.30193141862901,stale_mark,True
2026-05-13,PRMB,buy_in,unknown_charge,PB buy_in -124323.48 with no book line,-124323.48015848579,buy_in_charge,True
2026-05-14,FMC,borrow_fee,notional_break,"PB notional 89,507,015 vs book 95,342,907 (x0.9388)",61.5549165804963,stale_mark,True
2026-05-15,BAX,borrow_fee,notional_break,"PB notional 109,369,929 vs book 106,417,301 (x1.0277)",-25.43710108158723,stale_mark,True
2026-05-15,KD,borrow_fee,duplicate_line,2 PB lines vs 1,-1030.570920550379,duplicate_fee,True
2026-05-15,MARA,borrow_fee,notional_break,"PB notional 119,864,570 vs book 112,198,285 (x1.0683)",-466.48945593893677,stale_mark,True
2026-05-15,TSLQ,short_rebate,missing_in_pb,"book 8688.20, no PB line",8688.202257555147,,True
2026-05-21,BAX,short_rebate,missing_in_pb,"book 11770.94, no PB line",11770.936887307516,,True
2026-05-27,UPST,borrow_fee,duplicate_line,2 PB lines vs 1,-13556.065220634948,duplicate_fee,True
2026-05-28,BHVN,short_rebate,missing_in_pb,"book 11611.07, no PB line",11611.074961331411,,True
2026-05-28,UPST,short_rebate,missing_in_pb,"book 11256.25, no PB line",11256.253721377541,,True
2026-05-29,BSX,short_rebate,missing_in_pb,"book 11342.05, no PB line",11342.047872388339,,True
2026-06-01,BHVN,short_rebate,missing_in_pb,"book 11774.71, no PB line",11774.714618319596,,True
2026-06-01,BULL,borrow_fee,notional_break,"PB notional 112,793,846 vs book 116,318,651 (x0.9697)",27.968317478658832,stale_mark,True
2026-06-01,FLO,short_rebate,missing_in_pb,"book 11371.74, no PB line",11371.739069388284,,True
2026-06-02,AVTR,borrow_fee,notional_break,"PB notional 113,659,585 vs book 111,186,038 (x1.0222)",-22.12599033415347,stale_mark,True
2026-06-03,AI,borrow_fee,notional_break,"PB notional 117,087,761 vs book 112,165,464 (x1.0439)",-2734.609285102051,stale_mark,True
2026-06-09,OWL,borrow_fee,notional_break,"PB notional 103,357,789 vs book 105,223,057 (x0.9823)",17.98752003552272,stale_mark,True
2026-06-18,ADMA,borrow_fee,notional_break,"PB notional 119,013,057 vs book 117,458,259 (x1.0132)",-17.182245302947877,stale_mark,True
2026-06-18,NOW,borrow_fee,notional_break,"PB notional 86,592,881 vs book 86,193,833 (x1.0046)",-2.9857275021797705,stale_mark,True
2026-06-23,SMR,short_rebate,missing_in_pb,"book 9748.61, no PB line",9748.610629977038,,True
2026-06-26,SBET,borrow_fee,notional_break,"PB notional 84,180,020 vs book 88,795,153 (x0.9480)",52.27004579431684,stale_mark,True
2026-06-30,COUR,borrow_fee,duplicate_line,2 PB lines vs 1,-1197.1338962060565,duplicate_fee,True
2026-07-01,KD,borrow_fee,rate_break,PB rate 0.005888 vs book 0.005454,-154.06549040379878,stale_fee_rate,True
2026-07-01,OWL,short_rebate,day_count_break,PB day count 365.0 vs book 360.0,-164.32638686253267,rebate_act365,True
2026-07-02,BULL,short_rebate,missing_in_pb,"book 13359.68, no PB line",13359.67906969026,,True
2026-07-02,KD,borrow_fee,rate_break,PB rate 0.005888 vs book 0.005538,-126.77584342008822,stale_fee_rate,True
2026-07-02,OWL,short_rebate,day_count_break,PB day count 365.0 vs book 360.0,-171.93408240044482,rebate_act365,True
2026-07-06,KD,borrow_fee,rate_break,PB rate 0.005888 vs book 0.005843,-16.31464629786342,stale_fee_rate,True
2026-07-06,OWL,short_rebate,day_count_break,PB day count 365.0 vs book 360.0,-180.49274441514171,rebate_act365,True
2026-07-07,KD,borrow_fee,rate_break,PB rate 0.005888 vs book 0.005754,-49.00674787305934,stale_fee_rate,True
2026-07-07,OWL,short_rebate,day_count_break,PB day count 365.0 vs book 360.0,-178.5908295997524,rebate_act365,True
2026-07-08,BAX,short_rebate,missing_in_pb,"book 12490.13, no PB line",12490.1280286529,,True
2026-07-08,CERT,short_rebate,missing_in_pb,"book 12096.59, no PB line",12096.586583665034,,True
2026-07-08,KD,borrow_fee,rate_break,PB rate 0.005888 vs book 0.005454,-153.68033010611634,stale_fee_rate,True
2026-07-08,OWL,short_rebate,day_count_break,PB day count 365.0 vs book 360.0,-175.2538036400092,rebate_act365,True
2026-07-08,TSCO,borrow_fee,notional_break,"PB notional 115,983,921 vs book 112,744,146 (x1.0287)",-24.957463049042303,stale_mark,True
2026-07-09,KD,borrow_fee,rate_break,PB rate 0.005888 vs book 0.005454,-154.96420184639942,stale_fee_rate,True
2026-07-09,OWL,short_rebate,day_count_break,PB day count 365.0 vs book 360.0,-176.3918233389595,rebate_act365,True
2026-07-10,KD,borrow_fee,rate_break,PB rate 0.005888 vs book 0.005546,-120.92541919253267,stale_fee_rate,True
2026-07-10,OWL,short_rebate,missing_in_pb,"book 12959.68, no PB line",12959.677221328071,,True
2026-07-13,KD,borrow_fee,rate_break,PB rate 0.005888 vs book 0.005462,-155.14288814670454,stale_fee_rate,True
2026-07-13,OWL,short_rebate,day_count_break,PB day count 365.0 vs book 360.0,-176.20215037443268,rebate_act365,True
2026-07-13,TSCO,borrow_fee,duplicate_line,2 PB lines vs 1,-889.8109043662384,duplicate_fee,True
2026-07-14,KD,borrow_fee,rate_break,PB rate 0.005888 vs book 0.005138,-257.5345328022713,stale_fee_rate,True
2026-07-14,OWL,short_rebate,day_count_break,PB day count 365.0 vs book 360.0,-182.96524999950816,rebate_act365,True
2026-07-15,KD,borrow_fee,rate_break,PB rate 0.005888 vs book 0.005298,-204.64007733553876,stale_fee_rate,True
2026-07-15,NOW,short_rebate,missing_in_pb,"book 12815.45, no PB line",12815.448626050678,,True
2026-07-15,OWL,short_rebate,day_count_break,PB day count 365.0 vs book 360.0,-184.29659218410052,rebate_act365,True
2026-07-16,KD,borrow_fee,rate_break,PB rate 0.005888 vs book 0.005060,-294.36046111067094,stale_fee_rate,True
2026-07-16,OWL,short_rebate,day_count_break,PB day count 365.0 vs book 360.0,-182.96524999950816,rebate_act365,True
2026-07-16,RBLX,borrow_fee,duplicate_line,2 PB lines vs 1,-898.0219303304127,duplicate_fee,True
2026-07-17,DKNG,short_rebate,missing_in_pb,"book 11994.65, no PB line",11994.649670050007,,True
2026-07-17,KD,borrow_fee,rate_break,PB rate 0.005888 vs book 0.005030,-308.46423258668506,stale_fee_rate,True
2026-07-17,LULU,borrow_fee,notional_break,"PB notional 125,345,914 vs book 122,750,150 (x1.0211)",-20.629888040277365,stale_mark,True
2026-07-17,OWL,short_rebate,day_count_break,PB day count 365.0 vs book 360.0,-181.06333518411884,rebate_act365,True
2026-07-20,KD,borrow_fee,rate_break,PB rate 0.005888 vs book 0.005546,-123.45101268657822,stale_fee_rate,True
2026-07-20,OWL,short_rebate,day_count_break,PB day count 365.0 vs book 360.0,-177.83006004596064,rebate_act365,True
2026-07-21,FLO,borrow_fee,duplicate_line,2 PB lines vs 1,-29251.52803563591,duplicate_fee,True
2026-07-21,KD,borrow_fee,rate_break,PB rate 0.005888 vs book 0.005675,-76.73180127758019,stale_fee_rate,True
2026-07-21,OWL,short_rebate,day_count_break,PB day count 365.0 vs book 360.0,-178.5908295997524,rebate_act365,True
2026-07-22,KD,borrow_fee,rate_break,PB rate 0.005888 vs book 0.005379,-175.27855965745493,stale_fee_rate,True
2026-07-22,OWL,short_rebate,day_count_break,PB day count 365.0 vs book 360.0,-174.21639106181829,rebate_act365,True
2026-07-23,KD,borrow_fee,rate_break,PB rate 0.005888 vs book 0.004724,-401.63451295592995,stale_fee_rate,True
2026-07-23,OWL,short_rebate,day_count_break,PB day count 365.0 vs book 360.0,-175.16735753860303,rebate_act365,True
2026-07-24,KD,borrow_fee,rate_break,PB rate 0.005888 vs book 0.004617,-453.2595929963463,stale_fee_rate,True
2026-07-24,OWL,short_rebate,day_count_break,PB day count 365.0 vs book 360.0,-179.73197486134995,rebate_act365,True
2026-07-27,KD,borrow_fee,rate_break,PB rate 0.005888 vs book 0.004443,-545.3413324898197,stale_fee_rate,True
2026-07-27,OWL,short_rebate,day_count_break,PB day count 365.0 vs book 360.0,-184.10641339928407,rebate_act365,True
2026-07-28,KD,borrow_fee,rate_break,PB rate 0.005888 vs book 0.005338,-217.04003835677167,stale_fee_rate,True
2026-07-28,OWL,short_rebate,day_count_break,PB day count 365.0 vs book 360.0,-186.5789189836505,rebate_act365,True
2026-07-29,KD,borrow_fee,rate_break,PB rate 0.005888 vs book 0.004945,-390.66022892064393,stale_fee_rate,True
2026-07-29,OWL,short_rebate,day_count_break,PB day count 365.0 vs book 360.0,-181.63390781491762,rebate_act365,True
2026-07-30,KD,borrow_fee,rate_break,PB rate 0.005888 vs book 0.004991,-358.2869716093353,stale_fee_rate,True
2026-07-30,OWL,short_rebate,day_count_break,PB day count 365.0 vs book 360.0,-193.23564804477974,rebate_act365,True
2026-07-31,KD,borrow_fee,rate_break,PB rate 0.005888 vs book 0.005266,-146.62508722319672,stale_fee_rate,True
2026-07-31,OWL,short_rebate,day_count_break,PB day count 365.0 vs book 360.0,-117.18657472441919,rebate_act365,True
2026-08-03,ASAN,borrow_fee,rate_break,PB rate 0.005030 vs book 0.004768,-63.24992239626363,stale_fee_rate,True
2026-08-03,CRCL,short_rebate,missing_in_pb,"book 8245.83, no PB line",8245.828081632231,,True
2026-08-03,FISV,borrow_fee,duplicate_line,2 PB lines vs 1,-650.0030270933427,duplicate_fee,True
2026-08-03,OWL,short_rebate,day_count_break,PB day count 365.0 vs book 360.0,-126.97108075975302,rebate_act365,True
2026-08-04,ASAN,borrow_fee,rate_break,PB rate 0.005030 vs book 0.004768,-64.95537538253052,stale_fee_rate,True
2026-08-04,OWL,short_rebate,day_count_break,PB day count 365.0 vs book 360.0,-131.63578725160005,rebate_act365,True
2026-08-05,ASAN,borrow_fee,rate_break,PB rate 0.005030 vs book 0.004804,-56.65281957830052,stale_fee_rate,True
2026-08-05,OWL,short_rebate,day_count_break,PB day count 365.0 vs book 360.0,-131.40824615091879,rebate_act365,True
2026-08-05,SDOT,borrow_fee,notional_break,"PB notional 87,080,244 vs book 85,607,561 (x1.0172)",-11.471789866581844,stale_mark,True
2026-08-05,TSCO,short_rebate,missing_in_pb,"book 9288.59, no PB line",9288.58781720236,,True
2026-08-06,ASAN,borrow_fee,rate_break,PB rate 0.005030 vs book 0.004954,-18.74155474637746,stale_fee_rate,True
2026-08-06,OWL,short_rebate,day_count_break,PB day count 365.0 vs book 360.0,-130.38428407216634,rebate_act365,True
2026-08-07,ASAN,borrow_fee,rate_break,PB rate 0.005030 vs book 0.004878,-39.68472383258177,stale_fee_rate,True
2026-08-07,OWL,short_rebate,day_count_break,PB day count 365.0 vs book 360.0,-135.04899056401518,rebate_act365,True
2026-08-10,OWL,short_rebate,day_count_break,PB day count 365.0 vs book 360.0,-132.54597335487415,rebate_act365,True
2026-08-11,OWL,short_rebate,day_count_break,PB day count 365.0 vs book 360.0,-140.16879010750017,rebate_act365,True
2026-08-12,ASAN,borrow_fee,rate_break,PB rate 0.005030 vs book 0.004916,-29.00574382848231,stale_fee_rate,True
2026-08-12,OWL,short_rebate,day_count_break,PB day count 365.0 vs book 360.0,-139.0310629035448,rebate_act365,True
2026-08-12,PRGO,borrow_fee,duplicate_line,2 PB lines vs 1,-3951.0600330894217,duplicate_fee,True
2026-08-13,ASAN,borrow_fee,rate_break,PB rate 0.005030 vs book 0.003755,-356.46330129745616,stale_fee_rate,True
2026-08-13,OWL,short_rebate,day_count_break,PB day count 365.0 vs book 360.0,-144.03708647155327,rebate_act365,True
2026-08-14,ASAN,borrow_fee,rate_break,PB rate 0.005030 vs book 0.003760,-328.69953837509775,stale_fee_rate,True
2026-08-14,BSX,short_rebate,missing_in_pb,"book 9488.25, no PB line",9488.25106503138,,True
2026-08-14,OWL,short_rebate,day_count_break,PB day count 365.0 vs book 360.0,-139.0310629035448,rebate_act365,True
2026-08-14,TME,borrow_fee,duplicate_line,2 PB lines vs 1,-610.3740686976682,duplicate_fee,True
2026-08-17,ASAN,borrow_fee,rate_break,PB rate 0.005030 vs book 0.003787,-310.7630196380534,stale_fee_rate,True
2026-08-17,OWL,short_rebate,day_count_break,PB day count 365.0 vs book 360.0,-132.6597493303525,rebate_act365,True
2026-08-18,ASAN,borrow_fee,duplicate_line,2 PB lines vs 1,-1627.379240576502,duplicate_fee,True
2026-08-18,OWL,short_rebate,day_count_break,PB day count 365.0 vs book 360.0,-131.86333920255674,rebate_act365,True
2026-08-19,ASAN,borrow_fee,rate_break,PB rate 0.005030 vs book 0.003771,-341.2270748275919,stale_fee_rate,True
2026-08-19,OWL,short_rebate,day_count_break,PB day count 365.0 vs book 360.0,-133.91126336005982,rebate_act365,True
2026-08-19,TME,borrow_fee,duplicate_line,2 PB lines vs 1,-621.1015928689551,duplicate_fee,True
2026-08-20,ASAN,borrow_fee,rate_break,PB rate 0.005030 vs book 0.003804,-329.93585630748714,stale_fee_rate,True
2026-08-20,LULU,borrow_fee,notional_break,"PB notional 85,253,156 vs book 82,569,595 (x1.0325)",-21.88902873796735,stale_mark,True
2026-08-20,OWL,short_rebate,day_count_break,PB day count 365.0 vs book 360.0,-129.7016390695735,rebate_act365,True
2026-08-21,ASAN,borrow_fee,rate_break,PB rate 0.005030 vs book 0.003820,-328.2507824594338,stale_fee_rate,True
2026-08-21,OWL,short_rebate,day_count_break,PB day count 365.0 vs book 360.0,-132.77352530582903,rebate_act365,True
2026-08-24,ASAN,borrow_fee,rate_break,PB rate 0.005030 vs book 0.003793,-341.98636671868894,stale_fee_rate,True
2026-08-24,OWL,short_rebate,day_count_break,PB day count 365.0 vs book 360.0,-132.88730128130737,rebate_act365,True
2026-08-25,ASAN,borrow_fee,rate_break,PB rate 0.005030 vs book 0.003820,-323.4537863627462,stale_fee_rate,True
2026-08-25,OWL,short_rebate,day_count_break,PB day count 365.0 vs book 360.0,-134.1388044607429,rebate_act365,True
2026-08-26,ADMA,borrow_fee,notional_break,"PB notional 97,474,835 vs book 96,572,289 (x1.0093)",-11.418309274724379,stale_mark,True
2026-08-26,ASAN,borrow_fee,rate_break,PB rate 0.005030 vs book 0.003793,-330.7736764972485,stale_fee_rate,True
2026-08-26,OWL,short_rebate,day_count_break,PB day count 365.0 vs book 360.0,-134.25258043621943,rebate_act365,True
2026-08-27,ASAN,borrow_fee,rate_break,PB rate 0.005030 vs book 0.003920,-319.6030024316444,stale_fee_rate,True
2026-08-27,INTU,borrow_fee,duplicate_line,2 PB lines vs 1,-683.2768656705559,duplicate_fee,True
2026-08-27,OWL,short_rebate,day_count_break,PB day count 365.0 vs book 360.0,-136.75559764536047,rebate_act365,True
2026-08-28,ASAN,borrow_fee,rate_break,PB rate 0.005030 vs book 0.003881,-331.5673942732717,stale_fee_rate,True
2026-08-28,OWL,short_rebate,day_count_break,PB day count 365.0 vs book 360.0,-136.75559764536047,rebate_act365,True
2026-09-03,COIN,borrow_fee,duplicate_line,2 PB lines vs 1,-689.9663106737419,duplicate_fee,True
2026-09-03,COUR,borrow_fee,duplicate_line,2 PB lines vs 1,-820.5484490779727,duplicate_fee,True
2026-09-03,PRGO,borrow_fee,notional_break,"PB notional 85,699,955 vs book 84,398,787 (x1.0154)",-37.857026732085615,stale_mark,True
2026-09-11,BULL,short_rebate,missing_in_pb,"book 8491.41, no PB line",8491.414571903719,,True
2026-09-16,FISV,borrow_fee,duplicate_line,2 PB lines vs 1,-650.1954276097096,duplicate_fee,True
2026-09-17,JOBY,short_rebate,missing_in_pb,"book 7901.18, no PB line",7901.180242780022,,True
