date,nav_open,pnl_long,pnl_short,shadow_pnl_short,fees,rebate,financing,impact,recall_impact,n_recalls,n_reentries,n_reentry_failed,n_missing,n_short,n_long,short_notional,long_notional,fee_wavg,cash,margin_regt_initial,margin_regt_maint,margin_pm,nav,excess_equity_regt,excess_equity_pm
2019-06-28,500000000.0,0.0,0.0,0.0,17633.48339864182,33333.333333333314,-81.97603060708676,999999.999999999,0.0,0,0,0,1,33,34,499999999.99999964,499999999.9999997,0.012696108047022116,-1017633.4833983183,499999999.99999964,274999999.9999998,149999999.99999988,499015617.8739041,224015617.8739043,349015617.8739042
2019-07-01,499015617.8739041,5141455.177190513,-1809039.892904229,-1739672.1577499215,18190.077450891597,33314.54427674185,-219.33661627501013,0.0,0.0,0,0,0,1,33,34,501809035.1308396,505062063.90631056,0.013049641245725212,-2732220.82557106,503435549.5185751,276808226.5158295,151030664.85557252,502362938.2884,225554711.7725705,351332273.4328275
2019-07-02,502362938.2884,3031786.054616685,8737456.176148012,8755197.55746943,19146.024307779044,32871.43940644834,389.74542250935286,0.0,0.0,0,0,0,1,33,34,493071591.09672517,508012671.3599279,0.013978839736983242,6100363.134929001,500542131.22832656,274924645.16899955,150162639.36849797,514146295.67968583,239221650.51068628,363983656.31118786
2019-07-03,514146295.67968583,5811313.981857651,-3159300.5165286334,-3227983.6255734228,16586.18496618225,33219.90105124451,194.78401278365376,0.0,0.0,0,0,0,1,33,34,496230887.07253206,513746127.95562804,0.01203275882936495,3035595.0044205785,504988507.51408005,277305798.11066663,151496552.254224,516815137.64511263,239509339.534446,365318585.39088863
2019-07-05,516815137.64511263,993384.8326394928,348612.4825917609,499962.8867523392,17521.282391012184,33334.30931670152,219.11692264120964,0.0,0.0,0,0,0,1,33,34,495882287.3558904,514739523.49903756,0.01272007857832081,3400090.178915322,505310905.427464,277449567.0815265,151593271.62823918,518173167.10419226,240723600.02266574,366579895.4759531
2019-07-08,518173167.10419226,-1925713.5519108374,6184550.190124687,5970331.837326932,16540.131736531086,32782.54335916948,616.1071354112428,0.0,0.0,0,0,0,1,33,34,489697743.1245234,512813793.967897,0.01215943407694459,9601669.642772615,501255768.54621017,275112771.42933124,150376730.56386304,522448862.2611642,247336090.83183295,372072131.69730115
2019-07-09,522448862.2611642,3366011.1638469486,-4881419.781844289,-5012573.998292285,16563.299048888413,33109.32611712913,303.9623607822994,0.0,0.0,0,0,0,1,33,34,494579145.31811154,516179814.5916665,0.012056286064719908,4737075.75245142,505379479.95488906,277418697.2433501,151613843.9864667,520950303.63259584,243531606.38924575,369336459.64612913
2019-07-10,520950303.63259584,1090610.6632745839,-5302244.475430921,-5097815.611231739,15554.7976353409,33464.282177335605,-44.240395049432415,0.0,0.0,0,0,0,1,33,34,499881393.5203659,517270418.87908584,0.011202111583484222,-547303.8562816381,508575906.19972587,279282022.77588123,152572771.85991776,516756535.06458646,237474512.28870523,364183763.2046687
2019-07-11,516756535.06458646,-2658789.3461328885,6504307.40827516,6361484.746482985,15971.546060852066,32891.805754418725,381.7009711879682,0.0,0.0,0,0,0,1,33,34,493377086.31628084,514611631.5968562,0.011653878425600096,5974449.9838116765,503994358.9565685,276666033.7940983,151198307.68697053,520619355.08739346,243953321.29329515,369421047.40042293
2019-07-12,520619355.08739346,466744.97565036674,-5403031.8568900665,-4807790.056242493,16377.502881167298,32970.605060931164,37.25951271592438,0.0,0.0,0,0,0,1,33,34,498715034.5350932,515078382.607758,0.011822184271457628,588308.0955145955,506896708.57142556,278384106.01246744,152069012.57142767,515699698.56784624,237315592.5553788,363630685.9964186
2019-07-15,515699698.56784624,2037344.6749510616,5832976.001472889,5483653.491829756,16222.006066748514,32858.80355950179,411.3212928528036,0.0,0.0,0,0,0,1,33,34,492882053.3925268,517115724.8283335,0.011848518613800289,6438072.409869969,504998889.1104301,277143547.2248414,151499666.73312902,523587067.3630558,246443520.1382144,372087400.6299268
2019-07-16,523587067.3630558,-2448530.9323229087,7477509.754713346,7306065.035663743,18297.58969370234,32495.137502374862,893.8764166994068,0.0,0.0,0,0,0,1,33,34,485404543.60393983,514667207.03680074,0.013570396850482589,13930541.558951795,500035875.3203703,274288164.8403821,150010762.5961111,528631137.6096716,254342972.7692895,378620375.01356053
2019-07-17,528631137.6096716,-753170.0365725912,4502621.277318782,4224748.206759139,17825.16094105396,32193.712703344376,1183.793647168435,0.0,0.0,0,0,0,1,33,34,480901932.49809027,513914031.5258128,0.013343797363103569,18448732.163663924,497407982.01195157,272749087.6308803,149222394.60358545,532396141.19582725,259647053.56494695,383173746.59224176
2019-07-18,532396141.19582725,3354869.846326483,143879.32058988488,430532.1006823232,17579.998512519946,32184.080359996675,1200.4742867690409,0.0,0.0,0,0,0,1,33,34,480758046.87131965,517168620.1808175,0.01316420911869033,18708690.183413625,498963333.52606857,273519569.1066003,149689000.05782056,535910694.9188779,262391125.81227762,386221694.86105734
2019-07-19,535910694.9188779,-8680927.379104765,-1000448.9264771757,-922541.919609414,18158.585051495054,32242.02658437473,1137.2561951825842,0.0,0.0,0,0,0,1,33,34,481623633.6255146,508487686.85656786,0.01357302707371109,17723473.171676636,495055660.24104124,271609011.8017963,148516698.07231236,526244539.31102407,254635527.50922775,377727841.2387117
2019-07-22,526244539.31102407,1971061.1094220565,-2117638.527476507,-2087676.4003355647,16609.58122948852,32249.419916924726,998.1097387140798,0.0,0.0,0,0,0,1,33,34,483741298.7538709,510458765.09708494,0.012360840924723752,15622587.21465516,497100031.9254779,272737080.9004325,149130009.57764336,526114599.84139574,253377518.9409632,376984590.26375234
2019-07-23,526114599.84139574,-949127.5519787048,-7130404.5126253525,-6678281.164134105,16733.684660471983,32724.779651379584,545.7696739394913,0.0,0.0,0,0,0,1,33,34,490871694.7706938,509475852.23916525,0.012272303622200153,8542481.852965951,500173773.50492954,274630471.49099946,150052132.05147886,518051604.64145654,243421133.15045708,367999472.5899777
2019-07-24,518051604.64145654,3558827.5179678537,-8654156.342712909,-9207637.81265918,17180.543593299724,33301.72447717348,-7.70017737606499,0.0,0.0,0,0,0,1,33,34,499525867.15760213,513034683.6819245,0.01238173255928008,-95588.408806324,506280275.4197633,278116431.0677618,151884082.625929,512972389.297418,234855958.22965622,361088306.671489
2019-07-25,512972389.297418,-6495499.274953879,19240081.80655439,19255967.638336655,15445.050730338133,32019.050178843518,1224.260841208207,0.0,0.0,0,0,0,1,33,34,480285752.6826528,506539183.1767684,0.011576896112085221,19162343.601519763,493412467.9297106,270720521.59898794,148023740.3789132,525734770.08930826,255014248.49032032,377711029.7103951
2019-07-26,525734770.08930826,8101015.451713789,-3193145.2521365234,-3616358.6293521468,14766.320425215396,32231.927154879646,1021.4348499153783,0.0,0.0,0,0,0,1,33,34,483478907.3231947,514640198.05674136,0.010995051226762207,15987675.911718965,499059552.689968,273703721.71114373,149717865.80699039,530661127.33046514,256957405.6193214,380943261.52347475
2019-07-29,530661127.33046514,-3600056.4683960597,1830055.1617433731,1889351.6839575297,15330.1766565524,32109.924449173413,1139.5008261273715,0.0,0.0,0,0,0,1,33,34,481648866.7376012,511040130.7425536,0.011458271735881606,17835665.104602337,496344498.7400774,272254692.7069187,148903349.6220232,528909045.27243125,256654352.56551254,380005695.650408
2019-07-30,528909045.27243125,-1408159.3031418603,-11892107.325634396,-11833225.529098626,15726.04045663378,32765.63602656132,379.18985109285796,0.0,0.0,0,0,0,1,33,34,493540961.0695428,509631989.44191325,0.011470931515227241,5961063.161285102,501586475.255728,275470285.6813412,150475942.5767184,515626197.429076,240155911.74773484,365150254.8523576
2019-07-31,515626197.429076,137388.72053140868,3903397.535788717,4047156.432934163,16635.762859967967,34644.46557902641,-53.968149006649696,653313.673084725,0.0,0,0,0,2,33,35,519666983.6853961,519666983.6853961,0.011524447035515546,-669949.4359446168,519666983.6853961,285816841.0269678,155900095.1056188,519031624.7468815,233214783.71991366,363131529.64126265
2019-08-01,519031624.7468815,951731.1204974565,20017382.525783617,20362835.635845717,16440.488100302988,29701.39387274681,1097.3828253306676,0.0,0.0,0,0,0,2,33,35,499649616.55088085,520618718.6345211,0.011845452333107851,19365579.27054119,510134167.59270096,280049564.6238946,153040250.27781028,540015096.6817604,259965532.05786586,386974846.40395015
2019-08-02,540015096.6817604,-5757504.47746647,3849370.3973426432,2236606.0547029367,14124.9840115955,29472.57032080925,1316.9185693295692,0.0,0.0,0,0,0,2,33,35,495800248.3874453,514853098.1588679,0.010256134926743092,23239739.458757102,505326673.2731566,277453349.0559505,151598001.98194697,538123627.1065152,260670278.05056465,386525625.1245682
2019-08-05,538123627.1065152,-17325279.774027478,15867540.245342698,16077496.352392897,14495.211337361594,28396.0174124596,2206.134380617174,0.0,0.0,0,0,0,2,33,35,479932688.6612891,497527826.9959421,0.010872933235712463,39123565.37055087,488730257.8286156,268361763.34737226,146619077.34858468,536681994.51828605,268320231.1709138,390062917.16970134
2019-08-06,536681994.51828605,8711574.418971516,4809934.672210848,7945113.19367434,14295.55047985537,28111.428916244986,2478.2811928843225,0.0,0.0,0,0,0,2,33,35,475122742.2463941,506239393.80094147,0.010831723500364586,43949814.258047104,490681068.0236678,269096671.1241536,147204320.40710035,550219797.7690977,281123126.6449441,403015477.36199737
2019-08-07,550219797.7690977,6495737.387184784,1003123.6251034292,2678390.1751223304,14402.831029361552,27920.378585762406,2526.44309085205,0.0,0.0,0,0,0,2,33,35,474119636.3620031,512678537.4995279,0.010936098766875915,45025718.45082861,493399086.9307655,270405525.2834829,148019726.07922965,557734702.7720331,287329177.4885502,409714976.69280344
2019-08-08,557734702.7720331,14531016.94614238,-4706992.7801707275,-6344962.2348714415,14862.910370494443,28195.692807490766,2263.2026657842425,0.0,0.0,0,0,0,2,33,35,478794783.52342814,527209559.0928656,0.011175242332430684,40334304.93476868,503002171.30814683,275440824.83024484,150900651.39244404,567574322.9231075,292133498.09286267,416673671.5306635
2019-08-09,567574322.9231075,-4082299.6227855817,16675195.034528183,14545236.483117862,14685.088368008224,27213.709177158456,3199.7521785365047,0.0,0.0,0,0,0,2,33,35,462119589.80080396,523127246.8963265,0.011439964738914779,57025286.35015553,492623418.3485652,269417688.6643228,147787025.50456956,580182946.7078377,310765258.0435149,432395921.2032682
2019-08-12,580182946.7078377,-8311688.223232496,9657383.764636476,9693876.192773141,15347.112328201698,26644.997144225017,3742.483258922767,0.0,0.0,0,0,0,2,33,35,452462215.6566512,514815573.6907652,0.012210876946120957,66697721.446148336,483638894.6737082,264442558.11968666,145091668.40211245,581543682.6173167,317101124.49763006,436452014.21520424
2019-08-13,581543682.6173167,7101687.581062694,1867402.558615833,2689227.402330134,13989.077261091035,26535.027178656375,3848.1856681031963,0.0,0.0,0,0,0,2,33,35,450594801.14699507,521917256.9214593,0.011176488945663367,68581526.7582748,486256029.0342272,265657754.57446334,145876808.71026814,590529166.8925809,324871412.3181175,444652358.1823127
2019-08-14,590529166.8925809,-18232346.348887816,24823367.217959255,23552075.388892256,13335.430698733577,25073.206550105864,5250.687637766109,0.0,0.0,0,0,0,2,33,35,425771431.98292977,503530240.9648249,0.011275427825642755,93576611.36612868,464650836.4738773,253613989.83608514,139395250.9421632,597137176.2251415,343523186.3890564,457741925.2829783
2019-08-15,597137176.2251415,-906627.905872118,7620809.317735205,5397196.9595361315,13779.655176672208,24740.57765743939,5707.341953295203,0.0,0.0,0,0,0,2,33,35,418150608.2947502,502623632.0120608,0.011863371151920613,101213945.96976715,460387120.15340555,251101090.49144027,138116136.04602167,603868025.9014387,352766935.4099984,465751889.855417
2019-08-16,603868025.9014387,8913075.392084561,-12979179.649467427,-14002537.499479435,13833.013320042499,25487.247015159843,4976.397190855396,0.0,0.0,0,0,0,2,33,35,430770372.0872086,511536709.8766499,0.011560416216849593,88251378.75408584,471153540.9819293,257115289.09532505,141346062.2945788,599818552.2749418,342703263.17961675,458472489.980363
2019-08-19,599818552.2749418,935394.2746850266,-11758079.922998067,-11197884.21624836,13609.216764102246,26182.9334213687,4314.32287526366,0.0,0.0,0,0,0,2,33,35,442528452.1921471,512472098.045583,0.011071193300243466,76510159.36428165,477500275.118865,260876560.16903988,143250082.5356595,589012754.6661613,328136194.49712145,445762672.1305018
2019-08-20,589012754.6661613,-148284.99107795715,2921032.0132691357,4119346.464478508,13627.405540442316,25998.5408503667,4479.988252083135,0.0,0.0,0,0,0,2,33,35,439411958.0343668,512323806.75818497,0.011164616494518671,79448067.52462703,475867882.3962759,259904539.09985626,142760364.71888277,591802352.8119144,331897813.7120582,449041988.09303164
2019-08-21,591802352.8119144,9805481.566451615,-1333189.1741098291,-654878.4419793689,13543.60970820536,25954.991220637054,4384.062722632886,0.0,0.0,0,0,0,2,33,35,440745133.9353462,522129290.6961401,0.011062401191862407,78131810.89840788,481437212.31574315,262755862.85463887,144431163.69472295,600291440.6484913,337535577.7938524,455860276.9537683
2019-08-22,600291440.6484913,-6911893.257381836,5065250.546239016,3805914.3442521207,13609.969416595612,24857.68227405115,4668.456106836262,0.0,13568.298974411804,1,0,0,3,32,35,422111585.78577423,515217411.82435083,0.011607331224642126,83200207.84460664,468664498.80506253,255437828.69181997,140599349.64151874,598447145.8073384,343009317.1155184,457847796.16581964
2019-08-23,598447145.8073384,-9403732.175224468,17789965.831409052,17865949.619425874,10747.280045705793,23960.473998483416,5668.982014515527,0.0,23366.49150526955,1,1,0,3,32,35,406875973.55915236,505767903.0570417,0.009509091388733966,101031362.6349302,456321938.308097,248504767.83200613,136896581.4924291,606828895.1479849,358324127.31597877,469932313.6555557
2019-08-26,606828895.1479849,6911522.256411127,-657942.3047289774,-80264.8808229143,10509.431473470338,23999.219117661618,5633.1371379175625,0.0,0.0,0,0,1,3,32,35,407533909.54519725,512679422.6161973,0.009283633194282026,100392543.05199617,460106666.0806973,250430028.5176085,138031999.82420918,613101598.024449,362671569.50684047,475069598.2002398
2019-08-27,613101598.024449,-3293944.2830988425,9592763.393891428,10233113.446340868,13035.328267594126,23986.812221427666,6171.8017382887165,0.0,9382.069081817122,0,1,0,2,33,35,407323226.40160185,509385493.51096463,0.011520870581799535,109992506.22692764,458354359.9562832,249543341.2982217,137506307.98688495,619408158.3518519,369864817.05363023,481901850.364967
2019-08-28,619408158.3518519,290762.66780198144,-8222862.804764923,-7794342.9032305535,13538.575047863871,24471.046797760995,5711.341676485467,0.0,0.0,0,0,0,2,33,35,415546077.69782823,509676232.3361398,0.011728872630041109,101786287.3037014,462611155.016984,252082881.3933834,138783346.50509518,611492702.0283154,359409820.63493204,472709355.52322024
2019-08-29,611492702.0283154,1041932.6843155741,-10963482.001539867,-10419714.633553477,14107.978398466017,25097.614365935697,5101.014555735614,0.0,0.0,0,0,0,2,33,35,426185904.32720995,510647874.43245405,0.01191703473033776,90909170.30023867,468416889.379832,255517739.9062765,140525066.8139496,601587243.3616143,346069503.4553379,461062176.54766476
2019-08-30,601587243.3616143,-4078690.9199340832,2294757.031176394,931801.3964250764,40053.12638569124,35488.36247714401,-63.20165650352591,825064.605221589,0.0,0,0,0,1,33,34,599803309.4728565,599803309.4728565,0.024039756485373924,-865117.7316071987,599803309.4728565,329891820.2100711,179940992.84185696,598973616.9020699,269081796.69199884,419032624.06021297
2019-09-03,598973616.9020699,-7677679.700579208,6491740.999322478,7010003.72610585,32309.64314559192,35070.97183256547,318.51779856181406,0.0,0.0,0,0,0,1,33,34,592748819.7053319,592106777.0560788,0.01962293495277703,5648591.501588821,592427798.3807054,325851340.17561924,177728339.5142116,597790758.0472988,271939417.87167954,420062418.5330872
2019-09-04,597790758.0472988,7354673.36595876,-12914078.955507195,-11972805.339927733,51926.89210641508,35830.04696885948,-531.9916670176559,0.0,0.0,0,0,0,1,33,34,605578258.628611,599461440.7795738,0.030869141835843036,-7282015.213929892,602519849.7040924,331538837.7834767,180755954.9112277,592214723.6209457,260675885.83746898,411458768.709718
2019-09-05,592214723.6209457,-2380707.384740833,-25086328.12259174,-23639298.656928547,54304.832454356,37314.321469816015,-2366.0759528947715,0.0,0.0,0,0,0,1,33,34,630664588.2222425,597080734.7276272,0.030998632313693427,-32387351.446468353,613872661.4749348,338469560.14857954,184161798.44248044,564728331.5266757,226258771.37809616,380566533.08419526
2019-09-06,564728331.5266757,-3730484.4320317092,980317.0489487735,360487.28991211636,41868.46091279526,37081.40632999377,-2286.2379566347995,0.0,0.0,0,0,0,1,33,34,629684258.4338565,593350252.3387306,0.023936831398794704,-31413956.656050682,611517255.3862935,337242840.61483955,183455176.61588806,561971090.8510532,224728250.23621368,378515914.2351652
2019-09-09,561971090.8510532,-18138207.343222838,-27204206.851311706,-26226784.04899404,33176.89555538103,38865.900884834904,-4282.264009543682,0.0,0.0,0,0,0,1,33,34,656888465.6591815,575212041.3364662,0.018182207519737457,-58616541.57550287,616050253.4978238,340869550.03187096,184815076.04934713,516630083.3978386,175760533.36596763,331815007.34849143
2019-09-10,516630083.3978386,-7133510.001368286,-23531412.314989764,-22662012.88138744,38385.58742638003,40258.17605088815,-6001.64182711241,0.0,0.0,0,0,0,1,33,34,680419876.9164194,568078526.7396994,0.020309241311588355,-82151751.24564517,624249201.8280594,346145594.7598506,187274760.54841784,485961032.028278,139815437.26842737,298686271.4798602
2019-09-11,485961032.028278,6352521.910096465,-14234296.562075533,-14879435.209218478,44530.53518330281,41100.371176482615,-7042.286666252347,0.0,0.0,0,0,0,1,33,34,694654160.7292836,574431046.2270793,0.023077660182959033,-96396319.38596368,634542603.4781814,352004009.7755549,190362781.0434544,478068784.9256258,126064775.1500709,287706003.8821714
2019-09-12,478068784.9256258,3147492.367437154,11834855.03626592,11575419.895785527,55174.56008736424,40366.45291515634,-6179.228232559984,0.0,0.0,0,0,0,1,33,34,682249908.4251776,577578549.545728,0.02911373293885827,-84582591.77648646,629914228.9854528,349069609.91398525,188974268.69563583,493030144.9939241,143960535.07993883,304055876.2982882
2019-09-13,493030144.9939241,-6188165.301512217,-984843.1775738666,-2758419.8745347364,57086.6521009422,40614.510249588304,-6274.846754520432,0.0,0.0,0,0,0,1,33,34,683234751.8622332,571366141.9698339,0.030079258556922932,-85566092.10709679,627300446.9160335,347811961.0511284,188190134.07481006,485834389.5262321,138022428.47510374,297644255.4514221
2019-09-16,485834389.5262321,2929312.411423169,-18838513.3669963,-21978173.621155802,58867.08235436046,43879.57810833339,-7977.225457398628,0.0,0.0,0,0,0,1,33,34,702073249.7333343,574295454.7487957,0.03018509771682527,-104429133.26049113,638184352.241065,354195838.6071992,191455305.6723195,469902223.84095556,115706385.23375636,278446918.1686361
2019-09-17,469902223.84095556,10496725.489516243,18915296.87116782,20782054.737435468,58198.20411368982,43646.201553418854,-6652.8118370268,0.0,0.0,0,0,0,1,33,34,683157937.3578603,584792200.1878705,0.030668389160431193,-85536152.19034457,633975068.7728654,351145431.25432575,190192520.63185963,499293041.3872423,148147610.13291657,309100520.75538266
2019-09-18,499293041.3872423,-4884282.240628454,5494178.875689107,5362135.929101983,56906.62667016823,42353.98662043688,-6115.838959957427,0.0,0.0,0,0,0,1,33,34,677663785.9269902,579907923.2350755,0.03023089919618003,-80061891.83944267,628785854.5810328,348276116.5868659,188635756.3743098,499882269.5432933,151606152.9564274,311246513.16898346
2019-09-19,499882269.5432933,3725165.35443643,5487581.172243913,5296631.176244772,58126.130140059446,35475.96583173024,-4973.079623139775,0.0,0.0,0,0,0,1,33,34,672176194.7064677,583633084.2869302,0.03113083595523538,-74596194.34709662,627904639.496699,347561129.48367286,188371391.8490097,509067392.8260422,161506263.34236932,320696000.9770325
2019-09-20,509067392.8260422,1468255.939632003,7847451.192159277,8207640.708810401,56468.432604747824,35061.79424911171,-4440.761896478598,0.0,0.0,0,0,0,1,33,34,664328733.1410639,584938059.9724077,0.030600265687127252,-66611428.44717896,624633396.5567358,345533134.9354211,187390018.96702072,518357252.55758137,172824117.62216026,330967233.5905607
2019-09-23,518357252.55758137,1725331.0576075404,416519.52506174636,1024816.405207705,65616.8569608448,35039.81225484651,-4415.328327064984,0.0,0.0,0,0,0,1,33,34,663912232.1970918,586663411.1892645,0.035580107370113315,-66229924.905974746,625287821.6931782,345839522.45644367,187586346.50795344,520464110.7672176,174624588.3107739,332877764.2592641
2019-09-24,520464110.7672176,-8617902.327212952,21904048.033695865,21259811.32682246,62929.338068639896,33883.76483796011,-2957.21053225801,0.0,0.0,0,0,0,1,33,34,642008175.8771389,578045485.119502,0.035287029910107834,-44358157.98387015,610026830.4983203,337113824.04301715,183008049.1494961,533718253.6899375,196604429.64692032,350710204.5404414
2019-09-25,533718253.6899375,-795151.9850560873,-7001214.772702896,-6647546.760464975,61016.45306412388,34253.27266082255,-3425.9635489330653,0.0,0.0,0,0,0,1,33,34,649009376.7313746,577250323.7131103,0.03384530931388423,-51389453.233995974,613129850.2222425,339015393.94768995,183938955.06667274,525891697.78822625,186876303.8405363,341952742.7215535
2019-09-26,525891697.78822625,-4918413.797920793,11097561.910681562,11775859.177918274,58331.028443104384,32781.58052264028,-2629.7422233432585,0.0,0.0,0,0,0,1,33,34,637911837.1973243,572297927.6556747,0.032918608834377125,-40285412.783130765,605104882.4264995,334448033.07311594,181531464.72794983,532042666.7108432,197594633.63772726,350511201.98289335
2019-09-27,532042666.7108432,-11049005.780192565,-305444.9456540395,619584.6359585251,57891.25134820287,32442.71084394843,-2628.925503546324,0.0,0.0,0,0,0,1,33,34,638217262.5039035,561248916.2047504,0.032654789692758535,-40618591.471102,599733089.354327,331777407.8023586,179919926.80629808,520660138.51898885,188882730.71663022,340740211.7126908
2019-09-30,520660138.51898885,-744493.3462408546,2044579.629501163,3816536.747996607,47351.798484185776,27547.900753452053,-54.09132213281393,764018.0335076314,0.0,0,0,0,0,35,35,521960224.8022495,521960224.8022495,0.03265890128077325,-811369.831992209,521960224.8022495,287078123.6412372,156588067.44067484,521176348.7796886,234098225.1384514,364588281.33901376
2019-10-01,521176348.7796886,-1495596.7394553921,13882119.795415616,13882119.795415616,46283.46968395932,26532.96787770126,645.3468425396225,0.0,0.0,0,0,0,0,35,35,508078108.29640716,520464629.752804,0.03279426689351651,13051958.613160908,514271369.0246056,282539589.9271231,154281410.70738167,533543766.6806851,251004176.75356197,379262355.97330344
2019-10-02,533543766.6806851,-3075454.6401168737,9350063.439756991,9350063.439756991,46570.88791967814,25629.079313583767,1088.044860268724,0.0,0.0,0,0,0,0,35,35,498728029.88595426,517389167.4668775,0.033616557815926144,22382637.125528038,508058598.6764159,278965700.83250564,152417579.60292476,539798521.7165794,260832820.8840738,387380942.1136547
2019-10-03,539798521.7165794,8419467.118322385,-4394397.389131928,-4394397.389131928,63040.399696735076,25575.39053429789,862.6887993565856,0.0,0.0,0,0,0,0,35,35,503122436.7402863,525808645.3947223,0.045107397789416505,17951905.651350915,514465541.0675043,282388892.37076646,154339662.3202513,543786989.1254069,261398096.7546404,389447326.8051556
2019-10-04,543786989.1254069,8513957.635841237,-1761045.093335038,-1761045.093335038,59742.33788847047,25524.664520393617,771.9726737201545,0.0,0.0,0,0,0,0,35,35,504883474.0297638,534322591.740533,0.04259842665910169,16157567.589491606,519603032.8851484,285045690.1440624,155880909.86554453,550506455.9672188,265460765.82315636,394625546.1016742
2019-10-07,550506455.9672188,-1881344.65194094,6595797.365448085,6595797.365448085,58872.29581779091,25191.209959861088,1085.5483784752155,0.0,0.0,0,0,0,0,35,35,498287669.5357138,532441256.37031066,0.042533716546011555,22720780.014597535,515364462.9530122,282596614.9532918,154609338.88590366,555188313.1432465,272591698.18995476,400578974.2573429
2019-10-08,555188313.1432465,-5052393.668217901,12778010.196661582,12778010.196661582,56847.958718093076,24534.856245399646,1694.5930094398545,0.0,0.0,0,0,0,0,35,35,485304848.8101028,527388855.93399847,0.04216991688562637,35468225.7789737,506346852.37205064,277438668.62653047,151904055.71161518,562883311.162227,285444642.53569657,410979255.4506118
2019-10-09,562883311.162227,2940340.929644547,-1036694.4475170238,-1036694.4475170238,56372.66819751056,24587.26649554086,1643.6214709815715,0.0,0.0,0,0,0,0,35,35,486341535.0766324,530329205.3509614,0.041728207622460343,34401379.62519568,508335370.21379685,278484761.86073005,152500611.06413904,564756815.8641236,286272054.00339353,412256204.7999846
2019-10-10,564756815.8641236,-615794.0722597821,4711294.126525571,4711294.126525571,41235.71518561177,24349.08515882496,1867.9997506236903,0.0,0.0,0,0,0,0,35,35,481630255.8888454,529713411.0041032,0.03082210323233152,39097669.199100494,505671833.4464743,276917429.5176794,151701550.03394228,568837297.2881131,291919867.7704337,417135747.25417084
2019-10-11,568837297.2881131,-301951.1245050075,-13143639.048380086,-13143639.048380086,30000.164567962427,25013.567993884193,1239.844751741583,0.0,0.0,0,0,0,0,35,35,494773872.4065005,529411467.96072,0.021828273170401504,25950238.989940107,512092670.18361026,280785028.7121301,153627801.05508307,555387960.3634057,274602931.6512756,401760159.30832267
2019-10-14,555387960.3634057,-369572.38038924854,3392730.6727136644,3392730.6727136644,18278.475153674866,24105.681193569904,1401.627525698322,0.0,14565.48152079672,1,0,0,1,34,35,476815671.9607233,529041884.6263001,0.013800408506423811,29336390.072755575,502928778.2935117,275305172.744792,150878633.4880535,558403782.007775,283098609.26298296,407525148.51972145
2019-10-15,558403782.007775,-1425010.750350255,-6599781.0164478915,-6672974.320770848,18685.158387295476,25513.593494232937,1137.171480674666,0.0,0.0,0,0,1,1,34,35,483415455.680203,527616875.4690962,0.013914857169722562,22743429.613493323,505516165.5746496,276928855.57133496,151654849.67239487,550386955.8475645,273458100.2762295,398732106.1751696
2019-10-16,550386955.8475645,-2854710.3727624225,1814205.9837806108,1558028.5461172475,25811.192121164233,26203.96103235785,1227.1787273943899,0.0,14894.852262783039,0,1,0,0,35,35,496496103.77099085,524762170.86631095,0.0187152106392059,24543574.547887802,510629137.3186509,280139373.847875,153188741.19559526,549333176.5539585,269193802.70608354,396144435.3583633
2019-10-17,549333176.5539585,5270139.067004589,-3898012.8077066336,-3898012.8077066327,28653.5680571006,25714.697669181027,1007.8863652042251,0.0,0.0,0,0,0,0,35,35,500394116.8056848,529942986.87528396,0.020614320101133198,20733662.369915485,515168551.8404844,282603981.7605264,154550565.5521453,550703371.8292339,268099390.06870747,396152806.2770886
2019-10-18,550703371.8292339,-3749371.106086609,6406869.419974365,6406869.419974364,23508.34501906763,25385.456501450502,1319.4881619861449,0.0,0.0,0,0,0,0,35,35,493987261.64984757,526193605.32295895,0.01713202923208811,27143756.47514355,510090433.4864032,279744579.82569396,153027130.04592097,553364066.7427659,273619486.91707194,400336936.69684494
2019-10-21,553364066.7427659,3678586.845372265,-10989830.842927355,-10989830.842927357,27525.556251628863,25942.530815225145,786.1635563300914,0.0,0.0,0,0,0,0,35,35,504827626.6746514,529852789.7444544,0.019628878704319837,16172507.444504738,517340208.2095529,283911485.438509,155202062.46286586,546052025.8833307,262140540.44482172,390849963.4204649
2019-10-22,546052025.8833307,-9395843.562681885,-8298327.224724008,-8298327.224724007,28455.312356850387,26368.97353828505,382.68838486972044,0.0,0.0,0,0,0,0,35,35,513125971.55581707,520456953.00910515,0.01996373798310426,7872446.774462819,516791462.2824611,284052029.7190214,155037438.68473834,528356151.44549114,244304121.72646976,373318712.7607528
2019-10-23,528356151.44549114,1277302.7204803724,-3545736.2953146542,-3545736.2953146542,29082.386462584494,26551.184199428124,210.21353036821924,0.0,0.0,0,0,0,0,35,35,516671692.52941203,521734242.8594766,0.020263659259665022,4324392.624717653,519202967.6944443,285435068.4736928,155760890.30833328,526085396.8819241,240650328.40823132,370324506.5735908
2019-10-24,526085396.8819241,11956035.691350132,7004453.847288078,7004453.847288078,26690.428049394315,26191.233555746327,550.7110957753092,0.0,0.0,0,0,0,0,35,35,509667247.5712798,533690282.0222779,0.01885260264136974,11328913.97023493,521678764.79677886,286322744.7769534,156503629.43903366,545045937.9371643,258723193.1602109,388542308.4981307
2019-10-25,545045937.9371643,724401.472743445,-3580429.843406896,-3580429.843406896,27134.446447890656,26090.0894628115,372.33891442935686,0.0,0.0,0,0,0,0,35,35,513247661.5635049,534414682.103026,0.01903252845124161,7748093.01702708,523831171.8332654,287577968.99480796,157149351.54997963,542189237.5484303,254611268.55362236,385039885.9984507
2019-10-28,542189237.5484303,-498652.7362758914,1424082.657268471,1424082.657268471,29518.655131966225,26017.698371817158,440.6272597041004,0.0,0.0,0,0,0,0,35,35,511823574.5275506,533916026.64703804,0.02076245873847654,9169122.167252958,522869800.58729434,287026079.02002466,156860940.1761883,543111607.1399225,256085528.11989784,386250666.9637342
2019-10-29,543111607.1399225,1114498.3384617723,-1262028.1419876793,-1262028.14198768,29036.564732369552,25939.328794509507,377.6600061361546,0.0,0.0,0,0,0,0,35,35,513085624.50678146,535030529.01532614,0.020373136186969665,7904511.7563381195,524058076.7610538,287683319.60586596,157217423.02831614,542961357.7604649,255278038.15459895,385743934.73214877
2019-10-30,542961357.7604649,3369435.2388184518,7278835.388850007,7278835.388850008,30317.093484621575,25571.343262311137,725.2355592451153,0.0,0.0,0,0,0,0,35,35,505806789.80395657,538399962.3802161,0.02157771282329748,15179348.914432645,522103376.0920863,286342027.536241,156631012.8276259,553605607.8734703,267263580.3372293,396974595.04584444
2019-10-31,553605607.8734703,-77906.05690021702,513943.05619225465,513943.0561922541,28651.075054582452,24316.27219163789,-44.05607013569303,733857.831140085,0.0,0,0,0,1,33,34,554041644.872762,554041644.8727624,0.018616627676099017,-762508.9061946869,554041644.8727622,304722904.6800192,166212493.46182865,553303408.1826893,248580503.5026701,387090914.72086066
2019-11-01,553303408.1826893,5907374.364295972,-20676327.832552195,-19457817.221582912,26431.296199558506,25064.090739205752,-1224.0591972857062,0.0,0.0,0,0,0,1,33,34,574718004.2110872,559796009.4579849,0.01655640951235315,-21287986.03975141,567257006.8345361,312364403.6278224,170177102.05036083,538531863.4497755,226167459.82195306,368354761.39941466
2019-11-04,538531863.4497755,-5205066.892313445,-18655272.97319957,-17755157.362861276,27531.79804825953,25712.84167128842,-2285.853044448217,0.0,0.0,0,0,0,1,33,34,593373269.3374251,554590938.1940471,0.01670356217502145,-39946946.40783292,573982103.7657361,316659715.3497393,172194631.12972084,514667418.774841,198007703.4251017,342472787.64512014
2019-11-05,514667418.774841,-3908381.9996685376,-5047540.17052902,-4695623.175401474,29269.180234244082,25931.568437114325,-2575.019862062729,0.0,0.0,0,0,0,1,33,34,598420810.0872537,550682574.5284181,0.017607851710222985,-45000347.10400885,574551692.3078358,317196886.6582806,172365507.69235075,505705583.97298425,188508697.31470364,333340076.2806335
2019-11-06,505705583.97298425,-4152585.8399289334,14078047.150899854,14385347.76525661,27566.41482375003,25159.201929959014,-1753.9455365371064,0.0,0.0,0,0,0,1,33,34,584342754.5022739,546404473.6571001,0.016983027957628925,-30800994.787968695,565373614.079687,311903944.7649572,169612084.2239061,515626884.1255248,203722939.36056763,346014799.9016187
2019-11-07,515626884.1255248,-4666557.265470608,-13020098.487936553,-12322715.216617132,27896.10971400301,25697.842359288312,-2495.6228478758776,0.0,0.0,0,0,0,1,33,34,596853112.8608898,541737904.225102,0.01682591458542286,-43825571.96269834,569295508.5429959,314490409.91454244,170788652.56289878,497935534.481915,183445124.56737256,327146881.91901624
2019-11-08,497935534.481915,5990187.303384114,-10288844.022582203,-9838259.783256417,29320.120727453104,26140.83313172739,-3081.8635413132174,0.0,0.0,0,0,0,1,33,34,607141930.8014103,547728088.1235874,0.017385133403569234,-54120530.48159796,577435009.4624989,319074601.2713199,173230502.83874968,493630616.61157984,174556015.3402599,320400113.7728301
2019-11-11,493630616.61157984,3791398.555873909,9178603.836818181,10073919.264632748,28062.923777550015,24949.690893827737,-2560.5315993744452,0.0,18486.65818105322,1,0,0,2,32,34,579476691.7276119,551519502.3869377,0.017434096494543465,-44965432.964624405,565498097.0572748,311722883.115018,169649429.11718243,506576458.58160776,194853575.46658975,336927029.4644253
2019-11-12,506576458.58160776,4070454.3978649317,-6606872.633360672,-6781858.789527819,28925.98074049733,26028.438652078043,-2933.60786564356,0.0,18447.901197800835,0,1,0,1,33,34,604531478.3708448,555509682.6413289,0.017225493525402587,-51517016.1771552,580020580.5060868,320236864.1715857,174006174.15182605,504015761.29496014,183778897.12337446,330009587.1431341
2019-11-13,504015761.29496014,3620208.035920877,8216416.586590931,8807096.484776502,28033.48800769005,25674.67588896037,-2466.009549751453,0.0,0.0,0,0,0,1,33,34,596315052.904886,559129885.9860752,0.016924033082187064,-43305533.55661088,577722469.4454806,318676987.3679846,173316740.83364418,515847561.0958035,197170573.7278189,342530820.26215935
2019-11-14,515847561.0958035,1079217.7705959475,8441459.958841218,8396641.656046107,34970.30593973265,25302.80725862063,-1985.9848587305898,0.0,0.0,0,0,0,1,33,34,587678104.0711888,560209100.1848137,0.021422118760406866,-34875831.6655128,573943602.1280012,316355706.26756006,172183080.63840035,525356585.34170085,209000879.0741408,353173504.7033005
2019-11-15,525356585.34170085,5337856.642479362,-10338833.08514602,-9646324.971048461,30740.95415059428,25747.95180117895,-2570.4252921316806,0.0,0.0,0,0,0,1,33,34,598016945.0596402,565464043.8067082,0.018505735641170255,-45139175.86182463,581740494.4331741,320771094.4695691,174522148.32995224,520348045.47139263,199576951.00182354,345825897.1414404
2019-11-18,520348045.47139263,4064852.976186714,9675991.045605337,9465388.663594808,34209.60915664451,25331.346678986345,-2020.0600520048,0.0,0.0,0,0,0,1,33,34,588340955.1248441,569528905.187527,0.020932520826769108,-35474225.303498924,578934930.1561855,318884512.83433497,173680479.04685566,534077991.170655,215193478.33632004,360397512.1237993
2019-11-19,534077991.170655,4084520.871323549,11415114.475438794,11153361.404315513,32310.20520198678,24839.86199139291,-1370.5448040273502,0.0,0.0,0,0,0,1,33,34,576925826.8968675,573613420.1878176,0.020161471943939416,-24068103.875602245,575269623.5423425,316481103.1160146,172580887.06270275,549568785.6294026,233087682.51338804,376987898.56669986
2019-11-20,549568785.6294026,-6178936.418044288,855402.6178611594,53395.02318591892,31711.86994119678,24803.03289461103,-1315.208732000036,0.0,0.0,0,0,0,1,33,34,576070441.423224,567309888.4236691,0.019817495149770405,-23096348.464390874,571690164.9234465,314648604.5328845,171507049.47703394,544237027.7834408,229588423.25055635,372729978.30640686
2019-11-21,544237027.7834408,-7692832.132523619,-5760309.849167373,-4980507.41342971,28447.425335790213,25037.030026834334,-1643.508314114849,0.0,0.0,0,0,0,1,33,34,581505213.5264748,559617047.7950163,0.01761131780535312,-28861609.41860223,570561130.6607456,314355826.0066965,171168339.19822368,530778831.8981268,216423005.89143026,359610492.69990313
2019-11-22,530778831.8981268,1879838.7882932124,-5384572.389078548,-5448159.382686293,32344.98132569607,25268.865711528742,-1950.6394922310276,0.0,0.0,0,0,0,1,33,34,586889784.2677643,561496885.8625119,0.019840511096608223,-34255132.54649609,574193335.0651381,316441156.74595726,172258000.5195414,527265071.5422351,210823914.79627782,355007071.02269363
2019-11-25,527265071.5422351,10971255.157232773,-10244229.799943995,-10127893.780250454,30993.15080734709,25709.936895493247,-2534.4285402348164,0.0,0.0,0,0,0,1,33,34,597134018.2179077,572468141.5284499,0.01868514261495871,-44507037.77973336,584801079.8731787,322257240.84748477,175440323.9619536,527984279.2570718,205727038.40958703,352543955.2951182
2019-11-26,527984279.2570718,3543782.354563595,9386274.502569012,9350661.213660408,30756.559905714144,25305.805583571135,-2000.3643686727146,0.0,0.0,0,0,0,1,33,34,587747742.5861683,576011929.4431853,0.018838628826266912,-35128349.88888669,581879836.0146768,320327305.1366468,174563950.80440304,540906884.9955136,220579579.85886675,366342934.1911105
2019-11-27,540906884.9955136,3811171.5612688195,-10504100.796359744,-9825228.705695147,31578.7079537838,25758.065084789792,-2596.5818566600024,0.0,0.0,0,0,0,1,33,34,598251834.2273759,579780887.7060103,0.019002590903952732,-45598510.653541505,589016360.9666932,324420772.1947154,176704908.29000795,534205538.535697,209784766.3409816,357500630.24568903
2019-11-29,534205538.535697,-1337083.6902770067,5133563.3457749635,4797612.213748692,23100.772474114467,23313.420788285104,-46.07411224678523,782077.8881495226,0.0,0,0,0,0,35,35,538002018.1911947,538002018.1911947,0.015457707981544737,-805178.6606234312,538002018.1911947,295901110.00515705,161400605.4573584,537220106.8772472,241318996.87209016,375819501.41988885
2019-12-02,537220106.8772472,-8836132.57911253,8882102.754948802,8882102.754948802,24945.389975115384,22928.529687663413,327.4960945681703,0.0,0.0,0,0,0,0,35,35,529119915.86915565,529165885.49567413,0.01697222146002582,8075246.167434335,529142900.6824149,291027446.13466525,158742870.20472446,537264387.6888907,246236941.55422544,378521517.48416626
2019-12-03,537264387.6888907,3753761.986630029,4655490.611025518,4655490.611025518,24887.349892583283,22577.29782009347,512.7001281083326,0.0,0.0,0,0,0,0,35,35,524375949.36991286,532919646.3077571,0.017085920839991997,12729106.628896534,528647797.838835,290542696.3879131,158594339.3516505,545671842.9346018,255129146.54668868,387077503.5829513
2019-12-04,545671842.9346018,3725613.708504582,-7642361.775823952,-7642361.775823952,24709.682654591485,22895.60438558227,209.53379050187792,0.0,0.0,0,0,0,0,35,35,531768876.0522334,536528166.9376846,0.01672810530336335,5202218.246943176,534148521.494959,293662704.55009115,160244556.4484877,541753490.3228039,248090785.7727127,381508933.87431616
2019-12-05,541753490.3228039,-138757.16739997396,2823884.307140474,2823884.307140474,22852.864947680915,22772.560965072167,324.37733524822056,0.0,0.0,0,0,0,0,35,35,528911093.3823213,536362258.34315807,0.015554658399305404,8053506.254438579,532636675.8627397,292763892.6004859,159791002.7588219,544438861.535897,251674968.9354111,384647858.7770751
2019-12-06,544438861.535897,1278202.8324238672,-3575290.5889917607,-3575290.5889917607,23528.07287583441,22926.49662014922,180.35545290039562,0.0,0.0,0,0,0,0,35,35,532486373.11314315,537640455.1516849,0.015906709848330057,4477790.554768443,535063414.132414,294156025.72186416,160519024.2397242,542141352.5585264,247985326.83666223,381622328.31880224
2019-12-09,542141352.5585264,-2258067.780154192,-4319138.694903631,-4319138.694903631,22742.688657384322,23099.21670385447,6.404609264832734,0.0,0.0,0,0,0,0,35,35,536497936.34758765,535382392.40616703,0.015260763111964521,159010.98864412308,535940164.3768773,294794979.005818,160782049.31306317,535564509.01612425,240769530.01030624,374782459.7030611
2019-12-10,535564509.01612425,668367.6543034986,-2254406.2384049324,-2254406.2384049324,22717.806246557335,23196.281534902595,-115.4967415944886,0.0,0.0,0,0,0,0,35,35,538752345.32677,535983988.08792335,0.01518027776528784,-2028235.4621471167,537368166.7073467,295621700.6200118,161210450.012204,533978833.41056955,238357132.79055774,372768383.39836556
2019-12-11,533978833.41056955,9397964.642509326,-2553310.6642811093,-2553310.6642811093,23930.647202025397,23306.215389125493,-260.9422056637907,0.0,0.0,0,0,0,0,35,35,541305647.7474308,545381956.4508135,0.015915283774664873,-4582399.709217787,543343802.0991222,298737183.4369326,163003140.62973663,540822602.0147792,242085418.5778466,377819461.38504255
2019-12-12,540822602.0147792,1966909.3128021194,-16368735.006677968,-16368735.006677968,25363.171995168275,23994.237390009206,-1193.1826071802652,0.0,0.0,0,0,0,0,35,35,557285513.5744073,547348863.811586,0.01638431593115773,-20953450.662677824,552317188.6929967,304022870.0252187,165695156.607899,526418214.203691,222395344.17847228,360723057.595792
2019-12-13,526418214.203691,3217655.949712797,5853400.637613913,5853400.637613913,25941.974172446895,23742.21564322151,-860.0429482243646,0.0,0.0,0,0,0,0,35,35,551432105.2619189,550566522.053956,0.016936102582647047,-15103193.237110794,550999313.6579375,303071262.0920647,165299794.09738126,535486210.9895402,232414948.89747554,370186416.892159
2019-12-16,535486210.9895402,7182493.901871253,-4321775.301650639,-4321775.301650639,25630.37770081322,24082.668061951445,-1109.5517711339878,0.0,0.0,0,0,0,0,35,35,555753878.3527256,557711524.3386734,0.016602557951807245,-19390225.12661338,556732701.3456995,306154044.59048605,167019810.40370986,538344272.3283508,232190227.73786473,371324461.9246409
2019-12-17,538344272.3283508,1529312.7660098623,-2952992.184668886,-2952992.184668886,25620.017256835956,24055.43563481452,-1272.4728631329335,0.0,0.0,0,0,0,0,35,35,558706892.163434,559240837.8059889,0.016508130366437206,-22345864.913553953,558973864.9847114,307422277.1005274,167692159.49541342,536917755.8552066,229495478.7546792,369225596.3597932
2019-12-18,536917755.8552066,-665542.038857073,-2065987.4618280486,-2065987.4618280486,27055.8727403086,24144.38757611485,-1390.3623821427818,0.0,0.0,0,0,0,0,35,35,560772872.7355707,558575290.363313,0.01736908944791984,-24416119.881531775,559674081.5494418,307875684.41149944,167902224.46483254,534181924.5069752,226306240.09547573,366279700.0421426
2019-12-19,534181924.5069752,2899467.3535885545,-2179110.5914227935,-2179110.5914227935,26140.626676711625,24238.210018312286,-1514.6435205292587,0.0,0.0,0,0,0,0,35,35,562951974.618866,561474758.5639536,0.016716569135382175,-26598617.921489418,562213366.5914098,309254282.02664816,168664009.97742292,534898864.208962,225644582.18231386,366234854.23153913
2019-12-20,534898864.208962,2200713.800454252,-2618902.5255690217,-2618902.5255690217,27000.03809403939,24350.96881488854,-1664.0192267908424,0.0,0.0,0,0,0,0,35,35,565570888.6038629,563675476.5015924,0.017186198776688224,-29221801.05583918,564623182.5527277,310590135.7065569,169386954.7658183,534476362.39534134,223886226.68878442,365089407.62952304
2019-12-23,534476362.39534134,5094123.214348997,-10511187.781709151,-10511187.781709151,28393.41496593896,24803.533223070128,-2262.898206840904,0.0,0.0,0,0,0,0,35,35,576082061.9551772,568769604.6307092,0.017743356481273894,-39738700.217693925,572425833.2929432,315017019.74423045,171727749.98788297,529053445.04803145,214036425.303801,357325695.0601485
2019-12-24,529053445.04803145,8072375.3698156355,-2389234.963892506,-2389234.963892506,28595.61240566677,24906.40370964389,-2397.29676969841,0.0,0.0,0,0,0,0,35,35,578471311.9659227,576806859.9435698,0.017795904918870852,-42098870.10202086,577639085.9547462,317743108.5756693,173291725.78642386,534730498.9484889,216987390.3728196,361438773.162065
2019-12-26,534730498.9484889,4618125.0388665395,-5527701.096085137,-5527701.096085137,28314.207678851486,25144.40130800482,-2712.3980675611765,0.0,0.0,0,0,0,0,35,35,583998998.1214023,581424964.9919828,0.017453993580769104,-47632356.30839139,582711981.5566926,320555940.6844164,174813594.4670078,533815040.6868319,213259100.00241548,359001446.2198241
2019-12-27,533815040.6868319,-4474208.02991358,4658770.844237369,4658770.844237369,30296.843086783105,24939.943064925632,-2447.5554657540883,0.0,0.0,0,0,0,0,35,35,579250290.5402082,576950768.4957017,0.018829275857712886,-42981461.837632775,578100529.517955,318012779.28598785,173430158.85538647,533991799.04566807,215979019.7596802,360561640.1902816
2019-12-30,533991799.04566807,-3799334.017142629,-7495448.533877362,-7495448.533877362,27140.653420831273,25262.66432489671,-2874.644086371772,0.0,0.0,0,0,0,0,35,35,586745752.0621171,573151430.5287316,0.016652247071513297,-50481554.68750429,579948591.2954243,319311583.250818,173984577.3886273,522692263.8614658,203380680.6106478,348707686.4728385
2019-12-31,522692263.8614658,2399309.572316252,-27046104.33327471,-27046104.33327471,24680.139658976692,21443.624364049636,-41.34955397091839,701458.3690985576,0.0,0,0,0,1,35,36,498045469.1005077,498045469.10050744,0.017839436012294305,-726138.5087575912,498045469.10050756,273925008.0052792,149413640.73015225,497340732.8665599,223415724.86128074,347927092.1364077
2020-01-02,497340732.8665599,9528106.483078225,3674996.723682743,4072531.956295651,23431.13922288309,20680.953822219275,118.13186573996063,0.0,13907.928085786609,1,0,0,2,34,36,480331830.709609,507573567.9255718,0.017561214104375125,2932929.080440402,493952699.31759036,270992941.1942756,148185809.7952771,510527296.09170014,239534354.89742452,362341486.2964231
2020-01-03,510527296.09170014,-5283804.145351417,3963161.0693355645,3706152.0431769635,23689.80601371769,21114.67539989869,277.0770833228386,0.0,14036.705069763479,0,1,0,1,35,36,490405364.1266793,502289771.3324476,0.017390368843386815,6879155.1721532345,496347567.7295635,272694052.0711157,148904270.31886902,509190318.2570841,236496266.1859684,360286047.938215
2020-01-06,509190318.2570841,1730982.0697798287,-2055447.988007478,-2234582.460513613,23775.01621252103,21203.17412930546,194.19224155412363,0.0,0.0,0,0,0,1,35,36,492460818.4870945,504020752.7047484,0.017380074749503895,4821324.617895484,498240785.59592146,273743433.72231543,149472235.67877644,508863474.68901473,235120040.9666993,359391239.0102383
2020-01-07,508863474.68901473,3653152.931178582,712519.6894018321,662858.7100654177,23767.580561038318,21164.078324825197,222.79539284185452,0.0,0.0,0,0,0,1,35,36,491552786.89916587,507673907.9067536,0.01740673480044573,5531471.822280526,499613347.4029597,274384313.04643816,149884004.2208879,513226766.6027518,238842453.55631363,363342762.3818639
2020-01-08,513226766.6027518,475956.44493034,-376115.4454045647,-151157.2533130784,23079.620350229383,21180.272587957865,207.5785024723758,0.0,0.0,0,0,0,1,35,36,491928911.7203117,508149854.81709594,0.016889967489462178,5153673.1648314,500039383.2687038,274616137.2203675,150011814.98061115,513324915.83301777,238708778.61265028,363313100.8524066
2020-01-09,513324915.83301777,5151142.193700329,554973.5204405135,1416605.6869440847,22413.01274970085,21156.37801383449,229.89006687920445,0.0,0.0,0,0,0,1,35,36,491373940.9664784,513301003.08085626,0.016420660350897103,5707615.453552663,502337472.02366734,275737433.0601576,150701241.6071002,519030004.80248964,243292571.74233204,368328763.19538945
2020-01-10,519030004.80248964,-815724.0411541035,293566.1834702995,228389.39303744677,22031.658704016387,21007.326775215777,240.02136642363308,0.0,0.0,0,0,0,1,35,36,491080366.1738753,512485281.125511,0.016150914758090038,6000534.160590827,501782823.64969313,275445430.13354033,150534847.09490794,518507062.6342434,243061632.5007031,367972215.5393355
2020-01-13,518507062.6342434,1032021.3218179136,-9527828.589076301,-9249589.976252118,22176.926883109823,21414.90648136273,-199.93234201221068,0.0,0.0,0,0,0,1,35,36,500608203.4604274,513517296.2403174,0.01594798811272504,-3528217.8002154827,507062749.85037243,278561785.0982076,152118824.9551117,510010293.41424125,231448508.31603366,357891468.4591296
2020-01-14,510010293.41424125,4263591.911020614,-11966074.966277933,-11693415.558181096,21290.18173041845,21926.788119852226,-878.0144461906061,0.0,0.0,0,0,0,1,35,36,512574267.7368053,517780892.75708777,0.014952887621128431,-15494372.579834223,515177580.2469466,283217503.5103135,154553274.07408395,502307568.9509272,219090065.4406137,347754294.8768432
2020-01-15,502307568.9509272,2791737.7944133193,-8287455.992584225,-8108844.855363595,21035.406047656077,22281.307364632048,-1347.635672228991,0.0,0.0,0,0,0,1,35,36,520861730.60178816,520572621.32722026,0.014538879960343531,-23781805.980511606,520717175.96450424,286401674.5123415,156215152.78935125,496811749.0184011,210410074.5060596,340596596.2290498
2020-01-16,496811749.0184011,4224033.092795769,575734.1755390286,475568.94057833886,19757.034328338228,22256.678088697223,-1314.9442492829075,0.0,0.0,0,0,0,1,35,36,520285981.2942208,524796657.76916474,0.013670428598727965,-23204898.51675719,522541319.53169274,287284958.8305574,156762395.85950783,501612700.98624694,214327742.15568954,344850305.12673914
2020-01-17,501612700.98624694,2803123.368974384,1270762.9953191224,1243605.586146513,19655.075790878145,22346.48886882688,-1248.953357556709,0.0,0.0,0,0,0,1,35,36,519015225.3404953,527599771.7245259,0.013633178641482245,-21932839.44977635,523307498.53251064,287604510.5332801,156992249.55975318,505688029.81026083,218083519.27698076,348695780.25050765
2020-01-21,505688029.81026083,-1996580.7084620204,3441596.2973767393,3582234.0686188494,19486.822701476638,22198.309330552416,-1052.8823691303369,0.0,0.0,0,0,0,1,35,36,515573636.0644433,525603200.18071413,0.013606700734509104,-18489641.60424006,520588418.12257874,286072890.8645115,156176525.43677363,507134704.0034355,221061813.138924,350958178.56666183
2020-01-22,507134704.0034355,1984745.2444243268,2605835.3757300195,2468282.845645886,20301.857973438175,22086.113492767276,-904.4465152454379,0.0,0.0,0,0,0,1,35,36,512967797.25136894,527587945.9601704,0.014247812259560389,-15882963.19455403,520277871.60576963,285787325.6654533,156083361.48173088,511726164.4325939,225938838.76714057,355642802.950863
2020-01-23,511726164.4325939,-1459690.0419408288,2732231.4047140144,2697064.730881935,24288.446057495115,21968.47582872479,-749.038473817802,0.0,0.0,0,0,0,1,35,36,510235567.6348983,526128263.7187929,0.01713686997797641,-13153846.369483352,518181915.6768456,284602736.22016776,155454574.70305368,512995636.7866645,228392900.56649673,357541062.0836108
2020-01-24,512995636.7866645,-3129798.8509405367,14599483.285235148,14392159.810737096,25472.71019843787,21339.88723547665,58.055533528318826,0.0,0.0,0,0,0,1,35,36,495636090.63042545,522998469.7472989,0.018501831978727793,1441378.763461709,509317280.1888622,279440444.62595236,152795184.05665866,524461246.4535296,245020801.82757723,371666062.396871
2020-01-27,524461246.4535296,-12922162.092682596,16527281.581172613,16288134.58952034,22536.215400411736,20628.295977516707,723.6924031600615,0.0,0.0,0,0,0,1,35,36,479108809.80038804,510076294.1998867,0.016933601257568983,17967535.526732564,494592552.0001373,271251716.4900881,148377765.60004118,528065181.7149999,256813465.2249118,379687416.11495876
2020-01-28,528065181.7149999,12502050.98718487,-11401878.483106533,-11193771.09138735,24599.369917781736,21119.209727673307,264.319033831272,0.0,0.0,0,0,0,1,35,36,490510677.5459607,522578351.2505909,0.01805419040969121,6562403.598569512,506544514.39827585,277797791.0764359,151963354.31948274,529162138.37792194,251364347.30148602,377198784.0584392
2020-01-29,529162138.37792194,-307557.9609581416,4814278.170028133,4742998.125673867,38771.41549958169,20911.928292764842,457.5274608957845,0.0,0.0,0,0,0,1,35,36,485696399.05776405,522270784.69407976,0.02873751917232027,11359302.477412581,503983591.8759219,276276615.8908491,151195077.56277657,533651456.627246,257374840.7363969,382456379.06446946
2020-01-30,533651456.627246,-2242129.2337288824,2546789.2560085314,2554787.791583473,30292.492202630252,21473.316257015147,579.0483007016828,0.0,0.0,0,0,0,1,35,36,483149615.7828408,520028664.9404826,0.022571263303763967,13897159.216840386,501589140.3616617,274952050.96997285,150476742.10849848,533947876.52188075,258995825.5519079,383471134.4133823
2020-01-31,533947876.52188075,-10770486.278125418,11006046.2944333,11191798.873010261,34014.57840640354,23593.101780436675,-36.31627692417809,591528.947560191,0.0,0,0,0,1,36,37,534183436.5381888,534183436.53818876,0.02292330197593064,-625543.5259667039,534183436.5381888,293800890.09600383,160255030.96145663,533581449.79772556,239780559.70172173,373326418.8362689
2020-02-03,533581449.79772556,7454569.1070133895,5651851.300685189,5455192.387162774,21225.0147507152,23343.478708628347,208.12961633931496,0.0,0.0,0,0,0,1,36,37,528531593.40290594,541638010.1650256,0.01445704553073451,5028635.025647879,535084801.78396577,293968980.5621282,160525440.53518972,546690196.7989985,252721216.2368703,386164756.2638087
2020-02-04,546690196.7989985,15985089.317486016,-9219033.40127801,-9084693.666844707,21462.429396243453,23750.65281021764,-243.15459912024312,0.0,0.0,0,0,0,1,36,37,537750629.665305,557623099.170178,0.014368136746686069,-4188308.8843678236,547686864.4177415,300730963.69213605,164306059.32532245,553458297.7840214,252727334.09188533,389152238.4586989
2020-02-05,553458297.7840214,1061008.4483147608,-11023491.005525252,-11688045.17775702,23001.383505510228,24237.523856436037,-883.099776481242,0.0,0.0,0,0,0,1,36,37,548774125.051382,558684101.8592503,0.015089082527731017,-15211288.015944839,553729113.4553161,304303262.9802271,166118734.0365948,543496168.2673855,239192905.28715837,377377434.2307907
2020-02-06,543496168.2673855,1403485.288588635,7431989.616727729,7609361.463910647,22403.684188957788,23909.277578207006,-451.5764655905198,0.0,0.0,0,0,0,1,36,37,541342133.8461964,560087590.091986,0.014898759589838773,-7778350.603473067,550714861.9690912,302424537.67685544,165214458.59072736,552332697.1896255,249908159.51277006,387118238.5988982
2020-02-07,552332697.1896255,-11471846.03473018,17811555.893464483,17718540.504123956,21417.238478860258,22977.17583986298,419.8661663198643,0.0,0.0,0,0,0,1,36,37,523530588.7563716,548438029.0075058,0.014727326383554805,10212960.802375078,535984308.8819387,294168683.87878793,160795292.6645816,558674386.851887,264505702.97309905,397879094.1873054
2020-02-10,558674386.851887,14055117.478764603,-5228182.563720831,-5184819.615778551,21487.615665843914,23206.63393761003,218.57302328927224,0.0,0.0,0,0,0,1,36,37,528758747.94554496,562163193.0442287,0.014629623944302981,5316641.107036352,545460970.4948869,299168422.6447207,163638291.14846605,567503259.358226,268334836.71350527,403864968.2097599
2020-02-11,567503259.358226,5692655.025504142,-5821202.9206073,-5782072.719374473,21844.310856996843,23462.12076254782,-29.06131500858572,0.0,0.0,0,0,0,1,36,37,534579966.7415958,567855851.4504913,0.014710524893874536,-502984.29822552204,551217909.0960436,302337952.88510156,165365372.72881308,567376300.2117133,265038347.32661176,402010927.48290026
2020-02-12,567376300.2117133,2954493.317903923,-8883466.122864192,-8954071.583687944,22622.113510047715,23852.005342044293,-542.2809996432485,0.0,0.0,0,0,0,1,36,37,543463412.8567053,570810337.9793762,0.014985297392530251,-9385632.686133146,557136875.4180408,305741608.35185564,167141062.62541223,561448015.0175854,255706406.66572976,394306952.3921732
2020-02-13,561448015.0175854,6516044.094270272,3450302.5234167557,3600203.788985581,24252.647988505785,23697.24777626089,-342.98479497517377,0.0,0.0,0,0,0,1,36,37,539937291.1046784,577326384.2849311,0.016170309811346963,-5936275.297647238,558631837.6948047,306312783.4026363,167589551.3084414,571413463.2502651,265100679.84762883,403823911.9418237
2020-02-14,571413463.2502651,10751027.409315495,4394807.274552289,4333443.603936263,23899.773928996332,23504.36503245173,-82.78345904312611,0.0,0.0,0,0,0,1,36,37,535542494.41029257,587968188.7974888,0.016065800014455994,-1432790.637284875,561755341.6038907,307654795.52246,168526602.4811672,586558819.7417773,278904024.2193173,418032217.2606101
2020-02-18,586558819.7417773,3781756.3253708174,-2179700.8925443557,-1904653.9274165572,23734.167988469086,23749.397227827507,-201.6997302762011,0.0,0.0,0,0,0,1,36,37,537722201.3847737,591611394.733861,0.01588980416624995,-3474253.727245569,564666798.0593174,309219509.09889734,169400039.4177952,588160688.704113,278941179.60521567,418760649.2863178
2020-02-19,588160688.704113,25497518.613531314,-8120067.222988907,-7958018.08016537,24210.271470952197,24108.032786394604,-673.1539508346833,0.0,0.0,0,0,0,1,36,37,545842251.767425,617108926.1055044,0.01596742960318948,-11594996.282319903,581475588.9364647,318029907.05660355,174442676.6809394,605537364.70202,287507457.6454165,431094688.0210806
2020-02-20,605537364.70202,-12198231.525911905,1223982.3210034624,930864.0923649593,22170.43602952562,24023.06219031134,-597.8439889715014,0.0,0.0,0,0,0,1,36,37,543918389.2145964,604838736.2586772,0.014673813441303375,-10297791.197595239,574378562.7366369,314385200.8290482,172313568.82099107,594564370.2792834,280179169.4502352,422250801.45829237
2020-02-21,594564370.2792834,-8284804.747019747,3881503.836968182,3850892.6990547404,21629.99785569461,23093.644482064097,-371.4145087820769,0.0,13852.58773004492,1,0,0,2,35,37,526184304.65462494,596553914.820259,0.014798615540539801,-6428328.036612868,561369109.737442,306993770.10145223,168410732.9212326,590148309.0136194,283154538.9121672,421737576.09238684
2020-02-24,590148309.0136194,-27922442.11028846,22463178.580884654,22647114.914966237,22247.28428536178,22701.684260226826,658.6731059868615,0.0,13532.443012773718,0,1,0,1,36,37,517253565.42288965,568631487.5031831,0.015483745068402435,16021778.25373447,542942526.4630364,297333941.50266266,162882757.93891093,584676626.1142838,287342684.61162114,421793868.17537284
2020-02-25,584676626.1142838,-18272294.146027353,21713892.977339935,21812600.304475255,20958.791053932655,21748.685866023035,1551.45480918194,0.0,0.0,0,0,0,1,36,37,495539677.9600185,550359176.2014682,0.015226156683309063,37738089.95307422,522949427.0807434,286251697.4383726,156884828.124223,588120566.2952176,301868868.856845,431235738.17099464
2020-02-26,588120566.2952176,2532289.8052541986,10126042.851575915,10217096.44104433,22159.739353147223,21304.26508948565,1967.7945623218036,0.0,0.0,0,0,0,1,36,37,485413634.9503059,552891466.0751371,0.01643445011170669,47865273.13755739,519152550.51272154,283846957.00387603,155745765.15381646,600780011.2723464,316933054.26847035,445034246.1185299
2020-02-27,600780011.2723464,-31311156.855310258,5427959.6905636415,5652747.415029182,17838.10630577637,21066.03828704748,2191.5461659324683,0.0,0.0,0,0,0,1,36,37,479985682.4896894,521571096.28942317,0.013378978799471673,53307879.71187085,500778389.3895563,274388478.8192626,150233516.81686687,574902233.585747,300513754.7664844,424668716.7688801
2020-02-28,574902233.585747,6972146.594026505,-14224859.17750704,-13918076.911314461,15421.40128805177,24913.506755099457,-48.45176899849098,823166.9083013406,0.0,0,0,0,1,36,37,567649521.002266,567649521.0022664,0.009780162333082416,-838588.3095892668,567649521.0022662,312207236.5512464,170294856.30067983,566835797.7476633,254628561.19641685,396540941.44698346
2020-03-02,566835797.7476633,24804627.875399914,4266759.985213306,4429672.19617508,15662.142208898324,24882.738942391763,142.26906906412685,0.0,0.0,0,0,0,1,36,37,563382768.5069833,592454149.9853235,0.010008064694888708,3437373.4807440042,577918459.2461534,317128368.04842585,173375537.773846,595916548.474079,278788180.42565316,422541010.700233
2020-03-03,595916548.474079,-10383070.013810512,21905656.77147664,21709402.746452346,15235.709060890904,23908.32041354912,1049.3253830761464,0.0,0.0,0,0,0,1,36,37,541320462.193565,582071071.4752069,0.010132362703775743,25352828.047477365,561695766.8343859,307913906.5268712,168508730.05031577,607448857.1684809,299534950.64160967,438940127.11816514
2020-03-04,607448857.1684809,14676885.738058126,-12743588.905077089,-12042562.351277074,15524.400487291503,16771.082750994563,350.5195107854798,0.0,0.0,0,0,0,1,36,37,553907320.2163342,596620465.5724117,0.010089746012459603,12746164.028562903,575263892.8943729,315327312.45800316,172579167.86831188,609383751.2032363,294056438.7452332,436804583.33492446
2020-03-05,609383751.2032363,-6425527.415775077,22106532.601692557,22441722.033723697,14745.07097395494,16101.74634237025,958.5145872472127,0.0,0.0,0,0,0,1,36,37,531800796.6287422,590194935.4182812,0.009981605112806042,34855075.89989865,560997866.0235116,307088972.84319293,168299359.80705348,625067071.5791094,317978098.7359165,456767711.772056
2020-03-06,625067071.5791094,-18041777.895824008,26116628.93264021,25210919.33447519,14177.013176526065,15308.873330784227,1676.8012603361483,0.0,0.0,0,0,0,1,36,37,505614165.053424,572153154.3177983,0.010094109493570293,60974591.28495085,538883659.6856111,294722538.09547675,161665097.90568334,633144731.2773402,338422193.1818634,471479633.37165684
2020-03-09,633144731.2773402,-56052773.05017097,42386529.46205298,42083476.36812888,12854.849238100956,14019.9752549393,2842.5441605809,0.0,0.0,0,0,0,1,36,37,463045054.29157317,516100390.6370422,0.009994158630624988,103365242.20294183,489572722.46430767,267938613.94673252,146871816.7392923,619482495.3593996,351543881.41266704,472610678.6201073
2020-03-10,619482495.3593996,26070557.25159589,1819088.0140905555,2118689.0878010695,12967.883826365707,13964.897351416637,2892.676392975312,0.0,0.0,0,0,0,1,36,37,461225967.5697238,542170940.26943,0.01012180255611025,105188232.47182953,501698453.9195769,273910525.3382746,150509536.17587307,647376030.315004,373465504.9767294,496866494.13913095
2020-03-11,647376030.315004,-34019659.19236861,29935568.758152645,30364823.927297086,11994.232477868596,13058.515044819851,3716.038146824227,0.0,0.0,0,0,0,1,36,37,431290405.1500134,508151285.7637927,0.01001163865570071,135128659.88451737,469720845.45690304,256424942.9859522,140916253.6370709,643296720.2015017,386871777.2155495,502380466.56443083
2020-03-12,643296720.2015017,-62576262.121156186,57092395.408803284,57681156.16659288,10329.66029711608,11421.604627189168,5339.652773066382,0.0,0.0,0,0,0,1,36,37,373797969.6171,445575023.99846196,0.009948362509221268,192227499.83038974,409686496.807781,223533146.88474548,122905949.04233429,637819285.086252,414286138.2015065,514913336.04391766
2020-03-13,637819285.086252,26105434.761364188,-21432566.73244837,-21550847.074244175,11299.406347989325,12071.642455357389,4744.455818484448,0.0,0.0,0,0,0,1,36,37,395071934.90260535,471680444.24337965,0.010296318026940999,170800409.4654401,433376189.5729925,236441691.53162652,130012856.87189774,642497669.8070936,406055978.2754671,512484812.93519586
2020-03-16,642497669.8070936,-63179136.707358584,56346222.1229309,56814073.70237572,9269.053230508634,2274.7169117401972,947.1537690965621,0.0,11166.474111915904,1,0,0,2,35,37,327559235.2905884,408327415.1121486,0.010187040399037664,227316904.58317488,367943325.20136845,200349624.36521366,110382997.56041053,635647541.5660043,435297917.20079064,525264544.0055938
2020-03-17,635647541.5660043,30650249.116275117,-1784585.7603952894,-1249465.0231865041,9387.403740758698,2366.9982755234273,939.6443870880336,0.0,11503.922173866807,0,1,0,1,36,37,340847751.67537355,438977660.6948414,0.00991488231934053,225514652.90112805,389912706.18510747,211998740.6763224,116973811.85553224,664495620.2386321,452496879.5623097,547521808.3830998
2020-03-18,664495620.2386321,-34847124.898614004,38800878.644291855,38304748.557260096,8268.502675371841,2097.5476717474353,1101.294045412162,0.0,0.0,0,0,0,1,36,37,302046864.7316307,404130534.58271563,0.00985496394997721,264310570.89891887,353088699.65717316,191646693.0651681,105926609.89715195,668444304.3233516,476797611.2581835,562517694.4261997
2020-03-19,668444304.3233516,15017930.457315441,-26336815.419650916,-26248088.46797759,9108.802663309558,1824.353811762357,661.3513699863212,0.0,0.0,0,0,0,1,36,37,328383686.1172243,419029817.3632772,0.009985785218394997,238086493.19507563,373706751.7402507,203272560.1759866,112112025.5220752,657118796.2635345,453846236.08754796,545006770.7414594
2020-03-20,657118796.2635345,-9954843.002868043,2311354.857185937,2770077.6644344097,8724.79997336821,1358.6347154203556,333.87723072611413,0.0,0.0,0,0,0,1,36,37,326072331.70088536,409074977.19507694,0.009632611187918302,240391606.12280214,367573654.4479811,200090443.80903482,110272096.33439434,649468275.8298253,449377832.02079046,539196179.495431
2020-03-23,649468275.8298253,16186922.924981598,2783537.6968859667,3789880.730058943,8161.867805405623,1347.036632312807,337.7342770958703,0.0,0.0,0,0,0,1,36,37,323288791.75507367,425261895.0748608,0.009088692478309256,243168679.50902665,374275343.41496724,203302111.2952373,112282603.02449016,668432259.3547969,465130148.0595596,556149656.3303068
2020-03-24,668432259.3547969,50660278.07312442,-40201759.20336369,-40502458.9346253,9445.69260578197,1210.989602707571,112.79527548992438,0.0,0.0,0,0,0,1,36,37,363296880.81227136,475849836.6500879,0.00935997394329032,203031495.881864,419573358.7311796,227951523.4062034,125872007.61935388,678882656.3168302,450931132.91062677,553010648.6974763
2020-03-25,678882656.3168302,6339801.952663915,-9151141.244239142,-9323120.977061164,10137.860362443937,1034.577827997681,0.0,0.0,0.0,0,0,0,1,36,37,372448018.0791651,482189641.8039852,0.009799031148835584,193871537.36090738,427318829.94157517,232281815.87474582,128195648.98247254,676062213.7427206,443780397.86797476,547866564.7602481
2020-03-26,676062213.7427206,19585704.268221334,-11732569.952465393,-11517359.033388387,12799.72784472096,1067.1683239218269,0.0,0.0,0.0,0,0,0,1,36,37,384180596.6118577,501775339.8899328,0.011994103983223717,182127208.44069904,442977968.25089526,240698013.9560405,132893390.47526857,683903615.4989557,443205601.5429152,551010225.0236871
2020-03-27,683903615.4989557,-19609326.690930516,16509679.051133798,16224139.583842702,12143.321767053603,1021.3081024552471,0.0,0.0,0.0,0,0,0,1,36,37,367670916.88388896,482166015.1627385,0.01188996908754644,198625809.3746534,424918466.02331376,230842778.8558513,127475539.80699413,680792845.8454944,449950066.9896431,553317306.0385003
2020-03-30,680792845.8454944,8526968.876090528,-985423.2108038965,-363142.1147200537,11934.479979628339,921.6408580574537,-54.89707705883982,0.0,0.0,0,0,0,1,36,37,368656343.22298145,490692979.61897814,0.011654248927618535,197629477.41182327,429674661.4209798,233270147.87163895,128902398.42629394,688323323.7745824,455053175.90294343,559420925.3482884
2020-03-31,688323323.7745824,-11684342.482312253,-624399.8538439645,-43225.66182575558,10858.676557044251,1502.254625418726,-17.395673307851887,1068872.770137735,0.0,0,0,0,1,34,35,676014581.4384266,676014581.4384255,0.005782602428808682,-1079731.4466942549,676014581.438426,371808019.79113436,202804374.4315278,674936334.8506835,303128315.0595491,472131960.41915566
2020-04-01,674936334.8506835,-31842444.392942812,43271375.10284366,44219376.357363515,10168.233138288866,1054.5720559230815,-46.86995757290709,0.0,0.0,0,0,0,1,34,35,632743233.553849,644172135.5118296,0.005785228092008452,42182961.81561637,638457684.5328393,350866003.94411206,191537305.35985178,686356105.0295444,335490101.0854323,494818799.6696926
2020-04-02,686356105.0295444,10176112.738772355,-1209324.750947605,453534.5263775494,10110.083151501507,880.4896417353746,-56.89515937234163,0.0,0.0,0,0,0,1,34,35,633952542.0494696,654348268.1861317,0.00574117097594433,40964514.748085976,644150405.1178007,353772829.6613738,193245121.53534022,695313606.5287001,341540776.8673263,502068484.9933599
2020-04-03,695313606.5287001,-9323746.80008838,4614704.758864161,4747627.183223822,10068.758479400722,874.0803302754308,-63.291683425704804,0.0,0.0,0,0,0,1,34,35,629337837.7983102,645024483.662489,0.00575962993940612,45570012.06650746,637181160.7303996,350057472.2551153,191154348.21911988,690595306.5176433,340537834.26252806,499440958.2985234
2020-04-06,690595306.5176433,49827745.638583444,-64248944.75873741,-65908177.77309707,11289.837499993824,963.3149737487123,-285.532725453771,0.0,0.0,0,0,0,1,34,35,693586781.0990729,694852232.3169634,0.005859888929194024,-18689414.7569741,694219506.7080182,381789092.4089627,208265852.01240546,676163495.3422376,294374402.93327487,467897643.32983214
2020-04-07,676163495.3422376,-2150210.7390955165,-30694277.714668766,-33603458.051720515,12105.789278293598,1005.9459436372906,-754.6477884743643,0.0,0.0,0,0,0,1,34,35,724281079.4188492,692702029.0720625,0.006017117199420075,-49395127.97286749,708491554.2454559,390459831.09367037,212547466.27363676,643307152.3973502,252847321.30367982,430759686.12371343
2020-04-08,643307152.3973502,22166127.687140506,-43663491.07585284,-43091112.63942842,12832.4863919511,1066.5896699088555,-1421.9210976398106,0.0,0.0,0,0,0,1,34,35,767944562.334376,714868155.6404881,0.006015662233559647,-93071199.11824214,741406358.987432,409100407.61043483,222421907.6962296,621796601.1908183,212696193.58038348,399374693.49458873
2020-04-09,621796601.1908183,21078347.317331687,-17964540.715947725,-20615227.43067034,12962.141324167422,1091.5404190884424,-1696.5826584497845,0.0,0.0,0,0,0,1,34,35,785909101.7436786,735946492.3857731,0.005937545278896887,-111049046.73489499,760927797.0647259,419759353.61954683,228278339.11941776,624896840.6086388,205137486.98909193,396618501.489221
2020-04-13,624896840.6086388,5802097.666247413,19659666.206426654,20580653.933256578,12607.332849056691,1064.2353349375107,-1396.4286006724408,0.0,0.0,0,0,0,1,34,35,766249441.1550078,741748596.4652054,0.0059231884317188935,-91402599.31674159,753999018.8101066,415311981.4628037,226199705.64303198,650345664.9551982,235033683.49239445,424145959.3121662
2020-04-14,650345664.9551982,37909462.21123232,-15736784.89861872,-15578403.825475555,11157.068076072486,1086.0919936527036,-1637.0276190006236,0.0,0.0,0,0,0,1,34,35,781986235.4299465,779658083.8979584,0.00513633658165063,-107150898.69822264,780822159.6639525,429510391.60347354,234246647.89918575,672506634.2641104,242996242.6606369,438259986.36492467
2020-04-15,672506634.2641104,-6021065.255261238,33552295.680439357,34341113.81798437,10640.520510177781,1039.4915736926584,-1124.5936715144594,0.0,0.0,0,0,0,1,34,35,748433933.058714,773636991.7588158,0.005118136971701809,-73609767.59003735,761035462.4087648,417939427.85731816,228310638.72262946,700027139.0666806,282087711.2093624,471716500.3440511
2020-04-16,700027139.0666806,19088456.901858985,26215403.73635055,25572297.18705899,10385.993683480094,1003.0812832998034,-724.240367536692,0.0,0.0,0,0,0,1,34,35,722218523.9758584,792725437.7681538,0.005177044899748119,-47404824.05694711,757471980.8720062,414846916.63479596,227241594.26160184,745320892.5521225,330473975.9173265,518079298.29052067
2020-04-17,745320892.5521225,15585861.129719542,-49198085.95829817,-48944155.68975664,10970.415712026568,1071.4119552216123,-1476.0417091870188,0.0,0.0,0,0,0,1,34,35,771416607.7595608,808311336.4546186,0.0051196067294943665,-96613639.14678669,789863972.1070898,433502816.4415229,236959191.63212693,711697292.6780779,278194476.23655504,474738101.045951
2020-04-20,711697292.6780779,3803920.388628867,13389494.764056774,14886774.971513065,10732.955565429382,1052.8154462104944,-1271.649830004976,0.0,0.0,0,0,0,1,34,35,758027121.271556,812115236.4755238,0.0050972635346781805,-83235261.6003257,785071178.8735399,430436945.50034773,235521353.66206196,728879756.0408143,298442810.54046655,493358402.37875235
2020-04-21,728879756.0408143,-30481667.086744808,17882328.08065775,18139228.597241487,10567.84038573915,1027.499504747092,-998.6122764024224,0.0,0.0,0,0,0,1,34,35,739799643.4179063,781633561.8315909,0.005142503882929029,-65363712.63724947,760716602.6247486,417348283.4832696,228214980.78742456,716269878.0815698,298921594.5983002,488054897.2941452
2020-04-22,716269878.0815698,34246456.915399835,2989015.934674383,4346587.929934203,10474.41615392572,1023.3480988771132,-953.1069427526323,0.0,0.0,0,0,0,1,34,35,736810631.1915215,815880058.2229351,0.0051177190661803925,-62385181.707445025,776345344.7072283,425013203.91319025,232903603.41216847,753494946.7566462,328481742.8434559,520591343.34447765
2020-04-23,753494946.7566462,2746483.7281202385,-14377175.82390916,-14932795.763152169,10769.095182076542,834.653139350001,-1151.5954982441176,0.0,0.0,0,0,0,1,34,35,751187825.4150008,818626518.7819496,0.005160991877638245,-76773033.2162745,784907172.0984752,430012977.31998765,235472151.62954256,741853168.6233163,311840191.30332863,506381016.9937737
2020-04-24,741853168.6233163,15730922.307897445,-20270346.958501276,-19267563.79589874,10929.980939945248,1071.469660641486,-1482.7788067116655,0.0,0.0,0,0,0,1,34,35,771458155.6618699,834357426.7947179,0.005100462169596803,-97054612.80294538,802907791.2282939,440026803.3972404,240872337.36848816,737302402.6826265,297275599.2853861,496430065.3141383
2020-04-27,737302402.6826265,10935265.03275608,-36458253.820317075,-39123320.12015619,11467.370509953305,897.6848989468164,-2002.8714855625983,0.0,0.0,0,0,0,1,34,35,807916409.0521346,845292712.2287288,0.005109753109763606,-133524765.7041732,826604560.6404316,453698100.77282256,247981368.1921295,711766841.337969,258068740.5651464,463785473.14583945
2020-04-28,711766841.337969,-11558033.921026073,-24772388.524594005,-25706161.215173338,11956.188312584998,925.2097620388406,-2374.653375752083,0.0,0.0,0,0,0,1,34,35,832688785.8349565,833734687.7541752,0.005169071405488726,-158310225.05013883,833211736.7945659,458240307.68903077,249963521.03836977,675423013.2604226,217182705.57139182,425459492.2220528
2020-04-29,675423013.2604226,25923280.501332723,-67265987.39745036,-65622098.64297248,12795.477737448427,999.9497876817044,-3383.856420602852,0.0,0.0,0,0,0,1,34,35,899954808.9135339,859657938.9267576,0.005118448104124757,-225590428.0401901,879806373.9201458,484900927.40574956,263941912.17604372,634065126.9799346,149164199.574185,370123214.8038908
2020-04-30,634065126.9799346,-32230131.23221272,32102374.47006476,33290050.41846852,19877.515481820075,880.4685697469259,-21.269392161987557,1372300.8805756478,0.0,0,0,0,2,34,36,633937370.2177867,633937370.2177866,0.011288032398211271,-1392178.3960573673,633937370.2177866,348665553.6197826,190181211.06533596,632546051.0209068,283880497.4011242,442364839.9555708
2020-05-01,632546051.0209068,-16632240.132143747,41064510.02621489,40223904.22214344,18546.55403727759,823.4345247187376,-55.075904099076986,0.0,0.0,0,0,0,2,34,36,592872857.7974911,617305123.4096051,0.01126170538186541,39654650.95133543,605088990.603548,332188138.1916486,181526697.1810644,656960542.7195612,324772404.5279126,475433845.53849685
2020-05-04,656960542.7195612,21097336.342991017,-3262486.8082595747,-3578025.0621972117,18531.621639068664,827.9657624633514,-50.52000534194012,0.0,0.0,0,0,0,2,34,36,596135348.973613,638402456.7864567,0.011191055523801887,36374403.84619689,617268902.8800349,338441218.8886981,185180670.86401048,674777638.0784107,336336419.18971264,489596967.2144003
2020-05-05,674777638.0784107,22253788.67949823,14672330.012124,15193084.883495908,18109.60388886659,807.5875117403059,-70.87416077299714,0.0,0.0,0,0,0,2,34,36,581463008.4530202,660656251.4095862,0.011212161917809632,51029395.75655794,621059629.9313033,339602965.38830256,186317888.97939098,711686383.8794951,372083418.4911926,525368494.90010417
2020-05-06,711686383.8794951,7028936.192758773,14537273.466683505,14171050.81885233,17686.818662658854,787.3968773942557,-91.04129139124487,0.0,0.0,0,0,0,2,34,36,566925751.7238641,667685176.9185785,0.011231196852843834,65549729.8016963,617305464.3212214,336999019.7468039,185191639.2963664,733235603.0758609,396236583.329057,548043963.7794945
2020-05-07,733235603.0758609,10176284.01947087,-17239167.98514102,-16970284.09845442,18191.636357177085,811.340149524568,-67.07370552958895,0.0,0.0,0,0,0,2,34,36,584164907.657689,677861459.4925295,0.01121085673366287,48293067.98130405,631013183.5751092,344714837.17043906,189303955.07253277,726155271.7402775,381440434.56983846,536851316.66774476
2020-05-08,726155271.7402775,11557016.382096032,-31063954.092709642,-32140285.612622272,19028.231295254733,854.4845108576058,-23.90392077725894,0.0,0.0,0,0,0,2,34,36,615228847.8174762,689418482.8387423,0.011134333655830112,17210822.959626436,652323665.3281093,356923275.0549284,195697099.59843278,706630136.3789588,349706861.3240304,510933036.78052604
2020-05-11,706630136.3789588,18200297.028829396,3655722.3731547836,3627220.9582710844,18770.69157149746,849.4071276192194,-28.956396407162316,0.0,0.0,0,0,0,2,34,36,611573131.885838,707618779.6762147,0.01104929012316469,20848605.413156867,659595955.7810264,360376634.4848051,197878786.73430791,728468205.5401027,368091571.0552976,530589418.80579484
2020-05-12,728468205.5401027,7357390.125580296,10990987.03962681,8036124.458195402,18211.032420695716,834.1418774028757,-44.19749667728378,0.0,0.0,0,0,0,2,34,36,600582151.7300705,714976174.0652448,0.010916028144634273,31822197.60764432,657779162.8976576,358918689.0353323,197333748.8692973,746799161.6172699,387880472.58193755,549465412.7479726
2020-05-13,746799161.6172699,1477526.664943642,32414255.705124155,35864778.74425526,20645.2750150771,789.122051272256,-89.18973069679654,0.0,0.0,0,0,0,2,34,36,568167876.9160243,716453692.6106291,0.013081167217284015,64216606.10169351,642310784.7633266,349563786.22746456,192693235.428998,780670998.6446432,431107212.41717863,587977763.2156452
2020-05-14,780670998.6446432,4555219.26399421,-11713763.573460612,-11646117.16924476,20802.31873237198,805.3912063266796,-72.89268530436324,0.0,0.0,0,0,0,2,34,36,579881668.5552093,721008918.5973029,0.012914418837057818,52482733.41914153,650445293.576256,354216730.2158885,195133588.0728768,773492384.5149654,419275654.2990769,578358796.4420886
2020-05-15,773492384.5149654,16675950.185763687,-6127340.727989586,-6190694.362880717,21742.701507729034,813.9013901163779,-64.35332667958984,0.0,0.0,0,0,0,2,34,36,586009000.883792,737684856.0619271,0.013357085865537166,46334395.20930469,661846928.4728596,360223914.2806194,198554078.54185787,784020000.8192952,423796086.5386758,585465922.2774373
2020-05-18,784020000.8192952,23948756.470270053,-46056287.70381003,-49623491.08019256,22875.286263082126,877.8684585098929,-0.35551681358830794,0.0,0.0,0,0,0,2,34,36,632065290.1271229,761633622.1937085,0.013028880375717672,255972.10578358173,696849456.1604156,380027992.586564,209054836.84812468,761890471.8124338,381862479.22586983,552835634.9643092
2020-05-19,761890471.8124338,-5557047.323531991,10896610.156826371,8898668.980442595,21886.79688185813,862.7342602523419,-15.605994575432275,0.0,0.0,0,0,0,2,34,36,621168667.3816861,755971831.7545351,0.012684552990544528,11236316.094311237,688570249.5681106,375343558.1531396,206571074.87043318,767208994.9771119,391865436.82397234,560637920.1066787
2020-05-20,767208994.9771119,5715177.014015051,-9332670.235475618,-10708288.344527217,22051.01807000365,875.6963085130594,-2.6850719855828418,0.0,0.0,0,0,0,2,34,36,630501342.1294028,761636198.9079617,0.012590562421946538,1933251.829619646,696068770.5186822,379559452.3658112,208820631.15560466,763570323.7488179,384010871.3830067,554749692.5932133
2020-05-21,763570323.7488179,-12988126.49010222,-16237904.41352988,-16298867.024860527,22961.918574411542,898.2489588137365,-218.88087686525003,0.0,0.0,0,0,0,2,34,36,646739250.3458903,748648079.2305187,0.012781489112292415,-14326748.303907275,697693664.7882044,381183794.91139674,209308099.43646133,734322010.2946934,353138215.3832966,525013910.858232
2020-05-22,734322010.2946934,-6224887.707594763,1404686.3964449968,-104614.17158300837,22539.954169972654,896.2980343954696,-197.75453053333578,0.0,0.0,0,0,0,2,34,36,645334584.7647381,742423201.9370102,0.012573916992451783,-12943932.907636523,693878893.3508742,379206175.913674,208163668.00526226,729479967.5728775,350273791.6592035,521316299.5676153
2020-05-26,729479967.5728775,-12315902.060696743,-42904156.035994425,-43270770.29914092,25097.35593122628,955.8871173123655,-853.6071550078138,0.0,0.0,0,0,0,2,34,36,688238724.4649031,730107280.4480393,0.013127782285523235,-55872468.32778418,709173002.4564712,388998437.45148075,212751900.73694137,674234914.4002174,285236476.94873667,461483013.6632761
2020-05-27,674234914.4002174,-6700075.232874016,-27147343.330136783,-26069947.448171042,28042.888817634244,993.5917311080457,-1268.7853313327412,0.0,0.0,0,0,0,2,34,36,715386046.3977928,723407220.0901684,0.014111877111920527,-83047767.14177942,719396633.2439806,395467618.9418799,215818989.97319418,640359177.7547888,244891558.81290883,424540187.7815946
2020-05-28,640359177.7547888,-13714906.248521598,31889957.244614057,32418056.564005006,26245.30009078862,949.3001444158762,-781.2475760427233,0.0,0.0,0,0,0,2,34,36,683496103.9794308,709644188.4281323,0.013823499472307512,-51136204.97734189,696570146.2037816,382459878.3008623,208971043.86113447,658508151.5033587,276048273.2024964,449537107.64222425
2020-05-29,658508151.5033587,20506926.12967927,24931771.47656779,22911332.345945287,26286.40557046007,977.7039570966747,-14.006844037017226,890525.2041253039,0.0,0,0,0,1,37,38,703946849.1096058,703946849.1096057,0.013442926859229683,-916811.609695673,703946849.1096058,387170767.0102831,211184054.73288172,703031001.197023,315860234.1867399,491846946.4641413
2020-06-01,703031001.197023,11854904.072441038,-30204287.619699486,-29738561.40431305,27444.291107377197,1019.65436634043,-475.8656538858226,0.0,0.0,0,0,0,1,37,38,734151143.7651095,715801743.4311837,0.013457644086728912,-31147570.072526574,724976443.5981467,399195778.98732877,217492933.079444,684654717.1473696,285458938.16004086,467161784.06792563
2020-06-02,684654717.1473696,-10850057.43567424,-19997265.826676715,-19157572.40455024,29406.27508229194,1256.7855481637762,-796.0353033191005,0.0,0.0,0,0,0,1,37,38,754071328.8982657,704951685.68045,0.014038803258959764,-51173698.070513606,729511507.2893579,402459320.0895922,218853452.18680736,653778448.3601812,251319128.270589,434924996.1733738
2020-06-03,653778448.3601812,-12361876.639787264,-46683188.3905756,-47225677.77083328,30633.248577799284,1334.59085035397,-1521.5018160712345,0.0,0.0,0,0,0,1,37,38,800754510.2123821,692513581.1143913,0.013771972992175625,-97810831.03315079,746634045.6633867,413354748.34231246,223990213.699016,594702563.1702749,181347814.8279624,370712349.4712589
2020-06-04,594702563.1702749,838077.2972444011,-36545737.39350934,-37705020.43636048,17856.2708383749,1354.5674363065054,-2090.5239486545725,0.0,24559.76345706809,1,0,0,2,36,38,812740461.7839032,693343312.3103656,0.007909360741934065,-134390825.2706511,753041887.0471344,417157966.61276233,225912566.1141403,558951751.0832021,141793784.4704398,333039184.96906185
2020-06-05,558951751.0832021,5353497.003979356,-61613876.32355459,-62057187.43751236,34685.92985801494,1751.1458905480702,-3104.3841597889523,0.0,26234.973905026778,0,1,0,1,37,38,900589315.1390073,698696818.8465345,0.013865293024221594,-196066367.98667067,799643066.9927709,444850999.25333583,239892920.09783128,502629097.62159455,57778098.368258715,262736177.52376327
2020-06-08,502629097.62159455,9783287.46542867,-80880146.78035754,-79295036.33836733,37270.301036102945,1908.4128112709734,-4385.597891889945,0.0,0.0,0,0,0,1,37,38,981469445.7965004,708480098.0197313,0.01367063277462336,-276985130.01410174,844974771.9081159,471560858.24388295,253492431.57243475,431492490.8205489,-40068367.42333406,178000059.24811414
2020-06-09,431492490.8205489,2359655.8423061175,55398181.47017146,55131447.39509094,34905.3668519113,1800.6941537795692,-3507.4945346379127,0.0,0.0,0,0,0,1,37,38,926071279.0866355,710741393.3748848,0.013569076539207199,-221525970.6087103,818406336.2307601,455506732.06971186,245521900.869228,489213715.96579367,33706983.896081805,243691815.09656566
2020-06-10,489213715.96579367,14705509.038631344,58313535.889634825,58173822.397811584,31697.62331084472,1928.3505651658627,-2630.0717180412826,0.0,0.0,0,0,0,1,37,38,867757754.3246382,725446894.0457252,0.013150149722125169,-163245830.77497613,796602324.1851817,441689049.80882275,238980697.25555453,562200361.5495962,120511311.74077344,323219664.29404163
2020-06-11,562200361.5495962,-45654390.28218302,104503500.09585643,105203974.0344484,28805.280514036436,1696.120545645432,-946.8797111950826,0.0,0.0,0,0,0,1,37,38,763254245.5404444,679792510.2258986,0.013586430793726418,-58771844.14314306,721523377.8831716,398924401.21860796,216457013.36495146,621021415.32359,222097014.10498208,404564401.95863855
2020-06-12,621021415.32359,13332471.85611496,-47090150.46772627,-47692455.77866658,30973.318293084416,1799.7953072716666,-1706.0414667727323,0.0,0.0,0,0,0,1,37,38,809907888.2722499,693124992.3657862,0.013767484854724852,-105892228.97210062,751516440.3190181,416253614.57312155,225454932.09570542,587232857.147526,170979242.57440448,361777925.05182064
2020-06-15,587232857.147526,31608859.597977158,-7676843.546070671,-8342033.9905558415,30914.658061338763,2043.9618381707464,-1861.1973350187902,0.0,0.0,0,0,0,1,37,38,817584735.2682985,724698541.69506,0.013612383428892875,-113564583.15368891,771141638.4816792,426450056.0042546,231342491.54450375,611134141.3058742,184684085.30161965,379791649.7613705
2020-06-16,611134141.3058742,-837544.6666990521,-23351500.80152623,-23964669.480024636,32104.799110782107,2102.340566504302,-2244.4255820331805,0.0,0.0,0,0,0,1,37,38,840936226.6017207,723860992.6541221,0.01374388130071065,-136948001.6155839,782398609.6279213,433246116.1440467,234719582.88837638,586912848.9535227,153666732.80947596,352193266.0651463
2020-06-17,586912848.9535227,1515982.2042333991,33630608.98444665,31523136.390086785,32628.46318119501,2018.264079457963,-1693.7943616590808,0.0,0.0,0,0,0,1,37,38,807305631.7831851,725376976.1192367,0.014549937821299446,-103350164.44021511,766341303.951211,423535933.56476474,229902391.1853633,622027136.1487393,198491202.5839746,392124744.96337605
2020-06-18,622027136.1487393,12526957.91775907,-10527355.898835296,-9017415.063632363,30032.43508242006,2044.582416794923,-1866.812988848372,0.0,0.0,0,0,0,1,37,38,817832966.7179692,737903938.9504474,0.013219908061494959,-113907233.21786678,777868452.8342083,429825874.75300264,233360535.85026246,623996883.5020086,194171008.7490059,390636347.6517461
2020-06-19,623996883.5020086,10338758.744645102,21074443.1703097,19872056.220997468,28889.468003680657,1991.896356998032,-1521.8968859588977,0.0,0.0,0,0,0,1,37,38,796758542.7992128,748242700.8549263,0.01305314963399889,-92861504.90596664,772500621.8270695,426088238.0534954,231750186.54812086,655381665.9484308,229293427.89493537,423631479.4003099
2020-06-22,655381665.9484308,19212218.13099606,-2797464.7847073264,-2326811.0170443435,29455.352483787014,1776.7910844569183,-1540.0127696314664,0.0,0.0,0,0,0,1,37,38,799555988.0056131,767353963.4366026,0.013262269376048852,-95586999.49436688,783454975.7211078,431705287.2608346,235036492.71633235,671767200.7205505,240061913.45971596,436730708.0042182
2020-06-23,671767200.7205505,15252544.80500733,-7253146.914929762,-8496309.566098046,29772.45288662987,1792.9092568535934,-1657.344815114468,0.0,0.0,0,0,0,1,37,38,806809165.5841169,782606504.3372602,0.013284533067279957,-102869678.1795187,794707834.9606886,437694375.7595501,238412350.48820657,679736961.7221832,242042585.96263313,441324611.23397666
2020-06-24,679736961.7221832,-9300190.757500669,50975772.936006986,51115357.80254173,28097.67013151352,1679.629723741202,-836.5188887930865,0.0,0.0,0,0,0,1,37,38,755833375.6835409,773306308.2935772,0.013382792521165369,-51921862.06301916,764569841.988559,420076589.77845657,229370952.5965677,721385289.341393,301308699.5629364,492014336.7448253
2020-06-25,721385289.341393,20772194.8032548,-13165258.374228265,-11481415.193682047,28196.455256893532,1708.8858577654694,-1049.0667591874071,0.0,0.0,0,0,0,1,37,38,768998635.9944612,794078517.8164499,0.013199924443760376,-65114488.50128734,781538576.9054556,429219220.2524508,234461573.07163668,728964689.1342611,299745468.8818103,494503116.06262445
2020-06-26,728964689.1342611,-16048146.724281445,28525140.216289494,29054399.42941482,26078.806970216647,1645.4966416083878,-589.9047423260745,0.0,0.0,0,0,0,1,37,38,740473488.7237744,778030380.9291933,0.012678874601518952,-36614777.109894276,759251934.8264838,416649641.8494307,227775580.44794515,741416659.4111983,324767017.5617676,513641078.96325314
2020-06-29,741416659.4111983,17256772.955559507,-30487261.135447938,-31482079.594253913,27291.043352447414,1713.2461126222224,-1081.5109160849343,0.0,0.0,0,0,0,1,37,38,770960750.6800001,795287143.9449532,0.01274354835601612,-67128263.75699592,783123947.3124766,430110011.19023836,234937184.193743,728159511.9231539,298049500.7329155,493222327.7294109
2020-06-30,728159511.9231539,9991225.970774,6551406.552841663,6133464.347170605,29650.57035953199,1654.8936543261539,-18.48052850412455,1117416.7161036227,0.0,0,0,0,0,39,39,744702144.4467692,744702144.4467692,0.014333523018603984,-1147067.286462903,744702144.4467692,409586179.44572306,223410643.33403078,743556713.5734322,333970534.12770915,520146070.23940146
2020-07-01,743556713.5734322,-1241220.197086087,8032414.778338312,8032414.778338312,30768.83886216807,1636.4797956731948,-3.80900012979918,0.0,0.0,0,0,0,0,39,39,736415908.0529375,743460939.0821837,0.015041475705851058,6856200.233638525,739938423.5675607,406790007.1864272,221981527.07026818,750318771.9866178,343528764.8001906,528337244.91634965
2020-07-02,750318771.9866178,10714726.770228172,-1361283.1686741598,-1361283.1686741598,31359.403940859436,1844.4429645195944,-1.518109904372461,0.0,0.0,0,0,0,0,39,39,737777185.8078377,754175660.5284901,0.015301890104324594,5465195.655740857,745976423.1681639,409877070.8744738,223792926.95044917,759642699.1090856,349765628.23461175,535849772.1586364
2020-07-06,759642699.1090856,12573956.007562691,-10641782.182152165,-10641782.182152165,30394.711475055585,1871.0474028299457,-85.30646932612419,0.0,0.0,0,0,0,0,39,39,748418961.1319783,766749618.7242761,0.014620281819784697,-5205140.501255035,757584289.9281272,416213093.0206625,227275286.97843814,761546263.9639546,345333170.9432921,534270976.9855164
2020-07-07,761546263.9639546,18231922.159144077,27992241.444316085,27992241.444316085,29585.57914401443,1801.0668066202172,-6.322033155916137,0.0,0.0,0,0,0,0,39,39,720426722.6480869,784981522.6269727,0.014784027517324456,22759319.361298084,752704122.6375299,412373397.45116925,225811236.79125896,807742636.7330443,395369239.281875,581931399.9417853
2020-07-08,807742636.7330443,32880976.073854282,-7251366.492544316,-7251366.492544316,30082.017046700345,1819.1951799397086,-4.299903033235042,0.0,0.0,0,0,0,0,39,39,727678071.9758835,817862513.3776613,0.014882303801468726,15479650.919646144,772770292.6767724,422769049.9371804,231831087.8030317,833343979.1925844,410574929.255404,601512891.3895527
2020-07-09,833343979.1925844,14221448.004359672,27170174.35519566,27170174.35519566,29082.540263918534,1751.2697612432823,-11.839596368475894,0.0,0.0,0,0,0,0,39,39,700507904.497313,832083972.0853627,0.014945890585665518,42622546.926513195,766295938.2913378,418173364.37053454,229888781.48740134,874708258.4420408,456534894.07150626,644819476.9546394
2020-07-10,874708258.4420408,-4949096.144553439,-31809430.4001999,-31809430.4001999,28359.880841240087,1787.203688082974,-2.9914095234807347,0.0,17435.85914348891,1,0,0,1,38,39,714881475.2331896,827134861.8727721,0.014281468266492904,10769074.28453064,771008168.5529809,421248158.0381499,231302450.56589428,837905720.3695813,416657562.33143145,606603269.8036871
2020-07-13,837905720.3695813,-28845594.15214774,13855161.121084614,14429051.220274886,29092.65734858999,1794.7207413926508,-6.827796872443096,0.0,16861.96867360103,0,1,0,0,39,39,717888296.5570604,798289263.9717009,0.014589117409660873,24580068.740795135,758088780.2643807,414938804.9600433,227426634.0793142,822871120.6054406,407932315.6453973,595444486.5261264
2020-07-14,822871120.6054406,29004284.222600404,-8751360.02369387,-8751360.023693869,39076.755455846316,1816.5991741582638,-4.386506049009961,0.0,0.0,0,0,0,0,39,39,726639669.6633055,827293546.2724555,0.0193598458099914,15791421.776435852,776966607.9678805,424815287.4671055,233089982.39036414,843086780.2615594,418271492.79445386,609996797.8711952
2020-07-15,843086780.2615594,4270900.221680693,-41806206.742666386,-41806206.74266638,41390.93572427502,2134.5718589239377,-434.23976239170435,0.0,0.0,0,0,0,0,39,39,768445869.2126176,831564468.5483516,0.019390743652519006,-26054385.74350226,800005168.8804846,438424877.9008732,240001550.66414538,805511783.136946,367086905.2360728,565510232.4728006
2020-07-16,805511783.136946,-8782537.745196637,13567684.244483244,13567684.244483242,43365.20860832718,2096.883799750977,-208.805730753384,0.0,0.0,0,0,0,0,39,39,754878167.9103516,822781908.2728274,0.020680787659038226,-12528343.845203042,788830038.0915895,432158927.4413123,236649011.42747682,810255452.5056933,378096525.064381,573606441.0782166
2020-07-17,810255452.5056933,25978598.343833826,8603469.705561278,8603469.705561275,41924.918197573475,1865.6867931976233,-64.98044158911358,0.0,0.0,0,0,0,0,39,39,746274717.2790493,848760503.9372435,0.020224416292911662,-3964908.3003526926,797517610.6081464,436072541.1680256,239255283.18244392,844797396.3432424,408724855.1752168,605542113.1607985
2020-07-20,844797396.3432424,24721211.88702781,4106779.1948085222,4106779.194808522,41203.45098259271,2061.5775909059894,0.0,0.0,0.0,0,0,0,0,39,39,742167932.7261562,873481728.7325512,0.01998636925641264,102455.24154496193,807824830.7293537,441020812.00098467,242347449.2188061,873586245.5516871,432565433.55070245,631238796.332881
2020-07-21,873586245.5516871,-3706640.655473804,-25555469.296496566,-25555469.296496566,44218.58624694626,2132.457202211054,-424.9195022486567,0.0,0.0,0,0,0,0,39,39,767684592.7959795,869775087.1483892,0.020735978288848142,-25495170.134919405,818729839.9721844,447749149.62589115,245618951.99165532,844281624.5511698,396532474.9252786,598662672.5595144
2020-07-22,844281624.5511698,3433947.819649418,9141367.94647851,9141367.94647851,42591.59166047213,1896.3580698513886,-268.6908042626985,0.0,0.0,0,0,0,0,39,39,758543227.9405555,873209041.86709,0.020213710218465707,-16394693.14145279,815876134.9038227,445865228.8489391,244762840.4711468,856815976.3929027,410950747.5439636,612053135.9217559
2020-07-23,856815976.3929027,-29061918.757453434,4280740.0975494515,4280740.0975494515,28044.784177141497,1841.6879685401238,-199.25197556937593,0.0,17391.9229220614,1,0,0,1,38,39,736675187.4160495,844147108.6877598,0.01370498487832058,-12157747.661860228,790411148.0519047,432039333.39675474,237123344.4155714,831991003.4618925,399951670.06513774,594867659.0463212
2020-07-24,831991003.4618925,-11449489.732070144,10564732.544875309,11033059.262565605,27233.31113260517,1815.2761586437232,-26.527295547505748,0.0,0.0,0,0,1,1,38,39,726110463.4574893,832697627.6071417,0.013502066835746462,-1618614.643576622,779404045.5323155,426007545.9390322,233821213.65969464,831080801.7124282,405073255.773396,597259588.0527335
2020-07-27,831080801.7124282,20112619.231426142,6747502.240978013,6896514.362258295,48194.5075444678,2044.8265069519202,0.0,0.0,16774.584251700395,0,1,0,0,39,39,736137542.5026913,852810254.0228097,0.02356899589310781,5065700.070226431,794473898.2627505,434043826.2565098,238342169.47882515,857877998.9195431,423834172.66303337,619535829.4407179
2020-07-28,857877998.9195431,-15236413.21246131,-502215.3732356551,-502215.37323565583,46817.747964501774,2046.2215522622887,0.0,0.0,0.0,0,0,0,0,39,39,736639758.8144239,837573834.4589008,0.02288009717849975,4518718.126980901,787106796.6366624,430385386.2590524,236132038.99099872,842094598.807434,411709212.54838157,605962559.8164352
2020-07-29,842094598.807434,-1469490.5776022142,-14528781.468196252,-14528781.46819625,47655.688266069585,2086.579260773242,-167.59459574485422,0.0,0.0,0,0,0,0,39,39,751168533.8783671,836104346.8180608,0.022839145946657893,-10055675.744691253,793636440.3482139,434376646.8680253,238090932.10446417,826050590.0580345,391673943.19000924,587959657.9535704
2020-07-30,826050590.0580345,5944357.296446693,6775381.533954198,6775381.533954197,45729.42031730886,2066.7187664826943,-55.40166256932815,0.0,0.0,0,0,0,0,39,39,744018755.9337698,842048699.2222779,0.022126581061212708,-3324099.754159689,793033727.5780239,433717801.5857004,237910118.27340716,838726610.785222,405008809.19952166,600816492.5118148
2020-07-31,838726610.785222,136728.1996536021,13988270.783961155,13988270.783961153,51765.39184764983,2369.032249357882,-18.47737221081853,1056876.9408008102,0.0,0,0,0,0,39,39,852851609.7688376,852851609.7688376,0.021850859928850972,-1108642.3326491117,852851609.7688376,469068385.37286067,255855482.93065125,851745317.9910656,382676932.61820495,595889835.0604143
2020-08-03,851745317.9910656,35073921.069615096,3747485.6967734923,3747485.6967734923,51401.47092520788,2358.622563173633,0.0,0.0,0.0,0,0,0,0,39,39,849104122.7425078,887925531.8431591,0.02179300398790593,2589791.4433698654,868514827.2928334,476712619.7835421,260554448.18785003,890517681.9090921,413805062.12555,629963233.7212421
2020-08-04,890517681.9090921,11815208.097780425,-24986695.459107984,-24986695.459107984,53604.844020441626,2428.0301181277223,-374.13567063762747,0.0,0.0,0,0,0,0,39,39,874090842.52598,899740729.9420017,0.02207750374273646,-22448140.238257647,886915786.2339909,487162435.2432944,266074735.87019727,877294643.5981915,390132208.3548971,611219907.7279942
2020-08-05,877294643.5981915,7619319.195518043,-17203441.61393252,-17203441.61393252,54093.63854784873,2475.8174289656145,-661.7272823426981,0.0,0.0,0,0,0,0,39,39,891294274.4276212,907360064.481791,0.021848799477289727,-39703636.94056189,899327169.4547062,494228298.4487341,269798150.83641183,867658241.6313758,373429943.1826417,597860090.794964
2020-08-06,867658241.6313758,-2137588.237696386,5939113.6159133855,5939113.6159133855,53380.20032679042,2459.3198844424173,-563.6012977185904,0.0,0.0,0,0,0,0,39,39,885355158.3992703,905222464.6723814,0.021705269275652975,-33816077.86311543,895288811.5358258,491912163.68787646,268586643.4607477,871408282.5278527,379496118.8399762,602821639.0671049
2020-08-07,871408282.5278527,-22031888.720201325,-18142785.673407458,-18142785.673407458,54522.77778706935,2509.7164519918174,-866.1710705618898,0.0,0.0,0,0,0,0,39,39,903497922.7170542,883149349.5901701,0.021724676404698138,-51970264.23371339,893323636.1536121,491836714.2126588,267997090.84608364,831180728.9018382,339344014.68917936,563183638.0557545
2020-08-10,831180728.9018382,-10587975.424691923,-45409687.78235361,-45409687.78235361,57519.99174381079,2635.854493859212,-1623.9306458915892,0.0,0.0,0,0,0,0,39,39,948907617.7893163,872561384.4565442,0.02182214226081748,-97435838.75349534,910734501.1229303,502812631.4509309,273220350.3368791,775126557.6268967,272313926.17596585,501906207.29001766
2020-08-11,775126557.6268967,-42358004.72824825,11779002.548045062,11779002.548045062,56951.83210566354,2603.1351145327494,-1428.546254667471,0.0,0.0,0,0,0,0,39,39,937128641.2317897,830203378.8946362,0.021878169822117034,-85712775.28004825,883666010.0632129,488689437.0931959,265099803.01896384,744491778.2034478,255802341.1102519,479391975.184484
2020-08-12,744491778.2034478,8748684.435409863,1842746.0305448188,1842746.0305448188,57778.08931285853,2598.0163346979384,-1398.7771629869064,0.0,0.0,0,0,0,0,39,39,935285880.4912578,838952060.359304,0.022239309484394055,-83926629.77921438,887118970.4252808,490323779.2372033,266135691.12758422,755026629.8192613,264702850.582058,488890938.6916771
2020-08-13,755026629.8192613,20440659.550131705,8599026.515266286,8599026.515266286,57993.73184691886,2572.675008559113,-1256.4063743004779,0.0,0.0,0,0,0,0,39,39,926163003.0812806,859392704.610841,0.02254219116444079,-75384382.45802867,892777853.8460608,492697077.07709444,267833356.15381822,784009638.4214466,291312561.3443521,516176282.2676283
2020-08-14,784009638.4214466,-5046473.814414689,-9681593.461221842,-9681593.461221842,59009.9100984194,2599.5682822115064,-1418.2492083601635,0.0,0.0,0,0,0,0,39,39,935844581.5961423,854317513.7373214,0.02269988847848937,-85094952.5016098,895081047.6667318,494332752.913173,268524314.30001956,769223742.5547854,274890989.64161235,500699428.2547658
2020-08-17,769223742.5547854,40254567.09993755,8166998.922548783,8166998.922548783,59394.21512327416,2576.8821836103107,-1279.3764605179092,0.0,0.0,0,0,0,0,39,39,927677586.0997118,894348501.993223,0.023048867154671623,-76762587.63107455,911013044.0464673,501890401.32821923,273303913.2139402,817587211.8678715,315696810.5396523,544283298.6539314
2020-08-18,817587211.8678715,5642086.707923046,16917401.2641632,16917401.2641632,55868.15941113248,2275.859388797583,-981.5018099868953,0.0,0.0,0,0,0,0,39,39,910343755.5190333,899979077.7136452,0.02209334360352757,-59888246.0330987,905161416.6163392,498097896.0841213,271548424.9849017,840092126.0381253,341994229.954004,568543701.0532236
2020-08-19,840092126.0381253,-7322779.363529935,-3207597.8048383943,-3207597.8048383943,54836.65448545503,2283.87835607499,-1034.9481525195831,0.0,0.0,0,0,0,0,39,39,913551342.429996,892656291.0130765,0.021609289700405147,-63149378.79780507,903103816.7215363,497229475.4822679,270931145.0164609,829508161.145475,332278685.6632071,558577016.1290141
2020-08-20,829508161.145475,9853305.768139811,12443848.252151994,12443848.252151994,54735.02552239005,2252.768782612483,-831.884141987187,0.0,0.0,0,0,0,0,39,39,901107513.0449933,902509612.532683,0.021867101209127906,-50759032.39243853,901808562.7888381,495959657.04666877,270542568.83665144,851752001.024885,355792343.9782163,581209432.1882336
2020-08-21,851752001.024885,-15824548.662763191,15742527.524199348,15742527.524199348,53350.63883978198,2213.412434308982,-574.7325687865697,0.0,0.0,0,0,0,0,39,39,885364973.7235929,886685057.1734415,0.02169300859231598,-35068427.92596018,886025015.4485172,487280756.41043824,265807504.63455516,851618267.9273468,364337511.5169086,585810763.2927916
2020-08-24,851618267.9273468,-17389868.608680084,-29656125.17372218,-29656125.17372218,56750.98006922472,2287.5526977664986,-1061.666689741234,0.0,0.0,0,0,0,0,39,39,915021079.1065995,869295185.5897641,0.022327740083177654,-64779662.42488885,892158132.3481817,491830120.1294209,267647439.7044545,804516749.0508833,312686628.9214624,536869309.34642875
2020-08-25,804516749.0508833,14139176.858815128,-2176091.0762003064,-2176091.0762003064,56463.83965020442,2292.9929802168685,-1098.2355656275788,0.0,0.0,0,0,0,0,39,39,917197192.0867474,883434354.6592596,0.02216206334847904,-67010983.66541159,900315773.3730035,496017746.2908391,270094732.011901,816424565.7512625,320406819.46042347,546329833.7393615
2020-08-26,816424565.7512625,20651761.149102055,18669174.94312182,18669174.94312182,55584.130044928024,2246.320022163222,-793.1599183784462,0.0,0.0,0,0,0,0,39,39,898528008.8652889,904086116.1229738,0.02227007574471072,-48396198.40953231,901307062.4941313,495579931.69033015,270392118.7482394,855691370.8735453,360111439.18321514,585299252.1253059
2020-08-27,855691370.8735453,-11950380.133514928,-12246973.959213767,-12246973.959213767,56152.28019149739,2023.9444124761858,-977.9101403407238,0.0,0.0,0,0,0,0,39,39,910774985.6142836,892135735.2803941,0.02219518672365043,-60697870.77976906,901455360.4473388,496266429.50438356,270436608.13420165,831438910.5348972,335172481.03051364,561002302.4006956
2020-08-28,831438910.5348972,8318513.035936424,-19257956.575430803,-19257956.575430803,56664.86311075995,2258.710914111588,-1311.7340905004837,0.0,26548.583031568796,1,0,0,1,38,39,903484365.6446352,900454265.8509849,0.02257853206493361,-80038012.30172443,901969315.7478101,496158876.15613675,270590794.724343,820417200.5260841,324258324.3699473,549826405.8017411
2020-08-31,820417200.5260841,5349235.768985867,21764630.17987371,23050981.077089585,53380.73418084605,2118.8276661873583,-19.109246822041502,1112607.2075034962,0.0,0,0,0,0,40,40,847531066.4749434,847531066.4749433,0.022674170971728868,-1165987.9416838884,847531066.4749434,466142086.56121886,254259319.942483,846367178.2516787,380225091.69045985,592107858.3091958
2020-09-01,846367178.2516787,11486468.615762351,-1020882.9687347147,-1020882.9687347147,52975.17206716848,2121.036199501637,-36.566743565413155,0.0,0.0,0,0,0,0,40,40,848414479.8006549,859010979.859444,0.022478472961307342,-2231191.1328048706,853712729.8300495,469277088.90505743,256113818.94901484,856781873.1960951,387504784.2910377,600668054.2470803
2020-09-02,856781873.1960951,-4761531.233902075,-13008504.037636455,-13008504.037636455,53240.909629360765,2153.5574212284196,-250.6000495923063,0.0,0.0,0,0,0,0,40,40,861422968.4913678,854249447.4985256,0.0222500771022359,-15290850.483598351,857836207.9949467,471989252.4220418,257350862.398484,838960499.9722989,366971247.5502571,581609637.5738149
2020-09-03,838960499.9722989,-66833708.917068824,5448998.130088503,5448998.130088503,54594.60987524637,2139.401586124498,-162.16073225638246,0.0,0.0,0,0,0,0,40,40,855760634.4497992,787415747.7300701,0.022966772206956015,-9894553.154626727,821588191.0899346,453582127.26745725,246476457.32698035,777523171.8162973,323941044.54884005,531046714.48931694
2020-09-04,777523171.8162973,-17807698.634963885,-11109514.112087458,-11109514.112087458,56112.16458951562,2167.175343087843,-345.1204579638451,0.0,0.0,0,0,0,0,40,40,866870137.2351372,769608044.3397385,0.023302659054162685,-21058197.435082078,818239090.7874379,452463052.25547576,245471727.23623136,748551668.9595416,296088616.7040658,503079941.72331023
2020-09-08,748551668.9595416,-23062090.678687543,15225968.070899442,15225968.070899442,47926.099008068355,2129.1104579501325,-96.33928347072947,0.0,0.0,0,0,0,0,40,40,851644183.1800529,746545949.4136713,0.02025892501077169,-5878329.160925865,799095066.2968621,442129742.30743366,239728519.88905862,740669653.0239198,298539910.71648616,500941133.13486123
2020-09-09,740669653.0239198,33062145.85526065,4631792.570202411,4631792.570202411,35627.95268775384,2060.145360584844,-21.35609185177015,0.0,22951.43438362859,1,0,0,1,39,40,824058144.2339377,779608095.632928,0.015564512112813062,-1303083.5706164837,801833119.9334328,442119467.1784133,240549935.98002985,778307050.8515803,336187583.673167,537757114.8715504
2020-09-10,778307050.8515803,-14382284.39636279,8337251.744532466,8793240.636211758,42526.32822377333,2039.3021322671743,-1.9426869054634048,0.0,0.0,0,0,1,1,39,40,815720852.9068698,765225819.0118579,0.018768035788226032,6993672.859668255,790473335.9593638,436022710.6250254,237142000.78780913,772221529.2309715,336198818.60594606,535079528.4431623
2020-09-11,772221529.2309715,-7627126.05377513,-1018856.8589980521,45117.805212984385,33789.410207834386,2041.3004284421631,-1.6508533482116468,0.0,0.0,0,0,1,1,39,40,816520171.3768653,757598684.8544285,0.01489759604384102,5943072.053561926,787059428.1156468,434355722.62666667,236117828.43469405,763543796.5575656,329188073.9308989,527425968.1228715
2020-09-14,763543796.5575656,42334634.9012067,-21228670.21044716,-21684659.12466663,47126.18341344845,2094.3307334589026,-251.25313769388396,0.0,0.0,0,0,1,1,39,40,837732293.383561,799933334.991996,0.020251608017065787,-15330699.927084446,818832814.1877785,451303021.7630673,245649844.25633353,784604478.1425073,333301456.37944,538954633.8861737
2020-09-15,784604478.1425073,13416811.78975164,6931605.826957556,7934779.251137557,47623.056859616714,2077.0016811580736,-138.40183622007635,0.0,0.0,0,0,1,1,39,40,830800672.4632295,813350130.5056158,0.020635876977122696,-8444857.803258896,822075401.4844227,452577734.3653728,246622620.4453268,804907211.3022019,352329476.9368291,558284590.8568751
2020-09-16,804907211.3022019,7701674.958651295,-27383691.899143714,-27718081.833603714,49531.05135921057,2145.4609395736807,-587.9702028397486,0.0,0.0,0,0,1,1,39,40,858184375.8294723,821051811.2802333,0.020777794366252832,-35876147.969882965,839618093.5548527,462718265.5689,251885428.0664558,785177220.801087,322458955.23218703,533291792.7346312
2020-09-17,785177220.801087,-5112162.430965832,7676809.565943438,8041601.040007005,49330.31461614869,2126.2688976514937,-458.49088767964156,0.0,0.0,0,0,1,1,39,40,850507559.0605975,815668252.8019011,0.020880370871046234,-27975715.180452704,833087905.9312494,459069330.91865456,249926371.7793748,787694205.3994584,328624874.48080385,537767833.6200836
2020-09-18,787694205.3994584,10116320.293944443,16583905.610316733,16887899.403370406,60712.444199328274,2084.809128675304,-187.6669935526794,0.0,0.0,0,0,1,1,39,40,833923651.4701216,825784586.2627347,0.02620920976785758,-11450867.403214335,829854118.8664281,456623242.0067201,248956235.65992844,814335616.0016555,357712373.99493533,565379380.341727
2020-09-21,814335616.0016555,-10421722.000150457,47490892.862441175,48858854.40413415,66666.85235201013,2014.0366900236847,-10.021494498776002,0.0,19181.926621025515,0,1,0,0,40,40,805614676.0094739,815241557.8893795,0.02979100004186295,36077380.195593596,810428116.9494267,445494792.275187,243128435.084828,851320942.1001686,405826149.8249816,608192507.0153406
2020-09-22,851320942.1001686,4020490.4997974075,777853.995601103,777853.9956011035,66025.45354779951,2012.0921105661623,-10.219778904024567,0.0,0.0,0,0,0,0,40,40,804836844.226465,819262057.0875309,0.029532896571170968,36791204.05448842,812049450.6569979,446266567.5398222,243614835.19709936,856055263.0143509,409788695.4745287,612440427.8172516
2020-09-23,856055263.0143509,-44806786.74362738,26653236.230199073,26653236.230199073,46155.12588933231,1945.4590048611703,-17.611194528493062,0.0,0.0,0,0,0,0,40,40,778183601.9444681,774455257.0724583,0.021352088734125432,63400300.30257499,776319429.5084631,427068894.851455,232895828.85253894,837857485.2228436,410788590.3713887,604961656.3703047
2020-09-24,837857485.2228436,-6041271.8995953025,8479308.886074303,8479308.886074303,46525.84818429683,1924.2607584587554,-19.954166391370837,0.0,0.0,0,0,0,0,40,40,769704303.3835021,768413997.3522034,0.021760701184493164,71834999.00893497,769059150.3678527,423014790.3531015,230717745.1103558,840250900.6677305,417236110.31462896,609533155.5573747
2020-09-25,840250900.6677305,27087739.74938261,-18568931.83080245,-18568931.83080245,46462.58135981484,1970.6830484210834,-14.783752965815536,0.0,0.0,0,0,0,0,40,40,788273219.3684334,795501735.3280149,0.02121920278217074,53221510.67693591,791887477.3482242,435357399.6425337,237566243.20446724,848725201.9042462,413367802.2617125,611158958.699779
2020-09-28,848725201.9042462,17330290.11485509,-24537450.884832866,-24537450.884832866,31252.344475945392,1986.7318090374702,-7.954623606246681,0.0,18117.9531584409,1,0,0,1,39,40,794692723.6149881,812832025.8541459,0.014157477068823818,28636644.982488036,803762374.7345669,441615823.5480329,241128712.42037007,841470649.6138194,399854826.0657865,600341937.1934493
2020-09-29,841470649.6138194,7814182.883389419,14539769.079195254,15421347.128776483,30466.148982301554,1949.6753084312184,-11.98553393678434,0.0,0.0,0,0,1,1,39,40,779870123.3724873,820646213.2549982,0.0140636412460566,43147922.1724236,800258168.3137428,439122590.3254957,240077450.49412283,863796073.1171963,424673482.7917006,623718622.6230735
2020-09-30,863796073.1171963,5921862.209975138,1613545.6732201162,1522350.0220013703,34536.79320466653,2178.3287025009804,-18.71110634505848,1107157.831239935,0.0,0,0,0,1,38,39,871331481.0003923,871331481.0003912,0.014269248643931826,-1141694.6244442463,871331481.0003917,479232314.5502155,261399444.3001175,870191945.9935431,390959631.44332767,608792501.6934257
2020-10-01,870191945.9935431,19138448.37760093,-3286363.9844737025,-3750851.482711963,35301.9028645954,2186.544575039532,-73.11395595403987,0.0,0.0,0,0,0,1,38,39,874617830.0158129,890469919.0165946,0.014530557913534158,-4461190.532788873,882543874.5162038,485002828.75889254,264763162.3548611,886010841.9144249,401008013.15553236,621247679.5595638
2020-10-02,886010841.9144249,-15744970.347157586,-15219648.44664228,-15495730.90412286,20871.541582793343,2160.924846759873,-323.26470215174766,0.0,25023.510493496527,1,0,0,2,37,39,864369938.7039492,874724953.9625536,0.008692753684923208,-19724625.89400494,869547446.3332515,477992220.10182315,260864233.89997542,855002165.7286932,377009945.6268701,594137931.8287178
2020-10-05,855002165.7286932,32788981.811502226,-14168685.51190942,-14198797.06521677,42168.78131126604,2259.411765972467,-556.5481998727289,0.0,25226.12982260183,0,1,0,1,38,39,903764706.3889868,907513940.3297255,0.016797249510562173,-33958873.21257329,905639323.3593562,498007896.9991274,271691797.00780684,873556769.9807183,375548872.98159087,601864972.9729114
2020-10-06,873556769.9807183,-3907320.0400737035,18191007.764205996,18704478.39008402,41455.006847608056,2213.934324100609,-259.06922909125507,0.0,0.0,0,0,0,1,38,39,885573729.6402436,903606616.6764524,0.016852128699889914,-15807613.978449464,894590173.1583481,491573773.0611862,268377051.9475044,887800957.563098,396227184.50191176,619423905.6155936
2020-10-07,887800957.563098,43671421.596514836,-19814495.079256322,-19894374.26728587,52735.96050276025,2263.470501692718,-584.6389249761505,0.0,0.0,0,0,0,1,38,39,905388200.6770871,947278031.6777205,0.020968846033995094,-35672883.55786681,926333116.1774038,508435968.12255627,277899934.8532211,911606826.9514304,403170858.8288742,633706892.0982094
2020-10-08,911606826.9514304,-7484665.022087611,-34145410.05411473,-34563363.52001109,54291.58617071645,2348.8340680277083,-1145.106530951436,0.0,0.0,0,0,0,1,38,39,939533627.2110834,939793367.2623653,0.020802843512344862,-69870906.97330797,939663497.2367244,516808429.97891635,281899049.1710173,869923664.0165944,353115234.03767806,588024614.8455771
2020-10-09,869923664.0165944,23504014.83908872,10630046.773574498,10592664.656030597,52597.77624698999,2253.2786297953085,-972.1864392490747,0.0,27592.163370634284,1,0,0,2,37,39,901311451.9181235,963297386.220092,0.021008497571643525,-59319850.53045201,932304419.0691078,511217782.13046,279691325.72073233,903978816.7818305,392761034.6513705,624287491.0610982
2020-10-12,903978816.7818305,-2209034.6340860254,3568553.810120318,3580266.3406530507,46413.18421141209,2247.5039276197986,-915.3243655695719,0.0,53874.673441646286,1,1,0,2,37,39,899001571.0479195,961088348.3722535,0.018585892232236962,-55850300.27204168,930044959.7100866,509972558.40743923,279013487.913026,905239380.279774,395266821.8723347,626225892.366748
2020-10-13,905239380.279774,22660895.436088637,26751391.274615746,27174801.81980699,60679.20552740849,2180.625510524238,-477.87156564738996,0.0,0.0,0,0,1,2,37,39,872250204.2096953,983749252.8075035,0.025043862282221347,-29158265.02255261,927999728.5085994,507612374.46478444,278399918.5525798,954592690.5388957,446980316.0741113,676192771.986316
2020-10-14,954592690.5388957,-20201955.12331585,5415975.593412904,5268070.313912784,60038.64659227423,2167.0855053813493,-390.06561362358076,0.0,0.0,0,0,1,2,37,39,866834202.1525396,963547286.0750258,0.024934310067076998,-23800613.712625265,915190744.1137826,500937082.16451836,274557223.2341348,939748449.3822923,438811367.2177739,665191226.1481575
2020-10-15,939748449.3822923,-15989548.187441433,-3432834.9451915966,-3956868.958732121,91996.58403649389,2239.5813460335817,-448.2234689552355,0.0,25565.523329798467,0,1,0,1,38,39,895832538.4134326,947557732.7565107,0.03696982285527707,-27349228.61421776,921695135.5849717,505639194.7131575,276508540.6754915,920210295.5001701,414571100.78701264,643701754.8246787
2020-10-16,920210295.5001701,-7156534.56828856,12234294.000614498,12351752.345293814,89523.05173956386,2208.9957157376707,-249.155101488977,0.0,0.0,0,0,0,1,38,39,883598286.2950683,940401216.039406,0.03647392613375972,-15202684.158649445,911999751.167237,500179789.89837193,273599925.3501711,925200491.7213707,425020701.82299876,651600566.3711996
2020-10-19,925200491.7213707,-11236187.510767637,-492135.61856354645,-244342.68237270793,89106.51752590017,2210.226008155945,-258.6488238139576,0.0,0.0,0,0,0,1,38,39,884090403.262378,929165024.2055347,0.03628401144379794,-15781962.131021142,906627713.7339563,497518377.03009707,271988314.12018687,913385013.6516979,415866636.6216008,641396699.5315111
2020-10-20,913385013.6516979,-8826381.0211683,-15682532.070184782,-16221123.470285945,88690.38455391153,2249.43236206194,-517.0895739770262,0.0,0.0,0,0,0,1,38,39,899772944.8247759,920338638.4184569,0.035485106129331326,-31551228.242666006,910055791.6216164,500016543.052047,273016737.4864849,888789142.518579,388772599.466532,615772405.0320941
2020-10-21,888789142.518579,-29592863.01411296,3980206.4127103495,3172623.0702862516,89112.81210279155,2239.3381911033607,-453.2904013370247,0.0,0.0,0,0,0,1,38,39,895735276.4413443,890745770.4747903,0.03581483637047056,-27658397.369716763,893240523.4580673,491407025.55110085,267972157.03742018,863089159.1528634,371682133.60176253,595117002.1154432
2020-10-22,863089159.1528634,2498827.3920053197,-38364235.116433546,-39301153.85823337,91512.1538743193,2335.2486894241297,-1083.5082401115844,0.0,0.0,0,0,0,1,38,39,934099475.769652,893244606.4678102,0.035268594244323284,-66112367.193249226,913672041.118731,503540994.3478481,274101612.3356193,827133491.0150102,323592496.6671621,553031878.6793909
2020-10-23,827133491.0150102,3767592.17976396,-1572443.0562869431,-2394440.403000217,92934.85593188221,2339.179880164442,-1110.7813877741976,0.0,0.0,0,0,0,1,38,39,935671952.0657767,897012196.739964,0.03575670731778613,-67776491.45740867,916342074.4028704,504954634.804724,274902622.3208611,829236933.6810477,324282298.8763237,554334311.3601866
2020-10-26,829236933.6810477,-18306236.958011977,39206739.309425205,40082856.05238034,90720.98794463646,2241.1629770435466,-469.693203632922,0.0,0.0,0,0,0,1,38,39,896465190.8174186,878705961.3678811,0.03643148221995029,-28659246.323364735,887585576.0926498,488616047.5871958,266275672.82779494,850048486.5142897,361432438.9270939,583772813.6864948
2020-10-27,850048486.5142897,12649647.908321006,19512926.042315733,20188478.705287855,86384.60052096646,2192.3807860113548,-151.28479294520682,0.0,0.0,0,0,0,1,38,39,876952314.404542,891355612.3830961,0.035461969455732656,-9230936.518690586,884153963.3938191,485924597.4171366,265246189.0181457,882126716.9603986,396202119.54326195,616880527.9422529
2020-10-28,882126716.9603986,-30513208.443541113,37903978.386754476,38264757.32477939,82886.60927827553,2097.620711631857,-7.942275523831253,0.0,0.0,0,0,0,1,38,39,839048284.6527427,860842408.4085411,0.03556312537189531,28592191.885792494,849945346.5306419,466925087.49795806,254983603.95919257,889436689.9727697,422511602.4748117,634453086.0135772
2020-10-29,889436689.9727697,7010108.195420693,-25690548.5391291,-25384587.980794765,86307.04500652192,2160.082656366178,-0.7826209754261709,0.0,0.0,0,0,0,1,38,39,864033062.5464712,867852507.0725206,0.035959892681394684,2817435.511534214,865942784.8094959,476173045.5320715,259782835.44284877,870672101.8840902,394499056.3520187,610889266.4412414
2020-10-30,870672101.8840902,-39192476.89502039,-1330637.5067030883,-1335713.1286177929,81881.27223346986,2075.372468705916,-13.13515493731141,719585.8086869497,0.0,0,0,0,2,37,39,830148987.4823664,830148987.4823669,0.03550839481650913,-801467.0809206963,830148987.4823667,456581943.1153016,249044696.24471,829349582.63876,372767639.52345836,580304886.39405
2020-11-02,829349582.63876,11580969.81838209,-24004226.982336424,-22552097.325427588,83763.74402105976,2135.3829605923015,-411.2562491646499,0.0,0.0,0,0,0,2,37,39,854153184.2369206,841936163.3747293,0.03530391082545831,-25093601.64394474,848044673.805825,466729996.1147585,254413402.14174747,816844285.8574959,350114289.7427374,562430883.7157484
2020-11-03,816844285.8574959,34531984.002700455,-19695216.548277754,-22266379.385803048,87198.15556566548,2184.6210369307078,-734.4741872250836,0.0,0.0,0,0,0,2,37,39,873848414.7722831,876409229.2921208,0.03592309086218331,-44815374.13576782,875128822.032202,481256831.7547151,262538646.6096606,831595305.3032027,350338473.54848766,569056658.6935421
2020-11-04,831595305.3032027,30885759.41797451,9117758.933155896,11015823.990380473,83345.06487727189,2107.0780637950356,-585.7797766567285,0.0,21899.41719032626,1,0,0,3,36,39,842831225.5180142,907236074.0191168,0.035599325757510854,-35742494.84685123,875033649.7685654,479658386.1601834,262510094.93056962,871495100.4705527,391836714.31036925,608985005.539983
2020-11-05,871495100.4705527,37213880.0839588,-30558572.741104916,-33078587.15767777,84659.06738084521,2239.746359479902,-1101.8590766457444,0.0,23072.955720324146,0,1,0,2,37,39,895898543.7919607,945274755.0432662,0.03401865587157545,-67232079.25296068,920586649.4176135,505088251.8984047,276175994.82528406,878043813.6775883,372955561.7791836,601867818.8523042
2020-11-06,878043813.6775883,8201020.492036824,9794145.234424666,9968558.954672744,83446.84196676308,2214.053959884258,-938.0582962885238,0.0,0.0,0,0,0,2,37,39,885621583.9537032,953192987.9288405,0.033920653755888056,-57237455.36675739,919407285.9412718,503984722.1683211,275822185.78238153,895956808.5577468,391972086.3894257,620134622.7753652
2020-11-09,895956808.5577468,-45379901.35221016,-160611791.0950933,-158605344.88190964,104840.2953015808,2615.583277326354,-3552.693450934353,0.0,0.0,0,0,0,2,37,39,1046233310.9305418,906634791.4653735,0.036074655542175496,-216774515.65023172,976434051.1979576,540528691.1455059,292930215.3593873,689859338.7049682,149330647.5594623,396929123.34558094
2020-11-10,689859338.7049682,-9152321.963246271,1427666.6141068311,-462941.439528223,104864.02820267678,2610.484983552918,-3529.4847128664196,0.0,0.0,0,0,0,2,37,39,1044193993.4211673,897388208.587272,0.036153291812450646,-215358389.25964594,970791101.0042197,537605250.1731682,291237330.3012659,682028900.3278968,144423650.15472865,390791570.02663094
2020-11-11,682028900.3278968,44139024.14438634,28991086.574601512,28894232.00528912,99599.20975405887,2538.007303350067,-3058.89708834109,0.0,0.0,0,0,0,2,37,39,1015202921.3400269,941703979.9392987,0.035318767073811305,-186644568.1021682,978453450.6396627,539986871.3868327,293536035.1918988,755058890.9473456,215072019.5605129,461522855.7554468
2020-11-12,755058890.9473456,15944587.327998018,34273507.65515525,33506606.15425435,70633.78938240606,2452.3235193800183,-2491.889254351753,0.0,0.0,0,0,0,2,37,39,980929407.7520072,957253832.067664,0.025922522025249316,-152047479.92654765,969091619.9098356,533592280.3425182,290727485.97295064,805206312.5753814,271614032.2328632,514478826.60243076
2020-11-13,805206312.5753814,12409929.667093582,-44105299.96118957,-42475772.43219944,68047.26681814101,2498.6707797157956,-3217.130008388193,0.0,25566.391733562523,1,0,0,3,36,39,999468311.8863183,969716786.7616743,0.024510047755588186,-196299458.13894057,984592549.3239963,542269690.256314,295377764.7971989,773416610.1635051,231146919.90719104,478038845.3663062
2020-11-16,773416610.1635051,18720784.933021735,-51472724.791483454,-52648316.99150311,70143.53875680917,2627.3524989013754,-4086.3970340768988,0.0,0.0,0,0,1,3,36,39,1050940999.5605502,989934006.8116566,0.024027679920195576,-249339480.0453701,1020437503.1861033,562765801.5710793,306131250.955831,740593067.7217513,177827266.15067208,434461816.76592034
2020-11-17,740593067.7217513,5943464.611254174,-13882777.937715856,-19173117.4697245,75986.23685277789,2738.9377880004918,-4318.87985593559,0.0,30751.331885786345,0,1,0,2,37,39,1095575115.2001967,996071889.3921125,0.02496866247459573,-263524872.5655614,1045823502.2961546,577690506.9080871,313747050.68884635,732545436.8844831,154854929.97639596,418798386.19563675
2020-11-18,732545436.8844831,14928066.354230937,11420920.19151711,10558067.337754276,73989.56510307081,2710.385577665273,-4133.425017690863,0.0,0.0,0,0,0,2,37,39,1084154231.0661092,1011029417.995418,0.02456868467036521,-252208984.1302899,1047591824.5307636,578003623.8186872,314277547.3592291,758819010.825688,180815387.0070008,444541463.4664589
2020-11-19,758819010.825688,34701752.04216486,-21086441.380643185,-22377172.625519864,77528.31731745315,2456.090335561761,-4414.805867155946,0.0,0.0,0,0,0,2,37,39,1105240651.0027926,1046379226.3037095,0.025252594725827377,-274022433.1338173,1075809938.6532512,593167001.8767651,322742981.59597534,772354834.4543606,179187832.57759547,449611852.85838526
2020-11-20,772354834.4543606,15787234.643007226,3029217.091756239,3805790.533751265,79457.5469005095,2449.358746785132,-4368.4525643903,0.0,0.0,0,0,0,2,37,39,1102211436.0533094,1062237160.2250698,0.0259521140395788,-271145331.58284616,1082224298.1391897,596222720.8722603,324667289.4417569,791089909.548406,194867188.67614567,466422620.1066491
2020-11-23,791089909.548406,52325692.47098587,-55883618.548516124,-58652068.03365225,64544.07884126926,2573.544569993061,-5299.295130611149,0.0,0.0,0,0,0,2,37,39,1158095056.4968774,1116389206.119623,0.020063869759657838,-328921766.72758853,1137242131.3082502,626525818.478969,341172639.39247507,787464713.6414738,160938895.1625048,446292074.2489987
2020-11-24,787464713.6414738,-14722404.450453946,-66434386.806106165,-67263418.46349613,68818.65893619852,2721.176548900861,-6368.406622696073,0.0,0.0,0,0,0,2,37,39,1224529447.0053873,1101519514.7898717,0.020232030579271545,-395280411.06389415,1163024480.8976295,642738712.7990842,348907344.26928884,706235456.4959037,63496743.696819544,357328112.2266149
2020-11-25,706235456.4959037,54580770.932064325,6899826.61245006,5168277.979335026,69075.20934866239,2705.8436005992,-6277.398028394556,0.0,0.0,0,0,0,2,37,39,1217629620.2696397,1157278580.5934901,0.020422528289030732,-389631601.76242065,1187454100.4315648,654608531.2292645,356236230.12946945,767643407.2766417,113034876.04737723,411407177.1471723
2020-11-27,767643407.2766417,41463321.53595106,3722841.1259858683,4270544.841017927,70181.11800312862,2697.5706651811,-6239.773879724296,0.0,0.0,0,0,0,2,37,39,1213906799.331495,1200055698.5965662,0.020813132025489917,-387296309.7759907,1206981248.9640307,664185964.44859,362094374.6892092,812755846.617361,148569882.1687709,450661471.9281517
2020-11-30,812755846.617361,31662306.68135075,50001934.32848315,47499117.526074335,80978.95773876224,2236.0502190679886,-24.740519411182962,1428612.057180533,0.0,0,0,0,1,39,40,894420087.6271954,894420087.6271952,0.032593660617901365,-1509591.0149196386,894420087.6271954,491931048.1949574,268326026.2881586,892912707.9219753,400981659.7270179,624586681.6338167
2020-12-01,892912707.9219753,-11514016.184420388,-2564555.8443035064,-2916548.2454474163,82651.65287220056,2242.1101506323134,-61.628604487869666,0.0,0.0,0,0,0,1,39,40,896844060.2529254,882511873.6667577,0.033176999606376274,-3760389.4263784885,889677966.9598415,489681186.49256706,266903390.08795244,878753664.7219254,389072478.2293583,611850274.6339729
2020-12-02,878753664.7219254,-10051949.368607363,-24855692.169356354,-25460737.185234398,85002.77205361407,2303.0916437484752,-472.9784516804669,0.0,0.0,0,0,0,1,39,40,921236657.4993901,872620722.5483433,0.033217303816767976,-28859702.13643527,896928690.0238667,494526177.8869028,269078607.00716,843762850.5251001,349236672.6381973,574684243.51794
2020-12-03,843762850.5251001,10225711.078411415,-22472092.196516868,-22501608.80512781,79550.2241036369,2290.488140276953,-850.198053504667,0.0,27513.495876515473,1,0,0,2,38,40,916195256.1107811,883285897.0872992,0.031257617288782964,-51876491.40028477,899740576.5990402,495680051.10505915,269922172.979712,831410845.9771012,335730794.87204206,561488672.9973892
2020-12-04,831410845.9771012,11495194.781252345,-39612660.15624103,-41271823.33053442,86003.16099469329,2389.519833670689,-1522.80811389139,0.0,0.0,0,0,1,2,38,40,955807933.4682757,896124482.6955078,0.032392635459451556,-92917105.25438988,925966208.0818918,510773500.71435964,277789862.4245675,803208244.1528376,292434743.438478,525418381.7282701
2020-12-07,803208244.1528376,21493028.484302137,14189249.420237485,14263455.343107574,82759.62340190001,2354.046659411453,-1291.8591881955126,0.0,0.0,0,0,1,2,38,40,941618663.7645813,917633068.8323456,0.031640690197845114,-78825306.39837027,929625866.2984635,511893866.33746076,278887759.889539,838808824.6214466,326914958.28398585,559921064.7319076
2020-12-08,838808824.6214466,20696705.149518397,-11738242.464664387,-10873223.47284171,84550.05174628193,2382.762109399437,-1509.916164895661,0.0,0.0,0,0,1,2,38,40,953104843.7597749,939813215.1125947,0.03193564572454658,-92130477.85804033,946459029.4361849,520884756.9060812,283937708.8308554,847683610.1004989,326798853.1944177,563745901.2696435
2020-12-09,847683610.1004989,-37478090.00482198,3100796.6541042076,2986427.123388338,85981.30280780961,2374.9732927592927,-1463.0426191980807,0.0,0.0,0,0,1,2,38,40,949989317.1037171,902490732.550585,0.03258275483052834,-89270397.10361171,926240024.8271511,510619478.2687614,277872007.44814533,813221247.3776469,302601769.1088855,535349239.9295016
2020-12-10,813221247.3776469,34677019.090359055,-19655251.851066917,-18986531.017047886,86192.10862002092,2364.789084067393,-1808.54544385472,0.0,23537.37092632637,1,0,1,3,37,40,945915633.6269572,938485210.5251383,0.032803305073023634,-110351925.38774562,942200422.0760477,518395992.7193717,282660126.6228143,828133841.3810328,309737848.66166115,545473714.7582185
2020-12-11,828133841.3810328,-1224357.7308241674,23309240.769994915,24942718.929053754,43870.56917491901,2365.081452761166,-1433.2371067846764,0.0,23426.19624240363,0,1,1,2,38,40,946032581.1044663,937603183.3230038,0.016694356218189113,-87451755.66821754,941817882.2137351,518210570.16209084,282545364.6641205,850152359.4991322,331941789.3370413,567606994.8350117
2020-12-14,850152359.4991322,-2581841.2086011264,25323918.78020385,27250011.134617995,52680.33749020676,2301.771664420452,-1028.7450419217346,0.0,0.0,0,0,1,2,38,40,920708665.7681807,935612640.6471132,0.020598178557004573,-62770883.91386855,928160653.207647,510115759.89223254,278448195.9622941,872843029.7598672,362727269.86763465,594394833.7975731
2020-12-15,872843029.7598672,18798937.064049866,-20444851.937730666,-21984390.08059473,51300.055609137606,2352.883821165334,-1390.815490245867,0.0,0.0,0,0,1,2,38,40,941153528.4661337,956009132.8794776,0.01962274959473213,-84863318.04890037,948581330.6728057,521348341.7597095,284574399.2018417,871146776.8989081,349798435.13919866,586572377.6970664
2020-12-16,871146776.8989081,1735244.1481093257,1067598.0421586973,1770554.262216736,58677.449302777604,2350.214785031996,-1298.3535871181027,0.0,0.0,0,0,1,2,38,40,940085914.0127985,953112516.4470797,0.022470160901392196,-79221574.80720627,946599215.2299391,520303903.31560946,283979764.5689817,873891993.5010713,353588090.1854619,589912228.9320896
2020-12-17,873891993.5010713,25331947.49334443,-7579334.84575427,-7682570.162740481,60644.63777100128,2369.163134555081,-1460.8650642970574,0.0,0.0,0,0,1,2,38,40,947665253.8220325,980721490.8578296,0.023037744086859206,-89137529.34693909,964193372.339931,529479948.8610671,289258011.7019793,891584869.8089608,362104920.9478937,602326858.1069815
2020-12-18,891584869.8089608,2965307.8495886396,14279751.950311357,13595309.7395987,58390.75175648717,2333.4637532020056,-1222.1674983279395,0.0,0.0,0,0,1,2,38,40,933385501.2808022,983344470.9584701,0.022520888318374965,-74572932.1013658,958364986.1196362,525851768.1238582,287509495.8358908,908772650.1533592,382920882.02950096,621263154.3174684
2020-12-21,908772650.1533592,28120199.62434697,17448103.110536344,17633672.524286274,57219.784198919166,2289.8434823746497,-941.3824000384009,0.0,0.0,0,0,1,2,38,40,915937392.9498599,1011724015.140285,0.022489661924675386,-57440282.03624141,963830704.0450724,527712221.6700292,289149211.2135217,954285081.565126,426572859.8950967,665135870.3516042
2020-12-22,954285081.565126,30878156.884560637,17534869.510097772,17965061.827663623,63823.51055717075,2246.0063581779436,-667.9502666079196,0.0,0.0,0,0,1,2,38,40,898402543.2711774,1043390571.9032698,0.02557479826016717,-40756287.454042554,970896557.5872235,530368405.95717067,291268967.27616704,1002635862.5053188,472267456.5481481,711366895.2291517
2020-12-23,1002635862.5053188,5272514.362236611,-27622676.39835273,-30184645.676849794,69893.31905712625,2315.0630005995286,-1129.0003515499436,0.0,0.0,0,0,1,2,38,40,926025200.2398114,1049103964.1938709,0.027171609211120162,-68888157.04372537,987564582.2168412,540083551.1204112,296269374.66505235,980216993.2127945,440133442.0923834,683947618.5477421
2020-12-24,980216993.2127945,-11367538.707012014,8112859.340784917,9311684.525999472,72694.83199404401,2364.063087830834,-1019.8524628571402,0.0,27712.919771069086,0,1,0,1,39,40,945625235.1323335,1039090191.9640515,0.027674958900809732,-62228285.869249225,992357713.5481925,543460118.5307128,297707314.0644577,976863250.3054272,433403131.77471435,679155936.2409694
2020-12-28,976863250.3054272,-13895820.796156473,-13012314.483457848,-14679962.371553551,74636.02875221102,2396.5939363511184,-1214.0793346146597,0.0,0.0,0,0,0,1,39,40,958637574.5404475,1023959896.0243958,0.028028288337932538,-74079417.02733517,991298735.2824216,543581246.3682332,297389620.58472645,949881661.5116624,406300415.14342916,652492040.9269359
2020-12-29,949881661.5116624,-7691303.345093047,11125739.725047087,11176106.400481625,98766.69507709888,2368.7796150880326,-1018.7190189461713,0.0,0.0,0,0,0,1,39,40,947511846.0352131,1015376457.7763057,0.037525663005203415,-62159126.57976639,981444151.9057593,538097668.2546403,294433245.5717278,953218681.2571354,415121013.00249505,658785435.6854076
2020-12-30,953218681.2571354,41511438.58541485,-14593362.471470017,-15367359.162254695,99198.75873034024,2403.355637905516,-1273.6877918287962,0.0,0.0,0,0,0,1,39,40,961342255.1622064,1057754101.8425816,0.03714759540752414,-77716543.23023164,1009548178.502394,552841202.0093073,302864453.5507182,980038688.2801961,427197486.2708888,677174234.7294779
2020-12-31,980038688.2801961,5783721.176249855,1294681.902647397,2970562.18453034,86600.42640215466,2467.792728397731,-20.051004163590008,1136850.6751042097,0.0,0,0,0,1,42,43,987117091.3590925,987117091.359094,0.03158303485744676,-1223451.101507187,987117091.3590932,542914400.2475013,296135127.40772796,985896087.9993111,442981687.75180984,689760960.5915831
2021-01-04,985896087.9993111,2272440.4160109144,5917843.969071699,5841436.032486721,96080.46572672253,2452.9981071768343,-1.3981695954754292,0.0,0.0,0,0,0,1,42,43,981199242.8707339,988956881.3749554,0.035251726815872575,5033410.543711543,985078062.1228447,541598993.2049589,295523418.6368534,993992743.5186045,452393750.3136456,698469324.8817511
2021-01-05,993992743.5186045,24359003.626151416,-41855495.34282743,-41229002.75243534,98548.29566625967,2557.60363012076,-618.8782752038339,0.0,0.0,0,0,0,1,42,43,1023041452.0483041,1014159767.7559878,0.03467834697100657,-37762064.24972546,1018600609.9021459,560452377.5534881,305580182.97064376,976399642.2316172,415947264.6781291,670819459.2609735
2021-01-06,976399642.2316172,24218898.47377126,-29422229.30085243,-31023410.552434757,103661.15753045272,2631.1592018008237,-1112.8525285521243,0.0,0.0,0,0,0,1,42,43,1052463680.7203294,1038995516.3959488,0.03545777150753715,-67902866.14894319,1045729598.5581391,575487983.315086,313718879.5674417,971094168.5536789,395606185.23859286,657375288.9862372
2021-01-07,971094168.5536789,87955094.40872668,-20075406.32592819,-18975968.27365119,102181.03145746047,2681.347646683386,-1465.9111607886093,0.0,0.0,0,0,0,1,42,43,1072539058.6733543,1128317102.3650029,0.0342972789915792,-89445426.75998294,1100428080.5191786,603840993.193257,330128424.15575355,1038872891.0415058,435031897.84824884,708744466.8857522
2021-01-08,1038872891.0415058,46124820.394772805,4852832.328346846,4576731.399976541,103428.00597719918,2669.2155734117173,-1368.677278994665,0.0,0.0,0,0,0,1,42,43,1067686229.3646868,1173259627.697306,0.034873618416852076,-83512511.93865752,1120472928.5309963,613620775.7337325,336141878.5592989,1089748416.2969427,476127640.56321025,753606537.7376438
2021-01-11,1089748416.2969427,-38961010.48526756,-5019340.6199662015,-5473965.8399848025,101771.93235423505,2625.8759589096408,-1463.4823861117306,0.0,22355.21928402829,1,0,0,2,41,43,1050350383.5638564,1134941168.3790915,0.03488159400981187,-89297230.33902085,1092645775.971474,598840407.1639297,327793732.79144216,1045645100.4336435,446804693.26971376,717851367.6422013
2021-01-12,1045645100.4336435,47748976.29252878,-35038143.073098645,-35613090.92556984,104878.72393627648,2713.471280065111,-2043.1392806561425,0.0,0.0,0,0,1,2,41,43,1085388512.0260444,1182917180.528495,0.03478601459175344,-124666125.59935784,1134152846.2772698,621345848.7399371,340245853.8831809,1058251725.2611367,436905876.5211996,718005871.3779557
2021-01-13,1058251725.2611367,-3006920.9614715287,8378334.952909382,7516220.5405437695,107579.85332429783,2616.72853345982,-1894.6676087938094,0.0,30318.7329850615,1,0,1,3,40,43,1046691413.383928,1179092077.8130062,0.037001112936943005,-115606837.14674091,1112891745.598467,608780443.4684299,333867523.6795401,1063485962.7271899,454705519.25876,729618439.0476499
2021-01-14,1063485962.7271899,24010511.75890533,-41935817.34858148,-46185421.10401919,122822.11671548308,2865.1015538678266,-2567.971762312275,0.0,57413.371428113096,0,2,0,1,42,43,1146040621.5471306,1202070224.095543,0.0385814963154476,-156689802.4461727,1174055422.8213367,644329742.488025,352216626.84640104,1045380718.7791617,401050976.29113674,693164091.9327607
2021-01-15,1045380718.7791617,-42049762.220669396,32942780.78886649,33911131.95186236,143107.05867873444,2782.7445923169216,-1994.2612713744609,0.0,0.0,0,0,0,1,42,43,1113097836.9267688,1157814368.88102,0.046283928883183875,-121683738.59233999,1135456102.9038944,623382943.2982857,340636830.8711683,1036131418.772001,412748475.4737153,695494587.9008327
2021-01-19,1036131418.772001,31600542.646539643,-18350014.231955297,-17066229.16283502,153144.5468303333,2828.6196356654923,-2301.496226064698,0.0,0.0,0,0,0,1,42,43,1131447854.266197,1189659080.840313,0.048726979905473415,-140430278.20055783,1160553467.553255,636849126.4899373,348166040.2659765,1049229329.7631648,412380203.27322745,701063289.4971883
2021-01-20,1049229329.7631648,-12386361.653648658,1898400.2790513393,2364384.53762949,150034.96769467494,2823.8736734253544,-2261.952104623872,0.0,0.0,0,0,0,1,42,43,1129549469.3701417,1176608749.9741938,0.04781781571744834,-138017416.553321,1153079109.6721678,633017028.304591,345923732.9016503,1038591895.3424416,405574867.0378506,692668162.4407912
2021-01-21,1038591895.3424416,-12984504.188700765,28610022.348676138,27985487.05767819,148316.61069996032,2446.444339703062,-1755.4621298920815,0.0,0.0,0,0,0,1,42,43,1100899952.8663776,1163028815.2988117,0.04850030169677596,-108959718.40709472,1131964384.0825946,621027189.6846162,339589315.22477835,1054069787.8739268,433042598.18931055,714480472.6491485
2021-01-22,1054069787.8739268,39539528.90682126,-63184.66731359667,-1204423.5540809934,164930.9887154395,2446.584638122622,-1756.0895280129673,0.0,0.0,0,0,0,1,42,43,1100963087.1551797,1202379861.4841444,0.053930196779784806,-108998660.35942554,1151671474.319662,630883891.51759,345501442.2958986,1093381891.619829,462498000.1022389,747880449.3239303
2021-01-25,1093381891.619829,16240234.560992027,-8709661.498988163,-11363884.544833392,185037.10611711023,2465.939491752725,-1886.6831912539126,0.0,0.0,0,0,0,1,42,43,1109672771.2887263,1217831901.5156138,0.06002973121958991,-117104473.93989801,1163752336.4021702,637359806.7655213,349125700.920651,1100728006.8320162,463368200.06649494,751602305.9113653
2021-01-26,1100728006.8320162,-11439210.195572153,-954063.936052884,-4115140.7596955234,202138.09177869686,2468.059668644103,-1908.8212990486522,0.0,0.0,0,0,0,1,42,43,1110626850.8898463,1206611157.9978392,0.06552129815880735,-118478563.38922668,1158619004.443843,634840844.7664137,347585701.33315283,1088133153.8469822,453292309.08056855,740547452.5138295
2021-01-27,1088133153.8469822,-64282384.45596493,-161101036.51917195,-161211142.32901078,199077.00605075312,2826.06198537578,-4494.35452318878,0.0,0.0,0,0,0,1,42,43,1271727893.419101,1141510591.7878568,0.05635460427433813,-278959935.92206216,1206619242.603479,666896015.9726945,361985772.78104365,862548987.5732569,195652971.60056233,500563214.7922132
2021-01-28,862548987.5732569,21021368.47623743,120159015.48531632,121772213.25885154,182544.99496551312,2238.1602614965673,-2529.2696180431635,0.0,0.0,0,0,0,1,42,43,1151053848.7696629,1163290170.837308,0.057092201427263664,-159743344.29746294,1157172009.8034854,636138697.3402258,347151602.9410456,1003546535.4304885,367407838.09026265,656394932.4894428
2021-01-29,1003546535.4304885,16244910.35752635,-14967411.294603135,-13537837.611239288,75403.00326573542,1953.8245115149696,-21.214756426383257,1264476.3499787094,0.0,0,0,0,0,43,43,1004824034.4934127,1004824034.4934125,0.02701476103659293,-1339879.3532452583,1004824034.4934126,552653218.9713769,301447210.3480238,1003486087.7499223,450832868.7785454,702038877.4018985
2021-02-01,1003486087.7499223,22098419.131396644,-4096730.59100164,-4096730.59100164,72101.47006590833,2242.0460737313124,-89.73146512290829,0.0,0.0,0,0,0,0,43,43,1008920733.1790906,1026985214.0347767,0.025727025295573476,-5569539.214525342,1017952973.6069336,559422523.4624214,305385892.08208007,1021417827.1348599,461995303.6724385,716031935.0527799
2021-02-02,1021417827.1348599,27546722.985193275,-9121009.174918769,-9121009.174918769,66256.26702321616,2262.315005194983,-259.11650353316907,0.0,0.0,0,0,0,0,43,43,1018041752.3377422,1055860378.0008596,0.02342954606094061,-16083093.322748423,1036951065.1693009,569377620.2015376,311085319.55079025,1039779287.8766129,470401667.6750753,728693968.3258226
2021-02-03,1039779287.8766129,19752757.29870855,-35930230.6909269,-35930230.6909269,68196.68073238955,2342.159915383142,-852.540865979867,0.0,0.0,0,0,0,0,43,43,1053971961.922414,1076449947.4162056,0.023293603578296615,-52916329.61254346,1065210954.6693099,585304075.4307756,319563286.40079296,1023535107.4227116,438231031.99193597,703971821.0219187
2021-02-04,1023535107.4227116,13467241.988639843,-12373354.86926113,-12373354.86926113,68883.37755481515,2368.8136900863797,-1034.942998498895,0.0,0.0,0,0,0,0,43,43,1065966160.5388707,1088797952.4506738,0.023263417580908448,-64237841.286138296,1077382056.4947722,591989336.2743297,323214616.9484317,1024561445.0352271,432572108.7608974,701346828.0867953
2021-02-05,1024561445.0352271,17503385.838016514,-10395269.859490983,-10395269.859490983,70250.62311807099,2391.914367616004,-1227.210420907599,0.0,0.0,0,0,0,0,43,43,1076361465.4272015,1107770991.6883476,0.023496032824315217,-76171681.29771304,1092066228.5577745,599851187.5502473,327619868.5673323,1031600475.0945812,431749287.54433393,703980606.5272489
2021-02-08,1031600475.0945812,55599975.12841788,-44313003.033413894,-44313003.033413894,73279.56824893941,2179.089183070957,-1926.3716160219199,0.0,0.0,0,0,0,0,43,43,1120674437.0079205,1164479743.370089,0.02353997173349617,-121665575.74875283,1142577090.189005,627322266.9448984,342773127.0567015,1042814420.3389033,415492153.39400494,700041293.2822018
2021-02-09,1042814420.3389033,25859118.5731184,882209.2175002815,882209.2175002815,72021.9331406295,2487.431506243093,-1946.7734630048858,0.0,0.0,0,0,0,0,43,43,1119344177.8093917,1190317941.1415122,0.02316347057914636,-120834214.94513083,1154831059.475452,633382738.6281955,346449317.8426356,1069484266.8544246,436101528.2262291,723034949.0117891
2021-02-10,1069484266.8544246,-22144079.861191947,-34429606.79117773,-34429606.79117773,72248.17815708288,2563.9416760860554,-2496.5610995796237,0.0,0.0,0,0,0,0,43,43,1153773754.238725,1167797296.8253918,0.022542846065787943,-154958964.80149388,1160785525.5320582,638081450.4779654,348235657.6596175,1012838399.4044744,374756948.926509,664602741.7448568
2021-02-11,1012838399.4044744,20714092.17613785,60585792.02629122,60585792.02629122,55383.14580322298,2428.753341428255,-1529.184277774605,0.0,0.0,0,0,0,0,43,43,1092939003.6427147,1188997786.6678,0.018242493334676566,-94914886.20669961,1140968395.1552572,625131147.7597644,342290518.54657716,1094083800.030164,468952652.2703996,751793281.4835868
2021-02-12,1094083800.030164,27958148.320771474,-15356216.50408785,-15356216.50408785,54716.81673800021,2404.4058445615806,-1800.5475460415712,0.0,26312.59437523764,1,0,0,1,42,43,1081982630.0527112,1218362825.9831424,0.018205517795346165,-111758123.54740787,1150172728.0179267,629185495.511599,345051818.405378,1106605306.294033,477419810.7824341,761553487.8886551
2021-02-16,1106605306.294033,19910614.9324602,-37475134.3096085,-38569913.61202495,54921.440728559755,2548.295075545805,-2414.1407682002036,0.0,27407.38119612591,0,1,0,0,43,43,1146732783.9956121,1238801678.190145,0.01724178373394892,-149843220.09518504,1192767231.0928786,653720254.7462199,357830169.3278636,1088958592.2492673,435238337.50304747,731128422.9214038
2021-02-17,1088958592.2492673,20399584.715443708,-1031929.9191748872,-1031929.9191748872,56370.69740154638,2550.588325572821,-2420.46545495997,0.0,0.0,0,0,0,0,43,43,1147764746.5077693,1258505663.2077188,0.017680845422637606,-150235786.85958433,1203135204.8577442,658955839.7542605,360940561.45732325,1108270006.4710052,449314166.71674466,747329445.0136819
2021-02-18,1108270006.4710052,-67363051.96714608,24579297.01103144,24579297.011031438,45675.80386338398,2182.91843424242,-1948.8774235433098,0.0,0.0,0,0,0,0,43,43,1122643766.1818159,1188527570.8821836,0.014646934215599776,-123086995.1711564,1155585668.5319996,633925022.5750906,346675700.5595999,1065440809.7520379,431515787.17694724,718765109.192438
2021-02-19,1065440809.7520379,46685550.64759398,-23941614.610168032,-23941614.610168032,44652.511802195295,2229.4715803670547,-2344.969784202847,0.0,0.0,0,0,0,0,43,43,1146585384.1887708,1236243448.0694203,0.014019805651162719,-148103354.79175878,1191414416.1290956,653036477.2739863,357424324.83872867,1088139977.7794578,435103500.50547147,730715652.9407291
2021-02-22,1088139977.7794578,-103688088.57610533,-21313972.02335731,-21313972.023357317,45039.4398000745,2270.915448622881,-2665.8487510555574,0.0,0.0,0,0,0,0,43,43,1167899373.5774815,1131462272.543704,0.013883215193754128,-168369394.80350888,1149680823.0605927,633235380.2091705,344904246.9181778,963092482.8068928,329857102.5977223,618188235.888715
2021-02-23,963092482.8068928,-75411906.8081293,9310555.643762356,9310555.643762356,45017.960280338244,2252.8115545321616,-2514.7617266287843,0.0,0.0,0,0,0,0,43,43,1158588799.473683,1055773170.1009055,0.013988108385204439,-158827056.41866004,1107180984.7872944,611519932.3673313,332154295.4361883,896945851.7320734,285425919.36474216,564791556.2958851
2021-02-24,896945851.7320734,32830631.71847347,-55840913.89036884,-55840913.89036884,46604.58429889236,2360.931191663004,-3402.4671114048506,0.0,0.0,0,0,0,0,43,43,1214193184.2838304,1088781624.643554,0.013817941464971428,-214892659.66767478,1151487404.4636922,636453361.4460375,345446221.33910763,873887923.4399594,237434561.99392188,528441702.1008518
2021-02-25,873887923.4399594,-71499571.65547824,44677970.3823948,44677970.38239479,44160.03528564098,2274.0573832924592,-2697.1065577456943,0.0,0.0,0,0,0,0,43,43,1169515225.6932645,1017365734.1997395,0.013593335386811211,-170343572.0681491,1093440479.946502,605196001.2579142,328032143.98395056,847021739.0824159,241825737.82450175,518989595.0984654
2021-02-26,847021739.0824159,6740984.692574594,13898115.264135795,13898115.264135795,27917.674795942676,1648.7747004468256,-22.989414852956436,1404325.804024576,19719.564523616507,1,0,0,1,43,44,847941274.5155102,867660839.0391268,0.011852663891472739,-1451963.043344617,857801056.7773185,471297592.1144347,257340317.03319553,866210501.7810677,394912909.666633,608870184.7478722
2021-03-01,866210501.7810677,67344569.40876839,-29035399.934210338,-30270721.856802113,28526.61868879813,1745.9780808129622,-500.0567984264574,0.0,20954.89680109722,0,1,0,0,44,44,897931584.4180948,936052724.3775963,0.01143693228546197,-31582534.63746047,916992154.3978455,503392656.41982746,275097646.31935364,904471435.6614182,401078779.24159074,629373789.3420646
2021-03-02,904471435.6614182,-41347114.72998998,291633.9285549507,291633.92855495034,28726.60600864726,1745.4109917042692,-479.1597606440331,0.0,0.0,0,0,0,0,44,44,897639938.5907669,893649949.9788609,0.011520853427431699,-30262721.7248863,895644944.2848139,492704469.07194525,268693483.28544414,863388494.5052056,370684025.4332604,594695011.2197615
2021-03-03,863388494.5052056,-50093433.665316604,-11896625.211225312,-11896625.21122531,29418.806262001446,1768.2189588009696,-657.794619685448,0.0,0.0,0,0,0,0,44,44,909369750.2404985,842913940.1709564,0.011646275072949819,-41544923.34855461,876141845.2057275,483539410.11488867,262842553.56171823,801370127.2467408,317830717.13185215,538527573.6850226
2021-03-04,801370127.2467408,-67518641.45921347,14956538.037169123,14956538.037169125,29011.52046452955,1700.6577810982042,-401.4556993539439,0.0,19789.2177358605,1,0,0,1,43,44,874624001.7076478,774114319.8877977,0.011941299743477317,-25355096.801301718,824369160.7977228,455915780.48424375,247310748.23931682,748760522.2885778,292844741.80433404,501449774.049261
2021-03-05,748760522.2885778,-14427280.080645947,-12678719.695610803,-13081161.966233712,29089.111649434642,1764.182350583179,-601.8386728611451,0.0,20191.658189683243,0,1,0,0,44,44,907293780.2999204,759616105.2916069,0.011542105127552795,-38010863.549124956,833454942.7957637,462092160.41287786,250036482.8387291,721606404.0861597,259514243.67328185,471569921.24743056
2021-03-08,721606404.0861597,-13598705.892066726,-7239604.787943504,-7239604.787943505,30212.63570685321,1778.2593770322756,-694.0669890501224,0.0,0.0,0,0,0,0,44,44,914533393.902313,744573690.6051872,0.011893003499912598,-43835809.83474457,829553542.2537501,460503440.82199067,248866062.67612502,700738964.9628305,240235524.14083987,451872902.2867055
2021-03-09,700738964.9628305,101298639.4301952,-10251177.086480135,-10251177.086480135,30762.84411732621,1798.178376383488,-882.8770775622684,0.0,0.0,0,0,0,0,44,44,924777450.7115079,847516321.9926769,0.011975447577919216,-55760657.53024852,886146886.3520924,489312315.7116215,265844065.9056277,791756579.7637272,302444264.05210567,525912513.85809946
2021-03-10,791756579.7637272,11938925.241453724,-15325599.000244794,-15325599.000244793,29868.35539793055,1827.9781164079727,-1127.246082655754,0.0,0.0,0,0,0,0,44,44,940103031.2955287,859534527.0804279,0.01143769096078452,-71194489.43088973,899818779.1879783,496914541.15876555,269945633.7563935,788340738.3815719,291426197.22280633,518395104.6251784
2021-03-11,788340738.3815719,63144933.24580181,-21396641.82332789,-21396641.823327888,15728.900218620996,1869.5827609390867,-1476.570422313883,0.0,0.0,0,0,0,0,44,44,961499705.6258159,923330380.2078619,0.0058891376103105955,-93257079.30403471,942415042.9168389,519282506.7397102,282724512.8750517,830073693.9161658,310791187.1764556,547349181.0411141
2021-03-12,830073693.9161658,783808.5507436155,-15917239.799347257,-15917239.799347255,16092.941322535566,1900.4599859822722,-1718.998194364807,0.0,0.0,0,0,0,0,44,44,977379421.3623112,923492476.7387538,0.0059275433362794205,-108568307.01251411,950435949.0505326,524086945.5933818,285130784.7151598,814924351.1880313,290837405.5946495,529793566.47287154
2021-03-15,814924351.1880313,5569446.89845407,-12650206.43433848,-12650206.434338484,16647.98383655609,1925.0575859365542,-1914.7971117866548,0.0,0.0,0,0,0,0,44,44,990029615.6245135,928761498.0969412,0.006053631211203331,-120934554.42863083,959395556.8607273,529199259.21158934,287818667.0582182,807826953.9287846,278627694.7171953,520008286.8705664
2021-03-16,807826953.9287846,-49336465.03434513,33514966.28382096,33514966.28382096,16730.647702778766,1859.8896304134444,-1461.2426225665045,0.0,0.0,0,0,0,0,44,44,956514667.0697713,884277732.2716,0.006296853964039649,-92289007.74104238,920396199.6706856,508023833.1888314,276118859.90120566,791989123.1775655,283965289.98873407,515870263.2763598
2021-03-17,791989123.1775655,23255660.341118928,-19163439.62515296,-19163439.625152957,16524.490743990416,1897.1518945011996,-1758.0482380497667,0.0,0.0,0,0,0,0,44,44,975678117.1720454,907099444.9638253,0.006097109859426693,-111034625.5610379,941388781.0679353,519478296.3925699,282416634.32038057,796064958.5064439,276586662.11387396,513648324.1860633
2021-03-18,796064958.5064439,-57462933.8244493,34089958.31009888,34089958.31009887,16505.22389604485,1830.8658497959068,-1186.3757112310398,0.0,0.0,0,0,0,0,44,44,941588151.3236091,847604470.0564736,0.006310487864809605,-74928992.2882762,894596310.6900413,494377562.9112011,268378893.2070124,772676122.258336,278298559.3471348,504297229.05132353
2021-03-19,772676122.258336,26023949.234931294,-1857926.8900602162,-1857926.890060216,17215.0331134221,1834.4784724516355,-1241.1602109548753,0.0,0.0,0,0,0,0,44,44,943446071.5465552,875213995.5251383,0.00656890956223155,-78389065.95504475,909330033.5358467,501837320.3452511,272799010.060754,796825522.888355,294988202.54310393,524026512.827601
2021-03-22,796825522.888355,-8634682.808166789,15988938.872261299,15988938.872261297,16597.76472793809,1803.3888916411217,-992.2854269819819,0.0,0.0,0,0,0,0,44,44,927457144.2725767,866833839.733952,0.006442556768209683,-62670658.546230435,897145492.0032644,494945603.215261,269143647.6009793,804163992.2911862,309218389.07592523,535020344.6902069
2021-03-23,804163992.2911862,-46741769.3906497,32812572.090683892,32812572.090683896,15994.78248917581,1739.5866761832128,-452.05060706697446,0.0,0.0,0,0,0,0,44,44,894644576.322795,818769364.8655927,0.006436211483861624,-28550564.656861544,856706970.5941939,473085714.11323667,257012091.17825818,790220087.7448003,317134373.63156366,533207996.56654215
2021-03-24,790220087.7448003,-70450192.75614792,1347118.5554598758,1347118.555459876,16041.911034946428,1736.9672325615538,-422.1681172548129,0.0,0.0,0,0,0,0,44,44,893297433.888799,747764221.1439077,0.006464910514116199,-26663249.510830283,820530827.5163534,454930285.4526166,246159248.254906,721102286.4321927,266172000.9795761,474943038.1772867
2021-03-25,721102286.4321927,28978650.455090154,-12304596.62556732,-12304596.62556732,16368.888152983433,1760.8928340456096,-608.574639149904,0.0,0.0,0,0,0,0,44,44,905602028.937742,776196264.3725039,0.0065070522666410115,-38436292.9989413,840899146.655123,465729674.7744485,252269743.99653688,737761123.6917574,272031448.9173089,485491379.6952206
2021-03-26,737761123.6917574,968727.635041732,-10752610.986057866,-10752610.986057863,19419.36851199945,1781.441386217937,-786.5128915789414,0.0,0.0,0,0,0,0,44,44,916169855.7692245,777632319.3877413,0.007630651260022212,-49674498.415512085,846901087.5784829,469259036.5777027,254070326.27354485,727958815.9007239,258699779.32302123,473888489.6271791
2021-03-29,727958815.9007239,-28398814.55683843,9919219.494710049,9919219.494710049,19096.399357955685,1762.154077084864,-597.9676089328492,0.0,0.0,0,0,0,0,44,44,906250668.2150729,747226499.7402596,0.007585874427441008,-37766375.30102205,826738583.9776663,458681825.39958674,248021575.19329986,709461288.6257057,250779463.22611898,461439713.4324058
2021-03-30,709461288.6257057,34669512.18801686,-11786680.303907204,-11786680.303907203,19627.693634505595,1783.3267600860604,-786.335839178905,0.0,0.0,0,0,0,0,44,44,917139476.6156881,781987808.9748485,0.007704356740259356,-49663316.15866768,849563642.7952683,470638795.2284185,254869092.8385805,732325489.8071017,261686694.5786832,477456396.96852124
2021-03-31,732325489.8071017,43519608.057997905,3913648.086019117,3913648.0860191155,13192.159345905471,1299.59790991853,-26.863955997496976,1713776.4404930132,0.0,0,0,0,1,44,45,779758745.951118,779758745.951119,0.006090572743410675,-1726968.5998390913,779758745.9511185,428867310.27311516,233927623.78533554,778033050.0852338,349165739.81211865,544105426.2998983
2021-04-01,778033050.0852338,7398636.106748657,-1653362.0364547828,-1151647.9563620582,13316.16916006382,1519.4124539438817,-75.76403840099752,0.0,0.0,0,0,0,1,44,45,781412119.171139,788550105.148536,0.006134817697360372,-4785097.162168264,784981112.1598375,431561162.0384757,235494333.64795125,783766451.6347833,352205289.5963076,548272117.986832
2021-04-05,783766451.6347833,5865419.488335224,-5294216.746703234,-5331557.400762015,13617.80234470682,1529.7067467978113,-149.44343031307739,0.0,0.0,0,0,0,1,44,45,786706326.9245886,793762569.0148965,0.006231561481473105,-9438532.44082594,790234447.9697425,434452540.3311007,237070334.39092276,784325416.8373871,349872876.5062864,547255082.4464643
2021-04-06,784325416.8373871,2274327.360419034,-928073.6224636126,-473475.9325656123,13475.595543275462,1531.5113752683583,-175.50467594826966,0.0,0.0,0,0,0,1,44,45,787634421.5665841,796742700.8291637,0.006159220905975931,-11084505.8493644,792188561.1978738,435476001.6772661,237656568.35936216,785659550.9864986,350183549.3092325,548002982.6271365
2021-04-07,785659550.9864986,-30684516.478927955,8172685.108115048,8471540.541829547,14002.089991451203,1515.3689716265321,-51.50317865433693,0.0,0.0,0,0,0,1,44,45,779332613.9793591,766386549.8617576,0.006468037275103614,-3252832.336063385,772859581.9205585,425396421.65924716,231857874.57616752,763135181.3914872,337738759.7322401,531277306.8153197
2021-04-08,763135181.3914872,16488488.439454123,314246.06671380147,384758.51738888,15067.121615847733,1513.326276546557,-55.109489893395505,0.0,0.0,0,0,0,1,44,45,778282085.0810864,783403448.1377274,0.006969405933505538,-3480599.361688137,780842766.609407,429335487.5587578,234252829.9828221,779924306.9928259,350588819.4340681,545671477.0100038
2021-04-09,779924306.9928259,-10199537.65376703,3204617.3750597946,3365890.745420178,14001.232146430799,1506.920721819106,-6.360988918080032,0.0,0.0,0,0,0,1,44,45,774987799.7926829,773317132.1504825,0.0065039005440646405,-401746.6685103178,774152465.9715827,425825622.9754255,232245739.7914748,772916886.0417051,347091263.06627965,540671146.2502303
2021-04-12,772916886.0417051,-28436380.88164869,8424881.747298108,8284158.979631943,13805.711138748093,1490.5390122053227,-8.57229350236217,0.0,0.0,0,0,0,1,44,45,766562920.5627372,742604828.9933813,0.006483559113843875,10286752.202834606,754583874.7780592,415620083.4171665,226375162.43341777,752893063.1629345,337272979.7457681,526517900.72951674
2021-04-13,752893063.1629345,16864835.73289688,-3914452.494138988,-4059951.7507420555,13883.614414370943,1498.150439504231,-4.736905112626154,0.0,0.0,0,0,0,1,44,45,770477368.8878901,760145276.6521267,0.0064870188158645285,5684286.135151386,765311322.7700083,421179529.8293987,229593396.8310025,765831056.2008125,344651526.37141377,536237659.36981
2021-04-14,765831056.2008125,-12925414.978424348,-2919696.3223246033,-3350784.275109679,21658.570195920063,1503.8276222871839,-2.5961495033901922,0.0,0.0,0,0,0,1,44,45,773397062.8905516,746848906.9257994,0.010081607035576035,3115379.4040682316,760122984.9081755,418731345.5986153,228036895.47245264,749965787.5613403,331234441.96272504,521928892.0888877
2021-04-15,749965787.5613403,-11904669.708176628,-3839991.1716960957,-4080138.7777899336,19194.46474071669,1511.2942711719636,-0.18345500527779254,0.0,0.0,0,0,0,1,44,45,777237053.7455812,733981786.2103935,0.008890475915112397,220146.00633335114,755609419.9779873,416666562.67627275,226682825.9933962,734203443.327543,317536880.6512703,507520617.33414686
2021-04-16,734203443.327543,-10515568.421121584,-1789144.8275810068,-1392906.4405083118,19981.397077117974,1514.7731945904097,-23.760455174916387,0.0,0.0,0,0,0,1,44,45,779026214.3607821,723379409.0086001,0.00923371102943541,-1500660.3268368244,751202811.6846912,414552716.56038463,225360843.50540736,721880239.6945027,307327523.1341181,496519396.1890954
2021-04-19,721880239.6945027,-33920818.96942783,2263987.02051587,2213676.1978377383,17093.640961550034,1510.3709681214893,-1.0131197930578388,0.0,0.0,0,0,0,1,44,45,776762212.1767659,688990570.3529599,0.00792225812441765,1215743.751669407,732876391.2648629,405276306.2412697,219862917.37945887,690207823.4624776,284931517.22120786,470344906.08301866
2021-04-20,690207823.4624776,-16933506.369064163,-1712934.112372603,-1752364.6064774867,17164.4202587863,1513.7016566330306,-1.1878841480345528,0.0,0.0,0,0,0,1,44,45,778475137.696987,671619242.8227632,0.007937557661049222,-75024.26198112965,725047190.259875,401447352.0147869,217514157.07796252,671545731.0745546,270098379.05976766,454031573.99659204
2021-04-21,671545731.0745546,36614035.24122916,-7280495.952550358,-7428688.46190553,17547.891150293435,1527.858186724268,-124.72415877251714,0.0,0.0,0,0,0,1,44,45,785755638.8867663,708739037.7629789,0.008039701532470968,-7877315.29089582,747247338.3248726,412911451.1067746,224174201.49746177,700863125.606111,287951674.4993364,476688924.10864925
2021-04-22,700863125.606111,1060372.8151376601,3501308.6088929893,3500995.9694121694,21755.46079898937,1521.0501308946307,-64.70868381741971,0.0,0.0,0,0,0,1,44,45,782254353.0315243,709489915.8104429,0.010012045132487171,-4086864.241100192,745872134.4209836,412048784.86206806,223761640.32629505,705404507.9107898,293355723.0487218,481642867.5844948
2021-04-23,705404507.9107898,29892905.537299417,2021913.9365861777,1527509.2492102133,21985.1316839609,1517.1185935371768,-43.896438145634335,0.0,0.0,0,0,0,1,44,45,780232419.5334051,740069748.8727158,0.010143961219861953,-2772406.6197242737,760151084.2030604,419087163.07820046,228045325.2609181,737298815.4751469,318211652.39694643,509253490.21422875
2021-04-26,737298815.4751469,37785693.50083763,-4067140.9177144985,-4131749.923528585,18061.145894421916,1525.0269066009985,-111.54343108722887,0.0,0.0,0,0,0,1,44,45,784299551.9662277,778044155.191569,0.00829021578004404,-7044848.279193401,781171853.5788983,429800904.3877605,234351556.0736695,771000720.3958511,341199816.0080906,536649164.32218164
2021-04-27,771000720.3958511,714649.911415556,1581191.7505654607,1236072.8478077142,17776.191265892783,1521.9524088824958,-83.48036303843529,0.0,0.0,0,0,0,1,44,45,782718381.7109977,778551229.847941,0.008175902093588823,-5272443.98137486,780634805.7794694,429453321.9752846,234190441.7338408,773280224.3386121,343826902.3633275,539089782.6047713
2021-04-28,773280224.3386121,1965503.5969389507,-2903480.7964976635,-2745965.3475834504,17603.667291789327,1527.5980251035976,-131.62026217259975,0.0,0.0,0,0,0,1,44,45,785621841.4818501,780637502.1352942,0.00806662937615204,-8312858.663532615,783129671.8085722,430845927.9783786,234938901.54257163,772326039.4495245,341480111.4711459,537387137.9069529
2021-04-29,772326039.4495245,-22090985.471643474,-3400734.8693896644,-3201170.460082932,16178.797122009584,1314.542481220972,-175.8070416804817,0.0,0.0,0,0,0,1,44,45,788725488.7325833,758120021.5622575,0.0073845299120264595,-11301881.25088811,773422755.1474204,426147652.0103394,232026826.5442261,746819279.046809,320671627.0364696,514792452.50258285
2021-04-30,746819279.046809,1934616.7235074155,2217198.03326109,2508907.1440398325,14708.2412058116,1043.0154080605248,-16.884648501777647,1090468.7516374285,0.0,0,0,0,0,44,44,750971093.8035778,750971093.8035778,0.007050826426985101,-1105176.992843628,750971093.8035778,413034101.59196776,225291328.14107332,749866942.9414937,336832841.349526,524575614.8004204
2021-05-03,749866942.9414937,-13764808.689891167,-8654830.583199656,-8654830.583199656,15482.9301782431,1266.0431883112446,-162.97412004025486,0.0,0.0,0,0,0,0,44,44,759625912.9867469,737908728.4550982,0.007337631285183345,-10476907.716873527,748767320.7209225,412364956.00979865,224630196.21627674,727432923.8072929,315067967.7974943,502802727.5910162
2021-05-04,727432923.8072929,-27116813.625645075,12004992.488419494,12004992.488419494,15196.691247098306,1246.0349015027273,-2.828423961965376,0.0,0.0,0,0,0,0,44,44,747620940.9016364,709760324.4130514,0.007317623878161511,2545581.565768838,728690632.6573439,401726363.3737538,218607189.79720315,712307149.1852977,310580785.81154394,493699959.38809454
2021-05-05,712307149.1852977,-8611566.562177869,992752.9608248471,992752.9608248471,15270.21996908573,1244.3803121282872,-3.7642627220349847,0.0,0.0,0,0,0,0,44,44,746628187.2769724,701285228.9141442,0.007362806926590849,3387836.4498314857,723956708.0955583,399309763.41162777,217187012.4286675,704674305.980025,305364542.5683973,487487293.55135757
2021-05-06,704674305.980025,-18979900.76273547,-2983661.6081077945,-2983661.6081077945,15150.174037535315,1248.707301032734,-1.0580290011356939,0.0,0.0,0,0,0,0,44,44,749224380.6196405,681743367.3341221,0.007279611815357598,952226.1010221243,715483873.9768813,395203156.01942265,214645162.19306436,682696841.0844163,287493685.0649936,468051678.89135194
2021-05-07,682696841.0844163,16508454.266666938,-6325811.681926701,-6325811.681926701,15756.40078107822,1259.2503116321666,-93.05593529189957,0.0,0.0,0,0,0,0,44,44,755550186.9793,698845894.5371405,0.007507514893042523,-5982167.268764973,727198040.7582202,401376529.72807515,218159412.22746605,692864893.4627519,291488363.7346767,474705481.2352858
2021-05-10,692864893.4627519,-42431883.06503526,5611091.488194441,5611091.488194441,14935.591697525957,1249.898492673163,-0.8122730580119294,0.0,0.0,0,0,0,0,44,44,749939095.6038978,655298120.5420027,0.007169666233735418,731045.7522107363,702618608.0729502,388806258.81667,210785582.42188507,656030415.3804331,267224156.56376308,445244832.958548
2021-05-11,656030415.3804331,7299936.067218811,1941525.906730762,1941525.906730762,14908.361472526285,1246.6626249298242,-3.2174806547298704,0.0,0.0,0,0,0,0,44,44,747997574.9578946,662361236.4036533,0.0071751704949198246,2895732.5892568827,705179405.680774,389989581.5882817,211553821.7042322,665258212.4380544,275268630.84977275,453704390.7338222
2021-05-12,665258212.4380544,-35601541.588526,3703157.937521621,3703157.937521621,14657.644313209164,1240.4907003678647,-8.008511364926498,0.0,0.0,0,0,0,0,44,44,744294420.2207189,626137510.914303,0.007089602997682678,7207660.228433847,685215965.5675108,379822703.7947914,205564789.67025325,633346403.6249259,253523699.83013445,427781613.9546726
2021-05-13,633346403.6249259,-15147729.775021734,1469259.6577189039,1469259.6577189039,13870.149294949488,1238.041942956188,-9.078390979139542,0.0,0.0,0,0,0,0,44,44,742825165.7737129,611483511.4771025,0.006721977089966972,8170551.881225586,677154338.6254077,375718427.6013895,203146301.5876223,619655292.3218801,243936864.72049057,416508990.7342578
2021-05-14,619655292.3218801,37540108.57942086,-12400615.17308864,-12400615.17308864,14639.042886746658,1258.7096213636348,-82.3064307281457,0.0,0.0,0,0,0,0,44,44,755225772.8181809,650071274.3749921,0.0069781191650321915,-5291127.68966651,702648523.5965865,389085550.4392023,210794557.07897595,644781323.0885162,255695772.64931393,433986766.0095403
2021-05-17,644781323.0885162,305405.6428924217,-6901285.654187204,-6901285.654187204,14095.111402770195,1241.6920961747005,-192.99911372289603,0.0,17111.824731535144,1,0,0,1,43,44,745015257.7048204,650561322.0232732,0.006810921054999004,-12407085.882186174,697788289.8640468,386144907.81726444,209336486.95921403,638155284.8340695,252010377.01680505,428818797.87485546
2021-05-18,638155284.8340695,6491414.194302224,-1630120.2757965263,-1405668.6174294937,14265.249022302707,1272.5545524878055,-222.38386932577876,0.0,16887.369115681162,0,1,0,0,44,44,763532731.4926833,657281532.0196658,0.006725958739174481,-14296105.885228634,710407131.7561746,393380202.4527215,213122139.52685237,642986476.3051203,249606273.85239887,429864336.778268
2021-05-19,642986476.3051203,-17323333.078555677,16488870.754437575,16488870.754437575,14044.727876861318,1245.0730823561576,-2.5111618727356864,0.0,0.0,0,0,0,0,44,44,747043849.4136946,639877923.5676632,0.006768146260274111,2260045.685462117,693460886.4906789,384082635.71602416,208038265.94720367,642139211.8150458,258056576.09902167,434100945.8678422
2021-05-20,642139211.8150458,14257468.77367669,-10834183.90483028,-10834183.90483028,13711.393024813946,1263.130053842308,-146.3695709971441,0.0,0.0,0,0,0,0,44,44,757878032.3053849,654958257.7121124,0.006513055239136464,-9409472.421244979,706418145.0087487,391102974.11964357,211925443.5026246,645549902.0513502,254446927.93170667,433624458.5487256
2021-05-21,645549902.0513502,-1042815.4785988107,1091039.448562399,1091039.4485623988,13791.348651307328,1261.0789854586253,-126.78521617642244,0.0,0.0,0,0,0,0,44,44,756647391.2751752,653734812.8554325,0.006561689859398485,-8150478.182770014,705191102.0653038,390427920.5964107,211557330.61959115,645585468.9664317,255157548.37002105,434028138.3468406
2021-05-24,645585468.9664317,12092926.503062474,8465288.965457859,8465288.965457859,14060.33677498155,1246.9701761083606,-3.2340295568439696,0.0,0.0,0,0,0,0,44,44,748182105.6650164,666337525.9982599,0.006765359931315495,-207901.9000828266,707259815.8316381,391039013.19906986,212177944.74949142,666130867.8343236,275091854.6352538,453952923.0848322
2021-05-25,666130867.8343236,-726124.5300146299,4756077.037263889,4756077.037263889,13518.717568672839,1239.0433564001787,-6.30653960210138,0.0,0.0,0,0,0,0,44,44,743426013.8401073,664471415.982113,0.006546365386897719,5675885.641891241,703948714.9111102,389145658.1475605,211184614.47333303,670148534.360821,281002876.21326053,458963919.887488
2021-05-26,670148534.360821,29580263.345846187,-4175228.917247709,-4175228.917247709,14274.55326108361,1246.0021122775318,-1.3496227023135294,0.0,0.0,0,0,0,0,44,44,747601267.3665191,694324633.8040763,0.006873770013916698,1214660.4320821762,720962950.5852977,397861538.6609748,216288885.1755893,695540538.888648,297679000.22767323,479251653.7130587
2021-05-27,695540538.888648,16109811.064678881,426191.67560380837,426191.67560380837,17052.402236474416,1244.990060243616,-1.4309629224928222,0.0,0.0,0,0,0,0,44,44,746994036.1461697,710771622.5964507,0.008218090785305217,1287866.6302435398,728882829.3713102,401791116.49296355,218664848.81139305,712060732.7857915,310269616.29282796,493395883.9743985
2021-05-28,712060732.7857915,-7863899.572219055,-976501.4957352765,-976501.4957352765,31050.504637054713,976.6949051636632,-15.129393976425957,959237.1010921258,0.0,0,0,0,2,42,44,703220331.7178375,703220331.7178378,0.015895703188833377,-990287.6057296991,703220331.7178376,386771182.4448107,210966099.51535127,702231005.6776193,315459823.23280865,491264906.16226804
2021-06-01,702231005.6776193,18126572.55290902,-4601497.951990359,-4494623.458428946,31296.800911404636,1179.7030343470542,-101.21462042007605,0.0,0.0,0,0,0,2,42,44,707821820.6082326,722231437.6474886,0.015917633506161263,-6506654.169862032,715026629.1278605,392904405.59434193,214507988.73835817,715725861.9660405,322821456.37169856,501217873.22768235
2021-06-02,715725861.9660405,8023364.763949908,-4278614.455468009,-4872038.182890651,31379.392490898255,1186.834088054709,-153.41996611865946,0.0,0.0,0,0,0,2,42,44,712100452.8328254,729301944.9896597,0.01586374682361758,-9862712.107628107,720701198.9112425,395955622.0972625,216210359.67337275,719440266.2961535,323484644.19889104,503229906.6227808
2021-06-03,719440266.2961535,-19374070.357080292,3155850.5149610043,3565013.6387965214,31319.14410661532,1180.8552531498406,-99.02587278296285,0.0,0.0,0,0,0,2,42,44,708513151.8899045,709556676.2745466,0.015913454603216054,-6365948.9646190405,709034914.0822256,389943114.63560796,212710474.22466767,703191809.139308,313248694.5037,490481334.9146403
2021-06-04,703191809.139308,6988393.690717193,-1771404.3555901595,-1636599.2454252976,32414.19851268637,1183.8076001623292,-118.80120804762522,0.0,0.0,0,0,0,2,42,44,710284560.0973977,716013604.7932696,0.016428783786271477,-7637220.517347336,713149082.4453337,392088769.2275367,213944724.7336001,708377449.2823144,316288680.05477774,494432724.5487143
2021-06-07,708377449.2823144,22072077.308121756,-8545617.324790472,-8986099.831647087,39099.65877863787,1167.052686008312,-259.818125574531,0.0,18598.560698375466,1,0,0,3,41,44,700231611.6049874,738548804.8331028,0.020101744804189272,-16702593.786934137,719390208.2190452,394706684.6897719,215817062.46571353,721847118.2807292,327140433.5909573,506030055.8150157
2021-06-08,721847118.2807292,4249693.013286479,-6753973.705468502,-16005335.505682942,40288.23454997024,1225.1049618535574,-388.6538783648247,0.0,28152.93271523658,0,1,0,2,42,44,735062977.1121345,744259288.6018778,0.019731322199045706,-24984892.180595875,739661132.8570061,406583715.2841098,221898339.85710183,719275232.8723655,312691517.5882557,497376893.0152637
2021-06-09,719275232.8723655,5622238.5473056715,-1415143.6396861258,-3726232.846094893,40179.431971298676,1227.4635256512727,-381.98892516955107,0.0,0.0,0,0,0,2,42,44,736478115.3907636,747998579.2517706,0.019640224478351044,-24556430.903756857,742238347.3212671,407943079.4301717,222671504.19638014,723442993.8226142,315499914.39244246,500771489.62623405
2021-06-10,723442993.8226142,-21127190.29875779,-6209045.140682802,-5929458.045414524,39758.056414947416,1205.811837741299,-483.02118962635836,0.0,19200.063747851807,1,0,0,3,41,44,723487102.6447796,727099162.4532766,0.019783214181785448,-31051362.190265894,725293132.5490282,398820921.40675306,217587939.76470843,696048523.0536588,297227601.6469058,478460583.28895044
2021-06-11,696048523.0536588,9117929.880617978,-2449970.7232222,-3403706.561380551,52262.62311258269,1241.6185807617956,-513.13568392178,0.0,19034.0689604064,0,1,0,2,42,44,744971148.4570774,735632479.4853817,0.025255399970182595,-32987293.966400146,740301813.9712296,407399464.4084686,222090544.19136885,702645914.0018784,295246449.5934098,480555369.81050956
2021-06-14,702645914.0018784,9447879.245923419,3010667.801953968,2607973.3811889095,44534.47115827706,1236.0507638914905,-472.2991536683475,0.0,0.0,0,0,0,2,42,44,741630458.3348944,745422015.0287056,0.021617787453033728,-30362088.45010805,743526236.6818,408844641.2576447,223057871.00454,715060690.3302078,306216049.0725631,492002819.32566786
2021-06-15,715060690.3302078,-12602790.67577292,8658777.036231916,9183825.041645415,44510.29275768395,1221.3582196029179,-344.2518229210011,0.0,0.0,0,0,0,2,42,44,732814931.7617508,733202640.728545,0.0218659646498248,-22130474.330635786,733008786.245148,403145139.7106615,219902635.87354437,711073043.5043058,307927903.79364437,491170407.6307615
2021-06-16,711073043.5043058,-613412.3410449503,2119226.5782347014,1739600.0223860666,36640.52955374231,1217.8261683455282,-321.0547038096113,0.0,0.0,0,0,0,2,42,44,730695701.007317,733181448.1711311,0.018052098323779728,-20639230.959189296,731938574.5892241,402504072.34497786,219581572.37676722,712543113.9834064,310039041.63842857,492961541.6066392
2021-06-17,712543113.9834064,-4411919.28867888,3547833.36407758,3646308.009715817,44911.052941885966,2019.8551765846028,-282.86951938916246,0.0,0.0,0,0,0,2,42,44,727147863.570457,728606288.1692129,0.022234788643523736,-16972171.163349748,727877075.8698349,400295931.11344033,218363122.76095048,711635853.9915204,311339922.87808007,493272731.23056996
2021-06-18,711635853.9915204,-13321221.570471724,12180082.667698009,12821731.74170858,45131.98558741651,1986.021589675578,-69.77227727152308,0.0,0.0,0,0,0,2,42,44,714967772.2832081,714635919.7394507,0.022724821231570262,-4186336.6362913847,714801846.0113294,393149311.6198251,214440553.80339882,710451499.3524717,317302187.7326466,496010945.54907286
2021-06-21,710451499.3524717,1362798.0689372465,-1829288.3390263072,-1611069.086024845,43078.02191463537,1990.7264378424816,-103.91990678321125,0.0,0.0,0,0,0,2,42,44,716661517.6232933,716177125.4674608,0.021639347876106312,-6235194.406992674,716419321.545377,394042736.6538532,214925796.4636131,709943817.8669991,315901081.213146,495018021.40338606
2021-06-22,709943817.8669991,12479159.925077729,2005147.2886711338,1419677.4158559826,43182.197969908826,1985.156549160188,-65.87419256032905,0.0,0.0,0,0,0,2,42,44,714656357.6976676,728337394.4363978,0.0217525403667418,-3952451.5536197424,721496876.0670327,396481255.9183997,216449062.8201098,724386862.1651347,327905606.246735,507937799.3450248
2021-06-23,724386862.1651347,14720950.325361226,4215703.354603381,2822501.5480359485,42729.421827615304,1973.446268546406,0.0,0.0,0.0,0,0,0,2,42,44,710440656.6767062,743141870.019051,0.02165218405418698,138916.40422070026,726791263.3478786,398917664.5077746,218037379.00436357,743282759.8695402,344365095.3617656,525245380.8651767
2021-06-24,743282759.8695402,11414891.480849959,-9646515.87061372,-8647028.083192565,43611.80122139046,2000.242131067319,-153.7125767379562,0.0,0.0,0,0,0,2,42,44,720087167.1842349,754230278.2828325,0.021803260987268286,-9222754.604277372,737158722.7335336,404583719.7259786,221147616.82006007,745009370.2081095,340425650.4821309,523861753.3880494
2021-06-25,745009370.2081095,-7434525.441537139,-7600763.321997041,-8075138.990616529,45589.59688278905,2021.3553711549307,-278.90681953759196,0.0,0.0,0,0,0,2,42,44,727687933.6157751,746662901.019948,0.022553974196403058,-16734409.172255516,737175417.3178616,404972105.33971953,221152625.19535846,729930234.2962441,324958128.9565246,508777609.1008857
2021-06-28,729930234.2962441,18128848.156715423,6488042.580307314,7089084.0817702925,37830.40521241132,2003.3330300342918,-172.89247426908614,0.0,0.0,0,0,0,2,42,44,721199890.812345,764882843.0841997,0.01888373258227752,-10373548.456145167,743041366.9482723,407580678.01475346,222912410.0844817,754511125.0686103,346930447.05385685,531598714.9841286
2021-06-29,754511125.0686103,10844668.726994887,6154221.211503735,7129816.880682422,36800.78731163474,1986.237988538305,-72.61359917649429,0.0,0.0,0,0,0,2,42,44,715045675.8737898,775830030.1703869,0.01852788413271506,-4356815.950589657,745437853.0220883,408471210.30473363,223631355.9066265,771475127.8441867,363003917.539453,547843771.9375602
2021-06-30,771475127.8441867,818917.2036829758,-3453534.54397214,-2415119.8763426803,85444.79254534376,1708.5344677864402,-17.365251319248348,992398.3927869919,0.0,0,0,0,0,45,45,768840510.503898,768840510.5038979,0.0400084606574172,-1077843.185332656,768840510.5038979,422862280.77714384,230652153.15116936,767764358.4877818,344902077.7106379,537112205.3366125
2021-07-01,767764358.4877818,-9905768.86582944,-398413.59549541597,-398413.5954954163,79925.78940717246,2136.77477032561,-35.680670596601566,0.0,0.0,0,0,0,0,45,45,769238917.3172195,759521090.4728459,0.03740487323097373,-2140840.235796094,764380003.8950326,420651947.8133773,229314001.16850978,757382351.3311496,336730403.51777226,528068350.1626398
2021-07-02,757382351.3311496,-11106372.938252984,8672343.623429172,8672343.623429166,80279.89222241566,2112.684928011845,0.0,0.0,0.0,0,0,0,0,45,45,760566574.0842642,747896026.4621358,0.03799898941768071,6972015.661967516,754231300.2732,415143978.84081316,226269390.08196,754870154.8090314,339726175.9682182,528600764.7270714
2021-07-06,754870154.8090314,-12442757.774700819,10805493.797886457,10805493.79788646,77703.12370983145,2082.6697251619094,0.0,0.0,0.0,0,0,0,0,45,45,749761101.0582873,735453260.1760483,0.03730938361039974,17701927.5324589,742607180.6171677,408791645.36149824,222782154.1851503,753157270.3782324,344365625.0167341,530375116.1930821
2021-07-07,753157270.3782324,-21454223.061277393,11956583.626046278,11956583.626046276,76758.08826846088,2049.4569586682474,0.0,0.0,0.0,0,0,0,0,45,45,737804505.120569,713092459.2985626,0.03745289109088629,30490413.556170106,725448482.2095659,399614466.36081135,217634544.66286975,743584922.3116914,343970455.95088005,525950377.64882165
2021-07-08,743584922.3116914,-10455816.15547291,6642872.784927247,6642872.784927246,76839.77475732799,2031.0045428349692,0.0,0.0,0.0,0,0,0,0,45,45,731161635.4205889,702189652.7241821,0.037833383991387595,37505486.44220626,716675644.0723855,394895903.8072222,215002693.22171566,739697170.1709312,344801266.36370903,524694476.94921553
2021-07-09,739697170.1709312,13456726.375723524,-10111009.733527776,-10111009.733527776,76567.2128376084,2059.0906695756316,0.0,0.0,0.0,0,0,0,0,45,45,741272641.0472273,715750121.3700986,0.037184964202372155,27216198.230190754,728511381.208663,401319322.65669286,218553414.3625989,742968378.690959,341649056.0342661,524414964.3283601
2021-07-12,742968378.690959,-6125117.055769776,6079649.5849270765,6079649.584927076,75629.91353977619,2042.2027553429298,0.0,0.0,0.0,0,0,0,0,45,45,735192991.9234546,709597936.4346889,0.03703349892262596,33249344.871887565,722395464.1790718,397957381.68570864,216718639.25372154,742849323.5093318,344891941.8236232,526130684.2556103
2021-07-13,742849323.5093318,-22768263.373324733,6847864.840056881,6847864.840056877,74193.06136996741,2023.1809373941508,0.0,0.0,0.0,0,0,0,0,45,45,728345137.4618943,685941128.2227694,0.036671490917430126,40913603.69192457,707143132.8423319,389988823.2942606,212142939.85269955,726856755.0956314,336867931.80137074,514713815.24293184
2021-07-14,726856755.0956314,-25304677.227358986,11874092.462240705,11874092.462240702,65566.57332741366,1990.1973182898998,0.0,0.0,0.0,0,0,0,0,45,45,716471034.5843639,659854301.2374375,0.032944760162651875,53506302.51974821,688162667.9109007,379904885.68466854,206448800.3732702,713362593.954504,333457708.2698355,506913793.5812338
2021-07-15,713362593.954504,-6257573.270214146,2679195.091346702,2679195.091346701,65851.81030917654,1982.7550795574252,0.0,0.0,0.0,0,0,0,0,45,45,713791828.640673,653520050.5503875,0.03321227668919929,56198313.41493988,683655939.5955303,377517561.2297988,205096781.87865907,709720346.7204069,332202785.4906081,504623564.8417478
2021-07-16,709720346.7204069,-21029447.131212387,5036310.104852517,5036310.104852516,65837.05440876428,1968.7653043531448,0.0,0.0,0.0,0,0,0,0,45,45,708755509.5671321,632459026.6341156,0.03344078355261123,61202346.00552261,670607268.1006238,370741409.5286685,201182180.43018714,693663341.4049425,322921931.876274,492481160.9747554
2021-07-19,693663341.4049425,-7061378.035342653,421595.48215860524,421595.4821586049,64638.41765477692,1967.5942501090644,0.0,0.0,0.0,0,0,0,0,45,45,708333930.0392632,625320974.0675708,0.03285149753369831,61637946.36653292,666827452.053417,368830422.5286717,200048235.6160251,686960888.0283538,318130465.4996821,486912652.4123287
2021-07-20,686960888.0283538,23419202.560296174,-13268382.012253018,-13268382.012253016,65105.31168315643,2004.4508444043206,0.0,0.0,0.0,0,0,0,0,45,45,721602303.9855554,649173177.9963717,0.03248037329770703,47873425.26834202,685387740.9909636,378773985.69475955,205616322.29728907,697048607.7155582,318274622.0207986,491432285.4182691
2021-07-21,697048607.7155582,29395129.72259715,-7483238.253085828,-7483238.253085826,66098.86221930107,2025.2376389401866,0.0,0.0,0.0,0,0,0,0,45,45,729085550.0184671,679150140.7250596,0.03263758333757357,39744259.59779048,704117845.3717633,388513200.186805,211235353.611529,718896425.560489,330383225.37368405,507661071.94896007
2021-07-22,718896425.560489,-15367882.774201281,7550351.324105792,7550351.324105791,51442.17821927349,2004.264461334287,0.0,0.0,0.0,0,0,0,0,45,45,721535206.0803434,663006474.2007978,0.025666362504390854,48020977.73137641,692270840.1405706,382212180.37430245,207681252.04217118,711029456.1966355,328817275.82233304,503348204.1544643
2021-07-23,711029456.1966355,-9162587.595530266,18240524.81450461,18240524.8145046,50856.716646884895,1953.5962873615642,0.0,0.0,0.0,0,0,0,0,45,45,703294663.4501631,653740143.989905,0.026032357338050423,66316392.70905793,678517403.7200341,374423435.0325252,203555221.11601022,720058490.2952503,345635055.2627251,516503269.1792401
2021-07-26,720058490.2952503,36022835.65480038,3671079.382352904,3671079.382352904,62133.92767800794,1943.3988569980788,0.0,0.0,0.0,0,0,0,0,45,45,699623588.5193083,689235270.2267487,0.031971783586404255,70455001.17797685,694429429.3730285,382195894.1124797,208328828.81190854,759692214.8035825,377496320.69110286,551363385.991674
2021-07-27,759692214.8035825,-28212139.52167701,4066164.652401822,4066164.6524018203,60536.51653764603,1932.1039723986423,0.0,0.0,0.0,0,0,0,0,45,45,695557430.0635113,660869775.6449733,0.03133191453588907,74615927.77279639,678213602.8542423,373884672.93029666,203464080.8562727,735487635.5217421,361602962.59144545,532023554.6654694
2021-07-28,735487635.5217421,25558856.09984384,-21200694.60515472,-21200694.605154715,62950.9246308033,1990.9947973208202,0.0,0.0,0.0,0,0,0,0,45,45,716758127.0354953,686509819.6556729,0.03161782477559115,53273026.43612754,701633973.3455842,386654893.02456677,210490192.00367525,739784837.0865978,353129944.06203103,529294645.0829226
2021-07-29,739784837.0865978,-862970.9158427779,3445454.742005012,3445454.7420050115,46240.07628006129,1981.4240472099536,0.0,0.0,0.0,0,0,0,0,45,45,713312656.9955833,685371716.0318583,0.023336789691823925,56949364.80462158,699342186.5137208,385336726.10663956,209802655.95411623,742323062.2605271,356986336.15388757,532520406.3064109
2021-07-30,742323062.2605271,-700228.0527512234,2928310.332864721,2928310.3328647204,73349.23176619875,1447.7383366068,-16.47237999261439,967011.6098733336,0.0,0,0,0,0,44,44,744551144.5406399,744551144.5406399,0.035465291577951814,-1040360.8416388035,744551144.5406399,409503129.4973519,223365343.36219195,743512214.9649577,334009085.4676058,520146871.6027658
2021-08-02,743512214.9649577,-4934980.18140549,-3970592.033792851,-3970592.033792851,55800.60352349178,2079.227034540286,-81.25841260724664,0.0,0.0,0,0,0,0,44,44,748521732.4345028,739426346.9026706,0.026837186414243222,-4875504.756434798,743974039.6685867,409413106.4560185,223192211.90057603,734552840.1148578,325139733.6588393,511360628.2142818
2021-08-03,734552840.1148578,1288086.1993626473,408332.1607419691,408332.1607419691,56649.29914836121,2078.0927974743017,-82.2493946538806,0.0,0.0,0,0,0,0,44,44,748113407.0907485,741127572.8550469,0.027260235547330883,-4934963.679232836,744620489.9728978,409715915.34098625,223386146.99186933,736194605.0192169,326478689.67823064,512808458.02734756
2021-08-04,736194605.0192169,-3374580.9663566854,-1559809.196156981,-1559809.196156981,55684.3448122613,2082.4255641012005,-105.79155902230143,0.0,0.0,0,0,0,0,44,44,749673203.0764322,737552024.0532291,0.026740136969215185,-6347493.541338086,743612613.5648307,409289966.936237,223083784.0694492,731206507.1458961,321916540.2096591,508122723.0764469
2021-08-05,731206507.1458961,22633641.403071914,-6945683.000310773,-6945683.000310773,68974.70918156924,2101.305909121638,-229.64767296007275,0.0,0.0,0,0,0,0,44,44,756470127.2837896,760604351.21708,0.03282468720149424,-13778860.377604365,758537239.2504349,417092125.9894069,227561171.77513045,746827362.4977118,329735236.5083049,519266190.7225813
2021-08-06,746827362.4977118,12080751.698553951,554943.6496619845,554943.6496619845,62712.521402108476,2099.7643932525816,-221.70823081328075,0.0,0.0,0,0,0,0,44,44,755915181.5709293,772702839.1733224,0.029866456257487725,-13302493.848796844,764309010.3721259,419950264.2646094,229292703.11163774,759402223.3806881,339451959.1160787,530109520.26905036
2021-08-09,759402223.3806881,21649371.10084107,-5074482.19706781,-5074482.19706781,69658.5885905735,2113.8602184712945,-299.2245070855379,0.0,0.0,0,0,0,0,44,44,760989678.649666,793860924.121003,0.032953261517428695,-17953470.425132275,777425301.3853345,426762134.62515056,233227590.41560033,775909268.3315822,349147133.7064316,542681677.9159819
2021-08-10,775909268.3315822,-2201588.048188503,6336944.89262836,6336944.89262836,68979.50952690848,2096.2575709718494,-192.77406659749548,0.0,0.0,0,0,0,0,44,44,754652725.5498658,791542089.6623448,0.03290602761898613,-11566443.995849729,773097407.6061053,424281340.08054596,231929222.2818316,779977549.1499995,355696209.06945354,548048326.8681679
2021-08-11,779977549.1499995,-4527135.220985976,5160800.978486524,5160800.978486524,51902.66161560892,2081.92197695212,-100.98763454877535,0.0,0.0,0,0,0,0,44,44,749491911.7027633,786618570.3188109,0.02493016654331738,-6059258.072926521,768055241.0107871,421502216.0905317,230416572.30323613,780561293.1802268,359059077.0896951,550144720.8769907
2021-08-12,780561293.1802268,-11018011.709815184,3770570.7340946426,3770570.7340946426,68223.21160843875,2071.4481895990402,-34.038247260745365,0.0,0.0,0,0,0,0,44,44,745721348.2556546,775287923.8285426,0.032935031612663396,-2042294.835644722,760504636.0420985,417538385.43383205,228151390.81262955,773247666.4028403,355709280.9690082,545096275.5902107
2021-08-13,773247666.4028403,-19143027.54322331,180730.7812034183,180730.7812034183,66114.45813675155,2070.946181508837,-24.184963200175762,0.0,0.0,0,0,0,0,44,44,745540625.3431814,755670352.9746941,0.03192475918837363,-1451097.7920105457,750605489.1589377,412579775.84662795,225181646.7476813,754221301.9439019,341641526.09727395,529039655.19622064
2021-08-16,754221301.9439019,-16073516.68551165,14415759.030497435,14415759.030497435,64101.097987224115,2030.9023780658042,0.0,0.0,0.0,0,0,0,0,44,44,731124856.1036896,739038550.6559033,0.03156286519703269,13460892.534997225,735081703.3797965,404097094.49508274,220524511.01393893,752501474.0932786,348404379.5981959,531976963.07933974
2021-08-17,752501474.0932786,-18794449.678260326,1009119.0802860311,1009119.0802860311,64055.83583704201,2028.0993109893711,0.0,0.0,0.0,0,0,0,0,44,44,730115751.9561735,719987295.8405935,0.03158417119415792,14664791.818873882,725051523.8983835,399031549.5470004,217515457.16951504,734654115.7587783,335622566.2117779,517138658.5892633
2021-08-18,734654115.7587783,-2768747.405803168,9798531.879659556,9798531.879659556,62416.78176565467,1800.604147254448,-6.798753426677356,0.0,0.0,0,0,0,0,44,44,720241658.9017792,717145971.1148305,0.03119791969531155,24475512.33603847,718693815.0083048,395358990.4492414,215608144.50249144,741623277.2562628,346264286.8070214,526015132.7537713
2021-08-19,741623277.2562628,-9304026.712306194,11655577.222472705,11655577.222472705,60536.7103774962,1771.1168101747892,-9.855339210779308,0.0,0.0,0,0,0,0,44,44,708446724.0699157,708435069.8972464,0.03076196839573203,35479221.15880549,708440896.9835811,389642784.6952863,212532269.09507433,743916052.3175228,354273267.6222365,531383783.22244847
2021-08-20,743916052.3175228,21379880.504013564,-12833012.948230721,-12833012.948230721,63558.098285518834,1803.0492125124122,-6.309119018505616,0.0,0.0,0,0,0,0,44,44,721219685.0049648,729686533.3083998,0.03172530625343271,22712828.466620207,725453109.1566823,398787538.8285894,217635932.74700466,752401158.5151135,353613619.6865241,534765225.76810884
2021-08-23,752401158.5151135,28075606.28156826,-16081199.075999549,-16081199.075999549,65222.64792651527,1842.9173855073764,-1.6384073967592592,0.0,0.0,0,0,0,0,44,44,737166954.2029505,758432076.4444222,0.03185187984848428,5898266.62833333,747799515.3236864,410758105.3719907,224339854.5971059,764332184.3517337,353574078.979743,539992329.7546278
2021-08-24,764332184.3517337,28204909.399382483,-11552954.654922983,-11552954.654922983,65934.31310365367,1871.7997749897384,-105.61912885973996,0.0,0.0,0,0,0,0,44,44,748719909.9958954,787362761.7982601,0.03170257983048085,-6444557.015170574,768041335.8970778,421456663.4483336,230412400.76912335,780919970.9637357,359463307.5154021,550507570.1946124
2021-08-25,780919970.9637357,4741676.290913246,1021424.9584929923,1021424.9584929923,72262.30839308575,1869.2462430159067,-89.30245642581453,0.0,0.0,0,0,0,0,44,44,747698497.2063627,792059773.3476799,0.0347926752811581,-5448963.442931056,769879135.2770213,422324492.49882877,230963740.58310637,786612589.8485354,364288097.34970665,555648849.265429
2021-08-26,786612589.8485354,-14374071.689503878,4829475.794761482,4829475.794761482,62931.77715338183,1857.172543800776,-6.5801126271916095,0.0,0.0,0,0,0,0,44,44,742869017.5203105,777406560.574231,0.030497219887889646,-401498.39759135246,760137789.0472708,417212345.39965093,228041336.7141812,777006912.7690709,359794567.36941993,548965576.0548897
2021-08-27,777006912.7690709,32020311.92870727,-10792178.024121322,-10792178.024121322,63645.06659112967,1674.802627828714,-196.17925720498965,0.0,0.0,0,0,0,0,44,44,753661182.5229213,810348045.1577202,0.030401226047103526,-12176643.55065453,782004613.8403208,428685366.04630643,234601384.15209624,798172880.2304363,369487514.1841299,563571496.07834
2021-08-30,798172880.2304363,-2423508.7481723763,3523374.5705775,3523374.5705775,65361.18631695147,1666.5796091534762,-126.3212278684254,0.0,0.0,0,0,0,0,44,44,749960824.1190643,807048012.8031853,0.03137500829025554,-7840627.936660886,778504418.4611249,426750250.4365156,233551325.53833747,799208925.1249057,372458674.6883901,565657599.5865682
2021-08-31,799208925.1249057,5920887.119109974,-10720607.64763279,-10720607.64763279,69838.44205774378,1324.0153409939726,-14.816844926368926,882673.0174937113,0.0,0,0,0,0,45,45,794409204.5963837,794409204.5963837,0.03164847410543487,-952511.459552288,794409204.5963837,436925062.528011,238322761.3789151,793458002.3353275,356532939.8073165,555135240.9564124
2021-09-01,793458002.3353275,-736030.3711167902,-13830039.040670324,-13830039.040670326,70501.09908768884,1796.0871977186882,-239.27814357395255,0.0,0.0,0,0,0,0,45,45,808239238.9734097,793673178.6669738,0.0314020830067655,-14851746.84252119,800956208.8201917,440890066.3587663,240286862.64605752,778822988.6335068,337932922.27474046,538536125.9874493
2021-09-02,778822988.6335068,8223942.067068165,-10461407.481834864,-10461407.481834862,70186.11642292852,1819.3348093975733,-408.46783897523676,0.0,0.0,0,0,0,0,45,45,818700664.228908,801868513.3145733,0.03086232003494459,-25353176.212256074,810284588.7717407,446077327.59731567,243085376.63152218,776516747.9692876,330439420.37197196,533431371.33776546
2021-09-03,776516747.9692876,3194378.046265131,2745854.9180000117,2745854.918000011,69596.33099848471,1813.2329147993125,-365.32762037791827,0.0,0.0,0,0,0,0,45,45,815954811.6596906,805062892.074287,0.030705964106629985,-22675507.471732855,810508851.8669889,446052166.5164789,243152655.56009665,782388832.5078486,336336665.9913697,539236176.947752
2021-09-07,782388832.5078486,-10400589.853305077,-8822777.845557967,-8822777.845557965,68294.6665223876,1832.8390574452199,-507.3206755519042,0.0,0.0,0,0,0,0,45,45,824777575.850349,794586039.659478,0.029809345777509995,-31488869.517014742,809681807.7549134,446079782.66997415,242904542.326474,763098495.660845,317018712.9908709,520193953.33437103
2021-09-08,763098495.660845,-23512320.186060756,17119387.888353173,17119387.888353165,68708.6661739739,1794.7959681537723,-232.59397707181952,0.0,0.0,0,0,0,0,45,45,807658185.6691976,771073722.2393523,0.030625727890241025,-14436867.542388797,789365953.9542749,435065886.26059735,236809786.18628246,756638416.8989546,321572530.6383573,519828630.7126722
2021-09-09,756638416.8989546,18091911.27005758,-3715125.1718129474,-3715125.1718129464,69924.92931918918,1802.199443730087,-293.55008443484786,0.0,0.0,0,0,0,0,45,45,810989749.6785392,789165628.13625,0.0310398184007704,-18220350.068369865,800077688.9073946,440588331.9376242,240023306.67221838,770946786.7172395,330358454.7796153,530923480.0450211
2021-09-10,770946786.7172395,-12074149.839607164,17457414.09420393,17457414.094203923,68705.51947586275,1763.4052167066907,-8.639489394951264,0.0,0.0,0,0,0,0,45,45,793532347.5180107,776797589.6217022,0.031169475433072,-536244.1693418026,785164968.5698564,432259101.66082877,235549490.57095692,776263100.2180877,344003998.5572589,540713609.6471307
2021-09-13,776263100.2180877,5663953.723128144,-1352739.3899780952,-1352739.3899780943,69933.59032921208,1766.4112658653826,-31.532014683999822,0.0,0.0,0,0,0,0,45,45,794885069.6394222,782461540.4930189,0.03167261970329471,-1957159.5321103334,788673305.0662205,434080906.0150814,236601991.51986614,780506115.8401597,346425209.82507825,543904124.3202935
2021-09-14,780506115.8401597,-12248788.967488697,16154909.061151192,16154909.061151188,70589.19302894989,1730.5115178371448,-7.915025269299877,0.0,0.0,0,0,0,0,45,45,778730183.026715,770094601.2560534,0.03263275270986918,14247045.48473978,774412392.1413842,426142705.2220279,232323717.64241526,784343369.3372858,358200664.11525786,552019651.6948705
2021-09-15,784343369.3372858,11031933.922227263,251779.1949328448,251779.19493284472,71064.97130587086,1729.8264759737044,-8.0163763659111,0.0,0.0,0,0,0,0,45,45,778421914.188167,781126540.0245,0.032865711003004054,14429477.45863998,779774227.1063335,428808209.2625751,233932268.13190004,795557739.2932396,366749530.0306645,561625471.1613395
2021-09-16,795557739.2932396,1862465.2126356252,5365460.8599655535,5365460.859965552,71673.00038229999,1717.90322829156,-10.95833107799828,0.0,0.0,0,0,0,0,45,45,773056452.731202,782988996.4250616,0.0333769675506475,19724995.940396905,778022724.5781318,427664184.925626,233406817.37343952,802715699.3103557,375051514.3847297,569308881.9369161
2021-09-17,802715699.3103557,-4534699.440560243,-7677461.024099721,-7677461.024099721,73412.32132667581,1734.9642585637769,-6.653232656803527,0.0,0.0,0,0,0,0,45,45,780733916.3536996,778454307.7421227,0.03385075904097176,11975818.782246351,779594112.0479112,428833751.84164053,233878233.61437336,790431854.8353949,361598102.9937543,556553621.2210215
2021-09-20,790431854.8353949,-38870673.67818145,23246941.820321012,23246941.82032101,72006.03648222568,1683.3043680992346,-19.529155828014677,0.0,0.0,0,0,0,0,45,45,757486965.6446555,739583636.4506258,0.03422127945335707,35152480.49042642,748535301.0476406,412141998.80605304,224560590.31429216,774737780.7162645,362595781.91021144,550177190.4019723
2021-09-21,774737780.7162645,6653690.240659416,-10372639.122436613,-10372639.12243661,72706.48386711368,1706.3546823706718,-13.727112639274067,0.0,0.0,0,0,0,0,45,45,767859607.0668023,746237322.5999268,0.03408739560106045,24708802.75069332,757048464.8333645,416917212.7700224,227114539.45000935,770947817.9781898,354030605.20816743,543833278.5281805
2021-09-22,770947817.9781898,18279114.54573913,-8277138.503575966,-8277138.503575966,74087.7841569858,1724.7483266201061,-9.088479640340406,0.0,0.0,0,0,0,0,45,45,776136746.9790478,764516442.8835832,0.03436456578087378,16359263.352612734,770326594.9313154,423970134.8146101,231097978.4793946,780877421.896043,356907287.0814328,549779443.4166484
2021-09-23,780877421.896043,23586783.464598406,-5548796.64521516,-5548796.645215159,75491.03789475834,1737.0789687112792,-5.964832156779434,0.0,0.0,0,0,0,0,45,45,781685535.9200755,788103219.7953285,0.034766888209239837,10736697.882202983,784894377.857702,431531465.72485477,235468313.3573106,798841648.791668,367310183.0668133,563373335.4343574
2021-09-24,798841648.791668,-16188613.500245202,16379193.31585845,16379193.315858452,74146.07791541163,1700.6807679517851,-15.02415544886324,0.0,0.0,0,0,0,0,45,45,765306345.5783032,771914602.7214121,0.034878304882442805,27043479.807953835,768610474.1498576,422570554.353844,230583142.2449573,798959768.1859784,376389213.8321344,568376625.9410211
2021-09-27,798959768.1859784,10235423.573362319,-9462176.048460558,-9462176.048460558,75736.38756606074,1721.7078457388523,-9.726253995754586,0.0,0.0,0,0,0,0,45,45,774768530.5824834,782150022.1309558,0.035191284167522305,17507257.192358255,778459276.3567196,427968064.707484,233537782.9070159,799658991.3049058,371690926.59742177,566121208.3978899
2021-09-28,799658991.3049058,-31700079.92574608,17028886.67235115,17028886.67235115,78011.85881612549,1683.8658527348482,-19.144354518673683,0.0,0.0,0,0,0,0,45,45,757739633.7306817,750449948.059082,0.03706321792293498,34459838.13361263,754094790.8948818,414934377.133975,226228437.26846454,784911450.9141929,369977073.7802179,558683013.6457283
2021-09-29,784911450.9141929,-11571043.033980535,18880840.276861798,18880840.2768618,73886.7539569185,1641.908433614511,-29.621278416171865,0.0,0.0,0,0,0,0,45,45,738858795.12653,738829060.2540079,0.03600042606237843,53318301.14910936,738843927.690269,406364903.601461,221653178.3070807,792148973.6902725,385784070.08881146,570495795.3831918
2021-09-30,792148973.6902725,1715024.0543306905,-4602650.180327037,-4602650.180327036,82280.72363672653,1315.4355792737936,-15.754464798235363,930506.2991068219,0.0,0,0,0,0,46,46,789261347.5642762,789261347.5642762,0.037530104065826256,-1012787.0227437019,789261347.5642762,434093741.1603519,236778404.26928285,788249860.222647,354156119.0622951,551471455.9533641
2021-10-01,788249860.222647,15053069.066676755,7528067.885920799,7528067.885920802,74989.97820777775,1737.1850803257087,-3.578657604961859,0.0,0.0,0,0,0,0,46,46,781733286.1465688,804314423.5081053,0.0345340189975464,6441583.688931346,793023854.827337,435598591.720997,237907156.4482011,810757740.8034593,375159149.0824623,572850584.3552582
2021-10-04,810757740.8034593,-12895729.671050869,17729067.3587531,17729067.3587531,70955.19698238024,1697.7871652046197,-13.389691900849739,0.0,0.0,0,0,0,0,46,46,764004224.3420788,791418677.8726496,0.03343420114679857,24101445.42152953,777711451.1073642,427055936.77078605,233313435.33220926,815521807.6916524,388465870.9208664,582208372.3594432
2021-10-05,815521807.6916524,20364403.310064342,-3459732.5329847275,-3459732.532984728,69814.7504129812,1705.4754690617676,-11.429770837444133,0.0,0.0,0,0,0,0,46,46,767463961.0777954,811783076.2109196,0.032748521654850114,20573587.50739944,789623518.6443574,433184957.3760685,236887055.59330723,832358357.7640172,399173400.38794875,595471302.17071
2021-10-06,832358357.7640172,-11409791.18855162,-5610821.71021204,-5610821.710212041,69533.81666382287,1717.604062690578,-8.274950267330142,0.0,0.0,0,0,0,0,46,46,772921828.2107601,800373300.5673954,0.032386423937493546,14894910.481194258,786647564.3890778,431969873.6050769,235994269.31672332,815269920.3777021,383300046.7726252,579275651.0609788
2021-10-07,815269920.3777021,15758939.986939173,-4598433.181569302,-4598433.181569302,72658.25408058806,1727.8227876828337,-5.680849690487053,0.0,0.0,0,0,0,0,46,46,777520254.4572752,816132239.4861147,0.033641530647030904,10225529.442876697,796826246.971695,437289136.20871127,239047874.09150848,826359491.0709294,389070354.86221814,587311616.9794209
2021-10-08,826359491.0709294,-2010297.3434845256,4936326.498637403,4936326.498637404,70390.51267594393,1716.8531652105614,-8.385108142424624,0.0,0.0,0,0,0,0,46,46,772583924.3447526,814121935.057042,0.032799782347052844,15093194.656364322,793352929.7008972,435305661.06768626,238005878.91026917,829216838.1814634,393911177.1137771,591210959.2711942
2021-10-11,829216838.1814634,8458897.217546405,2225746.4175550505,2225746.4175550514,67650.01557256444,1711.9070719226597,-9.585006722432706,0.0,0.0,0,0,0,0,46,46,770358182.3651968,822580819.7006134,0.031613872823872874,17253012.10037887,796469501.0329051,436752659.6347124,238940850.30987152,839835534.1230575,403082874.4883451,600894683.8131859
2021-10-12,839835534.1230575,2168092.153402865,-10587719.144650292,-10587719.144650295,67491.98407724228,1735.4353424610697,-3.6663879148386584,0.0,0.0,0,0,0,0,46,46,780945904.1074812,824748916.9010233,0.03111241654513272,6599498.246709585,802847410.5042522,440471000.4575002,240854223.15127566,831350146.9166874,390879146.45918715,590495923.7654117
2021-10-13,831350146.9166874,8124792.18009239,-16213025.227984801,-16213025.227984805,81430.76151445696,1771.4642735032464,-156.1688849068735,0.0,0.0,0,0,0,0,46,46,797158923.0764608,832873724.2394313,0.03677444145273991,-9693241.13215077,815016323.6579461,447366107.9827961,244504897.09738383,823182098.4026691,375815990.419873,578677201.3052852
2021-10-14,823182098.4026691,8428126.072806146,-6722368.749417848,-6722368.749417849,83296.9622708699,1786.4028726342428,-265.78957276036135,0.0,0.0,0,0,0,0,46,46,803881292.6854093,841301842.5902917,0.037302654870024744,-16497283.826505184,822591567.6378505,451489848.4531957,246777470.29135513,824806079.3770864,373316230.9238907,578028609.0857313
2021-10-15,824806079.3770864,5624493.029313918,2094373.0433742777,2094373.0433742777,73374.25516684946,1781.748719282805,-233.20460032539327,0.0,0.0,0,0,0,0,46,46,801786923.6772622,846926339.4906666,0.03294482745979324,-14474768.296058893,824356631.5839643,452267661.97584534,247306989.4751893,832453119.7387267,380185457.7628814,585146130.2635374
2021-10-18,832453119.7387267,16681676.206467373,11518459.413013667,11518459.41301367,81048.90035451014,1756.1521414312547,-48.91008548435503,0.0,0.0,0,0,0,0,46,46,790268463.6440645,863608004.8672271,0.036921129299631504,-3035798.40937376,826938234.2556458,452982540.31002617,248081470.2766937,860573913.6999092,407591373.38988304,612492443.4232155
2021-10-19,860573913.6999092,10492057.68303459,-16806118.252794277,-16806118.25279428,82883.08252366718,1793.4990791265163,-320.98334397121323,0.0,0.0,0,0,0,0,46,46,807074585.6069323,874100074.1561838,0.03697044887875096,-19923104.10855806,840587329.8815581,460647394.2211256,252176198.9644674,854178442.5633609,393531048.3422353,602002243.5988935
2021-10-20,854178442.5633609,12230043.81653402,-89703.67026381093,-89703.67026381096,82147.54305339504,1793.698416720582,-323.72829746153946,0.0,0.0,0,0,0,0,46,46,807164287.5242618,886330115.6986732,0.0366382853606284,-20093480.53209555,846747201.6114676,463731815.1819469,254024160.48344028,866238105.1366969,402506289.95475006,612213944.6532567
2021-10-21,866238105.1366969,-10503540.311953943,-1610357.7864893589,-1610357.7864893596,78670.68105539512,1797.2769750361413,-350.91657077188523,0.0,0.0,0,0,0,0,46,46,808774638.7662635,875826564.887867,0.035017721652529685,-21781028.530668736,842300601.8270652,461589032.85184574,252690180.54811954,854046982.7176025,392457949.86575675,601356802.169483
2021-10-22,854046982.7176025,-16287794.182384858,8958209.50847631,8958209.508476311,82527.24738127198,1777.3698641276812,-207.8962640956152,0.0,0.0,0,0,0,0,46,46,799816438.8574564,859538776.8436266,0.03714578447487099,-12903906.047314048,829677607.8505416,454829625.86814356,248903282.35516247,846636440.2699126,391806814.40176904,597733157.9147501
2021-10-25,846636440.2699126,32585528.045868404,-9660340.735886682,-9660340.735886684,76552.66324592,1798.8372567641761,-364.7431988548726,0.0,0.0,0,0,0,0,46,46,809476765.5438793,892124307.9490198,0.03404539814063052,-22639233.0323714,850800536.7464495,465874106.65041876,255240161.02393484,869486509.0107063,403612402.36028755,614246347.9867715
2021-10-26,869486509.0107063,-8508858.73463251,3785187.788332105,3785187.7883321065,82364.15515651437,1790.4257600061271,-305.0634539051352,0.0,0.0,0,0,0,0,46,46,805691592.0027572,883615446.9102578,0.03680204206008855,-18934973.00100839,844653519.4565074,462611339.3283916,253396055.8369522,864681959.2715555,402070619.94316393,611285903.4346033
2021-10-27,864681959.2715555,-31440250.150386643,15987124.504289728,15987124.504289731,84348.951166706,1754.8987841989106,-48.82830086922884,0.0,0.0,0,0,0,0,46,46,789704452.8895097,852175206.7972095,0.038451881978007175,-3030722.122917652,820939829.8433596,449955137.5661553,246281948.95300788,849146190.7447752,399191053.17861986,602864241.7917674
2021-10-28,849146190.7447752,26265080.574264824,-20289354.111626744,-20289354.11162675,66983.57037327887,1760.9763631261671,-376.4737695134742,0.0,17554.447257370288,1,0,0,1,45,46,792439363.4067752,878404716.6078602,0.030430196236985965,-23367337.418077707,835422040.0073178,457332988.17399764,250626612.00219533,855038763.6923761,397705775.5183785,604412151.6901808
2021-10-29,855038763.6923761,9603934.645936735,10026085.043204036,9921718.131546631,72232.42731240325,1700.7448565751708,-17.130637866297665,1009702.5958227974,0.0,0,0,0,0,46,46,874668783.3815163,874668783.3815163,0.02972973807517581,-1081935.0231345892,874668783.3815163,481067830.85983396,262400635.0144549,873588531.9726005,392520701.1127665,611187896.9581456
2021-11-01,873588531.9726005,39499169.804091394,-25865084.77119632,-25865084.771196328,74850.67782441563,2001.1863633520718,-435.32517258020556,0.0,0.0,0,0,0,0,46,46,900533863.5084321,914167949.4533391,0.02992252163822967,-27020183.12566793,907350906.4808856,498702146.4158644,272205271.94426566,887149332.188862,388447185.77299756,614944060.2445962
2021-11-02,887149332.188862,19462680.315527268,13528849.150902336,13528849.15090234,75205.01404888138,1971.122248476127,-218.5464757639063,0.0,0.0,0,0,0,0,46,46,887005011.8142571,933630610.3093472,0.03052271937248836,-13564953.66810453,910317811.0618021,499509156.1216139,273095343.31854063,920067409.2170154,420558253.09540147,646972065.8984747
2021-11-03,920067409.2170154,9196311.589032296,-20787266.717069607,-20787266.71706961,74483.8787673465,2017.3161764918677,-554.6248203145352,0.0,0.0,0,0,0,0,46,46,907792279.4213405,942826959.0573198,0.029537810536720003,-34424988.84710908,925309619.23933,508044423.5907321,277592885.771799,908403432.9015669,400359009.31083477,630810547.1297679
2021-11-04,908403432.9015669,-7200955.634148436,8651658.458479714,8651658.458479714,89273.35510856168,1998.0902751184246,-416.6513697436253,0.0,0.0,0,0,0,0,46,46,899140623.8032911,935625981.872118,0.03574347214247687,-25861119.50132847,917383302.8377045,503648682.60901684,275214990.8513113,909766443.8096949,406117761.20067805,634551452.9583836
2021-11-05,909766443.8096949,5171972.095201218,3587342.7491021985,3587342.749102202,93994.29084984935,1946.3278361749676,-360.6617136847205,0.0,19705.755675075638,1,0,0,1,45,46,875847526.2787354,940797958.0775595,0.03863451535875774,-22385899.470086098,908322742.1781474,497953747.4030105,272496822.65344423,918413644.2735958,420459896.8705853,645916821.6201515
2021-11-08,918413644.2735958,45410064.50585541,-6193800.848817126,-6933525.340462353,93408.64505380586,2005.5262375383347,-459.7572832871745,0.0,20445.480166720867,0,1,0,0,46,46,902486806.8922505,986052712.7680658,0.03726050282681295,-28536658.962652206,944269759.8301582,517259220.2596916,283280927.94904745,957517599.5743679,440258379.3146763,674236671.6253204
2021-11-09,957517599.5743679,-11052704.200245352,2996607.967527369,2996607.9675273686,92028.3737918713,1998.8671083588376,-412.9361893416638,0.0,0.0,0,0,0,0,46,46,899490198.7614769,974999997.0649269,0.036832212969848045,-25630522.097068787,937245097.9132018,513597058.8946748,281173529.37396055,949371060.8987771,435774002.00410235,668197531.5248165
2021-11-10,949371060.8987771,-52929530.14058206,15373242.264104763,15373242.264104767,85503.14213864338,1964.7043340056316,-166.6083122864971,0.0,0.0,0,0,0,0,46,46,884116950.3025342,922070475.4703575,0.03481567812875739,-10341205.590196371,903093712.8864459,495752703.95834965,270928113.8659338,911731067.9761829,415978364.0178333,640802954.1102492
2021-11-11,911731067.9761829,25329654.13606358,-18165505.019276474,-18165505.01927648,94927.25616990842,2005.072119767338,-460.77514842683956,0.0,0.0,0,0,0,0,46,46,902282453.8953022,947400126.6357074,0.03787484958134014,-28599836.79890728,924841290.2655048,507534767.8275175,277452387.0796514,918801834.1337714,411267066.3062539,641349447.0541201
2021-11-12,918801834.1337714,10076121.114305615,-8137424.101735276,-8137424.101735279,95536.49529534277,2023.1552564899653,-592.0761159236221,0.0,0.0,0,0,0,0,46,46,910419865.4204844,957394546.673892,0.0377772274229085,-36749552.02284551,933907206.0471883,512474596.2946183,280172161.8141565,920646425.730187,408171829.43556875,640474263.9160306
2021-11-15,920646425.730187,-19471836.047188375,8806730.45424293,8806730.454242932,94526.77872874252,2003.5847505962731,-451.689744111172,0.0,0.0,0,0,0,0,46,46,901613137.7683228,937922708.5102408,0.037743061759922446,-28035915.151727915,919767923.1392817,504964618.45805705,275930376.9417845,909888345.2535194,404923726.79546237,633957968.3117349
2021-11-16,909888345.2535194,-4396657.591802349,3164907.4028060287,3164907.4028060273,95673.14949023437,1996.5516625467233,-402.2162189032104,0.0,0.0,0,0,0,0,46,46,898448248.1460254,933526066.5366114,0.0383353564187555,-24965144.621578574,915987157.3413184,502915991.0779605,274796147.2023955,908562516.2504765,405646525.172516,633766369.0480809
2021-11-17,908562516.2504765,-17492068.256959774,28389779.792200927,28389779.792200927,92623.00258777582,1933.4632547197825,-1.8520083230159679,0.0,0.0,0,0,0,0,46,46,870058464.6239021,916033989.8017011,0.03832418427882653,3333614.9814287424,893046227.2128016,490026036.8375959,267913868.16384047,919369536.3943762,429343499.5567803,651455668.2305357
2021-11-18,919369536.3943762,-12776094.55308896,30254710.609920565,30254710.609920576,89699.45381058351,1866.230539019948,-18.63556370129585,0.0,0.0,0,0,0,0,46,46,839803742.5589767,903214438.3350646,0.03845160688783464,33544014.662332535,871509090.4470206,477744732.35145915,261452727.1341062,936760300.5923725,459015568.2409134,675307573.4582664
2021-11-19,936760300.5923725,-5397917.851967755,10673224.077838203,10673224.077838205,86920.83422970587,1842.3505358276727,-24.517867527391576,0.0,0.0,0,0,0,0,46,46,829057741.1224527,897816524.4347085,0.0377434511139464,44132161.54930484,863437132.7785807,473171453.44541293,259031139.83357418,941950503.8166816,468779050.3712687,682919363.9831074
2021-11-22,941950503.8166816,-21534446.14165905,17399110.738103323,17399110.738103326,83964.65619403322,1803.6858054052734,-34.13840496423105,0.0,0.0,0,0,0,0,46,46,811658612.432373,876282074.8213159,0.0372413669575526,61449128.9356159,843970343.6268444,462568102.43504083,253191103.08805332,937732973.3043323,475164870.8692914,684541870.2162789
2021-11-23,937732973.3043323,10560520.139910493,17166511.052463584,17166511.052463587,84390.85915234366,1765.5380204804949,-43.62945346566948,0.0,0.0,0,0,0,0,46,46,794492109.2162228,886842597.399349,0.03823915800097082,78533016.23820508,840667353.3077859,460058282.1147041,252200205.99233574,965377335.5461211,505319053.43141705,713177129.5537853
2021-11-24,965377335.5461211,3335365.6100216713,-4490844.953135333,-4490844.953135333,83946.14371375344,1775.5176568595905,-41.08885625334852,0.0,0.0,0,0,0,0,46,46,798982945.5868157,890177968.8032664,0.0378238508141818,73959941.25602734,844580457.1950411,462239375.87686133,253374137.1585123,964139644.4880943,501900268.611233,710765507.329582
2021-11-26,964139644.4880943,-38497818.62891242,14355731.294761907,14355731.294761907,75187.15229051832,1743.616032021591,-49.02346002952847,0.0,0.0,0,0,0,0,46,46,784627214.4097159,851680141.9485021,0.03449711446084584,88242228.05315125,818153678.179109,448308199.81004024,245446103.45373267,939924064.5942253,491615864.78418505,694477961.1404927
2021-11-29,939924064.5942253,18534469.181883417,11803741.657702891,11803741.657702895,74439.56635801958,1716.8564518790947,-55.540676905579694,0.0,0.0,0,0,0,0,46,46,772585403.3455926,870214617.4374101,0.034686448608581444,99973218.43004346,821400010.3915014,449329275.3630303,246420003.11745042,970189497.1832285,520860221.8201982,723769494.065778
2021-11-30,970189497.1832285,-21377705.080369186,13905526.413398482,13905526.413398486,80535.22061487773,1871.950341559389,-21.00895700856646,1246346.274663792,0.0,0,0,0,0,47,47,962717318.516257,962717318.5162569,0.03011546469948167,-1326881.4952778816,962717318.516257,529494525.18394136,288815195.5548771,961392287.9623636,431897762.77842224,672577092.4074864
2021-12-01,961392287.9623636,-50503965.58389394,50247507.50094894,50247507.50094894,76939.06256382875,2027.710692456666,-27.168177902783746,0.0,0.0,0,0,0,0,47,47,912469811.6054996,912156170.5918441,0.03035504536226063,48902720.22501075,912312991.0986719,501779986.1296109,273693897.3296016,961060891.3593694,459280905.2297585,687366994.0297678
2021-12-02,961060891.3593694,13473267.223809317,-12926220.53589558,-12926220.535895579,82631.99743444847,2056.435629432287,-20.01807018523004,0.0,0.0,0,0,0,0,47,47,925396033.2445292,925492779.7164346,0.03214571708515297,36032526.33341408,925444406.4804819,508992004.90246737,277633321.94414455,961527342.467408,452535337.5649406,683894020.5232635
2021-12-03,961527342.467408,-42859407.69739608,53830825.34048573,53830825.34048571,99028.68930404469,1936.8115616542577,-49.870194739157085,0.0,0.0,0,0,0,0,47,47,871565202.744416,882633380.8907108,0.040903799322413344,89766350.53048277,877099291.8175634,482127906.0460025,263129787.545269,972401618.3625605,490273712.316558,709271830.8172915
2021-12-06,972401618.3625605,4186046.218257673,-18695356.810398042,-18695356.81039804,99978.1227531396,1978.3568022017243,-39.4293861305254,0.0,0.0,0,0,0,0,47,47,890260560.990776,886819434.6127213,0.04042875284857549,70972895.03494573,888539997.8017486,488783026.9504131,266561999.34052458,957794268.5750831,469011241.62467,691232269.2345586
2021-12-07,957794268.5750831,46149233.68821104,-47351865.79415004,-47351865.794150025,101883.1161640061,2042.528461560136,-13.057016731565728,0.0,18474.62189260977,1,0,0,1,46,47,919137807.7020612,932968648.6142693,0.039904703638228935,23502630.11681831,926053228.1581652,508983504.46418566,277815968.44744956,956473308.2025324,447489803.73834676,678657339.7550828
2021-12-08,956473308.2025324,12631025.733958079,-22215847.768048804,-22527058.78221789,92964.1817381381,2133.6433039747008,-0.6539126225090689,0.0,18785.832906778855,0,1,0,0,47,47,960139486.7886152,945599693.4332805,0.03485650354582058,1177042.720516324,952869590.1109478,524441769.3949047,285860877.03328437,946778869.1431881,422337099.74828345,660917992.1099038
2021-12-09,946778869.1431881,-41141160.984607846,29901570.619540107,29901570.619540107,101123.83059903693,2066.5366434475486,-17.47654308519204,0.0,0.0,0,0,0,0,47,47,929941489.5513967,903980377.3941756,0.03914717154217395,31457777.55334568,916960933.4727862,504977541.2139629,275088280.04183584,935440204.0076216,430462662.79365873,660351923.9657857
2021-12-10,935440204.0076216,2161742.2721020128,13185959.467472821,13185959.467472818,97445.40984377975,2037.0648233452098,-24.749092095747656,0.0,0.0,0,0,0,0,47,47,916679170.5053443,906142094.5650069,0.03826894803819065,44548365.77234578,911410632.5351756,501539274.792855,273423189.76055264,950692472.6530839,449153197.8602289,677269282.8925313
2021-12-13,950692472.6530839,-35209732.07134711,21687807.90819149,21687807.90819149,94462.64069914188,1988.869668961128,-36.74651724707126,0.0,0.0,0,0,0,0,47,47,894991351.0325075,870932354.8045008,0.03799651316457906,66143731.04472828,882961852.9185042,486230494.01087743,264888555.87555125,937078037.9723808,450847543.9615033,672189482.0968295
2021-12-14,937078037.9723808,-7555325.065511318,11613054.609875392,11613054.609875394,92879.62030209573,1963.0628824514226,-43.23560732961323,0.0,0.0,0,0,0,0,47,47,883378297.1031402,863218794.703139,0.03785089968635543,77824093.19330382,873298545.9031396,480818187.8067268,261989563.77094185,941044807.7237179,460226619.9169911,679055243.9527761
2021-12-15,941044807.7237179,18733671.63860467,-11877300.695010383,-11877300.695010383,96331.22179162891,1989.4568801001487,-36.584665465579896,0.0,0.0,0,0,0,0,47,47,895255596.0450668,881952449.6074768,0.038736691508198806,65852397.83804381,888604022.8262718,489064791.21538925,266581206.84788153,947806800.3177353,458742009.10234606,681225593.4698538
2021-12-16,947806800.3177353,-25357106.731145363,20054998.361501068,20054998.361501068,94661.2260868351,1944.890222787618,-47.67481792654183,0.0,0.0,0,0,0,0,47,47,875200600.254428,856595358.4542289,0.038937406328736365,85814672.2677753,865897979.3543284,476709019.6898856,259769393.8062985,942411927.937409,465702908.2475234,682642534.1311105
2021-12-17,942411927.937409,13353516.359807122,-28713088.986966934,-28713088.986966927,101120.70099640709,2008.6970862431115,-31.667983196162844,0.0,0.0,0,0,0,0,47,47,903913688.8094001,869948864.8561597,0.04027315086538379,57002369.75309312,886931276.8327799,488661322.8568599,266079383.04983395,926953211.6383559,438291888.7814959,660873828.588522
2021-12-20,926953211.6383559,-21006906.225687835,27466373.741154667,27466373.74115466,99853.83306614718,1947.6607047955065,-46.87269353708605,0.0,0.0,0,0,0,0,47,47,876447317.1579779,848941976.9540017,0.041014878133666006,84370848.36675489,862694647.0559897,475169689.3858938,258808394.1167969,933314726.1087679,458145036.72287405,674506331.991971
2021-12-21,933314726.1087679,39716613.82065804,-33225231.476594858,-33225231.47659485,96485.95936145636,2021.494546923885,-28.36169161288705,0.0,0.0,0,0,0,0,47,47,909672546.1157482,888658577.5902729,0.03818400974992661,51051044.90319669,899165561.8530105,495066408.23229265,269749668.55590314,939711615.6263249,444645207.39403224,669961947.0704217
2021-12-22,939711615.6263249,7842032.782407826,5454289.478870509,5454289.47887051,101508.29258841494,2009.373923815309,-31.336568315979836,0.0,0.0,0,0,0,0,47,47,904218265.716889,896500606.6262511,0.040413898631938276,56405822.96876371,900359436.1715701,495390631.3716295,270107830.851471,952908407.6323704,457517776.2607409,682800576.7808993
2021-12-23,952908407.6323704,11586134.788194044,-19218728.244359583,-19218728.244359583,108319.01034454114,2052.082195304177,-20.60042487549192,0.0,0.0,0,0,0,0,47,47,923436987.8868794,908086730.3899748,0.04222794217206694,37080764.77588546,915761859.1384271,504052778.96355754,274728557.74152815,945169526.6476307,441116747.68407315,670440968.9061025
2021-12-27,945169526.6476307,16144469.376847306,21530337.09404391,21530337.094043903,108146.68772675793,2004.2369997515548,-32.502760278368854,0.0,0.0,0,0,0,0,47,47,901906649.8881996,924231217.9297312,0.04316722532920558,58504968.50106394,913068933.9089653,501629799.4488927,273920680.1726896,982738158.1650347,481108358.71614194,708817477.9923451
2021-12-28,982738158.1650347,-26887011.18416564,15252607.812875865,15252607.812875867,105527.49357255058,1970.342308292235,-40.91890970426751,0.0,0.0,0,0,0,0,47,47,886654038.7315056,897344189.8324908,0.042846359489286896,73654037.46768153,891999114.2819982,490332259.0775744,267599734.28459942,971000156.723571,480667897.6459966,703400422.4389715
2021-12-29,971000156.723571,-7330785.493329372,27111661.42469427,27111661.424694262,108171.02107554142,1910.0941756346474,-55.966607302022375,0.0,0.0,0,0,0,0,47,47,859542379.0355912,889932968.4902201,0.04530500012214343,100739893.14364028,874737673.7629056,480345955.8332324,262421302.12887168,990674715.7614287,510328759.9281963,728253413.632557
2021-12-30,990674715.7614287,837490.9475920657,-34894322.0450235,-34894322.045023486,109755.80082363466,1987.637119206766,-36.52092575216578,0.0,0.0,0,0,0,0,47,47,894436703.6430447,890770462.5092752,0.04417538785648618,65737666.353898406,892603583.07616,491023626.7202322,267781074.922848,956510079.979367,465486453.2591348,688729005.056519
2021-12-31,956510079.979367,-5000787.747375161,15646049.919852251,15646049.919852247,134226.90142900337,1880.5798319619216,-22.279528838805557,1272901.2357576173,0.0,0,0,0,1,46,47,967155342.1518453,967155342.1518452,0.04996269203965641,-1407128.1371877193,967155342.1518452,531935438.1835149,290146602.6455535,965750072.3149606,433814634.1314457,675603469.6694071
2022-01-03,965750072.3149606,11553812.708625961,-31433218.663633652,-31495479.204975,138705.9939704448,2219.0856906551517,-531.2993170295617,0.0,0.0,0,0,0,1,46,47,998588560.7948182,978709159.3540243,0.050004736474865544,-32977198.98804176,988648860.0744212,544253858.0769515,296594658.02232635,945733648.1523561,401479790.07540464,649138990.1300298
2022-01-04,945733648.1523561,4803745.598445033,38130898.50089435,38565099.70822847,136242.2025284725,2134.350365423841,-2.7884142806410126,0.0,0.0,0,0,0,1,46,47,960457664.4407285,983512904.3440132,0.05106648083110475,5019145.705153823,971985284.3923709,534015525.41822183,291595585.3177113,988534181.6111182,454518656.19289637,696938596.293407
2022-01-05,988534181.6111182,-54789515.9415017,53595088.503196456,53321199.21315022,124542.82812089923,2015.2501882030904,-32.49546603797628,0.0,0.0,0,0,0,1,46,47,906862584.6913906,928723372.4763347,0.049440145486630074,58491838.8683573,917792978.5838627,504239618.5265008,275337893.5751588,987217194.0994141,482977575.5729133,711879300.5242553
2022-01-06,987217194.0994141,8016024.765840443,5729360.792953491,5688688.120835524,134773.62483376398,2002.5182583722801,-35.60466530676629,0.0,0.0,0,0,0,1,46,47,901133216.267526,936739408.4811949,0.05384165633258711,64088397.55217934,918936312.3743604,504524817.00055647,275680893.7123081,1000829772.9469672,496304955.9464108,725148879.2346592
2022-01-07,1000829772.9469672,-5029894.667907339,3575211.2289491342,2768090.477127296,123178.83429163588,1994.5733423627,-37.535270441283515,0.0,0.0,0,0,0,1,46,47,897558004.063215,931688423.8794072,0.04940558732053347,67563486.79431033,914623213.9713111,502189507.1888163,274386964.1913933,999253867.7117894,497064360.52297306,724866903.520396
2022-01-10,999253867.7117894,-3274890.3152739787,12387193.73852718,13098373.425705394,106673.95841628432,1967.0462417280974,-44.35886321113659,0.0,0.0,0,0,0,1,46,47,885170808.7776438,928413543.3965803,0.04338442326503465,79845953.78004587,906792176.0871121,497654628.4824382,272037652.8261336,1008261419.8640047,510606791.3815665,736223767.0378711
2022-01-11,1008261419.8640047,22422111.10088182,-29918073.13878279,-30716547.900359448,109453.58992484605,2033.530845867235,-27.67798239138404,0.0,0.0,0,0,0,1,46,47,915088880.6402558,950835635.9316877,0.04305952482492791,49820368.30449128,932962258.2859718,512235573.17499864,279888677.4857915,1000658010.0890424,488422436.9140438,720769332.603251
2022-01-12,1000658010.0890424,11781654.479125602,15791336.609672185,16321783.757381823,49642.46515673276,1954.940524086157,-36.41360377279811,0.0,19574.313789337506,1,0,0,2,45,47,879723235.8387706,962617297.6078576,0.020314670260339826,65544486.791036606,921170266.723314,504571295.15359557,276351080.0169942,1028163702.9258145,523592407.77221894,751812622.9088204
2022-01-13,1028163702.9258145,-33163856.219944723,35132588.37278323,36325038.947625674,29370.21895117463,1876.8680928713811,-55.916454518964684,0.0,0.0,0,0,1,2,45,47,844590641.7921214,929453446.7255653,0.012518820715308448,100649618.13413644,887022044.2588434,485740554.21902776,266106613.277653,1030104885.8113401,544364331.5923123,763998272.5336871
2022-01-14,1030104885.8113401,11898245.328360151,-1571715.1769125576,-2169059.0153487804,85708.01340426908,1924.8827628382815,-54.98554090472638,0.0,20034.885439262616,0,1,0,1,46,47,866197243.2772266,941351699.4354366,0.03562108407179698,98973973.6285075,903774471.3563316,495197097.84202707,271132341.40689945,1040327542.961166,545130445.119139,769195201.5542666
2022-01-18,1040327542.961166,-36539169.96756651,40441027.45687512,40419937.750804484,80898.51260266334,1835.0138187778432,-77.40888265464173,0.0,0.0,0,0,0,1,46,47,825756218.4500294,904812513.1595168,0.03526884071381802,139335988.77835512,865284365.8047731,473929993.824888,259585309.74143192,1044150259.542808,570220265.7179201,784564949.8013761
2022-01-19,1044150259.542808,-16632822.331137465,4748758.48267219,3700059.4137762953,82653.32613218954,1824.4610090089338,-80.00212769300731,0.0,0.0,0,0,0,1,46,47,821007454.0540202,888179712.5207974,0.0362422987278145,144003829.84741318,854593583.2874088,468347164.3464054,256378074.98622262,1032185286.8270918,563838122.4806864,775807211.8408692
2022-01-20,1032185286.8270918,-15035132.35027114,13515153.408861019,12929761.687605163,81814.42231871717,1794.4273377802838,-87.517552095163,0.0,0.0,0,0,0,1,46,47,807492302.0011276,873051899.6920696,0.03647488893918529,157531593.7712934,840272100.8465986,460510665.5233557,252081630.25397956,1030585200.3731487,570074534.849793,778503570.1191691
2022-01-21,1030585200.3731487,-40891085.228640854,35020676.11900329,35169063.72992862,82076.90419407251,1716.6036286650317,-106.92884546501988,0.0,0.0,0,0,0,1,46,47,772471632.8992642,832160792.5222812,0.03825083569602009,192471921.83703578,802316212.7107728,439781688.0003495,240694863.81323183,1024634324.0341002,584852636.0337507,783939460.2208683
2022-01-24,1024634324.0341002,9655213.52813034,-7317088.613909212,-6294974.135506368,98038.871386807,1732.8638211213388,-102.81021137311225,0.0,0.0,0,0,0,1,46,47,779788719.5046024,841816029.6053325,0.04526096981971307,185058380.47160208,810802374.5549674,444390623.25271386,243240712.36649022,1026876040.1305443,582485416.8778305,783635327.7640541
2022-01-25,1026876040.1305443,80625.82762818687,12227197.248209186,12454413.261193091,99834.50721161434,1705.6922699099102,-109.5919692445863,0.0,0.0,0,0,0,1,46,47,767561521.4594595,841818484.0589148,0.04682415883464716,197265544.64025533,804690002.7591872,440723077.45256656,241407000.82775617,1039085624.7994708,598362547.3469043,797678623.9717146
2022-01-26,1039085624.7994708,-3486987.9103181246,22669912.246996626,21077456.082565803,92396.24783151265,1655.3146781957971,-122.21777441040827,0.0,0.0,0,0,0,1,46,47,744891605.1881086,838184158.9495829,0.04465434834769642,219991993.9387349,791537882.0688457,433013521.2938283,237461364.62065372,1058177685.9852216,625164164.6913934,820716321.3645679
2022-01-27,1058177685.9852216,-23187022.33356544,39812314.4488919,40075361.534686774,84372.94397804987,1566.8428712435716,-144.28970477518016,0.0,0.0,0,0,0,1,46,47,705079292.0596071,814997136.5612457,0.043079211337169895,259721468.59532428,760038214.3104265,415273071.75819355,228011464.29312792,1074720027.7097363,659446955.9515429,846708563.4166085
2022-01-28,1074720027.7097363,19518583.432234958,-21445618.4012917,-21070557.269421853,92352.64437162771,1614.4997971397734,-132.3802506013892,0.0,0.0,0,0,0,1,46,47,726524908.712898,834416189.0138074,0.045761613366685314,238284451.08250058,780470548.8633528,426561519.86732125,234141164.65900582,1072702122.2158545,646140602.3485333,838560957.5568488
2022-01-31,1072702122.2158545,32698562.81383974,-64708173.908649355,-64955965.058234915,114690.64497135443,2312.6500247134313,-24.709172136376306,1418982.1083218323,0.0,0,0,0,0,46,46,1040692511.121044,1040692511.121044,0.039674189780813426,-1533672.7532923222,1040692511.121044,572380881.1165742,312207753.3363132,1039161126.3086042,466780245.1920301,726953372.972291
2022-02-01,1039161126.3086042,31660592.817887656,-33872940.99743984,-33872940.997439854,115473.64577041863,2337.1137972865304,-572.631576714797,0.0,22864.24627689825,1,0,0,1,45,46,1051701208.7789387,1072353089.826199,0.03952692278980594,-35542649.5891943,1062027149.3025689,583598635.0902314,318608144.79077065,1036812204.7192253,453213569.62899387,718204059.9284546
2022-02-02,1036812204.7192253,-5260731.316187631,54341625.27791006,55836134.130067825,129850.27030464612,2263.8429409302853,-10.360842024590637,0.0,21369.737424740495,0,1,0,0,46,46,1018729323.4186282,1067092363.0289551,0.04588667100776401,18649515.64426315,1042910843.2237916,572391887.7828273,312873252.96713746,1085744132.155317,513352244.3724898,772870879.1881796
2022-02-03,1085744132.155317,-31914829.99781638,50689656.790129334,50689656.79012935,99871.81971698231,2151.199242994856,-38.52540543303841,0.0,0.0,0,0,0,0,46,46,968039659.3476852,1035073357.3484439,0.03714089061427625,69345729.77946913,1001556508.3480645,549180237.1414165,300466952.5044193,1104421199.8017507,555240962.6603341,803954247.2973313
2022-02-04,1104421199.8017507,15010236.670178566,-34122408.960379645,-34122408.96037966,109797.15896671818,2227.026824776776,-19.64636809815519,0.0,0.0,0,0,0,0,46,46,1002162071.1495491,1049835767.7759033,0.03944170146319584,35363462.57667935,1025998919.4627262,563107563.2888405,307799675.83881783,1085201437.7330394,522093874.44419885,777401761.8942215
2022-02-07,1085201437.7330394,6158123.719648318,-4501815.258649801,-4501815.258649801,112567.02142553833,2237.0308624030654,-17.08406270091302,0.0,0.0,0,0,0,0,46,46,1006663888.0813793,1055993866.310969,0.040255867120086664,30751312.861643434,1031328877.1961741,565997633.002156,309398663.1588522,1086747399.1194122,520749766.11725616,777348735.96056
2022-02-08,1086747399.1194122,10547372.313718693,-14875222.959446374,-14875222.959446376,113311.48963693662,2270.0868976208717,-8.758320277279548,0.0,0.0,0,0,0,0,46,46,1021539103.9293922,1066541260.4849445,0.03993203599586991,15764976.499103189,1044040182.2071683,573097046.3000537,313212054.6621505,1082308498.312625,509211452.0125712,769096443.6504744
2022-02-09,1082308498.312625,42101764.330244064,-54552437.712033056,-54552437.71203306,120669.99952753562,2391.314550520966,-626.8164117058672,0.0,0.0,0,0,0,0,46,46,1076091547.7344346,1108643001.1751208,0.04036942760248643,-38905846.24381244,1092367274.4547777,599988214.6141106,327710182.3364333,1069738919.4294472,469750704.8153366,742028737.0930139
2022-02-10,1069738919.4294472,-14477870.247126482,20180535.94547863,20180535.94547863,126953.51909621537,2346.468916653689,-303.7032400612107,0.0,0.0,0,0,0,0,46,46,1055911012.49416,1094165177.543537,0.04328325619663932,-18850545.934833765,1075038095.0188484,590314598.1341321,322511428.5056545,1075316674.3743796,485002076.2402475,752805245.8687251
2022-02-11,1075316674.3743796,-29604975.02773624,32777642.470757805,32777642.47075781,121082.74619150576,2273.629702268664,-7.858231585316326,0.0,0.0,0,0,0,0,46,46,1023133366.0208988,1064223442.2176403,0.04260420984848588,14144816.853569388,1043678404.1192696,572995870.3606797,313103521.2357809,1078370524.8426805,505374654.4820007,765267003.6068995
2022-02-14,1078370524.8426805,-11309115.889032401,22393966.208501223,22393966.208501227,118945.50713951093,2223.8653446629787,-20.295798531954816,0.0,0.0,0,0,0,0,46,46,1000739405.0983404,1052803992.2974911,0.04278874435449664,36532437.35751867,1026771698.6979158,563422819.6038749,308031509.6093747,1089338633.224556,525915813.62068105,781307123.6151812
2022-02-15,1089338633.224556,29160900.883498907,-68302653.75541389,-68302653.75541389,126633.79668276399,2375.6489957982194,-513.8585840967025,0.0,0.0,0,0,0,0,46,46,1069042048.1091986,1081964917.292995,0.04264394172935131,-31894670.737036705,1075503482.7010968,591203843.7560084,322651044.810329,1050072108.34637,458868264.5903616,727421063.536041
2022-02-16,1050072108.34637,6532291.802311033,3577202.704778542,3577202.704778544,124281.42847697926,2367.6996776984042,-458.19795414179083,0.0,0.0,0,0,0,0,46,46,1065464854.9642819,1088497194.44068,0.04199229476528573,-28439873.01569736,1076981024.702481,591763755.0994546,323094307.4107443,1060059230.9267062,468295475.82725155,736964923.5159619
2022-02-17,1060059230.9267062,-32408921.902743846,57492684.0924222,57492684.09242221,134705.6544652782,2239.938161773649,-16.161815053551397,0.0,0.0,0,0,0,0,46,46,1007972172.798142,1055917020.3655268,0.04811049046411685,29091267.096392512,1031944596.5818343,566370906.9308243,309583378.9745503,1085010511.238266,518639604.3074417,775427132.2637157
2022-02-18,1085010511.238266,-18918681.833772454,47137419.21575814,47137419.215758145,129386.56231154867,2135.1883395316595,-42.2786231302507,0.0,0.0,0,0,0,0,46,46,960834752.7892468,1036998340.4234887,0.04847780775720377,76101521.63445127,998916546.6063678,547500010.9426463,299674963.98191035,1113101954.9676564,565601944.0250101,813426990.985746
2022-02-22,1113101954.9676564,-27171300.548815466,27133239.68862071,27133239.688620705,119888.66397835113,2074.8922448314233,-57.28719832718802,0.0,0.0,0,0,0,0,46,46,933701510.1741405,1009827048.4545449,0.04622453595920269,103116956.98893845,971764279.3143427,532567215.1658783,291529283.7943028,1112946023.0485299,580378807.8826516,821416739.254227
2022-02-23,1112946023.0485299,-21841985.785062864,32122919.348254997,32122919.348255,114321.66906303135,1954.9246285388156,-75.05873369628574,0.0,21862.51104568499,1,0,0,1,45,46,879716082.842467,987985051.7782989,0.046783049287574714,135105720.65331435,933850567.3103828,510911087.79731476,280155170.1931148,1123092652.297508,612181564.5001932,842937482.1043932
2022-02-24,1123092652.297508,46828454.059933886,-62800681.12643451,-64052814.76512469,127866.90973686724,2145.8475577000977,-40.13516113972352,0.0,23114.644684375166,0,1,0,0,46,46,965631400.965044,1034726153.6250838,0.04767045423260689,72243290.05150235,1000178777.295064,548370958.6957841,300053633.1885192,1106971549.3889828,558600590.6931987,806917916.2004635
2022-02-25,1106971549.3889828,27874277.91687732,-8592431.377207246,-8592431.377207248,127051.71231734582,2164.9418468296954,-35.29218021101985,0.0,0.0,0,0,0,0,46,46,974223831.073363,1062600419.8364998,0.046948776015724676,63525924.379835725,1018412125.4549314,557917254.2811338,305523637.6364794,1126128473.866002,568211219.5848683,820604836.2295227
2022-02-28,1126128473.866002,21765640.84836515,-27571161.04060951,-27571161.04060952,35698.42667435883,2489.6065637194633,-27.84837683229235,1692821.5146395543,0.0,0,0,0,0,46,46,1120322953.6737585,1120322953.6737585,0.011471186554400948,-1728519.9413146973,1120322953.6737585,616177624.5205672,336096886.10212755,1118596895.4906306,502419270.97006345,782500009.3885031
2022-03-01,1118596895.4906306,-9379945.201914351,7152626.163048842,7152626.163048842,37367.191230525175,2473.7118292572527,-3.040536103698015,0.0,0.0,0,0,0,0,46,46,1113170323.1657636,1110859244.273878,0.012084573728782277,5472964.986656427,1112014783.719821,611665908.0181986,333604435.1159463,1116334679.9318278,504668771.9136292,782730244.8158815
2022-03-02,1116334679.9318278,34850051.42204953,18325916.21796381,18325916.217963815,37910.78337984582,2432.9875718350713,-13.287059287949667,0.0,0.0,0,0,0,0,46,46,1094844407.325782,1145556030.070152,0.012465590476075233,23916706.718309402,1120200218.697967,614842329.7152727,336060065.6093901,1169475156.488974,554632826.7737014,833415090.8795841
2022-03-03,1169475156.488974,-3891417.1902698535,49377972.091892555,49377972.09189257,36682.207407264854,2323.2587470100707,-40.84727110980404,0.0,0.0,0,0,0,0,46,46,1045466436.1545318,1141399941.1855423,0.012631294712041243,73525087.99764729,1093433188.670037,598989916.1427451,328029956.6010111,1214927311.5946655,615937395.4519204,886897354.9936545
2022-03-04,1214927311.5946655,7021644.651266465,62784582.5985055,62784582.598505504,38814.26249201447,2183.7374513522636,-75.70730193890863,0.0,0.0,0,0,0,0,46,46,982681853.1085185,1148421581.0919101,0.014219387946285956,136273143.49003553,1065551717.1002142,581909951.205533,319665515.13006425,1284696832.612095,702786881.4065621,965031317.4820309
2022-03-07,1284696832.612095,-26978495.056537855,12402165.61135448,12402165.611354483,37104.35294991335,2156.177077734857,-82.59489935489535,0.0,0.0,0,0,0,0,46,46,970279684.9806857,1121412579.9751503,0.013766718265604725,148670818.83881164,1045846132.477918,571437050.4879932,313753839.7433754,1270085472.3961403,698648421.9081471,956331632.6527649
2022-03-08,1270085472.3961403,-819401.4635216929,-28544116.634042915,-28544116.634042915,39145.16915681896,2219.6084586131096,-66.71645324184483,0.0,0.0,0,0,0,0,46,46,998823806.3758993,1120593193.2940981,0.014108855642504902,120089615.83532071,1059708499.8349987,579795440.2362943,317912549.9504996,1240684962.0214243,660889521.78513,922772412.0709248
2022-03-09,1240684962.0214243,11590918.322728308,-71492268.15529713,-71492268.15529715,41618.45863457175,2378.4801577296507,-27.101088928106492,0.0,0.0,0,0,0,0,46,46,1070316070.9783427,1131960033.659629,0.013998337047065606,48781960.07059169,1101138052.318986,604084829.70841,330341415.69569576,1180744345.1092896,576659515.4008796,850402929.4135939
2022-03-10,1180744345.1092896,14569247.905193077,30590010.751255047,30590010.751255054,40881.157841634675,2310.502355116,-44.07410506025936,0.0,0.0,0,0,0,0,46,46,1039726059.8022,1146529333.4994292,0.014154898479497878,79333389.10846686,1093127696.6508145,598550151.3155173,327938308.9952443,1225864989.0361462,627314837.7206289,897926680.0409019
2022-03-11,1225864989.0361462,-15288799.873872435,62277600.778439954,62277600.77843997,62338.74294965079,2172.1076901132105,-78.86306827434684,0.0,0.0,0,0,0,0,46,46,977448460.5509447,1130837928.3039396,0.022959724596859823,141953522.89382434,1054143194.4274421,575944020.2412683,316242958.3282326,1272793544.4423857,696849524.2011174,956550586.1141531
2022-03-14,1272793544.4423857,-31518209.025811795,74049160.13905913,74049160.13905913,54592.65681599776,2007.5540010888521,-120.07760928200376,0.0,0.0,0,0,0,0,46,46,903399300.4899834,1099130206.1912103,0.021754894478111332,216139696.7076068,1001264753.3405969,545802341.6947975,300379426.0021791,1315271790.3752089,769469448.6804113,1014892364.3730297
2022-03-15,1315271790.3752089,6826110.158308434,-42411077.31792404,-42411077.31792405,56296.38568684254,2101.8008419916955,-96.4856805056491,0.0,0.0,0,0,0,0,46,46,945810378.8962629,1105956301.919738,0.02142786683194791,173674224.9101684,1025883340.4080005,560232189.1488134,307765002.1224001,1279632532.145068,719400342.9962546,971867530.0226679
2022-03-16,1279632532.145068,16119192.075400038,-111976357.79755719,-111976357.79755719,54258.75324585278,2350.637182305347,-34.24757564642045,0.0,0.0,0,0,0,0,46,46,1057786732.0374061,1122075471.506108,0.018466058021813277,61645636.163556814,1089931101.7717571,597854887.4877489,326979330.5315271,1183723424.0592716,585868536.5715227,856744093.5277445
2022-03-17,1183723424.0592716,34363463.559857115,-45303339.95228285,-45303339.95228286,56736.56196802596,10111.659016713593,107.38527134320655,0.0,0.0,0,0,0,0,46,46,1103090074.5505738,1155918681.6772454,0.018516314106815857,16808129.42763233,1129504378.1139097,619906692.7844834,338851313.4341729,1172737030.1491659,552830337.3646824,833885716.714993
2022-03-18,1172737030.1491659,10578598.591881448,-60802317.03893758,-60802317.038937606,60602.074553471364,10669.013599397764,-1015.4728090404028,0.0,0.0,0,0,0,0,46,46,1163892392.6615744,1166497313.3931642,0.018744642526066706,-44044603.765607834,1165194853.0273693,640792046.1467633,349558455.90821075,1122462363.1683466,481670317.0215833,772903907.2601359
2022-03-21,1122462363.1683466,16441778.020651396,40107775.17446096,40107775.17446097,58096.43324250144,10301.358975774558,-91.88189937817533,0.0,0.0,0,0,0,0,46,46,1123784615.5390427,1182939058.9393904,0.01861096483979576,-3985239.00917387,1153361837.2392166,632870149.3965604,346008551.17176497,1178964029.4072928,546093880.0107324,832955478.2355279
2022-03-22,1178964029.4072928,3790120.418576277,-63303980.341036394,-63303980.34103641,60133.77793308928,10881.645402045038,-1552.5422396444835,0.0,0.0,0,0,0,0,46,46,1187088589.3140042,1186729217.1854556,0.01823634752350049,-67339181.47855592,1186908903.2497299,652808881.0905652,356072670.97491896,1119399364.810062,466590483.7194967,763326693.835143
2022-03-23,1119399364.810062,3297228.370721453,300750.735595993,300750.73559599376,58671.18906765973,10878.88855011043,-1546.745696628105,0.0,0.0,0,0,0,0,46,46,1186787841.8302288,1190026437.8822658,0.01779730742083131,-67087765.15495396,1188407139.8562474,653542962.0196351,356522141.9568742,1122948004.8701653,469405042.85053027,766425862.9132912
2022-03-24,1122948004.8701653,8866278.691660803,-23758685.76315469,-23758685.763154693,59928.882983005686,11096.676532168576,-2095.6817501612322,0.0,0.0,0,0,0,0,46,46,1210546530.7820265,1198892708.6817179,0.017822031062238262,-90897039.76602936,1204719619.731872,662887136.4050374,361415885.9195616,1108004669.9104705,445117533.5054331,746588783.9909089
2022-03-25,1108004669.9104705,10423810.13488174,38981223.857133806,38981223.857133806,58420.99038116503,10739.348673328803,-1193.8997431574437,0.0,0.0,0,0,0,0,46,46,1171565309.8176875,1209134886.229777,0.017951672314787327,-51783603.31767225,1190350098.0237322,653753314.5027505,357105029.40711963,1157360828.361035,503607513.8582846,800255798.9539155
2022-03-28,1157360828.361035,1097444.7747772934,-6671208.990405453,-6671208.990405455,47756.29299501682,10800.501377414876,-1348.589294065207,0.0,0.0,0,0,0,0,46,46,1178236513.8998046,1210232337.4745173,0.014591523242903047,-58493029.62210536,1194234425.687161,656029038.5385706,358270327.70614827,1151748759.7644954,495719721.22592473,793478432.0583471
2022-03-29,1151748759.7644954,18589097.211659852,-65887295.86830269,-65887295.8683027,50420.8746593276,11404.468310113256,-2865.4875505154023,0.0,0.0,0,0,0,0,46,46,1244123815.6487188,1228686347.2434998,0.014589797774985333,-124286207.0103066,1236405081.4461093,680408731.5054905,370921524.43383276,1104408679.2139528,423999947.70846224,733487154.78012
2022-03-30,1104408679.2139528,-14945609.99595629,50986954.97305835,50986954.973058365,48319.13362194668,10937.087874400333,-1689.0834447516913,0.0,0.0,0,0,0,0,46,46,1193136859.0254908,1213663155.673169,0.014579122229203692,-73261450.61573601,1203400007.34933,661356846.6259394,361020002.204799,1140410953.0618625,479054106.4359231,779390950.8570635
2022-03-31,1140410953.0618625,-20421222.5574918,37876294.92877699,37876294.928777,122973.56301918499,10613.77189980385,-39.94509784173522,1609584.897586261,0.0,0,0,0,1,46,47,1157866025.4331474,1157866025.4331474,0.03823454675625826,-1732558.460605383,1157866025.4331474,636826313.9882311,347359807.6299442,1156144040.799344,519317726.811113,808784233.1693999
2022-04-01,1156144040.799344,14288743.691917332,-27916862.68939875,-28744164.473360065,129422.73459556325,10869.67641259277,-686.3241620351993,0.0,0.0,0,0,0,1,46,47,1185782881.3737566,1172154775.974818,0.039292340264201364,-29768276.90755081,1178968828.6742873,648773558.4058315,353690648.60228616,1142396682.4195178,493623124.0136863,788706033.8172317
2022-04-04,1142396682.4195178,12610422.634188147,-71822397.63949355,-71112570.05633554,146507.1515191016,11528.048418620909,-2345.372368956372,0.0,0.0,0,0,0,1,46,47,1257605282.0313718,1184765194.5788732,0.041938893944277245,-101726994.31617999,1221185238.3051224,673472883.2541299,366355571.4915367,1083047382.9387429,409574499.684613,716691811.4472063
2022-04-05,1083047382.9387429,-27902327.27641733,62430260.81147544,61661852.380362086,145792.09850225243,10955.771000652054,-909.157948947017,0.0,0.0,0,0,0,1,46,47,1195175018.2529514,1156862881.197097,0.04391420056414089,-39433356.821798325,1176018949.7250242,647768225.7751596,352805684.91750723,1117439570.9883504,469671345.2131908,764633886.0708432
2022-04-06,1117439570.9883504,-12139166.448370952,43153783.59798757,41460377.350248285,130318.42727044671,10560.194686894485,23.000986852454343,0.0,0.0,0,0,0,1,46,47,1152021238.5703075,1144723715.2468343,0.0407237577282718,3600154.463862419,1148372476.9085708,631787300.3828008,344511743.0725712,1148334452.9063704,516547152.5235696,803822709.8337991
2022-04-07,1148334452.9063704,18883888.002708875,35628434.529377356,36334728.21430317,138214.47550447652,10233.600734395864,249.81166204373957,0.0,0.0,0,0,0,1,46,47,1116392807.3886397,1163607605.1648016,0.04456962715300801,39100955.79815054,1140000206.2767205,625819743.5077922,342000061.88301617,1202719044.3753486,576899300.8675563,860718982.4923325
2022-04-08,1202719044.3753486,3626768.00556724,42576878.79179405,42187814.846518375,130551.01747262728,9843.312693813683,521.063827481888,0.0,0.0,0,0,0,1,46,47,1073815930.23422,1167234323.6798112,0.043767618794679795,81557816.47542596,1120525126.9570155,613953359.9902189,336157538.0871046,1248802504.5317585,634849144.5415397,912644966.444654
2022-04-11,1248802504.5317585,-18671440.65180752,-4595276.756145841,-4497504.910270397,135382.5582649867,9885.436004028412,490.90621247078883,0.0,0.0,0,0,0,1,46,47,1078411200.4394631,1148562910.4396777,0.04519400480589788,76837494.1258626,1113487055.4395704,610664087.7417583,334046116.6318711,1225410780.9077568,614746693.1659985,891364664.2758857
2022-04-12,1225410780.9077568,7586869.607148059,12085597.073880376,11785386.759358196,133986.66103049766,9774.651352825356,567.3300600895253,0.0,0.0,0,0,0,1,46,47,1066325602.1264025,1156149773.261568,0.04523496188668023,88799487.66618657,1111237687.6939852,608935123.9533128,333371306.30819553,1244959602.9091675,636024478.9558548,911588296.6009719
2022-04-13,1244959602.9091675,31236711.69921992,-30835557.350379486,-31170067.950208943,140787.71082503558,10057.31062686689,371.2935139416223,0.0,0.0,0,0,0,1,46,47,1097161159.29457,1187104463.01719,0.04619519700241694,58115506.52999306,1142132811.15588,625924463.5426685,342639843.34676397,1245230398.1513238,619305934.6086553,902590554.8045598
2022-04-14,1245230398.1513238,-10036660.559961217,38279253.2670706,38326181.611666575,139120.2147825058,9706.417446736628,627.9695813753503,0.0,0.0,0,0,0,1,46,47,1058881903.2803596,1175042979.6457698,0.04729826543125043,98290890.99788094,1116962441.4630647,611425315.8955503,335088732.43891937,1273344205.030679,661918889.1351287,938255472.5917597
2022-04-18,1273344205.030679,4107166.7179041244,39962339.329151236,40964041.56644791,60061.65145597334,9340.096051107468,882.9669292169754,0.0,0.0,0,0,0,1,46,47,1018919569.2117238,1179150130.070578,0.02122070787282865,138203519.3557005,1099034849.641151,600463403.2811617,329710454.89234525,1317363872.489259,716900469.2080973,987653417.5969138
2022-04-19,1317363872.489259,2948815.86644973,-30715933.75223503,-30191608.993236072,62383.64871265577,9621.65877079568,686.392952012407,0.0,0.0,0,0,0,1,46,47,1049635502.2686198,1182098952.378906,0.021396107018118622,107435418.57585502,1115867227.323763,610415388.7753124,334760168.19712883,1289544679.0064838,679129290.2311714,954784510.809355
2022-04-20,1289544679.0064838,2058446.7511769915,45687544.09805286,44629330.84290337,69436.8471674964,9202.856298241344,977.9078841273403,0.0,0.0,0,0,0,1,46,47,1003947959.8081466,1184157390.275571,0.024898964867736417,153063842.732975,1094052675.041859,597223735.5113368,328215802.5125577,1337231413.7727284,740007678.2613916,1009015611.2601707
2022-04-21,1337231413.7727284,-54623600.82607502,52023259.10410256,51993105.387767136,90907.40536517184,8725.976435674991,1311.0653277751528,0.0,0.0,0,0,0,1,46,47,951924702.0736353,1129329939.4284103,0.03437946915357,205210225.21698046,1040627320.7510228,567909895.4791932,312188196.2253068,1334550201.6871543,766640306.2079611,1022362005.4618475
2022-04-22,1334550201.6871543,-39914957.60207772,23954729.241897393,23789605.546876002,107979.88732799274,8506.391421411408,1463.4834998972312,0.0,0.0,0,0,0,1,46,47,927969973.2448808,1089415010.847036,0.041890104808185766,229066982.59261012,1008692492.0459583,550744744.6852232,302607747.6137875,1318491963.3145673,767747218.6293441,1015884215.7007799
2022-04-25,1318491963.3145673,-5271869.458048837,-19918223.66863672,-20312742.26620655,87314.77091896259,8478.75627299595,1337.1019179030138,0.0,22932.96567106705,1,0,0,2,45,47,924955229.7813762,1083906104.8664722,0.033983609712932975,209285517.58481956,1004430667.3239243,548463095.1510309,301329200.1971773,1293201438.3094828,744738343.1584519,991872238.1123055
2022-04-26,1293201438.3094828,-24112979.04910652,45965405.59415805,46837397.402353145,80952.77085053267,8271.677963231987,1630.1658518909865,0.0,23375.046505254715,0,1,0,1,46,47,902364868.7162167,1059793142.8281548,0.032296245694552736,255156394.20902395,981079005.7721858,535657746.3219037,294323701.7316557,1314959438.8809938,779301692.5590901,1020635737.1493381
2022-04-27,1314959438.8809938,13039746.99116312,5056248.070258712,5723911.017042738,96267.7363786998,8225.329041307517,1661.9180252481895,0.0,0.0,0,0,0,1,46,47,897308622.6880927,1072832866.6019726,0.038622592294400133,260126299.60406446,985070744.6450326,537400803.4569209,295521223.3935098,1332969053.4531035,795568249.9961827,1037447830.0595937
2022-04-28,1332969053.4531035,30961876.890708163,-11754159.797361834,-11934760.535074668,71430.8968229162,8333.075493801396,1586.4288580939763,0.0,0.0,0,0,0,1,46,47,909062781.1419704,1103794735.774048,0.028287510378487084,248310603.87557888,1006428758.4580092,548667518.2861031,301928627.53740275,1352115259.1539788,803447740.8678757,1050186631.6165761
2022-04-29,1352115259.1539788,-33583188.181354254,18415885.13395308,18971574.12756478,66322.8824328708,12255.3562643103,-42.00326923738261,1755505.6628025728,0.0,0,0,0,0,47,47,1336947956.106578,1336947956.106578,0.017858763736297707,-1821828.5452358723,1336947956.106578,735321375.858618,401084386.83197343,1335138340.9143374,599816965.0557194,934053954.082364
2022-05-02,1335138340.9143374,13822311.740774842,-73513499.56641139,-73513499.56641138,65305.13188217031,12929.229986198474,-1765.6881402170563,0.0,0.0,0,0,0,0,47,47,1410461453.0398335,1351965911.8698475,0.01666819566526457,-76584063.91302896,1381213682.4548407,761129913.8794119,414364104.73645216,1275393011.4986646,514263097.6192527,861028906.7622125
2022-05-03,1275393011.4986646,31149997.064104423,812945.3032704989,812945.3032704992,66183.90048323263,12921.778037396825,-1777.1329682668254,0.0,0.0,0,0,0,0,47,47,1409648513.170563,1384370236.0590572,0.016902230557016066,-77080466.09350085,1397009374.61481,768987112.9659332,419102812.384443,1307300914.6106255,538313801.6446923,888198102.2261825
2022-05-04,1307300914.6106255,41958780.81466988,-56578603.0255343,-56578603.025534295,80813.0729241372,13440.415243030027,-3121.241301073314,0.0,0.0,0,0,0,0,47,47,1466227117.4214575,1427979420.096282,0.019841882548081998,-135379140.76944494,1447103268.7588696,796862990.2505078,434130980.6276609,1292610598.500779,495747608.2502711,858479617.873118
2022-05-05,1292610598.500779,-56841768.2588793,109328399.20793343,109328399.20793343,105135.96704279819,30591.787173381268,-1001.7298583302285,0.0,30026.016384382052,1,0,0,1,46,47,1326872696.6767778,1372076559.872337,0.028524927998143317,-27114492.405930996,1349474628.2745576,741080948.9711176,404842388.4823673,1344991657.5237212,603910708.5526036,940149269.041354
2022-05-06,1344991657.5237212,-6747521.294996694,59257828.995011844,61940208.57368375,55607.86577493727,29855.98762733922,661.2740951017895,0.0,27343.63680571013,0,1,0,0,47,47,1294958499.4990504,1364808236.4284647,0.015459052692979447,32610777.292690992,1329883367.9637575,729689608.9568312,398965010.38912725,1397449530.982878,667759922.0260468,998484520.5937507
2022-05-09,1397449530.982878,-119152338.45049441,133118941.61565615,133118941.61565614,49475.77681060753,26786.856417080337,3420.6348645289436,0.0,0.0,0,0,0,0,47,47,1161839555.439629,1242677815.7369251,0.015330240366174398,168688842.63430405,1202258685.588277,659221320.5661199,360677605.6764831,1411396865.8625107,752175545.2963908,1050719260.1860275
2022-05-10,1411396865.8625107,5886443.037165105,1560665.0585050997,1560665.0585051011,49926.64303970653,26750.87458804567,3445.672268716762,0.0,0.0,0,0,0,0,47,47,1160278897.794752,1248870483.3784242,0.015490750998277484,169923563.93671703,1204574690.586588,660301290.1830316,361372407.17597634,1418824243.861998,758522953.6789665,1057451836.6860218
2022-05-11,1418824243.861998,-11361273.087392412,94389907.97595282,94389907.9759528,45783.174734274406,24574.66307723618,5367.108365583033,0.0,0.0,0,0,0,0,47,47,1065889000.9403645,1237127778.9169347,0.015463095021899886,264679316.6588893,1151508389.9286497,629048645.011343,345452516.9785949,1501837037.347267,872788392.3359239,1156384520.368672
2022-05-12,1501837037.347267,289186.7241823426,-61959890.83826519,-61959890.838265166,43979.558865549734,26003.182452873054,4131.313305260674,0.0,0.0,0,0,0,0,47,47,1127848877.474012,1236386355.0587237,0.014037910138331203,203735998.61559486,1182117616.266368,647451252.0068845,354635284.87991035,1440152488.1700766,792701236.1631922,1085517203.2901664
2022-05-13,1440152488.1700766,59385643.86271816,-114422037.76204592,-114422037.76204588,44248.77877366527,28641.246167487476,1748.0337377349522,0.0,0.0,0,0,0,0,47,47,1242270918.1078904,1298867441.987238,0.012822935904176117,86204403.50473738,1270569180.047564,697398135.9291766,381170754.0142692,1385102234.7718806,687704098.842704,1003931480.7576115
2022-05-16,1385102234.7718806,14681034.821244502,30266465.842502784,30266465.842502788,43513.148580525136,27943.436007135486,2373.426355669272,0.0,0.0,0,0,0,0,47,47,1212004453.3215392,1312960538.9937682,0.01292465010838806,117045683.29327917,1262482496.1576538,691841470.7449038,378744748.8472961,1430036539.1494102,738195068.4045064,1051291790.3021141
2022-05-17,1430036539.1494102,36552735.7620532,-63225334.233077,-63225334.23307698,46114.19005823532,29401.131125887514,1090.7394463042635,0.0,0.0,0,0,0,0,47,47,1275229783.7734344,1349527935.9856522,0.01301813103191618,53789890.50267601,1312378859.8795433,719950919.1284434,393713657.96386296,1403348318.3589003,683397399.230457,1009634660.3950374
2022-05-18,1403348318.3589003,-53216125.65210961,49158457.43308593,49158457.43308592,45491.59167395302,28267.755739875065,2118.8256046770857,0.0,0.0,0,0,0,0,47,47,1226071333.295786,1294755128.7285109,0.013357275843486498,104490029.8196919,1260413231.0121484,691510182.1708634,378123969.3036445,1399275545.1295474,707765362.958684,1021151575.8259029
2022-05-19,1399275545.1295474,4073308.1851149495,-38709075.33248746,-38709075.33248745,46783.73943612152,29160.215029242903,1326.8653709712003,0.0,0.0,0,0,0,0,47,47,1264780410.9069211,1299158537.5921042,0.013316261108856791,65434456.65063453,1281969474.2495127,704223757.6701024,384590842.27485377,1364623481.323139,660399723.6530366,980032639.0482852
2022-05-20,1364623481.323139,2397819.4323210735,13066459.208554583,13066459.208554583,42408.93968868616,28858.960266420836,1595.747651109741,0.0,0.0,0,0,0,0,47,47,1251713939.2664459,1301350946.3120646,0.01219705062713787,78694404.7122612,1276532442.7892551,700851918.35795,382959732.83677655,1380075805.7322433,679223887.3742933,997116072.8954668
2022-05-23,1380075805.7322433,41269051.74425854,11710934.743241834,11710934.743241834,43435.6096759767,28588.95839660557,1811.537164042305,0.0,0.0,0,0,0,0,47,47,1240003014.7925305,1343676277.2874336,0.012610307633782538,89336079.32263422,1291839646.039982,707919973.7596176,387551893.8119946,1433042757.1056285,725122783.3460109,1045490863.2936339
2022-05-24,1433042757.1056285,-16948407.140250795,86916177.5465703,86916177.5465703,40577.55276684479,26585.05751095397,3651.0811855328675,0.0,0.0,0,0,0,0,47,47,1153086831.8004131,1322916631.2205741,0.012668533360367605,180053318.73860717,1238001731.5104938,676655207.3452675,371400519.4531481,1503000186.0978777,826344978.7526102,1131599666.6447296
2022-05-25,1503000186.0978777,39413024.20936553,-46217833.040163726,-46217833.04016372,41977.93992946582,27650.63540135531,2680.628029398975,0.0,0.0,0,0,0,0,47,47,1199304668.0105917,1363958044.45268,0.012600683360697326,132195354.87447,1281631356.231636,700780911.5163475,384489406.8694908,1496183730.590581,795402819.0742334,1111694323.72109
2022-05-26,1496183730.590581,37661979.7873366,-40220157.299167365,-40220157.299167365,49213.79184564564,28577.933282202295,1842.506519008628,0.0,0.0,0,0,0,0,47,47,1239524817.0593767,1402713004.1029174,0.01429335243683447,90863335.18398714,1321118910.5811472,722535696.1435423,396335673.1743441,1493606759.7267058,771071063.5831635,1097271086.5523617
2022-05-27,1493606759.7267058,41707731.25967005,-46902305.15172598,-46902305.15172596,51765.36728488425,29659.292174653936,873.2488312061366,0.0,0.0,0,0,0,0,47,47,1286427130.4669178,1445296094.5448706,0.014486271146811423,43064325.92249441,1365861612.5058942,747252162.776293,409758483.75176823,1488390953.0083709,741138790.2320778,1078632469.2566028
2022-05-31,1488390953.0083709,-24398314.738038924,20312954.87062873,20312954.87062873,38461.71103188876,34221.49006408321,-56.53393480746421,1491780.133381511,0.0,0,0,0,0,46,46,1484305593.1409588,1484305593.1409597,0.009328413256315896,-1530241.8444125652,1484305593.1409593,816368076.2275276,445291677.94228774,1482809516.2526765,666441440.0251489,1037517838.3103888
2022-06-01,1482809516.2526765,18562456.720131278,53465890.69520142,53465890.69520143,36576.14259061716,32256.999413832382,1069.0227874117552,0.0,31740.937052468213,1,0,0,1,45,46,1399098769.7565851,1502050614.6064167,0.009411352234205054,52718931.98194957,1450574692.181501,795242284.5785797,435172407.65445024,1554802872.6105676,759560588.0319879,1119630464.9561174
2022-06-02,1554802872.6105676,5577042.9467898775,-82368147.34992103,-82514408.33328336,39377.6369616539,34891.21981526538,-1150.853109389369,0.0,31887.206414718246,0,1,0,0,46,46,1513354112.4693418,1509091414.5956519,0.009367238764141254,-31150911.23159194,1511222763.532497,831279087.3897154,453366829.05974907,1477974243.7307658,646695156.3410504,1024607414.6710167
2022-06-03,1477974243.7307658,-276091.8394788056,35511611.89738385,35511611.89738386,39644.771541981216,34072.47999041302,73.41970163213863,0.0,0.0,0,0,0,0,46,46,1477842505.6082754,1509549421.402393,0.009657401043042047,3620697.6147356033,1493695963.5053344,820740107.0330808,448108789.0516003,1513204264.9168208,692464157.88374,1065095475.8652205
2022-06-06,1513204264.9168208,-4838008.855338504,-15075284.368108002,-15075284.368108,39192.6461277315,34420.0489635164,-456.8899663399385,0.0,0.0,0,0,0,0,46,46,1492917786.369386,1505618725.504568,0.009450857063131228,-12366946.457321644,1499268255.936977,824280017.2869577,449780476.78109306,1493285742.2062435,669005724.9192858,1043505265.4251504
2022-06-07,1493285742.2062435,34233010.170587234,-43773229.5684047,-43773229.5684047,40687.59196158668,35429.26498812908,-2092.994600093441,0.0,0.0,0,0,0,0,46,46,1536691011.5333095,1540357320.6325276,0.009531866195765602,-56652485.41606307,1538524166.0829186,846096633.6181247,461557249.8248756,1483738171.4868526,637641537.8687279,1022180921.661977
2022-06-08,1483738171.4868526,-14175001.542734973,-28037744.392872013,-28037744.39287202,41625.406906617056,36075.690878873844,-3101.5067001400002,0.0,0.0,0,0,0,0,46,46,1564728761.0113957,1525434357.4413617,0.00957683328879069,-83950557.29702258,1545081559.2263787,850777217.6637591,463524467.7679136,1441516774.328518,590739556.6647588,977992306.5606043
2022-06-09,1441516774.328518,-47960191.22199818,94547527.89113402,94547527.89113405,38534.1879935703,33895.845001442554,301.2215631410157,0.0,0.0,0,0,0,0,46,46,1470181228.9782312,1473210814.791747,0.009435780708019582,14854762.017913103,1471696021.8849893,809357072.391406,441508806.56549674,1488099773.8762248,678742701.4848187,1046590967.3107281
2022-06-10,1488099773.8762248,-31701219.646771144,87947227.56374662,87947227.56374662,36428.60387604877,31868.172946506078,2116.6267925454163,0.0,0.0,0,0,0,0,46,46,1382234007.3183358,1439927757.940509,0.009487754841758334,104381595.24881506,1411080882.6294224,774652141.6806281,423324264.7888267,1544343337.9890633,769691196.3084352,1121019073.2002366
2022-06-13,1544343337.9890633,-75596115.81706281,111880083.97051762,111880083.97051764,35596.193566130976,29288.71537896781,4425.158843958562,0.0,0.0,0,0,0,0,46,46,1270353920.0516157,1362364698.466064,0.010087448451598813,218227011.48288798,1316359309.2588398,721697350.6320007,394907792.77765197,1580625423.823175,858928073.1911743,1185717631.045523
2022-06-14,1580625423.823175,-10210674.07228314,-22056916.834841777,-22056916.83484178,35837.71253439719,29797.24985855352,3969.7500202780607,0.0,0.0,0,0,0,0,46,46,1292410837.238466,1352553501.0528166,0.00998256602362619,195768494.1506989,1322482169.1456413,725861626.4347439,396744650.7436924,1548355762.2033944,822494135.7686505,1151611111.459702
2022-06-15,1548355762.2033944,7610697.212871566,-71016605.32351503,-71016605.32351504,37965.32885184531,30931.715712383513,2529.0567525060696,0.0,21810.86449607538,1,0,0,1,45,46,1341616585.1154294,1360169470.926501,0.010187350498121932,124720606.97290206,1350893028.020965,742527343.2662541,405267908.4062895,1484923538.671868,742396195.405614,1079655630.2655785
2022-06-16,1484923538.671868,-62453244.87430159,77539065.7598665,79020050.00306307,35981.35666544915,56371.213339118025,8388.036556522204,0.0,20329.88025287883,0,1,0,0,46,46,1284407392.5368664,1295919726.67538,0.010085031022732838,204033321.6451347,1290163559.6061232,709302149.4299049,387049067.88183695,1500017807.5704103,790715658.1405053,1112968739.6885734
2022-06-17,1500017807.5704103,-37769845.60175392,-91728591.49266927,-91728591.4926693,38664.04040855382,60397.07911465854,4601.816412634316,0.0,0.0,0,0,0,0,46,46,1376135979.8276627,1258544631.5336626,0.010114592417547643,111936074.90191579,1317340305.6806626,727476951.8317144,395202091.7041988,1370545705.3311057,643068753.4993913,975343613.6269069
2022-06-21,1370545705.3311057,48842900.96590531,-43483490.03905277,-43483490.039052784,39366.40236442585,62305.52121473643,2784.468574329087,0.0,0.0,0,0,0,0,46,46,1419619470.7155135,1308135433.182724,0.009982889882491124,67730316.67286968,1363877451.9491186,752919699.510335,409163235.5847356,1375930839.8453827,623011140.3350477,966767604.260647
2022-06-22,1375930839.8453827,-40395423.15623498,-21171848.74085672,-21171848.74085672,38690.91796740446,61937.76123449424,1970.6015350693922,0.0,29551.188986586356,1,0,0,1,45,46,1411240129.3935394,1266361774.988298,0.009869851471876209,47933550.853039265,1338800952.1909187,739962482.5651363,401640285.6572756,1314359234.2041068,574396751.6389705,912718948.5468311
2022-06-23,1314359234.2041068,-19157489.793561496,-90432634.63547885,-92134068.72995389,42074.12980275128,67278.39233357347,-2417.630395822466,0.0,31252.623081061363,0,1,0,0,46,46,1532925394.9421804,1246539386.0268023,0.009880902736014607,-41843603.0046196,1389732390.4844913,771512464.9893546,416919717.1453474,1204760643.7841206,433248178.79476595,787840926.6387732
2022-06-24,1204760643.7841206,27560874.47635376,-35584120.68229946,-35584120.68229946,43226.61669821382,67701.5140617571,-4498.263020050808,0.0,25943.365849976803,1,0,0,1,45,46,1542566143.1792755,1274522779.8657367,0.010088113291067102,-77854552.27011013,1408544461.5225062,781400537.9202168,422563338.4567519,1196731430.8466682,415330892.92645144,774168092.3899164
2022-06-27,1196731430.8466682,26858808.265594043,23652207.79293962,23436609.752583973,44388.888482649236,67811.53311300295,-3190.2666218598806,0.0,26158.96389033245,0,1,0,0,46,46,1545072906.372219,1302388052.1234808,0.010342553925998383,-55216153.07065177,1423730479.24785,789118884.9425359,427119143.774355,1247236520.3193202,458117635.3767843,820117376.5449653
2022-06-28,1247236520.3193202,2134756.521450881,76281765.4299172,76281765.42991723,42641.639335218664,64463.61084757085,891.7740506541277,0.0,0.0,0,0,0,0,46,46,1468791133.2357914,1303918599.3992257,0.010451445282665903,21691801.232127428,1386354866.3175087,766616989.8205438,415906459.8952526,1325675756.0162513,559058766.1957076,909769296.1209987
2022-06-29,1325675756.0162513,-31425662.1371882,20781985.07889075,20781985.078890756,48295.118668535666,63551.512532523644,1776.174255747221,0.0,0.0,0,0,0,0,46,46,1448009146.3106651,1271779545.1859746,0.012006997859765368,43204238.653310776,1359894345.7483199,752347630.1896932,407968303.72449595,1315049111.5260737,562701481.3363805,907080807.8015778
2022-06-30,1315049111.5260737,-33475440.811905555,22585309.735964403,22585309.735964395,37305.52809233811,55966.13106227975,-104.25900387922076,1738195.9206794694,28981.310676669622,1,0,0,1,44,45,1275177669.7734625,1304158980.4501321,0.010531857976800655,-1804482.7594480515,1289668325.1117973,708593046.0445718,386900497.5335392,1302410359.5627425,593817313.5181707,915509862.0292033
2022-07-01,1302410359.5627425,3781417.8409927287,-43677662.52822621,-45091387.43608696,39623.970261851915,57883.094564619205,-2628.611581446417,0.0,0.0,0,0,1,1,44,45,1318855319.1938553,1307969691.3533583,0.010815916717070892,-45495200.44811106,1313412505.2736068,722649018.5964961,394023751.58208203,1262529745.3882303,539880726.7917342,868505993.8061483
2022-07-05,1262529745.3882303,-56460899.51079979,-89708215.53933427,-93181434.6422063,38796.923305324126,60350.23986530387,-7828.788964685135,0.0,32943.175235136085,1,0,1,2,43,45,1375068756.424645,1251787160.7821832,0.010157232010879511,-135498270.54262733,1313427958.603414,725467417.1229393,394028387.5810242,1116341411.6904564,390873994.56751704,722313024.1094322
2022-07-06,1116341411.6904564,-12955732.450228142,20047944.332614277,22327373.61116979,37045.6958434749,60816.155854773315,-6519.216284560125,0.0,30663.74595658057,0,1,1,1,44,45,1385684563.779645,1236198503.6715062,0.009624449064564852,-112832589.54046369,1310941533.7255754,724754995.05177,393282460.1176726,1123420211.0706127,398665216.0188427,730137750.95294
2022-07-07,1123420211.0706127,43111078.21891541,-73878036.01107655,-76853834.4967637,39483.6177942091,64037.528451327904,-10920.590442309669,0.0,0.0,0,0,1,1,44,45,1459082926.7391167,1281623988.8544784,0.0097418057229154,-189010219.1938212,1370353457.7967975,758130875.2353547,411106037.33903927,1092666886.5986662,334536011.3633115,681560849.2596269
2022-07-08,1092666886.5986662,665316.3990014872,-13283131.872177564,-12925338.036501333,45279.77648200693,66221.85168649958,-11769.270502138368,0.0,36486.25933741339,0,1,0,0,45,45,1508852316.9075851,1283666217.6266809,0.010803389669660352,-203698912.5370102,1396259267.267133,773572249.4789457,418877780.1801399,1080021757.670855,306449508.1919093,661143977.4907151
2022-07-11,1080021757.670855,-14198985.02836242,105916366.74899101,105916366.748991,44012.758831412626,61573.300558184266,-5605.8901526291575,0.0,0.0,0,0,0,0,45,45,1402935962.085211,1268720148.5050797,0.011293881978588967,-97025021.8724277,1335828055.2951455,738060825.7518332,400748416.58854365,1171751094.0430577,433690268.2912245,771002677.454514
2022-07-12,1171751094.0430577,-23081986.602908056,-18380346.75342786,-18380346.753427856,44933.40035880104,62379.99300571992,-6608.832810892814,0.0,0.0,0,0,0,0,45,45,1421316296.332859,1244627472.090277,0.01138101643589408,-114383644.80391407,1332971884.2115679,737551756.9224269,399891565.26347035,1130299598.4465578,392747841.5241308,730408033.1830873
2022-07-13,1130299598.4465578,2797547.9357207376,-9607053.727226755,-9607053.727226753,47803.819365423944,62801.63607811295,-7235.8084867588395,0.0,0.0,0,0,0,0,45,45,1430923353.6785226,1248677435.721897,0.012026762249223132,-125235146.88621068,1339800394.7002096,741446365.0340309,401940118.41006285,1123497854.6632776,382051489.6292467,721557736.2532148
2022-07-14,1123497854.6632776,-22864542.122861717,44847462.01329151,44847462.0132915,48041.48265103203,60833.330854222106,-4550.092450718238,0.0,0.0,0,0,0,0,45,45,1386075892.8810098,1224184333.1796412,0.012477623947721485,-78751600.10858488,1305130113.0303254,721868851.1592133,391539033.9090976,1145489016.30946,423620165.1502466,753949982.4003623
2022-07-15,1145489016.30946,21382543.996220686,-35555098.32360469,-35555098.32360468,47583.86082799278,62393.80434738969,-6631.391169967919,0.0,0.0,0,0,0,0,45,45,1421630985.1303978,1246042956.0630004,0.012049673985198168,-114774077.94175243,1333836970.5966992,738000034.5548694,400151091.17900974,1131324640.5344255,393324605.9795561,731173549.3554158
2022-07-18,1131324640.5344255,14871141.865587449,-18711558.219164286,-18711558.219164282,49099.26718554574,63215.03425063783,-7820.871570592758,0.0,0.0,0,0,0,0,45,45,1440342552.546178,1262796363.6354609,0.012271897511845379,-135361238.7217977,1351569458.0908194,747801856.6727186,405470837.4272458,1127490519.0763433,379688662.40362465,722019681.6490974
2022-07-19,1127490519.0763433,35546520.48738952,-88639517.23735216,-88639517.23735215,51572.207902117414,67105.32362789528,-12935.700043880037,0.0,0.0,0,0,0,0,45,45,1528982057.3444493,1298233066.262556,0.012142715969478322,-223887116.14407754,1413607561.8035026,783252883.7689738,424082268.54105073,1074400119.7420626,291147235.97308874,650317851.2010119
2022-07-20,1074400119.7420626,7679373.371800432,-77581702.59164183,-77581702.5916418,53903.01492238416,70510.29947970228,-17463.46130735757,0.0,0.0,0,0,0,0,45,45,1606563785.6134698,1306696102.4423337,0.012078627407033471,-302252214.9350349,1456629944.0279016,808643161.2946243,436988983.2083705,1004496934.3454711,195853773.05084682,567507951.1371007
2022-07-21,1004496934.3454711,-12859352.435592594,-11968387.232157592,-11968387.232157588,51702.195874512254,71035.57814225259,-18158.05227237903,0.0,0.0,0,0,0,0,45,45,1618532160.2032232,1293891474.1191757,0.011499796527050398,-314273981.63732934,1456211817.1611996,809032516.590761,436863545.14835984,979670370.0077162,170637853.41695523,542806824.8593564
2022-07-22,979670370.0077162,-12532768.967023155,111262777.37396546,111262777.37396546,43914.989525232886,64730.53191880367,-11707.192513058739,0.0,32396.508236163154,1,0,0,1,44,45,1474872879.162615,1280948552.7198367,0.010719158547453866,-202624485.80293965,1377910715.941226,762699001.9287436,413373214.78236777,1078377090.2563028,315678088.32755923,665003875.4739351
2022-07-25,1078377090.2563028,38795057.750165224,13218631.363913454,10409869.587877264,47366.96069029331,65695.50064422797,-11026.485575178627,0.0,35205.27001219934,0,1,0,0,45,45,1496859508.3494978,1321151226.7100785,0.011391921388339232,-190843019.57039928,1409005367.529788,779345659.182369,422701610.2589364,1130362876.1547482,351017216.9723792,707661265.8958118
2022-07-26,1130362876.1547482,-6347605.451611724,67440030.36891016,67440030.36891015,44674.95489281596,62735.6327520206,-7139.10676794225,0.0,0.0,0,0,0,0,45,45,1429419480.4257858,1314972089.408462,0.0112514093879727,-123561463.29130816,1372195784.9171238,757568866.4798512,411658735.4751371,1191466222.643138,433897356.1632867,779807487.1680008
2022-07-27,1191466222.643138,29608946.25987857,-76891401.08436345,-76891401.08436345,48587.54850205131,66110.31054968444,-11627.020074369942,0.0,0.0,0,0,0,0,45,45,1506310873.2839491,1345372066.1727078,0.011612156408726398,-201236885.90255666,1425841469.7283285,788236278.5283617,427752440.9184985,1144189663.5606265,355953385.0322648,716437222.642128
2022-07-28,1144189663.5606265,10562761.740569161,7200832.327828865,7200832.327828864,45282.29180638376,97025.73392383606,-15303.236385276045,0.0,0.0,0,0,0,0,45,45,1499110052.042102,1356578120.1675847,0.010874201682586225,-194670144.8303666,1427844086.1048434,788877545.6545267,428353225.831453,1161989697.8347566,373112152.1802299,733636472.0033035
2022-07-29,1161989697.8347566,34952907.78109608,18187438.857220717,18187438.85722072,29802.995892688825,78308.38064382026,-134.64272775194246,1689040.3371117641,0.0,0,0,0,2,43,45,1215130044.4730732,1215130044.4730725,0.008829572250450371,-1718843.333003521,1215130044.473073,668321524.46019,364539013.34192187,1213489374.877985,545167850.417795,848950361.5360632
2022-08-01,1213489374.877985,-18582765.60603099,3562408.8783140294,5865521.210603853,30603.14392053951,78415.34991416584,101.09102655821297,0.0,0.0,0,0,0,2,43,45,1211567638.1587853,1196806452.2457666,0.009093286634939274,1631962.7605810165,1204187045.202276,662671904.5090773,361256113.5606828,1198516931.4472883,535845026.93821096,837260817.8866055
2022-08-02,1198516931.4472883,2249809.3526986185,-55332804.57769968,-55530118.7173734,31909.797754118594,81996.61172848867,-4246.42839164629,0.0,0.0,0,0,0,2,43,45,1266900438.7234302,1199420196.7776308,0.009067426958236669,-54018170.35309768,1233160317.7505305,679925180.8114367,369948095.32515913,1145479776.6078699,465554595.7964332,775531681.2827108
2022-08-03,1145479776.6078699,-16902081.399675902,-78157702.79486139,-80054115.81183638,32535.017406612453,87055.15230839918,-10372.197692239284,0.0,0.0,0,0,0,2,43,45,1345058147.2542362,1182330608.2512667,0.008707880986625196,-131943150.85534072,1263694377.7527514,699100096.2390876,379108313.3258254,1050464140.3505422,351364044.1114546,671355827.0247169
2022-08-04,1050464140.3505422,-21713921.34874223,-26316150.173461903,-26094463.826343916,35029.77093358914,88758.39129342705,-12414.693419617945,0.0,0.0,0,0,0,2,43,45,1371374286.078701,1160324467.7168553,0.009195678863245347,-157925428.6594509,1265849376.897778,701493402.7528241,379754813.0693334,1002475382.7552782,300981980.00245416,622720569.6859448
2022-08-05,1002475382.7552782,19741928.902348027,-26789821.78172233,-26016927.557841033,34887.51421446286,90492.28951019752,-14577.229703362516,0.0,0.0,0,0,0,2,43,45,1398164129.771292,1180827326.5034034,0.008982854623270219,-185434724.14171398,1289495728.1373477,714656070.5572385,386848718.4412043,995468517.4214963,280812446.8642578,608619798.980292
2022-08-08,995468517.4214963,8918006.456207627,-36570517.135571435,-43723800.244930536,35487.000539682944,92859.21270723846,-17517.948150271033,0.0,0.0,0,0,0,2,43,45,1434734616.935873,1190623676.4234858,0.008904308882969449,-222843156.681893,1312679146.6796794,728076304.1866333,393803744.0039038,967855861.0061498,239779556.81951642,574052117.0022459
2022-08-09,967855861.0061498,10497690.258064864,88576897.3497306,89240449.88262755,33163.333916443524,87126.31976961103,-10642.965898443867,0.0,0.0,0,0,0,2,43,45,1346157730.3459215,1202284837.3450391,0.008868797423056627,-135387552.0650103,1274221283.8454804,704418528.4400363,382266385.15364414,1066973768.6339,362555240.19386375,684707383.4802558
2022-08-10,1066973768.6339,12528573.407506581,-95052475.2385493,-98776869.52867697,35802.49901916368,93278.32719633478,-18168.735685682626,0.0,0.0,0,0,0,2,43,45,1441210205.6086059,1215535790.3407903,0.00894310878228627,-231121726.03695214,1328372997.974698,736247009.2677794,398511899.3924094,984489173.8953488,248242164.62756944,585977274.5029395
2022-08-11,984489173.8953488,24473070.023750704,11415814.93817747,14878613.640144091,29388.778754431118,92539.47038901718,-17300.879097761805,0.0,0.0,0,0,0,2,43,45,1429794392.2766602,1240430524.325669,0.00739963760436124,-220081854.2471466,1335112458.3011646,739045948.7644153,400533737.49034935,1020423908.6698138,281377959.9053985,619890171.1794643
2022-08-12,1020423908.6698138,22394374.393629085,-73790854.75158074,-77457651.02006245,30338.996940048557,97315.37787285451,-22682.654825760423,0.0,0.0,0,0,0,2,43,45,1503585237.5204988,1257539694.8722985,0.007263997162161933,-288542605.5573764,1380562466.1963987,765460494.9742242,414168739.8589196,969071722.0379692,203611227.06374502,554902982.1790496
2022-08-15,969071722.0379692,-16290062.221489685,-7865674.321641997,-6057244.1079511475,31582.153182377573,97824.46226375649,-23308.098529440133,0.0,0.0,0,0,0,2,43,45,1511450919.0966668,1241383183.221459,0.007522291992419484,-296498779.8798038,1376417051.1590629,763781071.5343647,412925115.34771883,944958919.7053895,181177848.1710248,532033804.35767066
2022-08-16,944958919.7053895,840502.4607977902,14196720.477008097,12809161.337739868,31577.51336482813,96905.61870815363,-22208.21077461431,0.0,0.0,0,0,0,2,43,45,1497254194.6324165,1242471840.0012493,0.007592501561920154,-282507274.8714187,1369863017.316833,759794218.3900373,410958905.1950499,960039262.5377642,200245044.1477269,549080357.3427143
2022-08-17,960039262.5377642,2246617.9479030934,67985332.08611892,70170803.98323391,30277.475279824714,92505.45682207457,-16829.972447757533,0.0,0.0,0,0,0,2,43,45,1429268860.7702508,1244332457.4001358,0.007626200639999119,-214091522.3036294,1336800659.0851932,739863772.5811092,401040197.7255579,1030316610.5808806,290452837.9997715,629276412.8553227
2022-08-18,1030316610.5808806,30114509.383716512,21739724.753945835,23401009.23818249,30484.630547166395,91098.41404903062,-15138.589501408413,0.0,0.0,0,0,0,2,43,45,1407529144.105194,1274716056.9257,0.0077969731873343785,-192575696.83770418,1341122600.5154471,740937757.4629831,402336780.1546341,1082216319.9125433,341278562.44956017,679879539.7579092
2022-08-19,1082216319.9125433,-9384095.195644984,105108266.94163862,104842673.49410984,28378.96125918727,84295.57337737197,-6784.608991053457,0.0,0.0,0,0,0,2,43,45,1302420876.2169058,1264218092.7954843,0.007844181738688567,-86305980.09820652,1283319484.506195,706780786.0639428,384995845.3518585,1177989623.661664,471208837.5977212,792993778.3098055
2022-08-22,1177989623.661664,3618832.447677415,54727323.51671685,55535526.85622365,26559.1950284609,80753.49955939478,-2420.721572704838,0.0,0.0,0,0,0,2,43,45,1247693555.4241252,1267102851.7445896,0.007663187942808421,-30793631.31355977,1257398203.5843573,691083779.563385,377219461.0753072,1236387553.2090166,545303773.6456316,859168092.1337094
2022-08-23,1236387553.2090166,27730859.80137044,-8619881.19006087,-8657020.114829557,27148.767806441207,81311.39770530525,-3163.2387805379913,0.0,0.0,0,0,0,2,43,45,1256313440.9403386,1295710462.946289,0.007779552531893174,-40239079.8937695,1276011951.9433138,700821648.0186739,382803585.58299416,1255549531.2114444,554727883.1927705,872745945.6284502
2022-08-24,1255549531.2114444,17802759.446581893,-40394832.2334827,-41841836.26165621,28325.55404223208,81327.88705563375,-6428.991122035917,0.0,40140.05645675944,1,0,0,3,42,45,1256568212.0183754,1314671212.0342894,0.008115118111116459,-81782219.22024488,1285619712.0263324,705638266.614085,385685913.6078997,1232963891.709978,527325625.09589314,847277978.1020784
2022-08-25,1232963891.709978,8049608.5094147995,-31985579.73759041,-25610474.136793304,29130.87011263151,85519.9837134734,-8944.125951434487,0.0,32785.018233237504,0,1,0,2,43,45,1321338804.1566703,1322742871.820185,0.007936732961718039,-113776867.22672844,1322040837.9884276,727087359.2020473,396612251.3965283,1209042580.4512186,481955221.24917126,812430329.0546904
2022-08-26,1209042580.4512186,-18556204.968339898,71830321.63034837,75778413.38610864,30676.680564405906,80870.96568189426,-3221.897821626784,0.0,0.0,0,0,0,2,43,45,1249508482.6387095,1303271293.075265,0.00883835936820874,-40985272.642602205,1276389887.8569872,700670368.0604291,382916966.35709614,1262363669.500523,561693301.440094,879446703.1434269
2022-08-29,1262363669.500523,10985277.473922744,13995359.746081132,13795645.200420547,29714.82766668424,79965.15476916183,-2105.369450499712,0.0,0.0,0,0,0,2,43,45,1235513120.896921,1314096676.775542,0.008658214776578493,-26782084.882681847,1274804898.8362315,699178105.4629618,382441469.6508694,1287392451.6781788,588214346.215217,904950982.0273094
2022-08-30,1287392451.6781788,-42816921.14070318,17310192.391956665,16273243.22457998,29404.941341608086,78844.80134028656,-644.9880539928198,0.0,0.0,0,0,0,2,43,45,1218202939.163226,1270061113.021215,0.008689667823532095,-8204795.033124208,1244132026.0922203,682976160.0042715,373239607.8276661,1261934517.801377,578958357.7971056,888694909.973711
2022-08-31,1261934517.801377,6334620.535618129,-9165226.599464223,-11346338.925846742,40172.23808949051,81492.0031763458,-115.94299225163468,1434720.949564751,0.0,0,0,0,1,45,46,1259103911.7375317,1259103911.73753,0.011485950903177942,-1474893.1876533031,1259103911.7375307,692507151.455642,377731173.5212592,1257710394.6100607,565203243.1544187,879979221.0888015
2022-09-01,1257710394.6100607,-25977119.074774407,32496207.877844278,31736926.006532915,40819.494854407385,79388.7761814943,2051.6395647369236,0.0,0.0,0,0,0,1,45,46,1226607700.6582808,1231068025.2050343,0.011980210249536438,33120638.713241816,1228837862.9316576,675749316.4987428,368651358.87949723,1264270104.3340223,588520787.8352795,895618745.454525
2022-09-02,1264270104.3340223,14758160.22862567,31773769.33801091,32742255.624724776,38237.88223410136,77332.30777404094,3972.5602389014107,0.0,0.0,0,0,0,1,45,46,1194833939.8564265,1246632778.7088056,0.011520962993343322,64131017.30961919,1220733359.2826161,670108376.6341293,366220007.78478485,1310845100.8864377,640736724.2523084,944625093.1016529
2022-09-06,1310845100.8864377,-20864083.39422237,32894856.91923015,32021225.64091007,35800.8466779372,75203.27882368269,5981.841356148307,0.0,0.0,0,0,0,1,45,46,1161939071.9538956,1226272231.0439875,0.011092065939726645,96567842.52077985,1194105651.4989414,655149779.3471656,358231695.4496824,1322921258.6849473,667771479.3377817,964689563.2352648
2022-09-07,1322921258.6849473,-2399196.9619926973,-50506232.03337071,-51648743.01009232,36200.05801662017,76699.55704606419,2842.82003866643,0.0,27387.775376091977,1,0,0,2,44,46,1185057533.7589316,1224059182.9360156,0.010996952059067098,45893058.92017555,1204558358.3474736,661532055.8616834,361367507.50424206,1270031784.233276,608499728.3715925,908664276.7290338
2022-09-08,1270031784.233276,7942308.558877249,-49038863.136114545,-48919288.82421848,38281.055341330175,81700.98762222199,-265.88015210389597,0.0,28236.4613642561,0,1,0,1,45,46,1262332855.9656615,1232250933.1554956,0.010917231424144873,-3382221.016162634,1247291894.5605786,686762590.0785723,374187568.36817354,1228950147.246803,542187557.1682308,854762578.8786294
2022-09-09,1228950147.246803,22550829.48408808,-62662147.73455804,-62113684.56212593,39701.5942155575,85756.62123823991,-5074.966995778827,0.0,0.0,0,0,0,1,45,46,1324995006.2560673,1253357011.4473605,0.010786888894008802,-64557884.045243025,1289176008.851714,710837754.7386603,386752802.6555142,1188879809.05636,478042054.3176997,802127006.4008458
2022-09-12,1188879809.05636,19452934.83283702,-42089317.07317834,-41681608.49332956,39991.96508951295,86341.45937089708,-8311.767676889629,0.0,33053.18566606167,1,0,0,2,44,46,1334031131.910856,1271903115.3642123,0.010792182496972433,-105732733.69894934,1302967123.6375341,718185118.4143099,390890137.09126025,1166248411.356957,448063292.9426471,775358274.2656968
2022-09-13,1166248411.356957,-38459988.33783462,101323536.29973894,105540347.84940766,38225.361751045115,81710.69139784333,-300.0481327227983,0.0,29775.18328971142,0,1,0,1,45,46,1262482785.5460773,1232860825.4798348,0.01090005375750448,-3816866.7060143948,1247671805.5129561,686960042.0337819,374301541.65388685,1229125369.4170854,542165327.3833035,854823827.7631986
2022-09-14,1229125369.4170854,36110013.707378946,-8481115.089484984,-8656064.432780555,46096.02574845648,82259.60800729909,-994.1895447891583,0.0,0.0,0,0,0,1,45,46,1270963900.54196,1269355106.1478915,0.013056680258477945,-12646934.13866067,1270159503.3449259,698627946.6995609,381047851.00347775,1256789437.4276934,558161490.7281325,875741586.4242156
2022-09-15,1256789437.4276934,-29433685.895652194,-15880004.791854268,-16221724.575524284,53397.48222662797,83287.39725067174,-2161.539501803152,0.0,0.0,0,0,0,1,45,46,1286843906.0189626,1238918964.8286011,0.014938170442952536,-27496615.570640802,1262881435.4237819,695782913.0128391,378864430.62713456,1211503475.1157093,515720562.1028702,832639044.4885747
2022-09-16,1211503475.1157093,-24747808.564311,79863269.41518797,79701783.67579004,47172.59622759056,78118.4688747749,3386.6543667913,0.0,0.0,0,0,0,1,45,46,1206980634.9750628,1211899316.1934588,0.014069931322703837,54672447.17689991,1209439975.584261,665069019.5408835,362831992.67527825,1266653268.4936004,601584248.9527168,903821275.8183222
2022-09-19,1266653268.4936004,4570985.206489437,-2148790.974515577,-1034682.4097924636,48069.706271330266,76650.08552586088,3239.8910994080993,0.0,24836.257801897373,1,0,0,2,44,46,1184293166.9231725,1216699382.062536,0.014612170990260817,52303174.698964834,1200496274.492854,659462795.5925858,360148882.3478562,1269082446.738126,609619651.1455402,908933564.3902698
2022-09-20,1269082446.738126,-17386933.53245314,31008655.78723199,31360150.739827063,49319.07895040282,76212.80586740881,5194.431096931433,0.0,24252.40314836514,0,1,0,1,45,46,1177536914.689578,1198774310.7442,0.015077971824624744,83856286.76660609,1188155612.716889,652954652.0929234,356446683.81506664,1282712004.7477703,629757352.6548469,926265320.9327037
2022-09-21,1282712004.7477703,-19382210.76837845,24784758.004889708,24415051.109132204,45663.582812777146,74608.68103702873,6733.993318164286,0.0,0.0,0,0,0,1,45,46,1152752153.3618171,1179358682.3683233,0.014260558754679738,108710206.03314543,1166055417.8650703,640665316.600626,349816625.3595211,1288150231.075824,647484914.475198,938333605.7163029
2022-09-22,1288150231.075824,-18110800.498997003,52650289.94290562,53154370.31124143,46139.67103096689,94119.8260793361,13440.40760665204,0.0,0.0,0,0,0,1,45,46,1100101863.2649674,1160276240.6341133,0.015098857774725336,162367340.2145884,1130189051.9495404,620099619.1380186,339056715.5848621,1322751141.0823877,702651521.9443691,983694425.4975256
2022-09-23,1322751141.0823877,-66866373.756513305,31438986.47433013,30554732.51355052,45333.69927118054,91430.04682439534,16206.436602942567,0.0,0.0,0,0,0,1,45,46,1068662884.960465,1091495964.4949157,0.015271543502915574,195782455.6060176,1080079424.7276902,593472856.6118684,324023827.41830707,1287386056.5843606,693913199.9724922,963362229.1660535
2022-09-26,1287386056.5843606,-30482652.76705824,28217306.501511972,28343666.64372159,42058.344531105446,89015.89943153388,18624.66929142576,0.0,0.0,0,0,0,1,45,46,1040445577.7711751,1060082647.1114217,0.014552422879851881,224996004.8628615,1050264112.4412985,577154335.109208,315079233.7323895,1285186292.5430062,708031957.4337982,970107058.8106167
2022-09-27,1285186292.5430062,10572307.032052802,-31901600.41276752,-31704797.436046116,39302.599727430694,90234.73725667177,15969.599752718295,0.0,17655.43469114959,1,0,0,2,44,46,1054691734.1688907,1070878701.8332895,0.013415233516573043,192921339.29458344,1062785218.00109,584127195.7089896,318835565.400327,1263906245.4648824,679779049.7558928,945070680.0645554
2022-09-28,1263906245.4648824,40090768.35780399,-58265738.986703545,-58568374.353086084,46439.42455075889,96756.54777789018,11094.865632778443,0.0,17963.216020926564,0,1,0,1,45,46,1130920688.313002,1111634938.3766112,0.01478281634692861,134031933.81879997,1121277813.3448067,617184941.0880535,336383344.003442,1245774723.6088219,628589782.5207684,909391379.6053798
2022-09-29,1245774723.6088219,-17100865.90730296,63162158.76307448,63342603.61870093,42956.71569954997,91352.67442622448,16354.997550863087,0.0,0.0,0,0,0,1,45,46,1067758532.2545718,1094215908.1277292,0.014483066334468789,197577151.6211648,1080987220.1911504,593881536.7083038,324296166.0573451,1291900767.420871,698019230.7125672,967604601.3635259
2022-09-30,1291900767.420871,-3963090.7762725926,12648050.644868238,12595025.767340222,48274.91514968967,111272.33444587665,-125.13827985960165,1210098.8488002757,0.0,0,0,0,1,44,45,1300585727.2894673,1300585727.289468,0.013362417477937077,-1258373.7639513016,1300585727.2894678,715322150.0092072,390175718.18684036,1299438500.7216828,584116350.7124755,909262782.5348425
2022-10-03,1299438500.7216828,58423517.84409265,-34572027.18874976,-33456214.177410934,48306.328786217346,114230.1628573854,-3741.6560186773304,0.0,0.0,0,0,0,1,44,45,1335157747.6837254,1360867276.2975087,0.013024886679650748,-37625591.24926925,1348012511.990617,740764143.3794948,404403753.5971851,1323352173.5550783,582588030.1755835,918948419.9578931
2022-10-04,1323352173.5550783,53445543.8166113,-107989030.15792897,-108341835.56040542,51882.93646667725,123469.22434641441,-14574.026738122548,0.0,0.0,0,0,0,1,44,45,1443146778.0749736,1415311263.0964034,0.012942451462157147,-146554458.81910944,1429229020.5856886,786771849.1965929,428768706.17570657,1268865699.4749022,482093850.2783092,840096993.2991955
2022-10-05,1268865699.4749022,4651805.983395642,19187122.87999796,19845086.036406904,50679.58248030731,121827.65972777965,-12745.006752426092,0.0,0.0,0,0,0,1,44,45,1423959659.155866,1420816027.8304913,0.01281261696958901,-128162079.0746758,1422387843.4931786,782391904.7043827,426716353.04795355,1292763031.4087908,510371126.70440817,866046678.3608372
2022-10-06,1292763031.4087908,-857347.7028275442,-12015311.91931312,-12916058.887903031,52033.70995258856,122855.63620947488,-13796.80477897498,0.0,0.0,0,0,0,1,44,45,1435974968.6821737,1418577157.08315,0.013044890051337585,-138738819.00645232,1427276062.8826618,785436779.8754396,428182818.86479855,1279947396.908128,494510617.0326884,851764578.0433295
2022-10-07,1279947396.908128,-23555825.144984342,104353712.75366768,104398053.45501561,49771.76239525778,113927.59670621897,-3374.7156236288706,0.0,0.0,0,0,0,1,44,45,1331621260.2025595,1394631200.5897903,0.01345565364401529,-33935687.83537412,1363126230.396175,748144178.2082155,408937869.11885244,1360806065.6354988,612661887.4272833,951868196.5166464
2022-10-10,1360806065.6354988,-24102652.733848155,38669343.67689463,36906403.882026285,47054.33301249585,108341.21307059976,514.2159661629598,0.0,26626.043855609318,1,0,0,2,43,45,1266325867.058958,1369087071.2413192,0.013376935846568969,6212004.960357904,1317706469.1501386,722169527.9280171,395311940.74504155,1375407931.630714,653238403.7026968,980095990.8856723
2022-10-11,1375407931.630714,-11955723.553604934,21269954.906897847,20209312.63176044,47464.04807144516,108634.38352928845,2283.955186461656,0.0,24696.62041447881,0,1,0,1,44,45,1269752534.757917,1357058597.3784003,0.01345699798817726,27591404.937120676,1313405566.0681586,720190409.7719752,394021669.82044756,1384760920.6542368,664570510.8822616,990739250.8337892
2022-10-12,1384760920.6542368,-5711593.52909648,-27927357.478556022,-29239105.654707402,48896.04682451427,111023.72372481895,32.0571546488542,0.0,0.0,0,0,0,1,44,45,1297679887.692689,1350685805.9597065,0.01356465259558196,387267.64005327225,1324182846.8261976,726975417.7977333,397254854.04785925,1351184129.3806393,624208711.582906,953929275.3327801
2022-10-13,1351184129.3806393,45268155.96522864,-10411116.26180873,-9665389.26006244,53660.933836699056,111914.45263486425,-1055.3073627015358,0.0,0.0,0,0,0,1,44,45,1308091004.8230886,1396599537.4958246,0.014768036864395599,-10612029.345602036,1352345271.1594567,741577185.8208828,405703581.34783703,1386098367.2954948,644521181.474612,980394785.9476578
2022-10-14,1386098367.2954948,-54836298.67024789,68624877.52924411,69032233.71937215,52525.13930834657,106043.21276348791,4921.3980474808495,0.0,0.0,0,0,0,1,44,45,1239466123.209599,1340381290.240246,0.015255802314338178,59453130.77493644,1289923706.7249227,706935159.5229412,386977112.0174768,1399945385.6259935,693010226.1030523,1012968273.6085167
2022-10-17,1399945385.6259935,22890008.71909612,-82867514.83661507,-81317951.6561633,56268.2248642262,113132.98929489224,-2453.1884663008836,0.0,0.0,0,0,0,1,44,45,1322333641.1091301,1364580545.581608,0.01531879725462546,-24668934.297997713,1343457093.345369,737845228.7281411,403037128.00361073,1340022291.084439,602177062.356298,936985163.0808283
2022-10-18,1340022291.084439,13544556.652863683,-15775568.323241757,-17857820.321624815,57159.56291740446,114482.67743158306,-4065.973786920352,0.0,0.0,0,0,0,1,44,45,1338109216.7327888,1378621007.093918,0.015377999338879662,-40886887.24277449,1358365111.9133534,746088016.7933161,407509533.574006,1337844536.5547884,591756519.7614722,930335002.9807823
2022-10-19,1337844536.5547884,12387122.326198895,53937004.60983632,55560474.22307387,51613.20196806898,109868.06650801856,976.2078754388709,0.0,0.0,0,0,0,1,44,45,1284172205.937879,1392323935.0150974,0.01446905066360209,11793115.273758173,1338248070.476488,733332645.5351381,401474421.1429464,1404227894.563239,670895249.028101,1002753473.4202926
2022-10-20,1404227894.563239,-736344.2842611868,4350875.658929872,4393208.359679676,47232.551439687704,109495.82502980475,1275.8625677594018,0.0,0.0,0,0,0,1,44,45,1279821331.5171983,1392382088.5410523,0.013286009616772098,15413104.845415592,1336101710.0291252,732041921.5904226,400830513.00873756,1407905965.0740654,675864043.4836428,1007075452.0653279
2022-10-21,1407905965.0740654,37810305.61788142,-36546766.15035539,-34455647.36043807,49646.33181211263,110233.28776822943,-2195.64076628269,0.0,27927.07331565716,1,0,0,2,43,45,1288441025.8624218,1431171000.2946136,0.013871554144589128,-22079069.158149958,1359806013.0785177,744325057.8323799,407941803.9235553,1409199968.7834656,664874910.9510857,1001258164.8599102
2022-10-24,1409199968.7834656,-4729682.535961039,11061258.377036799,11574298.873577965,54552.0292531429,111681.62081068312,-1126.0035383828058,0.0,27989.829826179262,0,1,0,1,44,45,1305369593.8911014,1426771943.374898,0.015044574826192687,-11322940.609436035,1366070768.6329997,748303864.0110549,409821230.5898999,1415559558.3827343,667255694.3716794,1005738327.7928344
2022-10-25,1415559558.3827343,23686269.837818544,-100510836.01938471,-101780523.58601117,57502.9234347563,120280.88152917023,-11240.247321897758,0.0,0.0,0,0,0,1,44,45,1405880433.4578338,1451707909.2744706,0.014724618071251616,-113030419.99673724,1428794171.3661523,784691107.3559678,428638251.40984565,1338786529.9119406,554095422.5559728,910148278.502095
2022-10-26,1338786529.9119406,16925709.832190875,-2524830.3099491764,-2315801.995417548,66770.65427504534,120496.89471274348,-11631.783200569713,0.0,0.0,0,0,0,1,44,45,1408405262.8762224,1470088291.076139,0.0170671298756208,-116967652.29623175,1439246776.9761806,790043651.6319015,431774033.09285414,1353229503.8914194,563185852.2595179,921455470.7985653
2022-10-27,1353229503.8914194,5432736.107609674,12622579.251477433,12786935.613894789,66256.72166794914,119416.96305211476,-10322.326119041763,0.0,0.0,0,0,0,1,44,45,1395782685.024718,1475018489.9828897,0.017088920830135742,-103799927.45405126,1435400587.5038037,787489428.0031378,430620176.25114113,1371327657.1657715,583838229.1626337,940707480.9146304
2022-10-28,1371327657.1657715,8122758.671066461,-40612597.378578484,-40168855.4859781,69479.71554291403,119538.36171010339,-14301.21688923356,0.0,39193.653296771314,1,0,0,2,43,45,1397201630.377832,1482540264.6459584,0.0179019957117321,-143811119.55653858,1439870947.5118952,789795555.2748392,431961284.25356853,1338834382.2342408,549038826.9594016,906873097.9806722
2022-10-31,1338834382.2342408,10384012.257768808,4947969.484374555,5671392.588735774,66671.15190850245,115856.4555846462,-175.456651567266,1697697.4113370522,0.0,0,0,0,1,45,46,1354166363.9763842,1354166363.9763849,0.017724273269188552,-1764368.5632462502,1354166363.9763846,744791500.1870115,406249909.1929154,1352517676.4120717,607726176.2250602,946267767.2191563
2022-11-01,1352517676.4120717,6769888.056507408,1170396.6008668577,2427644.7217596844,59580.2304513454,115756.32159775415,-21.650311515902146,0.0,0.0,0,0,0,1,45,46,1352995966.7269964,1360616093.4687636,0.01585288019325799,-217712.62976884842,1356806030.09788,746052813.3852898,407041809.02936393,1360514115.510281,614461302.1249913,953472306.4809172
2022-11-02,1360514115.510281,-29290980.06259578,71675134.39235398,72326763.9053702,67237.7745249828,109624.11552102373,5893.434463372717,0.0,0.0,0,0,0,1,45,46,1281320830.7652125,1331635179.4878573,0.018891130345971258,71195852.57765698,1306478005.126535,717305044.1015282,391943401.53796047,1402946549.6154988,685641505.5139706,1011003148.0775383
2022-11-03,1402946549.6154988,11600733.049269708,3350060.031574358,4115426.7179011074,61880.966980559366,135961.89033285904,7689.466920713587,0.0,0.0,0,0,0,1,45,46,1277970770.752722,1343620767.588427,0.01743165698530036,74214694.14093542,1310795769.1705747,719296423.1229234,393238730.75117236,1417979113.086616,698682689.9636927,1024740382.3354437
2022-11-04,1417979113.086616,8941117.652325569,-8126206.158494117,-7441553.45879077,55461.208974647,136826.4285135761,6743.651646825583,0.0,0.0,0,0,0,1,45,46,1286096978.1954932,1353652381.2573385,0.01552451764476347,65086182.11413431,1319874679.7264159,724242188.7729826,395962403.91792476,1418882133.4516332,694639944.6786506,1022919729.5337085
2022-11-07,1418882133.4516332,4318546.087359556,1009479.9202847371,1940028.195652285,67818.9252065234,136719.03119917412,6809.011895507363,0.0,0.0,0,0,0,1,45,46,1285087499.5222633,1358425335.6444557,0.01899856086330677,65717004.8896153,1321756417.5833595,725132583.7677929,396526925.27500784,1424285868.5771656,699153284.8093727,1027758943.3021578
2022-11-08,1424285868.5771656,6595259.93747184,18286634.125585534,17355702.14924913,67119.41065838581,134773.53632967884,8925.812935428172,0.0,0.0,0,0,0,1,45,46,1266800863.6732213,1362953387.016317,0.019074022231841386,86147256.21324778,1314877125.344769,720778605.8560456,394463137.6034307,1449244342.5788298,728465736.7227842,1054781204.975399
2022-11-09,1449244342.5788298,-47169567.69017815,81554808.37580629,82296462.41620964,55285.39163044389,126097.01106400814,17698.444861103348,0.0,0.0,0,0,0,1,45,46,1185246056.99851,1312758208.06057,0.016792075256812953,170816089.81225753,1249002132.52954,683763369.1146954,374700639.758862,1483718093.3287528,799954724.2140573,1109017453.5698907
2022-11-10,1483718093.3287528,41434880.80017878,-171362818.86533245,-173530301.5726689,64348.77382878408,144328.11066608428,-75.04438853591216,0.0,0.0,0,0,0,1,45,46,1356608873.1015756,1354349732.1219397,0.017076077738898705,-623925.6321692467,1355479302.6117578,745570094.9609575,406643790.7835273,1353870059.556048,608299964.5950904,947226268.7725205
2022-11-11,1353870059.556048,16631392.95381648,-91453138.25274055,-90531819.4553283,59344.851565586134,154057.70857459135,-11117.333538188077,0.0,0.0,0,0,0,1,45,46,1448062012.7115636,1371419456.0971913,0.014753613019380054,-92430486.69163299,1409740734.4043775,777273467.8377669,422922220.3213132,1279131909.7805948,501858441.94282794,856209689.4592817
2022-11-14,1279131909.7805948,-5387790.060119625,36344856.49250235,38069335.57384711,66495.12269155966,150191.01968874998,-6642.4280590136,0.0,0.0,0,0,0,1,45,46,1411717156.3433418,1365248210.9111843,0.016956827407953876,-55225729.820898294,1388482683.627263,764827199.6307986,416544805.08817893,1310166029.6819158,545338830.0511172,893621224.5937369
2022-11-15,1310166029.6819158,17079438.471884355,-55820894.27628004,-55978987.104806446,57881.68273603554,156129.7425519271,-13313.990758043841,0.0,0.0,0,0,0,1,45,46,1467538050.0964427,1382060379.7905297,0.01419888621191349,-110693687.59574556,1424799214.9434862,785776509.9765652,427439764.4830459,1271509507.946578,485732997.9700128,844069743.4635322
2022-11-16,1271509507.946578,-29040976.06327356,87193442.28082877,87126718.42473024,50594.88005244877,146853.32921838635,-2823.821062904452,0.0,0.0,0,0,0,1,45,46,1380344608.8412292,1353088875.419083,0.013195369259399636,-23477496.135002375,1366716742.130156,752375601.5071394,410015022.6390468,1329755408.7922363,577379807.2850969,919740386.1531895
2022-11-17,1329755408.7922363,-5591693.550449301,31994049.434244618,32238322.329907186,49595.49754269601,143449.51780899015,1026.4694083689658,0.0,0.0,0,0,0,1,45,46,1348350559.040116,1346201225.8269386,0.01324164476045533,9906943.35155034,1347275892.4335275,741055474.1687695,404182767.73005825,1356252645.1657064,615197170.9969369,952069877.4356482
2022-11-18,1356252645.1657064,799075.4800886007,33297201.43343676,32890847.05870402,49467.152645606104,139907.06545586375,4483.157421511224,0.0,0.0,0,0,0,1,45,46,1315053356.7652988,1347030375.2551641,0.013541788902179481,43269079.671422005,1331041866.0102315,731273600.8433807,399312559.8030694,1390443845.1494634,659170244.3060827,991131285.3463941
2022-11-21,1390443845.1494634,-11071841.076107405,52297489.1569357,51986081.09316731,45734.399874633855,134343.19379089857,9970.13421619947,0.0,0.0,0,0,0,1,45,46,1262755868.5306394,1335397262.3738,0.013038453722671171,96226496.45661688,1299076565.4522197,712676076.1526418,389722969.6356659,1431768072.158424,719091996.0057821,1042045102.522758
2022-11-22,1431768072.158424,31282308.667415794,2122265.281858003,2660323.9251959245,46051.8496721342,134117.40845683363,10336.90129488594,0.0,0.0,0,0,0,1,45,46,1260633604.2939975,1365360254.682719,0.01315105818653231,99766339.57530665,1312996929.4883583,719530144.958879,393899078.8465075,1465271048.5677774,745740903.6088984,1071371969.7212698
2022-11-23,1465271048.5677774,-4998180.548269168,-32622298.648872584,-32141717.068879124,50041.469652983316,137588.0584962075,6961.110841013192,0.0,0.0,0,0,0,1,45,46,1293255902.3142219,1360415543.9126518,0.013929902846634694,67184983.98833108,1326835723.1134367,728080656.6724296,398050716.934031,1427745077.0703201,699664420.3978906,1029694360.1362891
2022-11-25,1427745077.0703201,1941276.2323417785,12092956.174065432,11525268.196004966,52589.60937830151,136301.50222271806,8210.313122461595,0.0,0.0,0,0,0,1,45,46,1281162945.1743734,1362485091.8757625,0.014777401615851256,79241627.99158645,1321824018.5250678,724970156.5212526,396547205.55752033,1441871231.6826942,716901075.1614416,1045324026.1251738
2022-11-28,1441871231.6826942,-24802974.85094938,34160588.84736444,33735465.18102457,49052.26109422843,132667.1951592087,11881.47103791621,0.0,0.0,0,0,0,1,45,46,1247002356.5878625,1336506078.3067594,0.014161010924022272,114673715.11125565,1291754217.447311,708227226.5530486,387526265.23419327,1451324342.084212,743097115.5311635,1063798076.8500187
2022-11-29,1451324342.084212,15035207.102412604,-17310952.365085933,-17353724.352829773,49087.98878243736,134508.8881050504,10138.186614131651,0.0,0.0,0,0,0,1,45,46,1264313308.5592206,1351151058.9376519,0.013977291737769997,97848449.89510441,1307732183.7484362,717081757.3021791,392319655.12453085,1449144155.9074755,732062398.6052964,1056824500.7829447
2022-11-30,1449144155.9074755,32307041.9733267,-83846295.83852516,-83230040.57872783,49953.34194077013,148689.63263394227,-247.54318741125013,2008142.4425416333,0.0,0,0,0,1,45,46,1397604902.042277,1397604902.0422761,0.012867158001806475,-2058095.7844815254,1397604902.0422766,768682696.1232522,419281470.612683,1395695248.3472412,627012552.223989,976413777.7345581
2022-12-01,1395695248.3472412,-13234822.213647297,-14573000.740060259,-13463606.381678825,48107.57051017031,150240.03707831664,-1900.5157547195038,0.0,0.0,0,0,0,1,45,46,1412177894.2087202,1383640372.596673,0.012263841159590906,-15801054.773649454,1397909133.4026966,769563461.4117843,419372740.020809,1367987657.3443472,598424195.932563,948614917.3235383
2022-12-02,1367987657.3443472,2581501.557399514,-32145353.907052778,-30871522.39839531,50082.24388742764,153659.94563795035,-5772.87396936478,0.0,0.0,0,0,0,1,45,46,1444323248.8162436,1386369903.5584583,0.012483083557819125,-47996180.80765176,1415346576.187351,779889450.5344877,424603972.8562053,1338521609.8224752,558632159.2879875,913917636.96627
2022-12-05,1338521609.8224752,-44531476.84427966,71794390.65207653,72331682.86522464,46268.92990410131,146021.8197878284,2682.233541817002,0.0,0.0,0,0,0,1,45,46,1372528854.4025645,1339850745.9857805,0.012135857626633911,25887508.71458769,1356189800.1941724,746721342.8172145,406856940.0582517,1365886958.7536979,619165615.9364834,959030018.6954463
2022-12-06,1365886958.7536979,-22606306.557749268,64219787.384183586,63118985.47691317,44530.28685684249,139189.54834399422,9471.943045312948,0.0,0.0,0,0,0,1,45,46,1308309070.5962903,1316037692.2339547,0.012253146927397561,91418217.05932069,1312173381.4151225,721502144.2373757,393652014.42453676,1407604570.7846646,686102426.5472889,1013952556.3601279
2022-12-07,1407604570.7846646,-10226314.429118002,14432795.19466295,14538644.373218331,47762.34173995364,137654.05888171445,10951.612978252118,0.0,0.0,0,0,0,1,45,46,1293876271.473034,1306064075.47735,0.013289093714353405,105699213.73111963,1299970173.475192,714678900.3112476,389991052.0425576,1411911894.8803296,697232994.569082,1021920842.837772
2022-12-08,1411911894.8803296,-8484473.006986214,-33487956.260775708,-33210645.5817329,47578.50287615087,141216.80603004296,7612.856042116051,0.0,0.0,0,0,0,1,45,46,1327364234.224947,1296416600.912325,0.012903964559068875,73475286.19736671,1311890417.568636,722313420.4955653,393567125.2705908,1370040716.7717638,647727296.2761985,976473591.501173
2022-12-09,1370040716.7717638,-23964730.89899166,26136988.849155553,25677580.185133193,45188.56932508673,135127.8994332634,10476.623249577035,0.0,31095.556327577287,1,0,0,2,44,46,1270131691.8009093,1271021828.1338694,0.012808030113763339,101114862.46240568,1270576759.9673893,698794964.5737401,381173027.9902168,1372282295.118958,673487330.5452179,991109267.1287413
2022-12-12,1372282295.118958,31902863.54804317,-23465689.30426762,-23132767.623589262,46978.17952983255,140904.55640953034,7983.076490904125,0.0,30831.876203634965,0,1,0,1,45,46,1324429250.8467603,1303593199.8773625,0.012769383204068554,77048459.42963767,1314011225.3620615,723227075.2233686,394203367.60861844,1380790546.9399006,657563471.716532,986587179.3312821
2022-12-13,1380790546.9399006,15388958.504350374,-11073008.392582472,-10397140.8716466,47932.00679318877,142082.60176601753,6655.142831591783,0.0,0.0,0,0,0,1,45,46,1335502262.0304518,1320826623.506724,0.012920623900189622,64231941.538151264,1328164442.768588,730857334.4858165,398449332.8305764,1385207302.789473,654349968.3036566,986757969.9588966
2022-12-14,1385207302.789473,-6955644.250037024,-629280.4272251069,-211533.24502735073,47189.407112391425,138971.0990174747,6603.059811463423,0.0,29875.787489760784,1,0,0,2,44,46,1306255760.9997623,1313816049.3217154,0.013005252928001441,63729263.59589362,1310035905.160739,720330740.6303575,393010771.54822165,1377690887.076438,657360146.4460804,984680115.5282164
2022-12-15,1377690887.076438,-14911234.704651864,77965990.68674918,78939186.33217384,94305.54646490006,151184.74565855617,16965.439392064192,0.0,28673.4809819785,0,1,0,1,45,46,1256963243.3505826,1296235945.8007548,0.02700953819211636,144386718.23033357,1276599594.5756688,701147959.4553635,382979878.37270063,1440790814.216139,739642854.7607756,1057810935.8434384
2022-12-16,1440790814.216139,-16598720.776365697,19608096.883976378,19989966.771950018,43559.44069213782,148826.32732343717,19339.091357752288,0.0,0.0,0,0,0,1,45,46,1237355146.3380458,1279168619.327719,0.012673320748354856,164588011.55533862,1258261882.8328824,690998698.7333435,377478564.8498647,1443924796.3017387,752926097.5683953,1066446231.451874
2022-12-19,1443924796.3017387,-12464762.349584496,54389072.08830388,54434442.379708864,43585.45325581916,142284.53085155142,25832.81688255054,0.0,0.0,0,0,0,1,45,46,1182966076.3639379,1265951759.8846445,0.013263916426347005,219853760.7025578,1224458918.1242912,671377762.8803425,367337675.43728733,1485973637.9349365,814595875.054594,1118635962.4976492
2022-12-20,1485973637.9349365,15104644.05466145,4878970.535179518,5006022.319056746,42991.45141340087,141697.69945189386,26470.624991678458,0.0,0.0,0,0,0,1,45,46,1178087108.6069698,1280632346.2505686,0.013137332881203508,225281914.8227954,1229359727.428769,673584219.1447331,368807918.2286307,1506082429.3978076,832498210.2530745,1137274511.1691768
2022-12-21,1506082429.3978076,23626697.42959077,-17249991.7974273,-16299973.990652548,45606.088233107046,143772.49007401706,24387.579277084053,0.0,0.0,0,0,0,1,45,46,1195337099.9225438,1304859662.7537887,0.013735198016511338,207553866.18794942,1250098381.3381662,684816045.6652102,375029514.40144986,1512581689.0110893,827765643.3458791,1137552174.6096394
2022-12-22,1512581689.0110893,-21417881.852086607,34621998.328098506,34972759.48141176,42711.686944163965,139608.23259739424,28600.159118350166,0.0,0.0,0,0,0,1,45,46,1160715097.8074348,1282337484.2822833,0.013247184713065543,243405609.51787376,1221526291.044859,668798900.4128013,366457887.31345767,1525911302.1918728,857112401.7790716,1159453414.878415
2022-12-23,1525911302.1918728,26642284.9972464,17522815.102924425,17328376.53913559,35195.41189810944,137500.62746498606,30630.596012538314,0.0,0.0,0,0,0,1,45,46,1143192283.7735562,1309355283.3691812,0.01108330458765513,260685923.5109644,1226273783.5713687,670296505.9743621,367882135.0714106,1570209338.1036232,899912832.129261,1202327203.0322125
2022-12-27,1570209338.1036232,2788328.4047706067,44041593.595443144,44327450.45861245,35031.29364638891,132203.40238392848,35904.59049889312,0.0,0.0,0,0,0,1,45,46,1099150689.566149,1311433245.8408875,0.011473645818006866,305570982.96930313,1205291967.7035184,657603518.3300666,361587590.3110555,1617172336.8030734,959568818.4730068,1255584746.492018
2022-12-28,1617172336.8030734,-33120854.788789608,7818519.888376674,7881666.943337016,32549.157825065293,131263.00866538714,36961.749495957345,0.0,0.0,0,0,0,1,45,46,1091332173.6614175,1277269371.928177,0.010737057973568807,314568080.81665826,1184300772.7947974,646716995.0804695,355290231.8384392,1592005677.5029967,945288682.4225272,1236715445.6645575
2022-12-29,1592005677.5029967,17573878.64029838,-78363188.3215529,-78073874.37242287,41706.0283254195,140688.35828534127,27650.41157188401,0.0,0.0,0,0,0,1,45,46,1169695357.5686572,1295852010.117808,0.012835966305243494,235322651.67560863,1232773683.8432326,674871609.8000492,369832105.1529698,1531343000.563274,856471390.7632247,1161510895.410304
2022-12-30,1531343000.563274,5961354.564181783,-25208503.590101045,-24753739.483203374,53828.0173112646,177917.79992273767,-245.40736468747195,1742423.5488038594,32871.64894646423,1,0,0,1,45,46,1479224202.5908906,1512095851.537355,0.0131001684518913,-1829123.215061903,1495660027.0641227,821791223.6616058,448698008.11923677,1510444400.7148511,688653177.0532453,1061746392.5956144
2023-01-03,1510444400.7148511,-53195633.689293645,23372367.9301246,22785459.53313134,57612.26980543202,179130.94341857548,3110.5823913022728,0.0,33458.55734345748,0,1,0,0,46,46,1489310384.0805352,1454057022.5004287,0.013926188490762567,26473041.62810445,1471683703.290482,810307370.8492677,441505110.9871446,1480712305.654343,670404934.8050752,1039207194.6671983
2023-01-04,1480712305.654343,18536714.075286888,-70414100.67438145,-70414100.67438146,56175.622594498105,187600.19487484865,-5878.509965845923,0.0,0.0,0,0,0,0,46,46,1559724483.9479332,1472593724.5445487,0.012965895157862,-43814981.111895084,1516159104.246241,836065776.3205171,454847731.2738723,1428960465.1175628,592894688.7970457,974112733.8436904
2023-01-05,1428960465.1175628,2185598.5573279876,54998740.54106155,54998740.54106156,58484.09181336459,180985.0691219527,1359.1145930499504,0.0,0.0,0,0,0,0,46,46,1504725747.8961425,1474519387.417331,0.01399209994395898,11566932.70680809,1489622567.6567369,820047571.2231755,446886770.29702103,1486268664.3078542,666221093.0846786,1039381894.0108331
2023-01-06,1486268664.3078542,32190220.283782866,-5403362.107334894,-5403362.107334897,59081.98223618977,181634.97292113813,738.701365258485,0.0,0.0,0,0,0,0,46,46,1510129105.1180077,1506709620.3722064,0.014084566367831335,6286820.1298594475,1508419362.7451072,829716136.628454,452525808.82353216,1513178814.1763523,683462677.5478983,1060653005.3528202
2023-01-09,1513178814.1763523,6502690.952150935,-39882435.04358392,-39882435.04358394,59316.61766407226,186431.94450116766,-4462.743954040356,0.0,0.0,0,0,0,0,46,46,1550011547.8157127,1513002441.3234565,0.013776660173376252,-33262687.85620141,1531506994.5695846,843254074.6755779,459452098.37087536,1479921722.6678023,636667647.9922245,1020469624.296927
2023-01-10,1479921722.6678023,2595649.236322944,-42802193.04909908,-42802193.04909909,49554.675060400456,191580.0969200995,-10187.601884883208,0.0,0.0,0,0,0,0,46,46,1592813738.8276172,1515598060.5890331,0.011200106193756826,-75932436.40906739,1554205899.7083251,856743636.7955434,466261769.9124975,1439847016.675001,583103379.8794575,973585246.7625034
2023-01-11,1439847016.675001,4816616.4806061685,-59731203.01545856,-59731203.01545858,49481.77186557744,198764.433389755,-18183.841434301812,0.0,0.0,0,0,0,0,46,46,1652544942.7323742,1520414685.7668056,0.010779396923483684,-135531737.39852285,1586479814.24959,875867154.2614136,475943944.27487695,1385063528.9602382,509196374.69882464,909119584.6853613
2023-01-12,1385063528.9602382,28891626.67496715,-45137477.26453785,-45137477.264537856,52129.03814248662,204193.46840297873,-24222.55678965218,0.0,0.0,0,0,0,0,46,46,1697682416.283426,1549306345.2802432,0.011054160396135097,-180540795.94771814,1623494380.7818346,896631311.2050886,487048314.23455036,1368945520.2441382,472314209.0390496,881897206.0095879
2023-01-13,1368945520.2441382,15724070.78145689,-26702872.61387352,-26702872.613873523,84350.99267705619,207405.2310462002,-27792.363243355157,0.0,0.0,0,0,0,0,46,46,1724385292.7628655,1565030416.437841,0.017609960773375816,-207148049.0187962,1644707854.6003532,908573191.9383199,493412356.380106,1358061980.2868476,449488788.34852767,864649623.9067416
2023-01-17,1358061980.2868476,-1545445.547505464,-36223000.305028595,-36223000.305028595,66942.10003523693,211762.05180970393,-32637.164136650994,0.0,0.0,0,0,0,0,46,46,1760608282.9444208,1563484958.5701864,0.013687971507428186,-243258366.23590803,1662046620.7573037,919053724.5258728,498613986.2271911,1320405717.2219515,401351992.69607866,821791730.9947604
2023-01-18,1320405717.2219515,-34338028.26256883,48934260.61635773,48934260.616357744,64331.444716266575,200569.27507000894,-26062.339529758035,0.0,44123.47310354758,1,0,0,1,45,46,1667550554.8545778,1529146956.991521,0.013888226675008135,-194253462.33360028,1598348755.9230494,882551905.7042536,479504626.77691483,1335068001.5934608,452516095.88920724,855563374.816546
2023-01-19,1335068001.5934608,1353372.2899125156,45722595.03882829,48204114.01443817,78167.99098452802,200078.46378131918,-19920.54749578063,0.0,41641.95412793773,0,1,0,0,46,46,1663469906.7269032,1530500289.380423,0.016916733293841295,-148476130.4033339,1596985098.0536633,881666044.3631767,479095529.41609895,1382204316.8933747,500538272.530198,903108787.4772757
2023-01-20,1382204316.8933747,18602411.384350087,-78440249.97352259,-78440249.9735226,62481.63112853995,209513.08269627302,-30405.115052677567,0.0,0.0,0,0,0,0,46,46,1741910156.3662422,1548925972.220981,0.012913058187339184,-226621975.54790735,1645418064.2936115,909804539.9651179,493625419.28808343,1322483104.640717,412678564.6755991,828857685.3526336
2023-01-23,1322483104.640717,9369278.765535055,-71035983.42816557,-71035983.42816557,70298.30897346274,218057.13458344937,-39921.177324588345,0.0,0.0,0,0,0,0,46,46,1812946153.5806413,1558295249.4300199,0.013959262485796105,-297549147.76090693,1685620701.5053306,933457658.4316974,505686210.4515991,1260924237.6263719,327466579.1946745,755238027.1747727
2023-01-24,1260924237.6263719,1674423.2082210926,26168819.302029658,26168819.302029658,55562.18262263165,214909.60668700637,-36393.74847722281,0.0,0.0,0,0,0,0,46,46,1786777330.4231474,1559969670.5792632,0.01119467177222939,-271257752.6252632,1673373500.5012054,926025616.77176,502012050.1503616,1288890433.8122098,362864817.04044986,786878383.6618483
2023-01-25,1288890433.8122098,-5549900.46717643,-1612079.4891164773,-1612079.4891164775,56840.89824061673,215103.50355143816,-36593.71086038899,0.0,0.0,0,0,0,0,46,46,1788389405.9703867,1554419768.4388366,0.011441984222400862,-272748155.48116016,1671404587.2046118,925121763.9008251,501421376.1613835,1281850122.7503674,356728358.84954226,780428746.5889839
2023-01-26,1281850122.7503674,20201243.15128426,-15818807.552725345,-15818807.55272535,63495.44999998117,217006.1557829659,-38700.63847825584,0.0,0.0,0,0,0,0,46,46,1804208223.5997167,1574621026.7120132,0.012669470020697895,-288451963.813087,1689414625.155865,934917723.7579182,506824387.5467595,1286347368.416231,351429644.6583127,779522980.8694714
2023-01-27,1286347368.416231,-4305876.808965983,-111410584.08164304,-111410584.08164307,186203.5299877626,230406.3715995758,-53649.2810349676,0.0,0.0,0,0,0,0,46,46,1915618793.8994753,1570315121.6475666,0.03499301166237786,-399870417.6519325,1742966957.773521,967264418.5817342,522890087.3320563,1170621461.0861986,203357042.5044644,647731373.7541423
2023-01-30,1170621461.0861986,-34039663.18246189,85231423.0382538,85231423.03825384,175272.36839924156,220154.92578215702,-42120.727828448245,0.0,0.0,0,0,0,0,46,46,1830387373.7084649,1535581261.580659,0.034472513048364635,-313943313.0070677,1682984317.6445618,933011527.5077041,504895295.2933685,1221815982.771545,288804455.2638408,716920687.4781764
2023-01-31,1221815982.771545,27643265.84486598,-72583905.72957024,-72583905.72957024,97300.92698820155,141551.95096388942,-425.4700036654814,3073904.0692764474,0.0,0,0,0,0,48,48,1176875342.8868406,1176875342.8868406,0.029763843662344972,-3171204.9962644577,1176875342.8868406,647281438.5877624,353062602.86605215,1173845264.3715363,526563825.7837739,820782661.5054841
2023-02-01,1173845264.3715363,4689860.625228694,-55014264.74156159,-55014264.74156159,103993.50431293338,148168.94438964885,-7801.568106448335,0.0,0.0,0,0,0,0,48,48,1231889606.9347248,1181565200.4635487,0.03039043542693006,-58148333.712658405,1206727403.6991367,664958182.1963046,362018221.10974103,1123557234.1271734,458599051.93086886,761539013.0174325
2023-02-02,1123557234.1271734,-15582393.375802102,-84406447.34727864,-84406447.34727868,118343.07774970164,167462.10938200372,-20112.956142999334,0.0,0.0,0,0,0,0,48,48,1316296056.2777586,1165982810.3948421,0.03236620499370594,-142532760.0684992,1241139433.3363004,686384519.482038,372341830.0008901,1023597399.479582,337212879.99754393,651255569.4786918
2023-02-03,1023597399.479582,-11077246.677078089,56185703.37284098,56185703.37284098,25489.844759570944,153274.1172715527,-12175.141520512308,0.0,55335.63152655376,2,0,0,2,46,48,1204774720.911768,1154905561.159382,0.007616647290292519,-86280530.46032345,1179840141.035575,650158806.563376,353952042.31067246,1068766129.6748097,418607323.11143374,714814087.3641372
2023-02-06,1068766129.6748097,-8739154.245740732,9058444.688827228,10729989.259728426,27256.45247947061,155435.59929924094,-10884.50522416468,0.0,26048.259486054983,0,1,1,1,47,48,1221764535.9765663,1146166404.396074,0.008031271659695336,-77134288.99014342,1183965470.1863203,653070961.8919884,355189641.0558961,1069176666.5000057,416105704.6080173,713987025.4441097
2023-02-07,1069176666.5000057,23747645.305930223,2564930.4237029618,3273702.8989862883,27454.014320185117,155109.28261599995,-10490.559367172282,0.0,0.0,0,0,1,1,47,48,1219199601.3484712,1169804334.9118152,0.008106502942041035,-74342546.69649649,1194501968.1301432,658210964.1324952,358350590.4390429,1095606406.9385674,437395442.80607224,737255816.4995245
2023-02-08,1095606406.9385674,-11288586.343906892,37193330.2353525,39214642.106224015,26772.587535399027,150377.46507741557,-5225.538956987058,0.0,0.0,0,0,1,1,47,48,1182006275.717677,1158515756.677819,0.008154044281103058,-37031378.43534136,1170261016.1977482,644230821.8847579,351078304.85932446,1121629530.1685982,477398708.2838403,770551225.3092737
2023-02-09,1121629530.1685982,-5422247.44218192,56356120.95521813,59545589.58358244,27001.045783836416,139771.52818759158,2411.1035107732737,0.0,24605.28253012258,1,0,1,2,46,48,1101044860.996345,1153093514.0450795,0.008828320104400704,19418283.30824113,1127069187.5207124,618586836.8101734,338120756.2562137,1172653979.985019,554067143.1748456,834533223.7288053
2023-02-10,1172653979.985019,15320235.298317757,38655989.737802155,39205888.666992724,81706.82797198037,140980.10176998793,7228.854947826123,0.0,45751.66071125398,0,2,0,0,48,48,1108140537.930036,1168413733.558853,0.026543978009195484,58089012.97360277,1138277135.7444444,624545594.768724,341483140.7233333,1226650955.4891734,602105360.7204494,885167814.76584
2023-02-13,1226650955.4891734,2360403.028832958,-15579993.077997375,-15579993.07799738,80610.91276628956,142962.2233615534,5334.783726403411,0.0,0.0,0,0,0,0,48,48,1123720532.9729087,1170481956.7257867,0.025824862805602814,42868797.801455975,1147101244.8493476,629736649.0733192,344130373.45480424,1213499051.5343306,583762402.4610114,869368678.0795264
2023-02-14,1213499051.5343306,832895.2495014197,-27514238.995523795,-27514238.9955238,83854.61887412744,146462.6453170833,1918.807698018108,0.0,0.0,0,0,0,0,48,48,1151234766.6844976,1171314862.7389314,0.026221986746999427,15418990.430502653,1161274814.7117145,638199145.6900821,348382444.4135143,1186882234.6224492,548683088.9323671,838499790.2089348
2023-02-15,1186882234.6224492,2446118.694116903,-74331178.35426892,-74331178.35426894,28514.892077373246,155919.22347829727,-8266.545321332973,0.0,0.0,0,0,0,0,48,48,1225565948.7377079,1173550477.3080125,0.008376016940114363,-58581817.23779273,1199558213.02286,661057403.9483154,359867463.906858,1115116312.7483766,454058908.8000612,755248848.8415186
2023-02-16,1115116312.7483766,-14032408.08721463,53375111.28784192,53375111.28784193,26665.22891826177,149128.72323432233,-717.6513073501062,0.0,0.0,0,0,0,0,48,48,1172190837.6496952,1159518068.6461887,0.008189351172392468,-5085717.926103115,1165854453.147942,641536768.4564557,349756335.9443826,1154580761.7920127,513043993.335557,804824425.84763
2023-02-17,1154580761.7920127,-14362088.012663402,8141555.792070994,8141555.792070993,26537.806399136844,148092.93621882072,409.26825224711945,0.0,0.0,0,0,0,0,48,48,1164049280.3226082,1145044929.0237496,0.008207221519901246,3288762.741271496,1154547104.673179,635476016.3527198,346364131.40195364,1148482193.9694922,513006177.6167724,802118062.5675385
2023-02-21,1148482193.9694922,-28000706.544459466,54383782.15962946,54383782.159629464,24627.75916173327,141174.11154311273,7192.444012876723,0.0,0.0,0,0,0,0,48,48,1109665505.579052,1117044216.7220268,0.007989789043318487,57796425.10347366,1113354861.1505394,612160705.8542223,334006458.3451618,1174989008.3810565,562828302.5268342,840982550.0358948
2023-02-22,1174989008.3810565,-3957769.1760570146,-13180043.354666121,-13180043.35466612,88438.32909064114,142850.90623313468,5559.716581526629,0.0,0.0,0,0,0,0,48,48,1122845551.1774778,1113086463.5625467,0.028354566163836102,44676293.95869613,1117966007.3700123,615125281.24388,335389802.21100366,1157911168.1440575,542785886.9001775,822521365.9330539
2023-02-23,1157911168.1440575,14620519.733870454,12328830.038324961,12328830.03832496,69894.93696964548,141282.40525910846,7103.742466480455,0.0,0.0,0,0,0,0,48,48,1110516722.5606778,1127706978.1593509,0.022658080511432848,57083644.81993222,1119111850.3600144,615081761.3080411,335733555.10800433,1184939009.1270087,569857247.8189676,849205454.0190043
2023-02-24,1184939009.1270087,-3182408.7929952536,40335642.61484922,40335642.61484922,67696.43099012291,133088.33260423888,12130.334430651737,0.0,24071.903832843145,1,0,0,1,47,48,1046109164.5748032,1124524572.9391594,0.02329653154921921,97475901.67488003,1085316868.7569814,594963892.6072308,325595060.6270944,1222145693.2810743,627181800.6738435,896550632.6539799
2023-02-27,1222145693.2810743,9264641.41374727,-11653931.106433775,-11444089.761426773,89505.82998538532,137306.30539982335,10660.182330624502,0.0,23862.062487836138,0,1,0,0,48,48,1081625162.887011,1133789218.2680662,0.02979044857715159,85853817.42784834,1107707190.5775385,607934853.4331198,332312157.1732615,1219791002.183645,611856148.7505252,887478845.0103835
2023-02-28,1219791002.183645,-1152662.326405026,-11899795.53079482,-11899795.530794824,97698.994573401,153188.75409921803,-194.65100355535606,1284438.308779482,0.0,0,0,0,0,47,47,1206738544.326444,1206738544.326444,0.029146030191698095,-1382137.3033516407,1206738544.326444,663706199.3795441,362021563.29793316,1205509401.126188,541803201.7466439,843487837.8282549
2023-03-01,1205509401.126188,6119160.928841451,29490548.224346235,29490548.22434622,92098.19830984631,149772.10603915952,3505.5122846117147,0.0,0.0,0,0,0,0,47,47,1177247995.0676293,1212857716.9368646,0.028163438400793366,28169295.14420128,1195052856.0022469,656388827.7545049,358515856.800674,1241180289.6993897,584791461.9448848,882664432.8987157
2023-03-02,1241180289.6993897,812848.0405793007,-11092237.831207354,-11092237.831207348,91014.78498512955,150853.19252218146,2128.1333652654635,0.0,0.0,0,0,0,0,47,47,1188340247.4395037,1213670556.0075448,0.027572341057408044,17139329.11623192,1201005401.723524,659919713.2337372,360301620.51705724,1230962866.449664,571043153.2159269,870661245.9326069
2023-03-03,1230962866.449664,30068195.283115078,-42116289.73893219,-42116289.73893216,97034.45835923249,156199.62009542107,-3509.7116005103085,0.0,0.0,0,0,0,0,47,47,1230456525.9157894,1243738766.6515372,0.02838979214103046,-24921029.116049528,1237097646.2836633,680071649.4376211,371129293.885099,1218970427.4439826,538898778.0063615,847841133.5588837
2023-03-06,1218970427.4439826,-9412745.61824004,21547384.00521484,21547384.005214836,78709.72411509168,149979.5732012981,-468.5674504815809,0.0,27450.80042759338,1,0,0,1,46,47,1181458344.692939,1234326011.4636803,0.023983495320605144,-3327106.157265663,1207892178.0783095,663019006.2738018,362367653.42349285,1231148416.3121655,568129410.0383637,868780762.8886726
2023-03-07,1231148416.3121655,-20738670.650113493,29669716.820274636,30400809.9045645,74689.2833015816,149605.0855905346,3276.8476819473644,0.0,26719.707343303515,0,1,0,0,47,47,1178508332.879485,1213587333.9055285,0.02281540252063618,26390719.58615327,1196047833.3925066,656949333.3402276,358814350.017752,1240130935.4249544,583181602.0847268,881316585.4072025
2023-03-08,1240130935.4249544,-10882118.535053514,-165540.50523344515,-165540.50523344256,70384.6973453197,149626.1005691795,3266.533735969345,0.0,0.0,0,0,0,0,47,47,1178673877.5690289,1202705237.4379046,0.021497457037543577,26307654.249417543,1190689557.5034666,654278472.6301848,357206867.25104,1229165784.3216274,574887311.6914426,871958917.0705874
2023-03-09,1229165784.3216274,-42983261.85159478,56007750.93649278,56007750.93649276,28834.09817263679,142478.0110086233,10245.811916859679,0.0,0.0,0,0,0,0,47,47,1122365075.7790892,1159644833.2665298,0.009248573005484673,82516606.04182291,1141004954.5228095,626620731.0503592,342301486.3568428,1242314163.1312783,615693432.080919,900012676.7744355
2023-03-10,1242314163.1312783,-40019469.745740786,46385946.46243026,46385946.46243024,28012.684835901684,136589.572056358,16020.885645458982,0.0,0.0,0,0,0,0,47,47,1075979123.419888,1119625360.2198381,0.009372455581546842,129027266.94329381,1097802241.819863,602700077.080926,329340672.54595894,1248805237.6208339,646105160.5399079,919464565.0748749
2023-03-13,1248805237.6208339,-3212496.103571322,-21710882.008086085,-21710882.008086078,24371.347005814485,139650.56211182848,13370.88651798007,0.0,0.0,0,0,0,0,47,47,1097690007.8659008,1116412864.3569736,0.00799286215527349,107444623.805197,1107051436.1114373,608410218.4490137,332115430.8334312,1224010509.6108005,615600291.1617868,891895078.7773693
2023-03-14,1224010509.6108005,8663537.911894323,-4888279.982654295,-4888279.982654292,24825.116713524625,140272.45981156768,12844.042929877014,0.0,0.0,0,0,0,0,47,47,1102578286.7284796,1124549883.1653867,0.008105584995135764,103211059.25794029,1113564084.9469333,611910956.8098905,334069225.48407996,1227914058.9260683,616003102.1161778,893844833.4419883
2023-03-15,1227914058.9260683,-40638837.205910765,5476255.574694922,5476255.574694917,25044.345685528824,139575.76009975607,13549.264473593585,0.0,0.0,0,0,0,0,47,47,1097102044.4522312,1083848414.85779,0.008217981629313193,108878018.09137702,1090475229.6550107,600092717.0501168,327142568.8965032,1192879557.9737403,592786840.9236236,865736989.0772371
2023-03-16,1192879557.9737403,20324550.1040867,-22435185.448986553,-22435185.44898655,28473.025802396845,141827.970167023,10780.212845539983,0.0,0.0,0,0,0,0,47,47,1114805005.679657,1104113739.2370918,0.009194692557568518,86626710.3659463,1109459372.4583745,610469936.51317,332837811.73751235,1190893057.7860506,580423121.2728806,858055246.0485382
2023-03-17,1190893057.7860506,-24706068.170985375,7395005.628180675,7395005.628180673,27488.326346921986,140887.16105258276,11716.050806683805,0.0,0.0,0,0,0,0,47,47,1107409999.5399518,1079407670.0774755,0.008935983501144917,94146836.83942342,1093408834.8087137,602074917.3813543,328022650.4426141,1173707110.1287582,571632192.7474039,845684459.6861441
2023-03-20,1173707110.1287582,10573866.580211012,7645369.318672944,7645369.31867294,35412.647947984435,139914.5003836282,12682.058421042975,0.0,0.0,0,0,0,0,47,47,1099764631.8363788,1089981535.353456,0.011592074242273962,101909398.0262382,1094873083.5949173,602424773.3892777,328461925.0784752,1192043529.938499,589618756.5492213,863581604.8600237
2023-03-21,1192043529.938499,12023726.719738454,-51295002.60569624,-51295002.60569622,31510.620488078977,146440.3639379886,6313.7498322428255,0.0,0.0,0,0,0,0,47,47,1151059629.2068973,1102005253.7086732,0.009855113573503181,50735489.72337985,1126532441.4577851,620819202.1892375,337959732.43733555,1152893497.5458233,532074295.35658586,814933765.1084878
2023-03-22,1152893497.5458233,-27764313.490013212,54769603.2021469,54769603.2021469,32136.538413490118,139472.45449974842,13144.531610115622,0.0,0.0,0,0,0,0,47,47,1096290035.3692017,1074240950.2811143,0.010553004638923178,105625700.43842912,1085265492.825158,597447248.1810391,325579647.8475474,1180019267.7056534,582572019.5246143,854439619.858106
2023-03-23,1180019267.7056534,2258451.278517454,-12628657.12548057,-12628657.125480566,28111.28485734296,148779.92252652658,12235.136931061685,0.0,0.0,0,0,0,0,47,47,1108918677.2163472,1076499400.9928138,0.00912606375613337,93121549.58101916,1092709039.1045804,601800453.4131076,327812711.7313741,1169781965.6332905,567981512.2201829,841969253.9019165
2023-03-24,1169781965.6332905,102456.95169877834,7331205.422096619,7331205.422096617,27786.9303582579,147796.3199083691,13245.16631714966,0.0,0.0,0,0,0,0,47,47,1101587477.5779064,1076378964.2442992,0.009080799421365419,100808876.8324287,1088983220.9111028,599570984.3344467,326694966.2733308,1177348882.5629535,577777898.2285068,850653916.2896227
2023-03-27,1177348882.5629535,16009810.204641905,3423928.9886685945,3423928.988668599,25809.08596941207,147336.9436861019,13712.800172499728,0.0,0.0,0,0,0,0,47,47,1098163555.424362,1092388777.5307617,0.008460735109168628,104368035.1395328,1095276166.477562,602546261.009999,328582849.9432686,1196917862.414153,594371601.4041541,868335012.4708846
2023-03-28,1196917862.414153,21956369.81627833,6068379.619525649,6068379.619525646,69489.02166647695,146522.76796637956,14541.943929722454,0.0,0.0,0,0,0,0,47,47,1092095164.966804,1114194479.8113754,0.022906472441613732,110678643.01691508,1103144822.3890896,606177169.442885,330943446.71672684,1225034187.5401866,618857018.0973016,894090740.8234599
2023-03-29,1225034187.5401866,14873809.797011895,-51963733.02025704,-51963733.020257026,75168.2563524007,153494.57036191708,7763.549173201725,0.0,0.0,0,0,0,0,47,47,1144058909.5298166,1128780772.5436203,0.023653128402265196,59088323.51696873,1136419841.0367184,625412865.99485,340925952.3110155,1188030354.1801243,562617488.1852742,847104401.8691088
2023-03-30,1188030354.1801243,5002068.89702316,6724627.372301483,6724627.372301483,73882.98710928453,152543.37365662892,8658.567933510736,0.0,0.0,0,0,0,0,47,47,1136969244.6456814,1133782861.8373108,0.023393663007684282,65900305.62502885,1135376053.241496,624536488.8530321,340612815.9724488,1199844369.4039297,575307880.5508976,859231553.4314809
2023-03-31,1199844369.4039297,17265404.239310198,-46792956.97670895,-46792956.97670893,115922.84557144223,157017.50623609294,-288.6191648502029,1833474.8907525125,0.0,0,0,0,1,46,47,1170316816.666531,1170316816.6665308,0.03565891202399969,-1949397.736324072,1170316816.666531,643674249.166592,351095044.9999593,1168524147.817278,524849898.6506859,817429102.8173187
2023-04-03,1168524147.817278,18056107.11511937,22719221.10294908,21855031.36222479,120734.80095532781,153969.34478974272,2733.6519446996494,0.0,0.0,0,0,0,1,46,47,1147597600.917337,1188372933.621455,0.03787436319941279,20805807.61293602,1167985267.2693958,641372513.6805649,350395580.18081874,1209335444.2311254,567962930.5505605,858939864.0503066
2023-04-04,1209335444.2311254,-20459604.431650482,20364641.712900374,19814995.135185447,160244.12667293346,151237.08897176603,5408.875744053068,0.0,0.0,0,0,0,1,46,47,1127232961.2802436,1167913318.4034803,0.05117654254603911,41166918.98222208,1147573139.841862,630148217.9849432,344271941.9525586,1209236883.350418,579088665.3654749,864964941.3978596
2023-04-05,1209236883.350418,-17623491.74879646,37254277.58137362,37953121.33469489,164553.01364770366,146238.80567476957,10325.033745415758,0.0,0.0,0,0,0,1,46,47,1089978675.8367918,1150119349.8194602,0.05434884757510933,78583766.34988737,1120049012.828126,614523440.2059026,336014703.8484378,1228859680.0087676,614336239.802865,892844976.1603298
2023-04-06,1228859680.0087676,3453215.550367029,-17772513.175469566,-17457843.319363754,170210.80167762883,148623.28475574017,7988.126752098615,0.0,0.0,0,0,0,1,46,47,1107751190.7260137,1153572589.5364165,0.055315570063875504,60797582.04557085,1130661890.131215,620718504.6019082,339198567.0393645,1214526782.9934952,593808278.391587,875328215.9541306
2023-04-10,1214526782.9934952,7445977.621351063,-23541329.155684285,-24288644.20115934,119540.53734343765,151781.74735896572,4927.287458946295,0.0,0.0,0,0,0,1,46,47,1131292526.8991234,1160810337.323073,0.03804019952434011,37501553.598745584,1146051432.1110983,629590342.4005053,343815429.63332945,1198468599.9566364,568878257.5561311,854653170.323307
2023-04-11,1198468599.9566364,12022548.955779264,-33308328.695860453,-32991026.570670415,123307.25178161143,156250.61280531355,555.330351676908,0.0,0.0,0,0,0,1,46,47,1164600840.7849455,1172832897.1803403,0.038116588179226016,4226615.784433126,1168716868.982643,642588476.5305687,350615060.69479287,1177216318.9079304,534627842.37736166,826601258.2131375
2023-04-12,1177216318.9079304,-8805373.186800744,32022629.11431904,32515448.434404567,115524.30948078627,151954.2439711482,4768.172993570801,0.0,0.0,0,0,0,1,46,47,1132578215.9340236,1164027516.1140127,0.036720423214908225,36290534.41195536,1148302866.0240183,630780343.8087103,344490859.8072055,1200474772.9429328,569694429.1342225,855983913.1357274
2023-04-13,1200474772.9429328,17601294.018030874,-38420278.56294057,-37401851.296870664,110274.56429038857,153765.23286960484,-312.134747759314,0.0,24922.225284401935,1,0,0,2,45,47,1146076269.835564,1181628818.7978172,0.03463891905748626,-2108227.189368725,1163852544.3166904,639230085.6501235,349155763.2950071,1179674044.7065704,540443959.0564469,830518281.4115633
2023-04-14,1179674044.7065704,-9539380.650377857,21244013.694583964,20392209.271127623,113129.45083658639,154245.38058318166,2516.269067004789,0.0,24822.757250951203,0,1,0,1,46,47,1149655010.5578756,1172089417.6331387,0.03542506397759127,19151307.90955019,1160872214.0955071,637918857.5756474,348261664.2286521,1191397487.192339,553478629.6166916,843135822.9636868
2023-04-17,1191397487.192339,24708366.951347105,-11061605.642504873,-10783943.2435229,114339.8349847409,155729.4794844045,1068.4671530935705,0.0,0.0,0,0,0,1,46,47,1160716617.2750645,1196797811.9407485,0.035462868353811246,8132096.725447893,1178757214.6079063,647414438.1677065,353627164.3823719,1205086706.6128337,557672268.4451272,851459542.2304618
2023-04-18,1205086706.6128337,10352725.672712486,6503714.958945202,6407652.2108658245,113844.88271429055,154856.89788878508,1928.6290295645717,0.0,0.0,0,0,0,1,46,47,1154212903.518895,1207150519.0500805,0.03550831709833996,14678783.31169653,1180681711.2844877,648051500.8181887,354204513.3853463,1221986087.8886955,573934587.0705068,867781574.5033492
2023-04-19,1221986087.8886955,-3425378.5012448337,17074593.114759564,16552633.38820098,113423.86458253219,152566.05711287042,4177.736769772182,0.0,0.0,0,0,0,1,46,47,1137138313.8847485,1203725150.580165,0.03590820109667862,31796728.057462692,1170431732.2324567,642072781.8104658,351129519.669737,1235678622.4315102,593605840.6210444,884549102.7617732
2023-04-20,1235678622.4315102,-7671561.374519152,34557501.26142986,34150147.21368602,130597.27229642404,147929.5907040821,8721.643602879098,0.0,0.0,0,0,0,1,46,47,1102580800.2788727,1196053590.90159,0.04264088220547763,66380374.14453435,1149317195.5902314,629787637.8090594,344795158.6770694,1262590616.2804315,632802978.4713721,917795457.6033621
2023-04-21,1262590616.2804315,510305.90693853935,-7882106.452510324,-7735554.059284775,107751.27363172895,148987.1082511667,7692.450078422479,0.0,0.0,0,0,0,1,46,47,1110462918.6422362,1196563875.7036784,0.034931790928103716,58547188.757549524,1153513397.1729574,632279844.5185905,346054019.15188724,1255267744.0195575,622987899.500967,909213724.8676703
2023-04-24,1255267744.0195575,-1032859.4837452217,13443830.865535546,13348192.964732412,109629.82929536997,147183.39381476768,9465.000283905258,0.0,0.0,0,0,0,1,46,47,1097019084.333672,1195531028.4429638,0.035976346364389115,72038057.12908864,1146275056.388318,627988482.4108425,343882516.9164954,1267725733.9661512,639737251.5553087,923843217.0496559
2023-04-25,1267725733.9661512,-33603619.45163501,32315000.27088383,33256445.91661749,106390.26561491692,142847.79953036265,13717.434097864707,0.0,0.0,0,0,0,1,46,47,1064704095.8784794,1161927420.6036901,0.03597290155042435,104403303.91609502,1113315758.2410848,609893083.9144664,333994727.47232544,1266487289.7534134,656594205.838947,932492562.281088
2023-04-26,1266487289.7534134,-8320280.579533814,196970.3719211007,97572.62077529501,104654.02174567712,142821.37073080198,13750.134912546435,0.0,0.0,0,0,0,1,46,47,1064507111.0370333,1153607135.914822,0.035392387178833126,104652189.6092329,1109057123.4759278,607753917.2898154,332717137.0427783,1258415897.0296984,650661979.739883,925698759.9869201
2023-04-27,1258415897.0296984,4966855.729281114,-38882105.352389775,-38763545.56890753,102307.7174310916,148038.05383117343,8648.587343040574,0.0,0.0,0,0,0,1,46,47,1103389221.1019137,1158573996.2748964,0.03337967923813088,65824343.414262295,1130981608.688405,620660265.3992982,339294482.6065215,1224555026.330333,603894760.9310348,885260543.7238115
2023-04-28,1224555026.330333,16265185.581675157,-1000225.1994196202,-799121.3206781051,86819.14099251009,166342.514883939,-281.15288824850313,1812149.7102175977,0.0,0,0,0,1,46,47,1239819986.7125888,1239819986.7125878,0.025209216734904165,-1898968.851209402,1239819986.7125883,681900992.6919236,371945996.0137765,1238087079.2233741,556186086.5314505,866141083.2095976
2023-05-01,1238087079.2233741,15466686.738652801,14085404.214412523,14444301.255267514,82338.45359001587,164452.72509210056,1612.1639913200183,0.0,0.0,0,0,0,1,46,47,1225734596.9597557,1255286661.8100545,0.02418292129954373,12270169.912795067,1240510629.384905,681542044.5404403,372153188.81547153,1267722896.611933,586180852.0714927,895569707.7964615
2023-05-02,1267722896.611933,-38774922.71670967,40162722.80743742,40110468.17116951,77730.05872416365,159064.224608861,6900.705978225846,0.0,0.0,0,0,0,1,46,47,1185571860.4387155,1216511737.211351,0.02360280475140832,52521229.432585716,1201041798.8250332,659799492.4344523,360312539.64750993,1269198931.5745237,609399439.1400714,908886391.9270138
2023-05-03,1269198931.5745237,13907169.661688719,-10470092.462329721,-9504922.041957295,82324.26251531142,160468.96308810366,5536.04153450862,0.0,0.0,0,0,0,1,46,47,1196041960.9051204,1230418907.5045364,0.024779008993199646,42134777.00683093,1213230434.2048283,666417315.1476703,363969130.26144844,1272719689.51599,606302374.3683197,908750559.2545416
2023-05-04,1272719689.51599,675228.5660471066,397159.47981793154,1119126.8933285112,83529.94086989766,168718.76632825003,5894.993159939312,0.0,0.0,0,0,0,1,46,47,1195644800.751378,1231094139.2358818,0.025150260925540593,42614408.385103464,1213369469.99363,666466975.0343838,364010840.99808896,1273883161.3804734,607416186.3460896,909872320.3823844
2023-05-05,1273883161.3804734,29397897.487900868,-47256053.67223516,-47711453.33842674,87705.35138302983,175387.12039617993,-705.9846828817235,0.0,0.0,0,0,0,1,46,47,1242900853.201275,1260492039.7343156,0.025403415257594687,-4554739.889559507,1251696446.4677954,687993265.8939614,375508933.9403386,1256111980.9804695,568118715.086508,880603047.0401309
2023-05-08,1256111980.9804695,6025818.508664048,-9196008.785191858,-8593221.588832531,85895.4012417168,176684.78042705727,-2117.6025533628294,0.0,0.0,0,0,0,1,46,47,1252096869.1681223,1266517847.2598794,0.02469644738235186,-13661951.957179546,1259307358.2140007,692258522.5654066,377792207.4642002,1253030462.4805734,560771939.9151669,875238255.0163732
2023-05-09,1253030462.4805734,-1820567.6092274678,4297309.074859229,4720761.600912376,89100.10592357666,176078.3808314698,-1438.27514893396,0.0,0.0,0,0,0,1,46,47,1247799549.1993926,1264697298.3495328,0.025706082481812154,-9279194.509251356,1256248423.7744627,690514189.347201,376874527.1323388,1255592743.945964,565078554.5987631,878718216.8136253
2023-05-10,1255592743.945964,2021340.5443009387,-18534376.138342697,-18068181.01280254,57917.27244933238,178693.78964176937,-4293.008637719449,0.0,0.0,0,0,0,1,46,47,1266333942.3432477,1266718621.0002437,0.01646502347017409,-27696829.920770645,1266526281.6717458,696579837.9530351,379957884.50152373,1239196191.860477,542616353.9074419,859238307.3589532
2023-05-11,1239196191.860477,1494297.8415110535,23497277.42644276,22745879.10449805,68505.96709656791,175378.0625131821,-575.828286310761,0.0,0.0,0,0,0,1,46,47,1242836663.4792435,1267834282.3633392,0.019843434684107493,-3715021.2020049095,1255335472.9212914,689809569.6346078,376600641.8763874,1264294063.3955612,574484493.7609534,887693421.5191739
2023-05-12,1264294063.3955612,-2677628.4285905315,18426833.423331678,18405965.779226243,62321.58052146505,172777.83253843326,2050.694075662208,0.0,0.0,0,0,0,1,46,47,1224409836.886535,1265156652.2869215,0.018323741211339607,14824294.522859335,1244783244.586728,683612114.1376908,373434973.3760184,1280155775.336395,596543661.1987042,906720801.9603766
2023-05-15,1280155775.336395,40210681.241759084,-45982668.52398889,-45650912.47438521,68865.41647372313,179255.75382634986,-4813.124087762237,0.0,0.0,0,0,0,1,46,47,1270316365.6985424,1305367336.1071253,0.019516043876918444,-31052413.469433784,1287841850.902834,707436743.7363441,386352555.2708502,1274489365.26743,567052621.531086,888136809.9965799
2023-05-16,1274489365.26743,-20705953.12440254,37712899.45300813,38095942.08611201,67297.16313764142,173934.0459839678,936.1904082301385,0.0,0.0,0,0,0,1,46,47,1232603475.4769373,1284661372.92762,0.01965512771264632,6767641.5052781105,1258632424.2022786,690946385.8749862,377589727.2606836,1291603884.6692903,600657498.7943041,914014157.4086068
2023-05-17,1291603884.6692903,29300933.195669558,-43276565.00487286,-43505312.73084398,68305.95293974204,180040.85255379407,-5642.367929004731,0.0,0.0,0,0,0,1,46,47,1275880057.467832,1313962320.6426616,0.019273083636960217,-36402373.7355144,1294921189.0552468,711254597.401015,388476356.716574,1277734345.391772,566479747.990757,889257988.6751981
2023-05-18,1277734345.391772,-4510343.1035326505,-9140096.88810871,-9304851.574560968,64439.01136342607,181330.6219821524,-7042.036257324836,0.0,0.0,0,0,0,1,46,47,1285020155.7790327,1309451958.3715081,0.018052669435966756,-45432491.98274088,1297236057.0752704,712869036.3265868,389170817.1225811,1264193754.974492,551324718.6479052,875022937.851911
2023-05-19,1264193754.974492,-12062450.469986022,18261991.291512754,19885101.27851291,59073.89858350775,178753.64916599198,-4193.569417876782,0.0,0.0,0,0,0,1,46,47,1266758143.6960063,1297389508.4643824,0.01678821138501897,-27055286.566946983,1282073826.0801945,704374820.2248975,384622147.82405835,1270508781.9771836,566133961.7522861,885886634.1531253
2023-05-22,1270508781.9771836,15496165.062908158,-56567485.29881936,-55974604.29358371,53923.3514054454,183426.5743491541,-12946.465844991597,0.0,23452.270122323956,1,0,0,2,45,47,1299873361.5294387,1312885672.2164648,0.014934075180308024,-83525586.09671998,1306379516.8729517,718183426.5129478,391913855.06188554,1229530566.2282488,511347139.71530104,837616711.1663632
2023-05-23,1229530566.2282488,-14447473.371375486,11309906.479646794,11699235.802040698,53592.681848297674,185090.60438779433,-11178.895979312852,0.0,23102.23657205875,0,1,0,1,46,47,1311665700.3859441,1298438213.9620538,0.01470905693402693,-72121909.5439539,1305051957.1739988,718109263.6062967,391515587.1521996,1226490216.1265085,508380952.5202118,834974628.9743088
2023-05-24,1226490216.1265085,-14219653.862410909,38478952.09549478,35923994.186429776,55876.02338734955,179660.79635659832,-5196.362832435218,0.0,0.0,0,0,0,1,46,47,1273186745.8341613,1284218559.835787,0.01579922857763237,-33524921.499582052,1278702652.8349743,703010663.7091951,383610795.8504923,1250868102.7697291,547857439.060534,867257306.9192369
2023-05-25,1250868102.7697291,6634288.228015252,31377581.30721472,31967263.040661596,54749.90091480993,171782.10958062558,-318.07214858087536,0.0,24455.635442095634,1,0,0,2,45,47,1217353532.461126,1290852845.1465433,0.016190830193332506,-2052078.3779411316,1254103188.8038347,687919271.0249736,376230956.6411504,1288972230.806034,601052959.7810605,912741274.1648836
2023-05-26,1288972230.806034,33008120.871196546,-3778490.9276585453,-4659267.872271498,39334.95649664182,175842.6878673715,-887.129262827221,0.0,24997.25815129423,0,1,0,1,46,47,1246129284.0994833,1323860943.1338093,0.011363655857766173,-5723414.598885298,1284995113.6166463,704804021.0132973,385498534.0849939,1318312484.0935285,613508463.0802312,932813950.0085347
2023-05-30,1318312484.0935285,12345698.609447228,-17491009.305113383,-15885518.712369038,39971.1727368082,178288.57043030518,-3577.317793525774,0.0,0.0,0,0,0,1,46,47,1263462310.136021,1336206671.8607757,0.011389039522438783,-23079469.635650158,1299834490.9983983,713090361.0060002,389950347.2995195,1313301913.4777622,600211552.4717621,923351566.1782427
2023-05-31,1313301913.4777622,-13635247.352122432,-1011452.807685604,-175687.74825596908,32454.414191679356,179270.8827080221,-319.1709093024528,1998481.1075253729,28231.635072129455,1,0,0,2,45,47,1270423578.245826,1298655213.317955,0.00919660915388316,-2059167.156790018,1284539395.7818904,705790876.8032365,385361818.7345671,1296774997.8729637,590984121.0697272,911413179.1383965
2023-06-01,1296774997.8729637,25633620.177807853,-9817317.17615988,-10583188.643415743,34387.80550715406,184796.6790925893,-1822.9953968760346,0.0,29341.869169689013,0,1,0,1,46,47,1309582765.2230737,1324288831.8249414,0.009453094765237478,-11761260.625006676,1316935798.5240076,723947037.5231575,395080739.5572023,1312710544.8836305,588763507.360473,917629805.3264282
2023-06-02,1312710544.8836305,27941784.056462035,-25358610.105905924,-25900438.771001637,33820.751155347956,188375.0637242462,-5730.460648208335,0.0,0.0,0,0,0,1,46,47,1334941396.4710362,1352230611.9424398,0.009120602932916416,-36970713.85940862,1343586004.206738,738540071.9269208,403075801.26202136,1315442542.6861072,576902470.7591864,912366741.4240859
2023-06-05,1315442542.6861072,2759468.967080323,9757129.028510269,8169847.274973672,49116.115735567764,186998.22124359745,-4197.41127451567,0.0,0.0,0,0,0,1,46,47,1325184245.0333676,1354990097.304773,0.013342900605009214,-27080072.738810778,1340087171.1690702,736302797.8362036,402026151.35072106,1328092825.3759315,591790027.5397279,926066674.0252104
2023-06-06,1328092825.3759315,27161567.87285084,-31896899.253838457,-33119968.844093956,50687.12844617336,191379.1108925561,-9120.951344145471,0.0,0.0,0,0,0,1,46,47,1356229919.7110276,1382151654.2480814,0.013454478459309012,-58844847.38158369,1369190786.9795547,752406889.4753287,410757236.0938664,1323489065.0260463,571082175.5507176,912731828.9321799
2023-06-07,1323489065.0260463,-13471714.908376612,-15082078.185306447,-14984913.403653592,37872.193173044245,193507.356663011,-11435.852917299853,0.0,0.0,0,0,0,1,46,47,1371311976.3520467,1368677095.9798346,0.009942295974519934,-73779696.24064422,1369994536.1659408,753562866.9005727,410998360.8497822,1295079471.2429361,541516604.3423635,884081110.3931539
2023-06-08,1295079471.2429361,11771159.723505475,-555500.2713813018,-1252169.327450444,33237.419835854096,193547.81828772256,-11498.885467428106,0.0,0.0,0,0,0,1,46,47,1371598712.2751994,1380448251.1295993,0.008723740430653527,-74186357.85437489,1376023481.7023993,756591676.4649596,412807044.5107198,1306443942.2080448,549852265.7430851,893636897.697325
2023-06-09,1306443942.2080448,-368514.67780915357,22539225.313011404,25266500.18673414,33502.8382310844,190298.59489709217,-7982.285917582582,0.0,0.0,0,0,0,1,46,47,1348572719.743173,1380079768.8281293,0.008943545710673528,-51498618.82311344,1364326244.2856512,749591758.1299841,409297873.2856954,1328763466.3139954,579171708.1840112,919465593.0283
2023-06-12,1328763466.3139954,-5338435.333087217,-30744376.20357716,-30127528.363463487,34316.491352529,194636.97228266796,-12724.7213369791,0.0,0.0,0,0,0,1,46,47,1379317126.4126077,1374741314.6535854,0.008956560206746027,-82094976.36760712,1377029220.5330966,757480466.5871787,413108766.159929,1292828250.5369241,535347783.9497454,879719484.3769951
2023-06-13,1292828250.5369241,16471379.054037353,-45620555.4437559,-43941420.67328406,36433.046705759116,201074.5378356025,-19773.358000166834,0.0,0.0,0,0,0,1,46,47,1424937669.7011201,1391212692.7144794,0.009204540726910767,-127570051.61397958,1408075181.2078,775284474.0889559,422422554.36234,1263823942.2803352,488539468.1913793,841401387.9179952
2023-06-14,1263823942.2803352,-7158243.428420809,12991447.289724287,13460809.55217411,34751.6170285174,198346.19347754627,-17728.329631375836,0.0,0.0,0,0,0,1,46,47,1405602945.9038713,1383998714.727035,0.008900509327135299,-114376320.20242476,1394800830.315453,767680562.4529202,418440249.0946359,1269803012.3884563,502122449.93553615,851362763.2938204
2023-06-15,1269803012.3884563,441999.82018109394,-24393245.402981803,-25179346.0195595,36950.21375283861,201391.12562067187,-21414.71169426649,0.0,0.0,0,0,0,1,46,47,1429996158.2532914,1384222288.942638,0.009302176704635415,-138407472.35073495,1407109223.5979648,775054419.7116468,422132767.0793894,1245994793.0058293,470940373.29418254,823862025.92644
2023-06-16,1245994793.0058293,-19804714.455241222,8835428.749002907,9393215.159784975,36084.2351569513,200541.56987640838,-20061.363579070232,0.0,0.0,0,0,0,1,46,47,1421160731.4076185,1364417575.1874678,0.009140644242003457,-129428152.12303376,1392789153.297543,767452613.2191525,417836745.9892629,1235169903.2707314,467717290.051579,817333157.2814686
2023-06-20,1235169903.2707314,-8298588.542872273,12557958.890188027,11433126.991488758,28846.449358890208,193475.55916879294,-17980.559195874623,0.0,34811.82593946158,1,0,0,2,45,47,1373790952.6778195,1355577488.062944,0.0075591717567788435,-116211872.72019506,1364684220.3703818,751031657.8190818,409405266.11111456,1239541110.3427217,488509452.5236399,830135844.2316072
2023-06-21,1239541110.3427217,255776.40227649646,27288680.89752763,29988194.478203483,30728.234811023685,189632.401899354,-13703.534934325751,0.0,0.0,0,0,1,2,45,47,1346502262.0072472,1355623467.349497,0.008215481580757264,-88568627.94178224,1351062864.6783721,742856545.4395485,405318859.40351164,1267230768.27468,524374222.8351314,861911908.8711683
2023-06-22,1267230768.27468,-4193814.0773601844,10437026.755118735,11998090.816081835,29631.999302380147,188162.5189761057,-12066.059867488319,0.0,0.0,0,0,1,2,45,47,1336065223.4989755,1351429655.0984824,0.007984280678244176,-77985306.1453464,1343747439.298729,738676980.8243132,403124231.7896187,1273620445.4122446,534943464.5879314,870496213.6226258
2023-06-23,1273620445.4122446,-24059881.22127856,36961090.675306916,37268183.44127296,33336.10573267231,187612.421074094,-6330.380040354211,0.0,33055.05479933446,0,1,0,1,46,47,1332159202.892975,1327369748.706235,0.009008681573268527,-40914485.000494,1329764475.799605,731490198.0444512,398929342.73988146,1286636545.7467747,555146347.7023234,887707203.0068932
2023-06-26,1286636545.7467747,-18037618.720250998,-4737674.4952731645,-4599583.308409035,47976.092065758865,188279.64275857207,-7042.780841285228,0.0,0.0,0,0,0,1,46,47,1336896871.6584997,1309332147.2266655,0.012919016799139487,-45518870.78748083,1323114509.4425826,728402098.3042163,396934352.83277476,1263994513.301102,535592414.99688566,867060160.4683272
2023-06-27,1263994513.301102,13390583.745020088,-32530247.72474812,-32956777.95725872,47254.14264885366,192860.98504100743,-12055.202658439921,0.0,0.0,0,0,0,1,46,47,1369427112.7172124,1322722729.0573313,0.012422341573063484,-77915133.87860632,1346074920.887272,741508816.0794966,403822476.2661815,1244988400.9611075,503479584.8816109,841165924.694926
2023-06-28,1244988400.9611075,21549165.80634021,-5034240.603036926,-6045792.263669039,46795.642758119866,193569.97486203455,-12813.377404438386,0.0,0.0,0,0,0,1,46,47,1374461359.9671092,1344271896.1517751,0.012256751541801277,-82815365.63012242,1359366628.059442,748406382.0280765,407809988.4178326,1261637287.1191103,513230905.0910338,853827298.7012777
2023-06-29,1261637287.1191103,-14902149.077990657,-16881286.18599902,-15217002.26818543,32765.462180199018,191547.58676816334,-15407.144615147341,0.0,30738.408833282483,1,0,0,2,45,47,1360101207.821278,1329369738.674467,0.008672565186356061,-99579390.69035983,1344735473.2478726,740372797.0150001,403420641.9743618,1229966488.4262602,489593691.4112601,826545846.4518985
2023-06-30,1229966488.4262602,24625474.550218187,-5356594.186497339,-5025131.452174987,38362.34839464899,176280.990929253,-358.1176767026054,2272074.275492714,0.0,0,0,0,2,46,48,1249235368.7899818,1249235368.7899816,0.011055118808756214,-2310436.6238877773,1249235368.7899818,687079452.83449,374770610.63699454,1247100855.0393465,560021402.2048565,872330244.4023519
2023-07-03,1247100855.0393465,2689142.5251007774,-24278665.40838501,-23444648.0135682,43927.258773270245,179706.9793515707,-4100.852763152387,0.0,0.0,0,0,0,2,46,48,1273514026.9008949,1251924519.498272,0.012417462881708745,-26457114.600983143,1262719273.1995835,695035337.9448364,378815781.95987505,1225643011.0238771,530607673.07904077,846827229.064002
2023-07-05,1225643011.0238771,-4341154.272560959,-1733801.1709423552,-622218.081812954,45154.91329184468,179951.64017130318,-4349.3733300022395,0.0,0.0,0,0,0,2,46,48,1275247843.7336447,1247583373.7638705,0.01274714469421942,-28060473.096788645,1261415608.7487576,694470196.561061,378424682.6246273,1219698502.9339232,525228306.3728622,841273820.3092959
2023-07-06,1219698502.9339232,-20237216.40322072,29793719.294004377,32134023.367535133,44460.08519555217,175747.41499766803,257.90843439241485,0.0,0.0,0,0,0,2,46,48,1245454122.0307186,1227346147.4186022,0.012851240673804604,1864398.3209090233,1236400134.7246604,680472773.4638661,370920040.4173981,1229386551.0629432,548913777.5990771,858466510.6455451
2023-07-07,1229386551.0629432,14570773.463871062,-36333388.63951423,-39980703.59322116,46383.083894591764,180874.4601916973,-5322.601079467213,0.0,0.0,0,0,0,2,46,48,1281787513.1695085,1241916914.6064198,0.013027050139350856,-34339361.80301428,1261852213.8879642,695015482.6024575,378555664.1663893,1207753104.6625178,512737622.06006026,829197440.4961286
2023-07-10,1207753104.6625178,40701449.289918184,-34215545.69682904,-38924681.41746758,48863.91621711617,185337.09866997783,-10584.369687572025,0.0,0.0,0,0,0,2,46,48,1316003067.4791324,1282598996.8982036,0.013366997595118259,-68408852.55881381,1299301032.188668,715450669.4682906,389790309.6566004,1214364897.0683722,498914227.6000817,824574587.4117718
2023-07-11,1214364897.0683722,6129611.798538781,-32401170.57205196,-33281508.76154191,48331.180234012056,190274.81968692536,-15605.958647473955,0.0,0.0,0,0,0,2,46,48,1348404234.0018334,1288728611.2918766,0.012903567376532489,-100683604.17725134,1318566422.6468549,726703423.0235192,395569926.7940565,1188219675.9756646,461516252.95214546,792649749.1816082
2023-07-12,1188219675.9756646,9740225.632780068,-6658045.246723601,-9529152.909330368,40145.79424591096,186397.02442829486,-16622.396403468385,0.0,34138.506655417856,1,0,0,3,45,48,1320923795.1611447,1298468839.1799705,0.010941195836936852,-107241267.11915088,1309696317.1705575,720894348.3433361,392908895.1511672,1191397346.6888444,470502998.34550834,798488451.5376773
2023-07-13,1191397346.6888444,25775360.189111706,-22440302.22569572,-20957668.374723677,48610.62167943101,194329.34095148568,-20087.097227255406,0.0,33772.99663051677,0,1,0,2,46,48,1377137061.8609223,1324244196.693663,0.012707394412105714,-129594175.65971231,1350690629.2772927,744202167.7316924,405207188.7831878,1194824263.277675,450622095.5459825,789617074.494487
2023-07-14,1194824263.277675,-20367561.993055798,37353560.20548093,36568541.79982721,51276.91713238566,189058.33653003053,-14278.235752670693,0.0,0.0,0,0,0,2,46,48,1339783487.2206888,1303876634.590198,0.013778114407091634,-92117650.01723027,1321830060.9054434,727904204.8137562,396549018.271633,1211933764.6737452,484029559.8599889,815384746.4021121
2023-07-17,1211933764.6737452,19547855.01444916,-7633696.458180824,-6336148.69613809,51166.55644999225,190135.5379817677,-15442.296838784841,0.0,0.0,0,0,0,2,46,48,1347417198.2959917,1323424478.214111,0.01367056940143852,-99627721.54054737,1335420838.2550514,735081279.0423253,400626251.4765154,1223971449.9147067,488890170.87238145,823345198.4381913
2023-07-18,1223971449.9147067,11849097.998850975,-6671796.383743007,-10078015.06051144,51473.06848670884,191077.0039769853,-16457.330031565256,0.0,0.0,0,0,0,2,46,48,1354089004.561313,1335273601.24562,0.013684702108055655,-106176322.78429198,1344681302.9034665,740045101.6797988,403404390.8710399,1229271898.1352735,489226796.4554746,825867507.2642336
2023-07-19,1229271898.1352735,-5214871.015740014,-23544470.648504715,-38536210.99240265,51829.53587333623,194399.38884497178,-20087.6876137971,0.0,0.0,0,0,0,2,46,48,1377633464.2557056,1330058711.540298,0.013543974793383628,-129597984.6051426,1353846087.8980017,745804717.1617861,406153826.3694005,1200635038.6363866,454830321.47460055,794481212.2669861
2023-07-20,1200635038.6363866,-36685162.966503486,7623264.368089284,18098339.34232025,54832.43486995815,193323.6630030541,-18887.562662637694,0.0,0.0,0,0,0,2,46,48,1370010210.2578638,1293373550.5878618,0.014408415649303468,-121855242.98475933,1331691880.4228628,734346450.7243246,399507564.12685883,1171692743.7034428,437346292.9791182,772185179.576584
2023-07-21,1171692743.7034428,-6145088.55818164,5699438.741625772,6710115.370577556,64742.98588227562,192519.40928066598,-17987.148375964403,0.0,0.0,0,0,0,2,46,48,1364310774.4299164,1287228469.4556136,0.017083699223410704,-116046118.55460906,1325769621.942765,731100349.6928782,397730886.5828295,1171356883.1619093,440256533.4690311,773625996.5790799
2023-07-24,1171356883.1619093,-9260155.11384295,-13545019.995536298,-13479832.489675289,62029.530290548006,194430.76037010254,-20069.188575715263,0.0,0.0,0,0,0,2,46,48,1377855782.150333,1277968314.494596,0.01620679841379863,-129478635.97235656,1327912048.3224645,732848813.2687489,398373614.4967393,1148664040.0940337,415815226.82528484,750290425.5972943
2023-07-25,1148664040.0940337,15021385.071453465,21621173.459232766,23465428.29575689,59490.04351328425,191379.77242966526,-16700.10202873322,0.0,0.0,0,0,0,2,46,48,1356234607.7692814,1292989702.3149693,0.015791084774047903,-107742593.73376274,1324612155.0421252,730117807.9095267,397383646.51263756,1185421788.2516074,455303980.3420807,788038141.7389698
2023-07-26,1185421788.2516074,2275532.9793691523,-30544025.5998611,-35221029.40759892,56108.929437232204,195689.87620837174,-21416.048429025665,0.0,0.0,0,0,0,2,46,48,1386778650.295548,1295265241.082489,0.014565565018684681,-138168054.38081074,1341021945.6890185,739849905.3592865,402306583.7067055,1157271460.5294576,417421555.170171,754964876.822752
2023-07-27,1157271460.5294576,-19773010.70750901,32646635.26492177,35576538.64804852,42756.47856380696,200486.76660670753,-17067.30585418873,0.0,0.0,0,0,0,2,46,48,1354132007.0997133,1275492210.383743,0.011366936312167876,-105389881.7754364,1314812108.7417283,725112654.7258497,394443632.6225185,1170285748.0690591,445173093.3432094,775842115.4465406
2023-07-28,1170285748.0690591,38344577.05614777,-37058938.99801437,-39397701.48347742,43280.18084681194,205973.54457152056,-23046.103693072426,0.0,0.0,0,0,0,2,46,48,1391190920.182878,1313836807.9961925,0.011199659858910036,-142308702.0498469,1352513864.0895352,745816478.0539114,405754159.2268606,1171711033.387224,425894555.3333125,765956874.1603634
2023-07-31,1171711033.387224,27314897.65282157,-31977961.539348777,-34135506.04966272,50903.384577758654,172787.93548440852,-316.5884303519028,1904016.5970130018,0.0,0,0,0,0,48,48,1167047969.5006955,1167047969.5006957,0.015702198133152392,-1954919.9815897942,1167047969.5006957,641876383.2253826,350114390.8502087,1165265520.86616,523389137.64077735,815151130.0159512
2023-08-01,1165265520.86616,-26731414.501016017,32028241.518223066,32028241.518223073,49530.33485044279,168045.97514352886,4386.844262879845,0.0,0.0,0,0,0,0,48,48,1135019719.5435345,1140316566.4082346,0.015709789212587758,30196251.140281916,1137668142.9758844,625585057.465119,341300442.89276534,1170685250.367923,545100192.902804,829384807.4751577
2023-08-02,1170685250.367923,-25630503.54700215,28886174.359365948,28886174.359365948,45797.90651652394,163769.21685145583,8601.761145453522,0.0,0.0,0,0,0,0,48,48,1106133547.214336,1114686059.9398646,0.01490529456182733,59209063.3339057,1110409803.5771003,610511579.149267,333122941.0731301,1174067494.2517672,563555915.1025002,840944553.178637
2023-08-03,1174067494.2517672,-6489845.431200283,-9221485.915345661,-9221485.91534566,45613.69256130233,165134.505886582,7280.497632257246,0.0,0.0,0,0,0,0,48,48,1115355011.6166887,1108196225.1665297,0.014722603252812721,50114324.04613018,1111775618.3916092,611655559.776639,333532685.51748276,1158482964.2161787,546827404.4395397,824950278.6986959
2023-08-04,1158482964.2161787,7766826.509637478,13449685.73640332,13449685.736403318,43925.904766836735,163143.20673199682,9253.107067445178,0.0,0.0,0,0,0,0,48,48,1101905336.2761512,1115963035.3704495,0.01435089312617522,63692515.187003136,1108934185.8233004,609562359.7254577,332680255.7469901,1179827946.871252,570265587.1457944,847147691.124262
2023-08-07,1179827946.871252,-3367108.453391659,22304427.858241104,22304427.858241107,49379.889956894745,159823.9608307161,12511.316326895385,0.0,0.0,0,0,0,0,48,48,1079486414.616469,1112595926.9658322,0.01646779444723074,86119959.4203124,1096041170.7911506,601994906.1263988,328812351.23734516,1198888221.6633022,596893315.5369034,870075870.425957
2023-08-08,1198888221.6633022,-878305.777428092,-9022365.292080365,-9022365.292080363,50531.89155713917,161159.771013246,11218.25934807826,0.0,0.0,0,0,0,0,48,48,1088508772.3221118,1111717642.69252,0.01671229614600375,77219376.00971651,1100113207.5073159,604482042.3697635,330033962.25219476,1189109396.7325978,584627354.3628343,859075434.4804031
2023-08-09,1189109396.7325978,-18446391.35575159,7848068.984872237,7848068.984872242,50418.700630894644,159997.8210703498,12376.127802466332,0.0,0.0,0,0,0,0,48,48,1080660705.1655896,1093271248.2253728,0.01679595838024002,85189407.43571472,1086965976.6954813,597516023.60602,326089793.0086444,1178633029.6099603,581117006.0039403,852543236.601316
2023-08-10,1178633029.6099603,2485644.1827955884,12925662.888737747,12925662.88873775,49105.06204124636,158026.8107373288,14271.850631696358,0.0,0.0,0,0,0,0,48,48,1067348065.0176054,1095756871.6307204,0.01656237821029553,98238359.9887321,1081552468.324163,594143637.4129617,324465740.4972489,1194167530.2808216,600023892.8678598,869701789.7835727
2023-08-11,1194167530.2808216,-9100139.300378859,5545973.129607816,5545973.129607817,58699.04937469293,157205.6977467822,15094.05870278479,0.0,0.0,0,0,0,0,48,48,1061802086.094589,1086656746.6476257,0.01990169171037678,103897918.41305017,1074229416.3711073,590204812.4902831,322268824.9113322,1190726964.8171253,600522152.3268422,868458139.9057932
2023-08-14,1190726964.8171253,16268415.08506487,21298416.85419399,21298416.854193985,58036.8196867698,154052.3487157678,18235.135426356766,0.0,0.0,0,0,0,0,48,48,1040503668.6243229,1102716663.3116796,0.020079943701554314,125519096.62501788,1071610165.9680012,587830266.4152167,321483049.7904004,1228408047.4208395,640577781.0056229,906924997.6304392
2023-08-15,1228408047.4208395,-11345169.967986044,15369186.81631088,15369186.81631088,57337.27303142049,151776.8559258281,20484.635859463964,0.0,0.0,0,0,0,0,48,48,1025134486.5534356,1091371497.3707595,0.02013532718103073,141003229.62537336,1058252991.9620975,580383220.3087206,317475897.58862925,1232546988.4879181,652163768.1791975,915071090.8992889
2023-08-16,1232546988.4879181,-29773465.57485769,9522188.336475639,9522188.33647564,57313.71308835708,150367.044507617,21884.697347325313,0.0,0.0,0,0,0,0,48,48,1015612308.1189892,1061598033.3865986,0.02031576079461139,150640364.14984918,1038605170.7527939,570083200.7823465,311581551.2258382,1212410649.2783027,642327448.4959562,900829098.0524645
2023-08-17,1212410649.2783027,-27792818.200948197,5844818.113874402,5844818.113874404,57900.01935066137,149397.85569564116,22750.432109161073,0.0,0.0,0,0,0,0,48,48,1009066192.3157753,1033805216.4893162,0.020656729087714012,156599532.68256187,1021435704.4025457,561171161.8170617,306430711.3207637,1190576897.459683,629405735.6426213,884146186.1389192
2023-08-18,1190576897.459683,11017633.173655417,176886.99115114694,176886.99115114642,56893.11253355157,149371.66715229792,22792.87508331046,0.0,0.0,0,0,0,0,48,48,1008889309.096196,1044822841.3381172,0.020301058131368985,156891683.17383873,1026856075.2171566,563872503.0633881,308056822.565147,1201886689.0541916,638014185.9908035,893829866.4890447
2023-08-21,1201886689.0541916,19588882.43550547,-703331.1359147459,-703331.1359147471,32026.928838125717,145817.5964734059,22707.465860658984,0.0,24708.307048980118,1,0,0,1,47,48,984884328.901053,1064411724.8150802,0.011706648225980245,156303780.3028152,1024648026.8580666,561568229.8740859,307394408.05741996,1220884030.1802294,659315800.3061435,913489622.1228094
2023-08-22,1220884030.1802294,678625.4659004884,10448913.331321724,11304328.150526602,56151.78432617178,147802.13185466707,24354.319923630977,0.0,23852.892229775243,0,1,0,0,48,48,998288320.2191398,1064291886.0502809,0.020249302679394676,167639678.25061476,1031290103.1347103,565559467.5783122,309387030.94041306,1232103720.752674,666544253.174362,922716689.8122611
2023-08-23,1232103720.752674,22768309.034678265,-8568229.092102785,-8568229.092102787,56741.08965170963,149070.70665661164,23126.31190931354,0.0,0.0,0,0,0,0,48,48,1006856555.279178,1087060208.986996,0.0202876886161322,159186850.6186018,1046958382.1330869,573822018.8305024,314087514.6399261,1246419256.6241636,672597237.7936612,932331741.9842376
2023-08-24,1246419256.6241636,-34284635.08379944,33681087.81948956,33681087.819489576,50457.307586635856,144084.03063461045,28037.11136448213,0.0,0.0,0,0,0,0,48,48,973175441.4345171,1052775575.356023,0.018665319692421734,192989676.69624412,1012975508.3952701,555146526.2693609,303892652.51858103,1245937373.194266,690790846.9249052,942044720.675685
2023-08-25,1245937373.194266,4057127.2172767473,-11561200.403434113,-11561200.403434113,48947.34960961343,145795.72982761517,26375.419527301397,0.0,0.0,0,0,0,0,48,48,984736636.7343615,1056832707.7286997,0.01789417109319374,181551644.92979932,1020784672.2315307,559629167.9524834,306235401.66945916,1238556523.807854,678927355.8553705,932321122.1383948
2023-08-28,1238556523.807854,8455970.088231549,-7737033.472870083,-7737033.472870083,53826.31507126526,146880.03375115493,25268.593118469154,0.0,0.0,0,0,0,0,48,48,992060265.4862248,1065288679.5641881,0.019532556740550714,173932954.54395592,1028674472.5252064,563940249.5369145,308602341.7575619,1239393782.7350137,675453533.1980993,930791440.9774518
2023-08-29,1239393782.7350137,31307651.52517732,-20484317.77238015,-20484317.772380155,54301.18394463898,149912.84930651827,22309.796372519566,0.0,0.0,0,0,0,0,48,48,1012544573.1772342,1096596339.3171158,0.01930623770836043,153566475.98675036,1054570456.247175,577912456.7824492,316371136.8741525,1250335037.9495451,672422581.1670959,933963901.0753927
2023-08-30,1250335037.9495451,14039357.221925782,-5756137.93733447,-5756137.937334471,51754.305361912746,150742.01967730312,21491.061375339246,0.0,0.0,0,0,0,0,48,48,1018144973.4301898,1110635678.9302633,0.018299505882269217,147930823.99851108,1064390326.1802266,583102411.7616228,319317097.854068,1258738736.009827,675636324.2482041,939421638.1557589
2023-08-31,1258738736.009827,-3527312.096365633,5738390.07237982,5738390.07237982,64647.25109387153,186690.62523734797,-318.19994289973516,1900223.751374946,0.0,0,0,0,1,47,48,1260949813.98584,1260949813.9858406,0.018456730105878023,-1964871.0024683475,1260949813.9858403,693522397.6922121,378284944.1957521,1259171315.4086666,565648917.7164545,880886371.2129145
2023-09-01,1259171315.4086666,6104581.633864398,-16809114.79284392,-18402888.596620135,65892.3236792794,189179.30918336904,-3020.82993891964,0.0,0.0,0,0,0,1,47,48,1277758936.3229427,1267054385.2606747,0.018564719721549446,-18653495.33466673,1272406660.7918086,700091277.2120515,381721998.23754257,1248587048.4052525,548495771.193201,866865050.1677098
2023-09-05,1248587048.4052525,-15185574.047182353,2023766.7954160906,1981604.9871782514,65956.84609703276,188879.68013760337,-2673.6249805858915,0.0,0.0,0,0,0,1,47,48,1275735175.413456,1251868803.9130654,0.01861237743737558,-16509519.605676174,1263801989.6632607,695687753.6023031,379140596.8989782,1235545490.3625462,539857736.760243,856404893.463568
2023-09-06,1235545490.3625462,-1969942.7354150899,19612730.986891005,19992226.559461717,66012.44813696152,185975.90479015643,468.5889830088134,0.0,0.0,0,0,0,1,47,48,1256122433.854715,1249896797.0667803,0.018918921188581187,3225469.099104643,1253009615.4607477,689310929.4231095,375902884.6382243,1253308710.6596582,563997781.2365487,877405826.0214338
2023-09-07,1253308710.6596582,-20812192.020315964,19994169.041588824,19682702.9041766,60684.70559512585,179164.5014806002,3387.825520951592,0.0,25763.685014025446,1,0,0,2,46,48,1210116707.9365115,1229084598.993141,0.018053212447167927,23319640.29718113,1219600653.464826,670306162.1292386,365880196.03944784,1252586791.6173236,582280629.488085,886706595.5778759
2023-09-08,1252586791.6173236,1420900.2485684883,-5408298.561516091,-3856195.780718631,62249.970876890904,183637.07088417787,2615.9345345998854,0.0,25205.809259315127,0,1,0,1,47,48,1240325431.863115,1230505504.781296,0.01806783037740207,18006432.742943764,1235415468.3222055,679724005.7542585,370624640.49666166,1248698190.5296586,568974184.7754,878073550.0329969
2023-09-11,1248698190.5296586,2892893.3451412655,-24671423.536415547,-22738867.105550785,59411.533269061394,187289.81262571667,-1058.8159929431456,0.0,0.0,0,0,0,1,47,48,1264996858.26,1233398392.1577659,0.01690767201294195,-6538143.352650642,1249197625.2088828,687848655.5174415,374759287.5626648,1227046479.801748,539197824.2843065,852287192.2390833
2023-09-12,1227046479.801748,-13027671.26732502,16012084.535033118,15836119.269625662,58041.875886883594,174832.59926405677,1396.5641197136852,0.0,62850.49712157553,1,0,0,2,46,48,1180858081.3332164,1220296939.8341737,0.017694823492834178,9613060.862273932,1200577510.583695,659331659.3585083,360173253.1751085,1230086229.8598313,570754570.501323,869912976.6847229
2023-09-13,1230086229.8598313,-15577578.23622552,24866178.69842518,33508019.731800754,63615.154901289054,179206.41625668894,5025.012870384254,0.0,54407.89636871667,0,1,0,1,47,48,1210399809.613659,1204667808.5453627,0.01892057118860078,34588998.7253983,1207533809.0795107,664286895.0204383,362260142.7238532,1239441038.699888,575154143.6794497,877180895.9760349
2023-09-14,1239441038.699888,16628813.548372017,-19898738.80954092,-20534974.76583301,69077.5571469676,182138.90617587327,2150.89607661024,0.0,0.0,0,0,0,1,47,48,1230206495.7469864,1221296632.6773715,0.02021442795082012,14805403.204200506,1225751564.212179,674386106.8934388,367725469.2636537,1236286325.6838245,561900218.7903857,868560856.4201708
2023-09-15,1236286325.6838245,-24077918.86903973,4880337.127695346,5514219.29949661,66508.90579312426,181416.34681929398,2877.0112200987005,0.0,0.0,0,0,0,1,47,48,1225326169.8864133,1197218716.1220496,0.019540271540714957,19803518.914637327,1211272443.0042315,666902529.9964364,363381732.90126944,1217206528.3947263,550303998.3982899,853824795.4934568
2023-09-18,1217206528.3947263,-12270571.952513652,44332656.433090314,44092074.50791098,56717.42047286752,174852.65142186664,9336.093033156472,0.0,0.0,0,0,0,1,47,48,1180993518.0463789,1184948157.559298,0.01728906302890518,64263737.89553213,1182970837.8028383,650535094.8037381,354891251.3408515,1249396084.1992853,598860989.3955472,894504832.8584337
2023-09-19,1249396084.1992853,-12277543.24427009,6539990.215241501,6718977.571953235,57545.268696461564,173884.36754536437,10367.306742374381,0.0,0.0,0,0,0,1,47,48,1174453514.3776956,1172239027.4454458,0.017639094674345678,71361958.45611429,1173346270.9115705,645395811.1746701,352003881.2734712,1243785237.5758479,598389426.4011778,891781356.3023767
2023-09-20,1243785237.5758479,-21351971.46607914,20448438.53508561,19339414.315094598,64684.03981992396,170856.86359513988,13374.091545868205,0.0,0.0,0,0,0,1,47,48,1154005082.4437215,1150758264.2663622,0.020178641055775638,92058756.33867216,1152381673.355042,633891090.7997069,345714502.0065126,1243001251.5601754,609110160.7604685,897286749.5536628
2023-09-21,1243001251.5601754,-35757729.97847617,37132145.92441013,36778875.75480171,62694.902943385736,165359.2452361764,18786.219832909872,0.0,0.0,0,0,0,1,47,48,1116872950.938527,1115000560.7513964,0.02020835497954605,129312411.85176969,1115936755.8449616,613812025.4694072,334781026.7534885,1244497118.0682352,630685092.598828,909716091.3147466
2023-09-22,1244497118.0682352,-5794589.318321762,937635.5064640171,1233338.5862752846,58651.1486160929,165220.4223250905,18940.66869116877,0.0,0.0,0,0,0,1,47,48,1115935310.2632754,1109205973.3597546,0.018920822118991886,130375539.74800682,1112570641.8115149,612082086.4189212,333771192.54345447,1239765674.1987777,627683587.7798564,905994481.6553233
2023-09-25,1239765674.1987777,-1925177.563891841,2885700.7818024196,2510344.862652271,58398.85468590443,164793.17688139627,19380.849801936398,0.0,0.0,0,0,0,1,47,48,1113049599.9493933,1107262331.4741035,0.01888827567781478,133405467.08789873,1110155965.7117484,610730462.8533438,333046789.7135245,1240851972.5886855,630121509.7353417,907805182.8751609
2023-09-26,1240851972.5886855,-9850823.71282166,19267267.3637335,19443801.993211586,57722.595164928105,161908.3442344139,22198.325271996673,0.0,0.0,0,0,0,1,47,48,1093564801.5832834,1097411513.9519122,0.01900219742743024,152799179.69252014,1095488157.7675977,602422318.9629631,328646447.3302793,1250394800.3139386,647972481.3509755,921748352.9836593
2023-09-27,1250394800.3139386,19036754.369976815,-5990364.239306666,-7284133.424843898,58462.20539643967,162795.252017455,21346.311938877883,0.0,0.0,0,0,0,1,47,48,1099555173.1010094,1116448267.4744697,0.019140825724426738,146934460.7647426,1108001720.2877395,608978618.7989202,332400516.08632183,1263566869.8031685,654588251.0042484,931166353.7168467
2023-09-28,1263566869.8031685,17604242.028901502,-161318.80695185997,419975.5291333044,56168.38184354544,162819.13503438982,21341.46718344063,0.0,0.0,0,0,0,1,47,48,1099716484.2848094,1134052512.099515,0.018387118637060947,146901112.54375958,1116884498.192162,613428073.3103216,335065349.4576486,1281137785.2454925,667709711.9351709,946072435.787844
2023-09-29,1281137785.2454925,-1402700.8037962737,-6312605.646914059,-5970932.422079427,77051.34721631564,188537.27255489424,-324.9305611005,1929380.9340217267,0.0,0,0,0,1,45,46,1273422478.7947829,1273422478.7947822,0.021782625530630206,-2006432.281238079,1273422478.7947826,700382363.3371303,382026743.63843477,1271604258.855538,571221895.5184076,889577515.2171031
2023-10-02,1271604258.855538,-10266861.222182108,44122618.54760185,44277120.210450366,74241.7213166697,182004.67599647812,6135.10066686051,0.0,0.0,0,0,0,1,45,46,1229299875.3983512,1263155636.0261843,0.02174165979260372,42230138.43345666,1246227755.7122679,684578871.6260514,373868326.7136803,1305573914.2363043,620995042.6102529,931705587.522624
2023-10-03,1305573914.2363043,-50702341.85106714,25174137.59749434,23035891.15274268,72318.31507201219,178277.5021787681,9809.167462699257,0.0,0.0,0,0,0,1,45,46,1204125718.28061,1212453309.706441,0.02162115884635336,67520081.9612186,1208289513.9935255,664351042.9107933,362486854.19805765,1280161478.337301,615810435.4265077,917674624.1392434
2023-10-04,1280161478.337301,10227594.295441154,-2220387.5865364764,-1694824.7298194026,64186.73882315564,178606.24423269072,9504.596511049112,0.0,0.0,0,0,0,1,45,46,1206346114.8924701,1222680889.4359164,0.019154723251540235,65423608.87146616,1214513502.1641932,667574056.8267201,364354050.64925796,1288292609.1481264,620718552.3214062,923938558.4988685
2023-10-05,1288292609.1481264,3030876.7831928376,10674686.433332998,10442628.032608371,72010.35980561783,177025.79662958,11072.25938804581,0.0,0.0,0,0,0,1,45,46,1195671421.8883452,1225711757.0393305,0.02168131566536952,76214404.96551609,1210691589.4638379,665129365.8263361,363207476.8391513,1302114260.0608642,636984894.2345281,938906783.2217128
2023-10-06,1302114260.0608642,28529601.4906835,-13237378.33828109,-12949609.243970638,100445.40194392538,178985.6646410694,9161.89580120262,0.0,0.0,0,0,0,1,45,46,1208908804.3299246,1254241363.0802913,0.02991155707551995,63064674.73103142,1231575083.705108,676232982.0690502,369472525.1115324,1317494185.371765,641261203.3027147,948021660.2602324
2023-10-09,1317494185.371765,157659.79390753852,3992340.8113961224,6132926.815876057,70249.12097014453,178394.578265616,9759.021812669876,0.0,0.0,0,0,0,1,45,46,1204916476.0904646,1254399025.7172618,0.020988744075695825,67174911.13883662,1229657750.9038632,675074699.2564548,368897325.27115893,1321762090.4561768,646687391.1997219,952864765.1850178
2023-10-10,1321762090.4561768,20153926.67387831,-45284074.49429735,-44458735.946033284,72911.90188900704,185099.1349636349,3196.9959960280144,0.0,0.0,0,0,0,1,45,46,1250200536.339748,1274552939.747825,0.020995259494041237,22006090.98604369,1262376738.0437865,693698395.8388805,378713021.41313595,1296747326.8648283,603048931.0259478,918034305.4516923
2023-10-11,1296747326.8648283,6881488.324809417,-7132405.654583992,-6500059.796387626,136405.6721523003,186155.1278367963,2183.5872623945925,0.0,0.0,0,0,0,1,45,46,1257332945.9896185,1281329575.2881012,0.0390557187986336,15030428.574800253,1269331260.6388597,697532277.6189108,380799378.1916579,1296548342.5780005,599016064.9590898,915748964.3863426
2023-10-12,1296548342.5780005,-27916057.26541891,39422423.6997545,42224675.241159946,125354.91737492755,180318.41881488776,7919.936847257485,0.0,0.0,0,0,0,1,45,46,1217910521.076165,1253413536.4082942,0.03705343658177639,54515817.686667204,1235662028.7422295,678726540.424923,370698608.6226688,1308117592.4506235,629391052.0257006,937418983.8279548
2023-10-13,1308117592.4506235,-13815522.464598719,8746019.923979552,8874084.763638671,120894.82457454714,175412.0232666057,9196.78202874777,0.0,24392.859175470676,1,0,0,2,44,46,1184771639.324166,1239597992.8505528,0.03673462075076635,63304809.375701666,1212184816.0873594,665330990.0098879,363655444.8262078,1303087411.03155,637756421.021662,939431966.205342
2023-10-16,1303087411.03155,13050500.083422385,-14778501.661713162,-20120694.804814402,108182.67480821609,177628.29494244832,7053.241664230049,0.0,52692.52101895741,1,1,0,2,44,46,1199740828.879576,1252648496.0332863,0.032461813412925845,48550038.22414565,1226194662.4564312,673084372.6721944,367858398.73692936,1301383215.7940388,628298843.1218444,933524817.0571094
2023-10-17,1301383215.7940388,11509896.638104618,-18725268.899180617,-16999371.54943841,110592.34632572252,184280.2999178658,4339.830649799302,0.0,26203.853162692772,0,1,0,1,45,46,1244669943.1600692,1264158408.0614333,0.03198698972048686,29872639.272041082,1254414175.6107512,689440584.9633791,376324252.68322533,1294219667.464042,604779082.5006628,917895414.7808166
2023-10-18,1294219667.464042,-37471992.50509917,46264815.24849793,44304469.24951559,109325.03955226371,177430.53899503197,11072.601325270107,0.0,0.0,0,0,0,1,45,46,1198405141.4298594,1226686406.5235817,0.03284115936940715,76216758.64430666,1212545773.9767206,666193144.0598533,363763732.1930162,1303091668.3082087,636898524.2483554,939327936.1151925
2023-10-19,1303091668.3082087,-12820608.799674187,26703365.54242295,27713840.179785095,98296.02915188477,170057.92806995337,14979.930260655095,0.0,22847.24201167636,1,0,0,2,44,46,1148608895.03158,1213740951.1137166,0.030808198201969856,103112330.66607714,1181174923.0726483,648017906.2879031,354352476.9217945,1317038319.6381245,669020413.3502214,962685842.71633
2023-10-20,1317038319.6381245,-26138484.86479749,28161440.938014228,29046954.131848626,105213.75438306743,169261.1654835826,19079.45272724167,0.0,22779.94533906603,0,1,0,1,45,46,1143227384.1292634,1187602441.0592864,0.033131599280884216,131330840.95233274,1165414912.594275,639868825.5036006,349624473.77828246,1319121622.62983,679252797.1262293,969497148.8515475
2023-10-23,1319121622.62983,-4614786.1805404695,17667758.0212,17760971.90948351,106576.18328742172,166645.35760867383,21658.06079713484,0.0,0.0,0,0,0,1,45,46,1125559638.6326938,1182987676.2801554,0.034087421640384856,149080342.0070467,1154273657.4564247,633414810.659847,346282097.2369274,1332256321.705608,698841511.0457609,985974224.4686805
2023-10-24,1332256321.705608,18661743.386189733,-22256232.974292595,-20817812.676923387,107887.76438559474,169940.51533391036,18436.408173359374,0.0,0.0,0,0,0,1,45,46,1147815863.4185314,1201649413.9055214,0.03383782749189267,126904530.44759798,1174732638.6620264,644757112.5019398,352419791.5986079,1328742321.2766266,683985208.7746868,976322529.6780187
2023-10-25,1328742321.2766266,-40512203.64387415,27874220.628062107,29654733.185965605,104166.90555985678,165813.5837201173,22498.146625589015,0.0,0.0,0,0,0,1,45,46,1119941653.6443195,1161137211.7909708,0.03348396399001877,154862959.56428385,1140539432.7176452,626266799.0410385,342161829.81529355,1316188483.0856004,689921684.0445619,974026653.2703068
2023-10-26,1316188483.0856004,-10195147.380673964,177125.83788829437,650568.837552655,107631.07781815738,165787.35732024995,22535.601736767025,0.0,0.0,0,0,0,1,45,46,1119764514.7333956,1150942053.6918392,0.03460297902346186,155120776.77315736,1135353284.2126174,623664867.8429785,340605985.2637852,1306251153.4240537,682586285.5810752,965645168.1602685
2023-10-27,1306251153.4240537,-7400527.802269261,38336494.39662288,37821290.07513308,108403.88946323711,160111.42513542844,28116.650230716732,0.0,0.0,0,0,0,1,45,46,1081428012.1717494,1143541544.3687525,0.036086914494098996,193537171.76019168,1112484778.2702508,610313789.7437129,333745433.4810752,1337266944.2043104,726953154.4605975,1003521510.7232351
2023-10-30,1337266944.2043104,13910176.766808879,-16985898.781222247,-16934837.84267594,111870.56756232512,162626.2814155701,25660.06971417974,0.0,0.0,0,0,0,1,45,46,1098413908.247753,1157451720.7025506,0.03666505314620723,176627630.91978407,1127932814.4751518,618887102.6499635,338379844.3425455,1334267637.9734645,715380535.323501,995887793.630919
2023-10-31,1334267637.9734645,1909938.4464836668,-15340840.713240722,-16121031.175536364,133479.46068331323,195557.21670324315,-342.74681395053454,1982967.4179124178,0.0,0,0,0,0,46,46,1320836735.706708,1320836735.7067084,0.03638042806273284,-2116446.8785967827,1320836735.7067082,726460204.6386895,396251020.71201247,1318915503.298001,592455298.6593115,922664482.5859885
2023-11-01,1318915503.298001,24082625.660351142,8690325.51411567,8690325.51411567,133606.10966604197,194270.566010937,963.986822941596,0.0,0.0,0,0,0,0,46,46,1312146412.0813756,1344919375.0117698,0.03665612239375022,6635473.351032019,1328532893.5465727,729873767.3773551,398559868.0639718,1351750082.9156356,621876315.5382805,953190214.8516638
2023-11-02,1351750082.9156356,56541294.93361979,-48149280.52036992,-48149280.520369925,137149.05748367668,201399.33354094593,-6713.524546744153,0.0,0.0,0,0,0,0,46,46,1360295686.2052631,1401460674.4605596,0.036296270873179354,-41455726.189157724,1380878180.3329115,758453874.4767189,414263454.0998734,1360199634.0803962,601745759.6036773,945936179.9805228
2023-11-03,1360199634.0803962,54577705.06758781,-59640498.33957771,-59640498.339577734,135220.51501939716,210229.44213065162,-16362.339367113585,0.0,0.0,0,0,0,0,46,46,1419936194.503463,1456038364.2412581,0.0342827977731814,-101036743.94787121,1437987279.3723607,789990449.4113533,431396183.8117082,1355195487.3961506,565205037.9847972,923799303.5844424
2023-11-06,1355195487.3961506,-7328796.575395934,33539411.97341743,33539411.97341744,134740.71891045835,205263.74462471876,-10921.24369570653,0.0,0.0,0,0,0,0,46,46,1386396774.2007272,1448709573.5753362,0.03498757333428565,-67438211.50007463,1417553173.8880317,778096425.6540523,425265952.1664095,1381465704.5761907,603369278.9221385,956199752.4097812
2023-11-07,1381465704.5761907,21727343.523125727,-6729509.923503574,-6729509.923503573,138289.05897959342,206260.08515977362,-12001.975483291599,0.0,0.0,0,0,0,0,46,46,1393126278.7526925,1470436933.0616872,0.035735497917121196,-74111683.94485378,1431781605.9071898,785547116.8912295,429534481.77215695,1396519507.22651,610972390.3352805,966985025.4543531
2023-11-08,1396519507.22651,4879164.285139417,41249618.93797635,41249618.93797636,131767.1109110548,200152.85048306966,-5311.707993140011,0.0,0.0,0,0,0,0,46,46,1351876663.6755173,1475316092.4215689,0.03508911811452464,-32799569.08285427,1413596378.048543,774392022.2080474,424078913.4145629,1442711364.4812045,668319342.2731571,1018632451.0666416
2023-11-09,1442711364.4812045,-29880853.768743455,53174305.94759635,53174305.94759635,128898.74622291142,192280.10080430115,2969.5763215419015,0.0,0.0,0,0,0,0,46,46,1298702369.409914,1445435239.6011176,0.035730702994968985,20440678.312716722,1372068804.5055158,750969520.7232536,411620641.3516547,1466071167.5909603,715101646.8677067,1054450526.2393055
2023-11-10,1466071167.5909603,28885162.936733004,5989277.270727537,5989277.270727536,60652.86105761128,191393.35298238584,3859.240935188651,0.0,0.0,0,0,0,0,46,46,1292713078.305045,1474320390.1827188,0.01689085563315356,26564564.754644632,1383516734.2438817,756394021.0371931,415055020.2731645,1501080207.531281,744686186.4940879,1086025187.2581165
2023-11-13,1501080207.531281,8348137.549449845,-9331922.715722932,-9331922.715722937,46365.003698354405,192774.99608417603,2525.149691991084,0.0,0.0,0,0,0,0,46,46,1302045001.6942472,1482668529.844736,0.012819373608199713,17381527.51657343,1392356765.7694917,761280632.9694581,417707029.7308475,1500245357.5070858,738964724.5376277,1082538327.7762384
2023-11-14,1500245357.5070858,61310621.31715575,-90301487.6774616,-90301487.67746161,49124.98250325588,206140.07656667824,-11785.312326923111,0.0,0.0,0,0,0,0,46,46,1392315714.1464198,1543979164.4094281,0.01270185599536537,-72773798.24515128,1468147439.277924,803689505.346283,440444231.78337723,1471399720.9285166,667710215.5822337,1030955489.1451395
2023-11-15,1471399720.9285166,2513232.319523042,-27659905.92351239,-27659905.923512395,52279.98674891459,210235.2791379161,-16241.669783327063,0.0,0.0,0,0,0,0,46,46,1419975618.942773,1546492381.7802782,0.013254308720893435,-100291614.44249988,1483234000.3615255,812615781.1279016,444970200.1084576,1446394760.9471328,633778979.8192313,1001424560.8386753
2023-11-16,1446394760.9471328,-14629678.654249141,35950420.32058556,35950420.320585564,56966.99486640854,204673.1440914525,-10371.728706826423,0.0,0.0,0,0,0,0,46,46,1382407727.4469585,1531703515.6264503,0.014835071986888862,-64044980.00784755,1457055621.5367045,797648197.1407001,437116686.46101135,1467852837.0339873,670204639.8932872,1030736150.5729759
2023-11-17,1467852837.0339873,23198299.03062407,-32255939.81790223,-32255939.81790223,89110.08026625974,209448.81558783178,-15578.362930212606,0.0,0.0,0,0,0,0,46,46,1414663670.0116217,1554901809.234651,0.0226765057842971,-96195723.06820822,1484782739.6231365,813124553.3121493,445434821.88694096,1458899956.6191006,645775403.3069513,1013465134.7321596
2023-11-20,1458899956.6191006,30822280.260936603,-16406157.033089537,-16406157.033089537,90272.31471948209,211877.83752725282,-18218.472447175816,0.0,0.0,0,0,0,0,46,46,1431069821.9476738,1585724093.6554408,0.02270890825912603,-112498286.12321258,1508396957.8015573,825751969.9981623,452519087.34046715,1473419466.8973083,647667496.8991461,1020900379.5568411
2023-11-21,1473419466.8973083,-32489790.04271893,44058282.4306242,44058282.43062422,86318.32559090902,205354.7624511939,-11066.0973001116,0.0,0.0,0,0,0,0,46,46,1387011528.751028,1553234317.2553377,0.022403993455417905,-68332676.29571486,1470122923.003183,804412037.9391428,441036876.90095484,1485095929.624774,680683891.6856312,1044059052.7238191
2023-11-22,1485095929.624774,15675359.650741588,-15951222.318242034,-15951222.318242036,86552.92089245851,207716.43021918862,-13620.576743841442,0.0,0.0,0,0,0,0,46,46,1402962755.7018368,1568839991.3568428,0.02220946450263938,-84106477.32046175,1485901373.5293398,813098824.5497618,445770412.05880195,1484927609.8898563,671828785.3400946,1039157197.8310544
2023-11-24,1484927609.8898563,11032365.650295999,-15944956.381817061,-15944956.381817065,75864.56476451611,210077.17039460636,-16183.631320233406,0.0,0.0,0,0,0,0,46,46,1418907717.4870222,1579872384.015252,0.0192480758111569,-99933229.4216814,1499390050.7511373,820640411.2499197,449817015.22534114,1480133048.1326451,659492636.8827255,1030316032.907304
2023-11-27,1480133048.1326451,-1903630.886176025,19491439.134222817,19491439.13422282,76582.25919614149,207106.62095697792,-13008.100833388737,0.0,0.0,0,0,0,0,46,46,1398843968.9401884,1577968738.9588878,0.019708855256743627,-80324464.83739185,1488406353.9495382,814145375.4217784,446521906.1848615,1497838372.6416194,683692997.219841,1051316466.456758
2023-11-28,1497838372.6416194,-6130722.060039339,-24033824.35759752,-24033824.35759752,68551.26078898253,210664.96211692272,-16879.91414194419,0.0,0.0,0,0,0,0,46,46,1422877792.909797,1571838020.9511852,0.01734404318277121,-104232745.98799157,1497357906.930491,819822843.1107354,449207372.0791473,1467799060.0111687,647976216.9004333,1018591687.9320214
2023-11-29,1467799060.0111687,9998440.456983631,-20415680.63896115,-20415680.63896116,72836.18111687386,213642.39162537162,-20166.52945533474,0.0,0.0,0,0,0,0,46,46,1442988010.9781199,1581836438.260776,0.018171339610992907,-124527454.61270165,1512412224.619448,828355512.85863,453723667.3858344,1457502459.5102444,629146946.6516144,1003778792.1244099
2023-11-30,1457502459.5102444,-8215682.000074222,9760117.64395974,9760117.643959742,77226.45048862214,211323.91171661732,-375.3988035174053,2209126.652747778,31718.41076422023,1,0,0,2,45,47,1427328484.3899105,1459046895.1541305,0.019478012580816193,-2318071.514001131,1443187689.7720203,792960269.1055057,432956306.9316061,1456939772.1530423,663979503.0475366,1023983465.2214363
2023-12-01,1456939772.1530423,66399879.16251067,-61028744.27706181,-64402270.99976454,80093.34110540661,225304.83341144348,-10242.881556916982,0.0,33401.474329296,0,1,0,1,46,47,1521758724.7301998,1525446766.6053913,0.01894755215092224,-63249354.38233471,1523602745.6677957,837889309.0704077,457080823.70033866,1462412474.174911,624523165.1045033,1005331650.4745724
2023-12-04,1462412474.174911,16068693.412711065,-7983054.586162557,-5106839.425798027,82322.2098449009,226486.76553918666,-11514.196033495762,0.0,0.0,0,0,0,1,46,47,1529741755.987002,1541515457.5507653,0.019373201671574254,-71099666.7591505,1535628606.7688837,844301391.1837919,460688582.0306651,1470630763.3611205,626329372.1773286,1009942181.3304553
2023-12-05,1470630763.3611205,217961.0858667444,56318252.67799493,55119991.98271842,80396.05299910279,218148.53580141487,-2371.535137429833,0.0,0.0,0,0,0,1,46,47,1473423506.3510196,1541730708.8502805,0.01964308221969,-14644127.778297424,1507577107.60065,827459729.117876,452273132.280195,1527302358.072647,699842628.954771,1075029225.792452
2023-12-06,1527302358.072647,-20980249.408961736,-2918283.701712055,-945821.5804022785,79354.59886989089,218580.60452580985,-2822.0452286585983,0.0,0.0,0,0,0,1,46,47,1476341794.1705732,1520750478.636124,0.019350299304647378,-17426008.273020506,1498546136.4033484,823090157.910203,449563840.92100453,1503540228.9224005,680450071.0121975,1053976388.001396
2023-12-07,1503540228.9224005,11363500.675421681,-12934099.4704248,-9634148.923168823,65434.52105590293,220495.56912489262,-4892.303565557451,0.0,0.0,0,0,0,1,46,47,1489275889.023665,1532113960.3336258,0.015817369873333622,-30209764.72728443,1510694924.6786454,829811256.7905059,453208477.4035936,1502119798.8719008,672308542.0813949,1048911321.4683073
2023-12-08,1502119798.8719008,48293525.05310537,-1127595.3125760863,-148418.43358672643,81441.37856916348,220637.21070511112,-5050.179399501172,0.0,0.0,0,0,0,1,46,47,1490232567.614259,1580388928.4657722,0.019674040765218292,-31184641.231911182,1535310748.0400157,842167002.4007207,460593224.4120047,1549419874.2651665,707252871.8644458,1088826649.8531618
2023-12-11,1549419874.2651665,-29217432.553585637,6204091.835125479,9733636.570556538,67262.21611760717,219718.66079079293,-4021.4392769604283,0.0,0.0,0,0,0,1,46,47,1484028478.1366878,1551171486.4198813,0.0163166665323981,-24832215.089292526,1517599982.2782845,833001415.0459766,455279994.6834853,1526554968.5521026,693553553.5061259,1071274973.8686173
2023-12-12,1526554968.5521026,11967203.646568267,35371711.89965955,33982332.53690551,77634.23111486329,213795.0455495316,1551.2129700496957,0.0,0.0,0,0,0,1,46,47,1444019069.3776994,1563138684.4902005,0.019354538865885704,10677565.377015114,1503578876.93395,823990391.9358599,451073663.080185,1574031596.1257353,750041204.1898754,1122957933.0455503
2023-12-13,1574031596.1257353,66810621.624522276,-71047892.99660048,-67625864.72008029,56858.13094051959,224314.08038898904,-9750.972794529258,0.0,0.0,0,0,0,1,46,47,1515066959.4753482,1629949305.491165,0.013510245874331016,-60211838.86844826,1572508132.4832566,862007414.2153957,471752439.74497694,1569952029.7303112,707944615.5149155,1098199589.9853342
2023-12-14,1569952029.7303112,40944532.487785146,-79726388.66602781,-79144465.01674509,55068.389796251846,236051.13169279534,-22636.388206777166,0.0,0.0,0,0,0,1,46,47,1594341602.4278858,1670893831.6535206,0.01243436180581467,-139778726.49124837,1632617717.0407033,896025938.6417458,489785315.112211,1531328519.9057581,635302581.2640123,1041543204.7935472
2023-12-15,1531328519.9057581,-1274077.4929757393,18190673.016364448,20509996.885164205,52131.25277911301,233357.89805307513,-19664.389748378708,0.0,0.0,0,0,0,1,46,47,1576150906.1746163,1669619747.6311934,0.011907014059985907,-121426763.45482564,1622885326.902905,890250208.7601832,486865598.0708715,1548406677.6846724,658156468.9244891,1061541079.6138009
2023-12-18,1548406677.6846724,22945469.832828514,12923995.03226613,11693830.925198264,55054.98358972233,231444.43033634496,-17545.732479161103,0.0,0.0,0,0,0,1,46,47,1563226921.596326,1692565233.2350967,0.012678769677316319,-108344145.66891932,1627896077.4157114,892109384.787672,488368823.2247134,1584434986.2640345,692325601.4763625,1096066163.0393212
2023-12-19,1584434986.2640345,31016718.977354825,-50183309.91956556,-51025952.63511426,56532.70420458305,238874.34672932434,-25618.69741690072,0.0,0.0,0,0,0,1,46,47,1613410221.8115716,1723406220.5950508,0.012614134482672667,-158194357.97743154,1668408221.2033112,914874621.6922342,500522466.3609933,1565425118.2669318,650550496.5746976,1064902651.9059384
2023-12-20,1565425118.2669318,-52733111.043581694,64056793.81436704,64285860.2800233,53758.34886225937,229390.38179124295,-15219.229987388238,0.0,0.0,0,0,0,1,46,47,1549353422.9802527,1670673135.2353346,0.012491020643428776,-93978092.5464797,1610013279.1077938,882474310.7029095,483003983.73233813,1576909213.840659,694434903.1377494,1093905230.1083207
2023-12-21,1576909213.840659,49052667.703720875,-47558362.52373748,-55779948.5626181,56375.80612025611,236431.6627861287,-22895.487978705656,0.0,0.0,0,0,0,1,46,47,1596911793.677417,1719725799.686804,0.012709086552962075,-141378656.47228193,1658318796.6821105,909004988.0249262,497495639.0046331,1578560679.3893294,669555691.3644032,1081065040.3846962
2023-12-22,1578560679.3893294,22494341.277495585,-25818481.92482247,-24632361.039181817,55519.288887810275,240254.23256535016,-27051.056282196707,0.0,0.0,0,0,0,1,46,47,1622730276.2387629,1742220132.0018423,0.012316861460142558,-167039112.5487275,1682475204.1203027,922374115.8720894,504742561.2360908,1575394222.6293979,653020106.7573085,1070651661.3933071
2023-12-26,1575394222.6293979,26049065.26866208,-31202484.504265398,-27991439.39353345,55864.951189857,244873.9325591555,-32078.64414425029,0.0,0.0,0,0,0,1,46,47,1653932752.7447653,1768269190.448267,0.012159734061117602,-198084252.0056622,1711100971.5965161,938247123.4354963,513330291.4789548,1570397733.7310197,632150610.2955234,1057067442.252065
2023-12-27,1570397733.7310197,44066922.06396013,1168461.5259920876,2735577.614805272,56759.73859068292,244700.9354380385,-31860.827067377213,0.0,0.0,0,0,0,1,46,47,1652764291.8891904,1812315598.478707,0.012363230493859076,-196739240.89632583,1732539945.1839488,948908187.1864338,519761983.5551846,1615789197.6907518,666881010.504318,1096027214.1355672
2023-12-28,1615789197.6907518,-23661916.91990544,-4230724.673040682,-6210278.971490315,56710.91903443988,245276.34684954945,-32520.68504307535,0.0,0.0,0,0,0,1,46,47,1656650747.9519286,1788653680.7792366,0.012323617924682076,-200813835.6004653,1722652214.3655825,944158644.5803877,516795664.30967474,1588052600.8405778,643893956.2601901,1071256936.5309031
2023-12-29,1588052600.8405778,-72157630.26882437,39901184.690796606,40644200.286741585,31748.484429380434,230344.26409859434,-450.74033841079904,2751553.7767687114,0.0,0,0,0,0,49,49,1555796155.2625508,1555796155.2625508,0.0073463701243355745,-2783302.261198759,1555796155.2625508,855687885.394403,466738846.5787652,1553242746.5251122,697554861.1307092,1086503899.946347
2024-01-02,1553242746.5251122,-45564730.07520827,4801103.694982515,4801103.694982515,31033.623328075213,229633.43528921294,355.3270139952228,0.0,0.0,0,0,0,0,49,49,1550995060.114759,1510002240.9185321,0.00720318502966763,2445845.60302639,1530498650.5166454,842799078.2640607,459149595.1549936,1512678075.2838616,669878997.0198009,1053528480.1288681
2024-01-03,1512678075.2838616,-42047730.713599294,35650098.58637842,35650098.58637842,32578.83501065511,220531.58524847138,5559.421592859936,0.0,25825.819248780044,1,0,0,1,48,49,1489519149.8958669,1467954509.3737087,0.007873937441257993,38267529.1286726,1478736829.6347878,813844372.3121872,443621048.89043635,1506448129.5092227,692603757.1970356,1062827080.6187863
2024-01-04,1506448129.5092227,9920527.600350808,-5459683.593558061,-5459683.593558061,30928.769085169115,225163.5783188189,4790.852590400784,0.0,25825.819248780044,0,1,0,0,49,49,1520804656.5623791,1477875030.924923,0.007321359007296135,32977188.00275874,1499339843.743651,825710154.6999445,449801953.1230953,1511082173.3585908,685372018.6586463,1061280220.2354956
2024-01-05,1511082173.3585908,-5678424.312550995,12848693.26897442,12848693.268974422,30575.898427677825,223261.2549722478,6686.447148742026,0.0,0.0,0,0,0,0,49,49,1507955943.5273774,1472196608.7961826,0.007299499352889535,46025257.620404005,1490076276.1617799,820435935.2572589,447022882.8485339,1518451814.1187077,698015878.8614488,1071428931.2701738
2024-01-08,1518451814.1187077,59814232.37905227,-51391020.58054402,-51391020.58054402,31946.456372736968,230869.9828489907,-836.8880372700597,0.0,0.0,0,0,0,0,49,49,1559346976.090744,1532010827.2038486,0.007375346520386003,-5167747.743005514,1545678901.6472964,850806799.6281853,463703670.4941889,1527073112.5556548,676266312.9274695,1063369442.0614659
2024-01-09,1527073112.5556548,-3091553.339117088,4630573.834895962,4630573.834895963,31893.272657365585,230184.39970823884,-54.90660540370663,0.0,0.0,0,0,0,0,49,49,1554716395.7779732,1528919285.7126584,0.007384998439478267,-339045.9338822365,1541817840.7453158,848644740.1615565,462545352.2235947,1528810369.271879,680165629.1103225,1066265017.0482843
2024-01-10,1528810369.271879,6753306.92483484,25313516.143446706,25313516.143446706,33669.878322241944,226436.59438456732,3656.777212911999,0.0,0.0,0,0,0,0,49,49,1529402888.9013927,1535672589.4475303,0.007925417353379014,25170933.014308214,1532537739.1744614,842739014.0323004,459761321.7523384,1561073615.833436,718334601.8011357,1101312294.0810976
2024-01-11,1561073615.833436,-27855523.299949147,45837234.460551515,45837234.460551515,33053.50902058429,219650.13726828757,10344.53397515342,0.0,0.0,0,0,0,0,49,49,1483565655.0953755,1507817068.3023174,0.008020719006632282,71205205.1827004,1495691361.6988463,822023963.604192,448707408.50965387,1579252268.1562612,757228304.5520692,1130544859.6466074
2024-01-12,1579252268.1562612,-31199302.2259228,29525727.8146082,29525727.814608198,37752.22632119728,215278.6877790222,14661.893634124664,0.0,0.0,0,0,0,0,49,49,1454039917.4568105,1476617773.1001766,0.009346924601218666,100923168.41844893,1465328845.2784934,805366418.5120873,439598653.583548,1577770882.1000385,772404463.5879512,1138172228.5164905
2024-01-16,1577770882.1000385,-28377247.910655018,40853796.26823673,40853796.26823674,32724.998566752547,205246.0884092477,20621.78541509633,0.0,26908.617043315793,1,0,0,1,48,49,1386277520.212555,1448240516.7380965,0.008498298004734697,141947280.10391355,1417259018.4753256,777943385.2482905,425177705.54259765,1590413664.7158344,812470279.4675438,1165235959.1732368
2024-01-17,1590413664.7158344,-19037874.955473866,23883971.985681713,24026993.623514835,35024.92822032793,205672.7272387719,24115.43243911127,0.0,26765.595405482676,0,1,0,0,49,49,1389159133.3200352,1429202642.7696428,0.009076695287733597,165995328.45277357,1409180888.044839,774048400.6884212,422754266.4134517,1595427759.3820944,821379358.6936731,1172673492.9686427
2024-01-18,1595427759.3820944,-7510808.008763066,19526368.543608963,19526368.54360897,35116.22790905789,202781.73911247207,26980.460177625075,0.0,0.0,0,0,0,0,49,49,1369632759.483864,1421691843.0017457,0.009230096140533923,185716360.68728542,1395662301.242805,766312788.5955956,418698690.3728415,1607637965.8883212,841325177.2927256,1188939275.5154796
2024-01-19,1607637965.8883212,31742343.095274102,14505265.041440245,14505265.041440247,37288.6919663016,200634.1547118695,29115.714609029044,0.0,0.0,0,0,0,0,49,49,1355127498.9919891,1453434188.597879,0.00990602664166579,200414096.7351904,1404280843.794934,769896796.8470664,421284253.1384802,1654078035.2023902,884181238.3553238,1232793782.06391
2024-01-22,1654078035.2023902,32415296.40012941,-17206227.89745824,-17206227.89745824,37081.0287160587,203181.63327965728,26665.881715207965,0.0,0.0,0,0,0,0,49,49,1372333733.2209496,1485699020.430172,0.009727349852757632,183551002.24617338,1429016376.8255608,783124875.0738279,428704913.0476682,1669479870.1913402,886354995.1175123,1240774957.143672
2024-01-23,1669479870.1913402,-3338252.0876464983,-19979954.722715817,-19979954.72271583,37099.10196876728,206139.77527254997,23791.23965370532,0.0,0.0,0,0,0,0,49,49,1392313679.1391742,1482360773.1636379,0.009592433737355532,163763791.11537123,1437337226.151406,788284297.0326617,431201167.8454218,1646354495.2939353,858070198.2612736,1215153327.4485135
2024-01-24,1646354495.2939353,-22016626.63909122,15152868.253679771,15152868.253679773,37201.7556118144,203896.30851749843,26020.614175353534,0.0,0.0,0,0,0,0,49,49,1377160807.9981134,1460344145.0357556,0.009724813502150964,179109390.11715627,1418752476.5169344,778234278.6583729,425625742.95508033,1639683452.0756047,861449173.4172318,1214057709.1205244
2024-01-25,1639683452.0756047,12202279.254170366,-26497293.7077841,-26497293.7077841,36314.95347604682,207751.88421127404,22199.272813177697,0.0,0.0,0,0,0,0,49,49,1403202219.813483,1472546420.704003,0.0093168205314802,152805701.96451187,1437874320.258743,789097271.1200457,431362296.0776229,1625582073.8255394,836484802.7054937,1194219777.7479165
2024-01-26,1625582073.8255394,10175897.879352823,-8581541.099889709,-8581541.099889709,33385.14509407889,209022.42977802825,20981.119860634393,0.0,0.0,0,0,0,0,49,49,1411783765.8553503,1482722335.1381419,0.00851309706524832,144420710.32176638,1447253050.496746,794215713.5411406,434175915.14902383,1627373049.009547,833157335.4684064,1193197133.8605232
2024-01-29,1627373049.009547,49407953.93336514,-46680261.633430324,-46680261.633430324,33007.68279389134,215933.7000737802,14228.137622160753,0.0,0.0,0,0,0,0,49,49,1458464015.5077088,1532130266.246614,0.008147452168481752,97937467.38007402,1495297140.8771615,820571771.2139661,448589142.2631484,1630297895.4643838,809726124.2504177,1181708753.2012353
2024-01-30,1630297895.4643838,-20406724.797138687,45801680.12599326,45801680.12599326,32359.188916245734,209152.50646439655,20910.839998172985,0.0,0.0,0,0,0,0,49,49,1412662332.592547,1511723543.2421372,0.008246349988301462,143936948.362185,1462192937.9173422,801729585.5882983,438657881.37520266,1655890554.9507847,854160969.3624864,1217232673.575582
2024-01-31,1655890554.9507847,-36996691.900257416,18400906.319923837,18400906.319923833,40204.1457059303,242410.58668734704,-366.78625443014516,2224685.247003693,0.0,0,0,0,0,48,48,1637294769.370449,1637294769.370449,0.008839881935065404,-2264889.3927075863,1637294769.370449,900512123.153747,491188430.8111347,1635271923.7781744,734759800.6244274,1144083492.9670396
2024-02-01,1635271923.7781744,39160335.76837778,-18311223.59146045,-18311223.59146045,41563.58117246028,245121.66621653718,-3299.7222539324075,0.0,0.0,0,0,0,0,48,48,1655606000.712071,1676455115.794428,0.009037711397307214,-20375643.42050886,1666030558.2532496,915795579.1622283,499809167.47597486,1656321294.3178818,740525715.1556535,1156512126.841907
2024-02-02,1656321294.3178818,31908276.952343605,30416397.789960355,30416397.789960355,40520.630587788364,240618.35050678323,1487.942639569424,0.0,0.0,0,0,0,0,48,48,1625189609.4266784,1708363395.8436515,0.008975830836593798,10242052.585946321,1666776502.635165,914647731.7889163,500032950.79054946,1718847554.7227442,804199822.9338279,1218814603.9321947
2024-02-05,1718847554.7227442,-17785587.608143274,27597555.313516274,27597555.313516274,37814.41133607495,236532.3777501389,5526.934124153598,0.0,0.0,0,0,0,0,48,48,1597592044.8414636,1690577801.9996626,0.008521066516914132,38043906.017118454,1644084923.4205632,901922063.9523547,493225477.02616894,1728863767.3286555,826941703.3763008,1235638290.3024864
2024-02-06,1728863767.3286555,35557677.99364851,-60060716.8589091,-60060716.8589091,39367.94016065785,245424.7001541821,-3516.6126092449754,0.0,0.0,0,0,0,0,48,48,1657652759.0151136,1726036292.5871825,0.00854971487892152,-21714932.063948393,1691844525.801148,928804900.8513297,507553357.74034435,1704563268.610779,775758367.7594494,1197009910.8704348
2024-02-07,1704563268.610779,22777953.106128264,21747251.439088408,21747251.439088408,39008.24952499523,242204.903108726,34.17290490926074,0.0,0.0,0,0,0,0,48,48,1635905536.9444907,1748814240.322009,0.008584218044293341,235224.58446145058,1692359888.6332498,927975221.1638495,507707966.5899749,1749291703.982484,821316482.8186346,1241583737.3925092
2024-02-08,1749291703.982484,71887521.70653936,-1715241.7359016761,-1715241.7359016761,36870.86572203693,242458.85192710123,-206.42159715406484,0.0,0.0,0,0,0,0,48,48,1637620763.4851115,1820701757.598128,0.008105363559072855,-1274644.5107283592,1729161260.5416198,946461668.4450655,518748378.1624859,1819669365.5177298,873207697.0726643,1300920987.355244
2024-02-09,1819669365.5177298,62155190.94494963,-19171970.554871522,-19171970.554871522,39631.68593520623,245297.36625166857,-3278.4033752678038,0.0,0.0,0,0,0,0,48,48,1656792717.6472924,1882856954.4808161,0.008611461641945466,-20244000.258943558,1769824836.0640543,967752053.9143918,530947450.81921625,1862854973.184749,895102919.2703571,1331907522.3655326
2024-02-12,1862854973.184749,43649034.532458134,-57595954.414672785,-57595954.414672785,43182.41089290999,253824.7704015376,-12573.547727524028,0.0,0.0,0,0,0,0,48,48,1714388693.1435935,1926505988.9346714,0.009067761578001453,-77641118.04303002,1820447341.0391326,995943105.1767459,546134202.3117398,1849106122.1143155,853163016.9375696,1302971919.8025756
2024-02-13,1849106122.1143155,-70171699.61353795,78161014.08567968,78161014.08567968,37361.967121292815,242252.59598896655,105.14999681838175,0.0,0.0,0,0,0,0,48,48,1636227665.2162845,1856334288.7903757,0.008220315821323975,723785.8289601803,1746280977.0033302,954951871.7624793,523884293.10099906,1857300432.3653216,902348560.6028423,1333416139.2643225
2024-02-14,1857300432.3653216,79180572.06917067,-49898879.46358175,-49898879.46358175,38903.73119021357,249640.4031670018,-7930.6833518622525,0.0,0.0,0,0,0,0,48,48,1686126550.4713066,1935514850.8567085,0.00830622305577366,-48971629.61698818,1810820700.6640077,989716677.8555691,543246210.1992023,1886784930.9595356,897068253.1039665,1343538720.7603333
2024-02-15,1886784930.9595356,19974190.37149875,-38006328.396606006,-38006328.396606006,37538.489904597234,255267.44991106843,-14052.535045750355,0.0,0.0,0,0,0,0,48,48,1724132869.9434266,1955489055.7561898,0.00783805970017753,-86773801.31166601,1839810962.8498082,1006112124.9220754,551943288.8549424,1868956469.359389,862844344.4373137,1317013180.5044465
2024-02-16,1868956469.359389,-34465143.40060116,13402982.065532325,13402982.065532325,38514.38593760545,253283.0643909535,-11849.168672289416,0.0,0.0,0,0,0,0,48,48,1710729890.820699,1921023902.0779054,0.008104832336147665,-73168108.43952298,1815876896.4493022,993474942.765686,544763068.9347906,1848097227.534101,854622284.768415,1303334158.5993104
2024-02-20,1848097227.534101,-49528011.027568966,29756714.944008753,29756714.944008753,37688.52867408472,248877.4163202506,-6997.241460243966,0.0,0.0,0,0,0,0,48,48,1680973168.3919365,1871495908.8856373,0.008071437770568278,-43207665.96377063,1776234538.6387868,972165927.7389903,532870361.591636,1828530123.0967267,856364195.3577363,1295659761.5050907
2024-02-21,1828530123.0967267,-70997441.89605583,15722274.748739006,15722274.748739006,39693.14954394965,246549.64645166782,-4411.330866510905,0.0,0.0,0,0,0,0,48,48,1665250895.3583567,1800455041.735439,0.008581009549763253,-27239778.93557334,1732852968.546898,949689029.0413668,519855890.56406933,1773457401.1154509,823768372.074084,1253601510.5513816
2024-02-22,1773457401.1154509,74503025.58314453,-9350124.567032581,-9350124.567032581,37526.836802712816,247933.98449929952,-5892.39316775923,0.0,0.0,0,0,0,0,48,48,1674601021.008402,1874958050.4301515,0.008067391025977904,-36385275.135391474,1774779535.719277,971119818.9100585,532433860.71578306,1838814816.8860915,867694997.976033,1306380956.1703084
2024-02-23,1838814816.8860915,-21074896.84416696,-11653675.173997466,-11653675.173997466,36592.96857315013,249659.37628800844,-7746.37181888605,0.0,0.0,0,0,0,0,48,48,1686254699.1310139,1853883165.7037961,0.00781226507070539,-47833513.80444217,1770068932.4174051,969347201.1652532,531020679.7252215,1806291564.9038231,836944363.73857,1275270885.1786017
2024-02-26,1806291564.9038231,87100939.71683118,-5649716.872238234,-5649716.872238234,37425.50971371965,250495.85095795078,-8628.195900930605,0.0,0.0,0,0,0,0,48,48,1691904434.2375662,1940984101.9357011,0.007963324183266049,-53278739.696998596,1816444268.0866337,992817355.7551951,544933280.4259901,1887947229.8937595,895129874.1385643,1343013949.4677694
2024-02-27,1887947229.8937595,113197980.41149326,-48749097.5600297,-48749097.5600297,38861.78974757179,257713.4224924046,-16489.96548362017,0.0,0.0,0,0,0,0,48,48,1740653510.2676485,2054182080.699957,0.008037351619148293,-101824829.74448133,1897417795.4838028,1035741573.2552837,569225338.6451408,1952598474.4124844,916856901.1572007,1383373135.7673435
2024-02-28,1952598474.4124844,-25783484.685788557,17619760.11966691,17619760.11966691,39891.99022715386,255036.99944892377,-13603.94040224708,0.0,0.0,0,0,0,0,48,48,1722576356.5030499,2028398606.480646,0.008336998489245176,-84003748.62451029,1875487481.491848,1023872558.5710764,562646244.4475543,1944636290.9151824,920763732.344106,1381990046.467628
2024-02-29,1944636290.9151824,-7038729.373669805,6837014.204801296,6837014.204801296,50338.587622162915,281759.1426013481,-413.00856811332295,2458600.6615676787,41370.94842013433,1,0,0,3,46,49,1903063627.3261783,1944434575.7463162,0.009522483265281084,-2550310.1976122856,1923749101.5362473,1057027732.1344326,577124730.4608742,1942165611.682737,885137879.5483046,1365040881.2218628
2024-03-01,1942165611.682737,72674201.57608373,-27409291.676606186,-8341049.0082426695,52883.13917930552,283790.7590436264,-4826.2052038765705,0.0,70445.65754971137,1,1,0,3,46,49,1916785614.553574,2017108802.963797,0.009932216706970635,-29801610.178311586,1966947208.7586856,1079312885.1070213,590084162.6276057,1987586157.3393252,908273272.2323039,1397501994.7117195
2024-03-04,1987586157.3393252,10059195.832454808,37806647.011847526,38995386.407239676,47911.91939075211,284347.53582980187,1190.462723657898,0.0,41718.71228635492,0,1,0,2,47,49,1920546208.231307,2027167979.867116,0.008980929959792674,8194389.68483448,1973857094.0492115,1082955857.436171,592157128.2147634,2035647907.550504,952692050.1143329,1443490779.3357406
2024-03-05,2035647907.550504,-61000315.01814115,41387205.8292272,45858736.28542575,47152.006006679185,278219.9277214109,7238.032802675051,0.0,0.0,0,0,0,2,47,49,1879158986.486077,1966165623.2396555,0.009033148490616165,49822023.115927696,1922662304.8628664,1055289101.755737,576798691.4588599,2016273104.3161073,960984002.5603703,1439474412.8572474
2024-03-06,2016273104.3161073,49874625.594869904,-42379428.23881216,-36622660.39454881,48025.47677058998,284452.60123698437,1115.7369701583277,0.0,0.0,0,0,0,2,47,49,1921255843.2516768,2016040251.1617997,0.008998890854718706,7680025.033594608,1968648047.2067382,1080386815.7659528,590594414.1620214,2024005844.5336015,943619028.7676487,1433411430.3715801
2024-03-07,2024005844.5336015,11933398.27406102,-18938657.076593067,-21937807.317734983,50034.571580185744,287256.5711535213,-1785.1335362195573,0.0,0.0,0,0,0,2,47,49,1940194476.8342905,2027973674.1961796,0.009283835194839229,-11023123.036690235,1984084075.515235,1089051761.599332,595225222.6545705,2017236022.5971067,928184260.9977746,1422010799.9425364
2024-03-08,2017236022.5971067,-8828658.309791131,25449304.921590157,22974902.756697,52310.42943226443,283192.85447148664,2129.6755284712444,0.0,0.0,0,0,0,2,47,49,1912747234.704225,2019145024.3578742,0.009845396325211375,14659334.421599388,1965946129.5310497,1078610426.500736,589783838.8593149,2034089681.3094735,955479254.8087375,1444305842.4501586
2024-03-11,2034089681.3094735,-54040166.06597373,-17102960.956649445,-14853490.307368122,59702.173188715904,285725.0448175893,-359.1923779255766,0.0,0.0,0,0,0,2,47,49,1929850208.8992896,1965104849.6445916,0.011137021023096067,-2217997.530929804,1947477529.2719407,1070231275.0809348,584243258.7815822,1963172217.9661014,892940942.8851666,1378928959.1845193
2024-03-12,1963172217.9661014,31448471.09839561,34129922.01845533,26765273.561719146,59002.63011807397,280671.92060801364,4668.977155683006,0.0,0.0,0,0,0,2,47,49,1895720289.284895,1996553333.5762398,0.011204684025679316,32138274.876594305,1946136811.4305673,1067854420.1795285,583841043.4291701,2028976949.3505979,961122529.1710694,1445135905.9214277
2024-03-13,2028976949.3505979,6732965.735896951,-9948486.676000979,-21619538.232161224,48427.73164886405,282144.850350594,3258.104724630174,0.0,0.0,0,0,0,2,47,49,1905668782.8557942,2003286275.9968781,0.009148485587020463,22426724.68196678,1954477529.4263363,1072522203.8559577,586343258.8279009,2025998403.6339202,953476199.7779624,1439655144.8060193
2024-03-14,2025998403.6339202,-51181289.729512215,77743850.37206441,77164655.34507348,46458.49353566467,270607.579146194,15517.81454705485,0.0,0.0,0,0,0,2,47,49,1827743498.9236367,1945699721.1378171,0.009150659095594496,106814784.64511943,1886721610.030727,1034747979.9615452,566016483.0092181,2052800631.1766298,1018052651.2150846,1486784148.1674118
2024-03-15,2052800631.1766298,-10082958.030551573,-20528133.218418743,-23537689.191824637,47110.63772700122,273646.88277210423,12570.259669245552,0.0,0.0,0,0,0,2,47,49,1848271628.4795034,1935616741.3180702,0.009176048217367592,86525687.97186232,1891944184.8987868,1038385673.8733685,567583255.469636,2022428646.4323738,984042972.5590053,1454845390.9627378
2024-03-18,2022428646.4323738,-6304752.543644955,18465213.737283763,19307164.548028264,53172.230830768254,270913.00761087664,15288.916731996014,0.0,0.0,0,0,0,2,47,49,1829806430.3924124,1929296738.0047696,0.010461217526146442,105239197.39041233,1879551584.198591,1031266113.618916,563865475.2595773,2034822137.3195248,1003556023.7006087,1470956662.0599475
2024-03-19,2034822137.3195248,-10812046.293697232,15206545.596628072,11911397.685831038,52893.78885519479,268661.5943759358,17555.228911287184,0.0,0.0,0,0,0,2,47,49,1814599886.966921,1918324691.0541859,0.010493643323045818,120839051.77941465,1866462289.0105534,1023961138.8536228,559938686.703166,2039449959.6568878,1015488820.803265,1479511272.9537218
2024-03-20,2039449959.6568878,81779352.0279286,-60597543.319258325,-57835435.72010338,54512.50945782436,277633.39682257996,8809.502978784963,0.0,0.0,0,0,0,2,47,49,1875197426.9442549,1999938229.615898,0.010465299878741868,60639026.24020243,1937567828.2800765,1062543785.4872508,581270348.484023,2060863698.7559016,998319913.2686508,1479593350.2718787
2024-03-21,2060863698.7559016,14696904.65700957,-108104.15897261573,6924016.2127621155,48843.432294760685,277649.4037889666,8828.31318102134,0.0,0.0,0,0,0,2,47,49,1875305541.5389864,2014635152.089948,0.009376411062958669,60768503.73169565,1944970346.8144672,1066250450.4841828,583491104.0443401,2075690133.5386136,1009439683.0544307,1492199029.4942734
2024-03-22,2075690133.5386136,-26122216.49892983,32081949.478532385,34345774.14589066,49309.05022275738,272899.49160669564,13523.56692740997,0.0,0.0,0,0,0,2,47,49,1843223583.0846236,1988512907.4896455,0.00963055065218189,93087649.97834778,1915868245.2871346,1050095301.7977984,574760473.5861404,2081886980.5265274,1031791678.728729,1507126506.940387
2024-03-25,2081886980.5265274,29884124.231835797,10498718.440861754,11704716.455345206,49861.21063295534,271345.0977251154,15083.163193768209,0.0,0.0,0,0,0,2,47,49,1832724862.6837065,2018397041.343151,0.009794179253714723,103822920.64544082,1925560952.0134287,1054416719.1408997,577668285.6040286,2122506390.2495108,1068089671.1086111,1544838104.645482
2024-03-26,2122506390.2495108,348085.23169867345,-616796.740747507,1252108.7689918724,50415.11372431774,271436.4202127448,15027.845247362942,0.0,0.0,0,0,0,2,47,49,1833341674.9828918,2018745116.6085606,0.009899650015278115,103442147.01817703,1926043395.7957263,1054688781.6470077,577813018.7387179,2122473727.8921976,1067784946.2451899,1544660709.1534796
2024-03-27,2122473727.8921976,-1881674.2972642058,-76941385.7946296,-76019011.2468394,53377.36479369368,282764.1605744832,3883.83298307935,0.0,0.0,0,0,0,2,47,49,1909851741.2160215,2016863449.634199,0.010061436137181412,26733840.801311016,1963357595.4251103,1077171384.7733562,589007278.6275331,2043883938.4290674,966712553.6557112,1454876659.8015342
2024-03-28,2043883938.4290674,-8011264.008030117,-6503207.441754417,-7188958.743029604,54189.04290828191,300459.4238610995,-473.78470661354265,2871411.2037647753,0.0,0,0,0,1,48,49,2029369466.9792838,2029369466.9792802,0.009612865357641966,-2925600.246670246,2029369466.979282,1116153206.8386052,608810840.0937846,2026743852.3717644,910590645.5331593,1417933012.2779799
2024-04-01,2026743852.3717644,-15330239.704939414,6702691.593555659,7176999.615215827,49114.18718065605,299467.051127372,585.1724893494438,0.0,0.0,0,0,0,1,48,49,2022666761.8359087,2014039234.123567,0.008741483134368419,4027955.949632883,2018352997.9797378,1110309837.0816643,605505899.3939213,2018367242.2968168,908057405.2151525,1412861342.9028955
2024-04-02,2018367242.2968168,-55943829.28172737,34057399.1753396,34751206.81323439,47147.533641651244,294424.66357076034,5569.695132143171,0.0,0.0,0,0,0,1,48,49,1988609359.9526026,1958095419.005324,0.008535166560514926,38338245.65146351,1973352389.4789634,1086106662.7371116,592005716.843689,1996733659.0154903,910626996.2783787,1404727942.1718013
2024-04-03,1996733659.0154903,12287619.201940594,-52101786.71118776,-51621804.81980891,44331.180107848595,302138.62684820674,-2187.524211621381,0.0,0.0,0,0,0,1,48,49,2040711175.7102144,1970383028.5282571,0.00782042310973836,-13507868.202121735,2005547102.1192358,1104809109.8451285,601664130.6357707,1957175111.428772,852366001.5836434,1355510980.7930012
2024-04-04,1957175111.428772,-42533131.54027347,19610655.046195574,19599315.749075532,44471.03638992789,299064.0283554804,923.7114322714407,0.0,0.0,0,0,0,1,48,49,2019944656.809999,1927849920.7698584,0.007925748384441971,6358243.128445864,1973897288.7899287,1087945877.235464,592169186.6369786,1934508151.638092,846562274.402628,1342338965.0011134
2024-04-05,1934508151.638092,20440750.929386295,14975160.191458296,15947292.855912512,43931.10892554033,296846.8703436262,3136.4713181524953,0.0,0.0,0,0,0,1,48,49,2004969480.7449422,1948290654.1254432,0.007887999974602313,21589477.524567842,1976630067.4351926,1088563507.7548435,592989020.2305578,1970180114.9916728,881616607.2368293,1377191094.761115
2024-04-08,1970180114.9916728,-5644360.277958518,-15331542.836960042,-15574196.318090308,44519.0766166607,299116.7932349539,946.250881418384,0.0,0.0,0,0,0,1,48,49,2020301042.4874933,1942646302.4117892,0.007932910613293941,6513390.388348341,1981473672.4496412,1091751888.3491952,594442101.7348924,1949459755.8442538,857707867.4950585,1355017654.1093614
2024-04-09,1949459755.8442538,-6262427.209801992,-24435683.695919104,-25409183.528520178,44658.149011582216,302734.62699466414,-2824.8306205792387,0.0,0.0,0,0,0,1,48,49,2044736692.6468873,1936160194.7382092,0.007862593605320494,-17443207.94868827,1990448443.6925483,1097461056.4786186,597134533.1077645,1919016896.585895,821555840.1072764,1321882363.4781306
2024-04-10,1919016896.585895,-23182944.004651897,65930161.85165646,65279076.64480822,42037.90954974128,292973.30126328813,7081.537258950999,0.0,0.0,0,0,0,1,48,49,1978806537.613203,1912977269.3871672,0.0076478661002205755,48744807.136182785,1945891903.500185,1071886278.6307528,583767571.0500555,1962022131.3618722,890135852.7311194,1378254560.3118167
2024-04-11,1962022131.3618722,41922030.28739438,-5698528.212607721,-5304461.987761756,37412.095896292754,293817.00146621803,6291.825709229296,0.0,0.0,0,0,0,1,48,49,1984505075.5692024,1954899287.2045763,0.006786757407915599,43308934.13618636,1969702181.3868895,1084076344.4719048,590910654.4160668,1998508330.167938,914431985.6960332,1407597675.751871
2024-04-12,1998508330.167938,-73651306.90621625,68833765.11738177,70873360.78359503,37101.113844450774,283625.77901248843,16330.050270097012,0.0,0.0,0,0,0,1,48,49,1915671302.8986084,1881247987.5093331,0.006972177828102694,112405699.7559259,1898459645.203971,1045013387.7469158,569537893.5611912,1993953643.0945415,948940255.3476257,1424415749.5333505
2024-04-15,1993953643.0945415,-77277673.382123,46811762.09330041,48078588.45158758,36267.36512018239,276695.03958457673,23199.20374552385,0.0,0.0,0,0,0,1,48,49,1868859554.417404,1803762872.693207,0.006986213283071346,159688591.7473917,1836311213.5553055,1011598584.498523,550893364.0665916,1963751358.6839287,952152774.1854057,1412857994.6173372
2024-04-16,1963751358.6839287,-732019.942540945,30762937.217495322,32190631.954478033,35848.396227656296,272140.4162429598,27706.734673255236,0.0,0.0,0,0,0,1,48,49,1838096620.0274959,1803030854.2859464,0.007021079578375602,190715573.27670908,1820563737.156721,1002186699.5797353,546169121.1470163,1994046274.7135715,991859575.1338363,1447877153.5665553
2024-04-17,1994046274.7135715,-26286818.370781317,11983917.962319892,12378220.972752776,39743.34084596304,270366.13200925686,29485.517221890754,0.0,0.0,0,0,0,1,48,49,1826112711.507176,1776744047.7925496,0.007835005262483473,202959583.17171454,1801428379.6498628,992019825.4002901,540428513.8949589,1980003482.6134953,987983657.2132052,1439574968.7185364
2024-04-18,1980003482.6134953,-21883219.191198707,6181878.286787751,6611259.61588071,35448.403971831634,269450.8685595639,30422.018725280646,0.0,0.0,0,0,0,1,48,49,1819930819.539268,1754860828.2745001,0.00701203875051144,209405865.03061247,1787395823.9068842,984694452.9304054,536218747.17206526,1964566566.1923974,979872113.261992,1428347819.020332
2024-04-19,1964566566.1923974,-39680216.85646864,3192098.2266515396,2293638.8746823133,34595.95876361602,268978.2597764569,30924.29795577315,0.0,0.0,0,0,0,1,48,49,1816738715.1880765,1715180615.1969652,0.006855441044317931,212863236.40685153,1765959665.1925209,973816768.3556643,529787899.55775625,1928343754.161549,954526985.8058848,1398555854.603793
2024-04-22,1928343754.161549,29564051.073547773,-1453104.0856706982,-2590086.0076895263,35136.502876748826,269193.4025143449,30775.35436587511,0.0,0.0,0,0,0,1,48,49,1818191836.8698716,1744581561.363279,0.0069569892346485526,211838003.28327036,1781386699.1165752,981602941.4017813,534416009.73497254,1956719533.4034297,975116592.0016484,1422303523.6684573
2024-04-23,1956719533.4034297,54021744.077775076,-46227249.96665745,-45978265.00236023,35975.482281130964,276037.6009477051,24097.912567395862,0.0,0.0,0,0,0,1,48,49,1864419068.3147063,1798603319.2547803,0.006946492793014622,165874732.77748585,1831511193.7847433,1008976550.3081069,549453358.135423,1964778187.5457811,955801637.2376742,1415324829.4103582
2024-04-24,1964778187.5457811,-25747826.39682126,578974.4549163049,-238378.07270566537,34726.15808955951,275951.88035682903,24220.58078936724,0.0,0.0,0,0,0,1,48,49,1863840092.4663875,1772855506.4979432,0.006707344134709815,166719102.9478433,1818347799.4821653,1002365904.364402,545504339.8446496,1939874781.9069326,937508877.5425305,1394370442.062283
2024-04-25,1939874781.9069326,-1410716.8164352765,13812111.316219805,14335768.215859413,34153.262322811446,273906.9243527129,26265.82173455737,0.0,0.0,0,0,0,1,48,49,1850028006.8851151,1771444779.8472497,0.006645939623861942,180797243.2971444,1810736393.3661823,997869597.0273468,543220918.0098547,1952542195.8904815,954672598.8631346,1409321277.8806267
2024-04-26,1952542195.8904815,46354788.88230299,-29623807.32432212,-30296988.006472986,37444.36431054577,278292.8899231878,22000.309119080062,0.0,0.0,0,0,0,1,48,49,1879651789.3498614,1817799570.8878071,0.007171525719909517,151436162.1963446,1848725680.1188343,1018345429.5269101,554617704.0356503,1969536026.283194,951190596.756284,1414918322.2475438
2024-04-29,1969536026.283194,36794.63314695374,-22791288.90952591,-22687263.59848838,37547.68391960991,281667.2700437255,18727.41431092893,0.0,0.0,0,0,0,1,48,49,1902443099.73248,1817836352.3547423,0.007105161890497717,128907631.96815324,1860139726.043611,1025192018.0084295,558041917.8130833,1947044379.00725,921852360.9988205,1389002461.1941667
2024-04-30,1947044379.00725,-51856680.81237809,5247208.199010264,5667886.660072552,48107.84022591748,274975.1743664226,-425.20111093146335,2534299.0840336885,43191.702418042776,1,0,0,5,43,48,1857243203.9758372,1900434906.3938825,0.009325015939891743,-2625598.62667799,1878839055.1848598,1032281687.7912219,563651716.555458,1898083857.74046,865802169.9492381,1334432141.1850019
2024-05-01,1898083857.74046,-1220382.5624079062,-20760986.839539107,-24675870.31459232,54244.32345984585,284339.9337170682,-3758.534190967653,0.0,42490.66368861634,0,1,0,4,44,48,1920494861.8788848,1899214540.8084545,0.010168189893744186,-23208787.45709014,1909854701.3436697,1050952093.765779,572956410.4031008,1876286334.7508905,825334240.9851115,1303329924.3477898
2024-05-02,1876286334.7508905,69883554.71272896,-55849345.933741644,-71790827.38830164,58927.49778893794,292608.73979896243,-12767.132186780995,0.0,0.0,0,0,0,4,44,48,1976344208.7734797,1969098109.8098104,0.010733909159064463,-78836493.7777214,1972721159.291645,1085177790.0844965,591816347.7874935,1890541457.6397011,805363667.5552046,1298725109.8522077
2024-05-03,1890541457.6397011,40425879.25057153,-44340986.93988628,-46160976.26454414,56124.26294479916,299173.6724964873,-19911.67711534786,0.0,0.0,0,0,0,4,44,48,2020685217.612297,2009523978.0292122,0.009998952080226636,-122953752.34177065,2015104597.8207545,1108586559.7909923,604531379.3462263,1886849487.6828227,778262927.8918304,1282318108.3365965
2024-05-06,1886849487.6828227,37614369.87007661,-16259678.013969086,-15925616.078810707,56138.33924080808,301581.0054264029,-22508.708066152663,0.0,0.0,0,0,0,4,44,48,2036944877.1764548,2047138348.2977161,0.009921624464725365,-138990307.09802675,2042041612.7370853,1122868050.2273655,612612483.8211256,1908427113.4970496,785559063.2696841,1295814629.6759238
2024-05-07,1908427113.4970496,-26067327.498437893,22364122.9596264,32663401.704502903,56458.91145079745,298269.87612579594,-18850.91088851962,0.0,0.0,0,0,0,4,44,48,2014580776.834644,2021071016.425296,0.010089050960876589,-116403566.3785088,2017825896.62997,1109641987.1567173,605347768.988991,1904946869.0120246,795304881.8553073,1299599100.0230336
2024-05-08,1904946869.0120246,-20923255.456896164,35266376.847816944,43376332.67716052,54736.56289748571,286929.5689133121,-13110.02324669414,0.0,41328.53029505556,1,0,0,5,43,48,1937985831.3094254,2000147756.6787047,0.010167856918634335,-80953831.3689518,1969066793.994065,1081432688.5625038,590720038.1982195,1919467744.8554196,838035056.2929158,1328747706.6572
2024-05-09,1919467744.8554196,39777867.00501375,-37623721.97637454,-31274074.374890514,59565.97487692632,298532.87588630803,-19174.994462460687,0.0,41464.03354596451,0,1,0,4,44,48,2016357135.4422305,2039925628.4259937,0.010634897250476609,-118404768.55035758,2028141381.934112,1114888547.7391675,608442414.5802336,1921800217.75706,806911670.0178926,1313357803.1768265
2024-05-10,1921800217.75706,-50004685.30028632,34314227.92954644,35146759.7677338,61042.25566815175,293452.46597712743,-13582.641135657628,0.0,0.0,0,0,0,4,44,48,1982042922.1719677,1989920944.69732,0.011087152449985135,-83872226.56666803,1985981933.4346437,1092093112.8259203,595794580.0303931,1906328587.9554935,814235475.1295731,1310534007.9251003
2024-05-13,1906328587.9554935,2612238.7979441555,-110475521.94886838,-104512859.0968389,73447.58856569289,309808.9811536686,-31440.110557141124,0.0,0.0,0,0,0,4,44,48,2092518446.8165236,1992533191.7026384,0.012636032874107249,-194141334.48663473,2042525819.259581,1125888831.9706166,612757745.7778744,1798670226.0866,672781394.1159835,1185912480.3087258
2024-05-14,1798670226.0866,44815905.83714118,-132870714.29837106,-127696997.97258963,76432.03190421245,329481.2295081985,-52925.07950605412,0.0,0.0,0,0,0,4,44,48,2225389167.409971,2037349082.0287917,0.012364368393839432,-326810096.4353256,2131369124.7193813,1176954020.7301893,639410737.4158144,1710815541.7434683,533861521.01327896,1071404804.3276539
2024-05-15,1710815541.7434683,68423454.10339984,59157520.858653225,59668954.289091155,63689.93917405662,320722.6284242047,-43310.3763833485,0.0,0.0,0,0,0,4,44,48,2166231636.6362796,2105772543.7132676,0.010584453534370649,-267439716.9469204,2136002090.1747737,1176312626.9192007,640800627.0524321,1838610239.018388,662297612.0991874,1197809611.965956
2024-05-16,1838610239.018388,-39719315.78736038,50979986.51905041,51257627.887205906,69699.60447466074,313174.7609709523,-34994.214640598344,0.0,0.0,0,0,0,4,44,48,2115251668.8469572,2065888984.941751,0.011862350934608008,-216087774.79614758,2090570326.894354,1151047746.889525,627171098.0683062,1850079390.6919339,699031643.8024089,1222908292.6236277
2024-05-17,1850079390.6919339,-1125849.5010131877,49567872.10388524,42437318.99002981,66218.88360021179,305483.4979455309,-26932.648084709348,0.0,0.0,0,0,0,4,44,48,2063303175.6170945,2064763141.4179873,0.011553705910885595,-166307947.00678158,2064033158.517541,1135181738.0396252,619209947.5552622,1898733745.2610667,763552007.2214415,1279523797.7058043
2024-05-20,1898733745.2610667,49541071.507160395,2658506.4007143844,4094459.603643074,71796.23743852506,298766.97005533887,-26475.544975553945,0.0,42706.40120225566,1,0,0,5,43,48,2017938259.285591,2114304175.4393818,0.01280844216067319,-163485354.90908098,2066121217.3624864,1133957521.6455226,619836365.2087458,1951091111.9553807,817133590.3098581,1331254746.746635
2024-05-21,1951091111.9553807,-24618839.50158026,4439307.064309423,11416769.92052366,72538.2367722007,304504.4777852808,-25731.272497747486,0.0,43191.702418042776,0,1,0,4,44,48,2056690656.7110896,2089685353.853175,0.01269698248143525,-158889504.2742555,2073188005.2821321,1139428535.4766207,621956401.5846397,1931074622.7842069,791646087.3075862,1309118221.1995673
2024-05-22,1931074622.7842069,-29590912.783847846,-35666795.328090526,-38873131.82330395,62826.88156730207,309785.1447789378,-31472.34159807459,0.0,0.0,0,0,0,4,44,48,2092357450.6644955,2060094447.57298,0.010809662257778067,-194340359.78227878,2076225949.1187377,1142730847.0925937,622867784.7356213,1866032400.593882,723301553.5012884,1243164615.8582606
2024-05-23,1866032400.593882,-47548082.81849584,91230615.90177323,90086730.31224827,86963.54565487086,296277.9449908254,-16667.06071390403,0.0,0.0,0,0,0,4,44,48,2001126832.9586704,2012546355.3288538,0.01564462377902666,-102918385.19734907,2006836594.143762,1103474638.7198145,602050978.2431287,1909907581.0157816,806432942.2959671,1307856602.772653
2024-05-24,1909907581.0157816,46205729.00805385,-36506744.892547466,-40407148.4008631,60967.2822690366,294260.25512758706,-22551.83928527591,0.0,50134.66886820429,1,0,0,5,43,48,1987498908.9292934,2058752103.7067258,0.01104313643557024,-139256640.5265751,2023125506.3180096,1110937698.6054695,606937651.8954029,1919767171.595993,808829472.9905236,1312829519.7005901
2024-05-28,1919767171.595993,-9753470.165308865,-43944647.23332008,-33721418.643723145,68668.10315976827,307555.7203325341,-29642.973831899963,0.0,45855.86293332555,0,1,0,4,44,48,2077299424.3848457,2048998622.5037236,0.01190031482574406,-183044092.2724526,2063149023.4442847,1135439482.9413846,618944707.0332854,1866232442.9777718,730792960.0363872,1247287735.9444864
2024-05-29,1866232442.9777718,-33942984.02976633,63260216.66505794,62790815.41242451,43793.850458803616,298189.69516228244,-19360.417277604425,0.0,0.0,0,0,0,4,44,48,2014039216.8559413,2015055628.245239,0.007827943981041646,-119549746.48263454,2014547422.55059,1107975672.118092,604364226.765177,1895784711.0404892,787809038.9223971,1291420484.2753122
2024-05-30,1895784711.0404892,-4632015.8630588595,-38955335.12904278,-44159312.13246127,43906.07153959596,303957.24819241866,-25630.975714410215,0.0,0.0,0,0,0,4,44,48,2052994546.8906326,2010423629.914887,0.007699088036153743,-158270175.93803906,2031709088.4027598,1118504271.5459116,609512726.5208279,1852431780.249326,733927508.7034144,1242919053.728498
2024-05-31,1852431780.249326,-20381204.812093243,-8460145.27763137,-4202214.269344645,66357.70042925574,269992.69424307457,-517.0238853469373,3126242.620750531,0.0,0,0,0,4,46,50,1823590430.159603,1823590430.1596036,0.013099856063864787,-3192600.321181774,1823590430.1596034,1002974736.5877818,547077129.047881,1820667305.5087795,817692568.9209977,1273590176.4608984
2024-06-03,1820667305.5087795,-13939083.522829507,-37521259.85483344,-41038353.4794789,71669.1933569771,275547.9260358137,-6561.350984057589,0.0,0.0,0,0,0,4,46,50,1861111695.5514622,1809651353.9027808,0.013863170958617149,-40516060.96502113,1835381524.7271214,1010746347.1411338,550614457.4181364,1769404279.5128114,758657932.3716776,1218789822.094675
2024-06-04,1769404279.5128114,-35970144.18091252,16862581.43038783,19857851.59727265,71533.71119505,273051.3270649861,-3798.5708344423297,0.0,0.0,0,0,0,4,46,50,1844249113.3845215,1773681195.0648007,0.013963480227981943,-23456012.01370907,1808965154.224661,996695032.7815566,542689546.2673984,1750494435.8073223,753799403.0257657,1207804889.539924
2024-06-05,1750494435.8073223,50514640.03329392,-49009936.6770155,-51411953.66105415,76185.08655824678,280307.5185583316,-11704.190858397451,0.0,0.0,0,0,0,4,46,50,1893259037.1669676,1824195830.7326698,0.014486465202357867,-72272876.65562749,1858727433.9498186,1024026668.8332577,557618230.1849456,1752191557.4047422,728164888.5714846,1194573327.2197967
2024-06-06,1752191557.4047422,-20025278.45083819,-4325243.3721511625,-1987312.8356262648,73307.50006367099,280947.8952937397,-12373.014891008204,0.0,0.0,0,0,0,4,46,50,1897584283.409874,1804170564.4584122,0.013907524558276079,-76402836.37672305,1850877423.934143,1020317926.1375653,555263227.1802429,1728036302.962092,707718376.8245267,1172773075.781849
2024-06-07,1728036302.962092,-37398631.32010009,77283047.78534983,74780139.71247934,71333.81199578113,269488.2073980327,156.53145237176935,0.0,0.0,0,0,0,4,46,50,1820183014.3206713,1766771922.463265,0.014108566070794568,1077463.1520810127,1793477468.3919683,987747884.9120176,538043240.5175904,1768119030.3541963,780371145.4421787,1230075789.836606
2024-06-10,1768119030.3541963,27888432.31474526,-2590482.5766869024,-9081982.179136824,67628.53876957044,269832.93946964794,-212.31239726833846,0.0,0.0,0,0,0,4,46,50,1822511411.0520313,1794660371.502312,0.013358640066342109,-1311019.9488267899,1808585891.2771716,995418516.1911874,542575767.3831514,1793618972.1805575,798200455.9893701,1251043204.7974062
2024-06-11,1793618972.1805575,-12185403.879169183,-12177305.228277316,-13827574.56792209,68844.82647774159,271635.8572004157,-2151.306378514293,0.0,0.0,0,0,0,4,46,50,1834688716.5506501,1782471642.882399,0.01350863354007158,-13284224.635765791,1808580179.7165246,996024525.6857948,542574053.9149574,1769456902.7974553,773432377.1116605,1226882848.8824978
2024-06-12,1769456902.7974553,29553418.949352033,-3858206.6931925504,-6711816.899693061,67493.09991143798,272207.08645375277,-2743.414276821445,0.0,0.0,0,0,0,4,46,50,1838546925.3912005,1812025087.4709542,0.013215608278775763,-16940465.517250776,1825286006.4310775,1004570349.4850986,547585801.9293232,1795354085.6258802,790783736.1407816,1247768283.696557
2024-06-13,1795354085.6258802,-14982722.156183934,28848627.61099262,29270301.446243957,69796.0281914049,267935.8860134601,1759.0008262187844,0.0,0.0,0,0,0,4,46,50,1809698292.0233705,1797042349.9771867,0.013884397338305758,12107845.075310946,1803370321.0002785,992170075.1013077,541011096.3000835,1809419889.9393373,817249814.8380295,1268408793.6392536
2024-06-14,1809419889.9393373,-14768527.690200869,59069884.64629463,60224237.17809146,65501.31132703336,259190.26026470028,11747.611224513888,0.0,0.0,0,0,0,4,46,50,1750628399.536437,1772792647.289171,0.013469718692999648,80863098.29493308,1761710523.4128041,968386681.6832238,528513157.0238412,1853926683.4555933,885540001.7723695,1325413526.4317522
2024-06-17,1853926683.4555933,-534601.3272043299,8000159.12467628,6753109.378188388,59175.446786009226,258005.79251765282,12941.943388949694,0.0,0.0,0,0,0,4,46,50,1742628242.1454976,1772248943.0525148,0.012224730626846262,89084122.75376463,1757438592.5990062,965850708.4067779,527231577.7797018,1861604013.542186,895753305.1354082,1334372435.762484
2024-06-18,1861604013.542186,15618426.57084611,28573859.669018418,25126814.846278343,59152.74419853331,253775.2742795558,17136.03965548219,0.0,0.0,0,0,0,4,46,50,1714054385.377863,1787783527.99438,0.012423752766034612,117953619.04347205,1750918956.6861215,961162197.6119539,525275687.0058364,1906008058.351787,944845860.7398332,1380732371.3459506
2024-06-20,1906008058.351787,-29108269.14956264,18990486.257715356,23425855.594478425,57184.0376054134,250963.62824081146,19925.98737849974,0.0,0.0,0,0,0,4,46,50,1695063905.5664563,1758675243.31029,0.012144824434255953,137157848.1120441,1726869574.438373,948187982.4975095,518060872.3315119,1896103981.0379536,947915998.5404441,1378043108.7064416
2024-06-21,1896103981.0379536,-4835181.683163745,-5975735.592936296,-3129982.9905058765,61901.76666157371,251848.36693675237,19088.206250073214,0.0,0.0,0,0,0,4,46,50,1701039626.5896971,1753840067.3484163,0.013100597804910363,131391094.64677548,1727439846.9690566,948771904.8140132,518231954.09071696,1885502098.5683787,936730193.7543654,1367270144.4776616
2024-06-24,1885502098.5683787,-9912165.575310774,-13951437.287361767,-10483500.711961132,62650.25302969122,253913.9542382684,17091.62963806897,0.0,0.0,0,0,0,4,46,50,1714991060.5211375,1743927916.777632,0.013151142072912783,117647928.67504454,1729459488.6493847,950479297.3507493,518837846.5948154,1861846851.036553,911367553.6858037,1343009004.4417377
2024-06-25,1861846851.036553,3450070.0258703018,10999262.779341692,-3855181.730704899,62886.409260965,252285.45469264904,18719.813473601866,0.0,0.0,0,0,0,4,46,50,1703991814.059168,1747377984.8035045,0.013285924936468796,128855312.62899947,1725684899.4313364,948042040.4186265,517705469.8294009,1876504302.7006702,928462262.2820437,1358798832.8712692
2024-06-26,1876504302.7006702,-12498165.091845986,-624096.1955828142,1560005.304671461,63255.662166347334,252377.85552484443,18659.328111166258,0.0,0.0,0,0,0,4,46,50,1704615909.736285,1734879815.9610205,0.013359043670669495,128438969.79005456,1719747862.8486528,945104726.9111406,515924358.85459584,1863589822.934711,918485096.0235704,1347665464.080115
2024-06-27,1863589822.934711,25563192.402175896,-4359636.194810251,-5575758.574973856,64028.24024196389,253023.32238104803,18056.04360354994,0.0,0.0,0,0,0,4,46,50,1708975535.7819378,1760443008.697667,0.01348771003708982,124286342.20416784,1734709272.2398024,952803412.908998,520412781.6719407,1885000430.2678194,932197017.3588214,1364587648.5958786
2024-06-28,1885000430.2678194,-1044437.7253524296,12313166.3940181,13593762.463963052,52090.047717643494,280753.1838092072,-485.3963135043824,2945211.373580706,0.0,0,0,0,6,43,49,1896269158.9364843,1896269158.9364831,0.009889111516673555,-2997301.421296358,1896269158.9364839,1042948037.415066,568880747.6809452,1893552125.3026824,850604087.8876164,1324671377.6217372
2024-07-01,1893552125.3026824,21095485.64864307,13967056.262582779,23193589.57091229,48977.73032444219,278685.2820821373,1627.2650925263927,0.0,0.0,0,0,0,6,43,49,1882302092.8624659,1917364629.5732682,0.009367243963473352,11201059.910315514,1899833361.217867,1044031785.2520568,569950008.36536,1928846002.0307584,884814216.7787015,1358895993.6653984
2024-07-02,1928846002.0307584,-22555859.405527506,1009049.7463102342,5674477.921544347,51242.08164647158,278535.8880727721,1807.1344904622713,0.0,0.0,0,0,0,6,43,49,1881293052.6491175,1894808783.6251447,0.009805569295412894,12439166.66474986,1888050918.1371312,1038090111.7010214,566415275.4411393,1907528293.3124578,869438181.6114364,1341113017.8713183
2024-07-03,1907528293.3124578,24095515.29778856,-33420841.857547622,-31611830.388933837,58080.01906388169,283484.0298113838,-3361.8691998220133,0.0,0.0,0,0,0,6,43,49,1914713897.4127235,1918904284.8800485,0.010920068471457095,-20759398.146413803,1916809091.1463861,1054140240.443829,575042727.3439158,1898425008.8942463,844284768.4504173,1323382281.5503306
2024-07-05,1898425008.8942463,-3166646.318149156,-7058225.185370033,-9534062.189094422,60066.74552023738,284434.2324753234,-4469.275399256904,0.0,0.0,0,0,0,6,43,49,1921131776.5687888,1915737654.5857296,0.011255879815754634,-27597583.94052291,1918434715.577259,1055273946.617069,575530414.6731777,1888420035.6022828,833146088.9852138,1312889620.929105
2024-07-08,1888420035.6022828,2189076.6496400298,-13131118.22929521,-10111493.268871032,60639.584675246086,286378.36598237156,-6554.822657871188,0.0,0.0,0,0,0,6,43,49,1934262884.6839356,1917893103.2687178,0.011286082494756513,-40475748.830765486,1926077993.9763267,1059752141.2223601,577823398.192898,1877697177.9812768,817945036.7589166,1299873779.7883787
2024-07-09,1877697177.9812768,1594841.2271334636,15711606.742752848,14110895.878960578,62294.47759207329,284052.1748118672,-3975.1874523420656,0.0,0.0,0,0,0,6,43,49,1918551274.5266826,1919487943.5291996,0.011689034445367648,-24546612.055628538,1919019609.0279412,1055437368.2403047,575705882.7083824,1895221408.4609306,839784040.2206259,1319515525.7525482
2024-07-10,1895221408.4609306,24825647.141757123,-17296359.384785708,-17788245.58411044,61008.50560689491,286612.99699864263,-6702.15664181658,0.0,0.0,0,0,0,6,43,49,1935847634.512408,1944075217.5759995,0.011345449728027856,-41385529.86370444,1939961426.0442038,1066773094.7477221,581988427.8132612,1902969598.552652,836196503.8049297,1320981170.7393909
2024-07-11,1902969598.552652,14808231.902188776,-73148033.98349833,-78622187.14738339,61523.5688464299,297442.968617811,-18501.905505066625,0.0,0.0,0,0,0,6,43,49,2008995660.4580104,1958816746.004108,0.011024655364195939,-114248473.10161209,1983906203.231059,1092402884.63843,595171860.9693177,1844847213.9656086,752444329.3271785,1249675352.996291
2024-07-12,1844847213.9656086,28563202.300518088,-49926920.61554544,-50038849.25252912,68578.13701381919,304834.9303880861,-26513.816308867354,0.0,0.0,0,0,0,6,43,49,2058922606.7487993,1987136596.264721,0.011990800064097317,-163721678.75115347,2023029601.5067601,1114460931.0908198,606908880.452028,1823693238.6276467,709232307.5368268,1216784358.1756186
2024-07-15,1823693238.6276467,38340376.35011425,-3317449.3452000483,-6130310.692340667,61242.06553569453,305326.0954215078,-27015.907755441633,0.0,0.0,0,0,0,6,43,49,2062240044.1227543,2025476995.4702668,0.010690871635279757,-166822071.90324163,2043858519.7965107,1125041262.104393,613157555.9389532,1858933233.7546914,733891971.6502984,1245775677.8157382
2024-07-16,1858933233.7546914,42046926.26819607,-94155836.6325342,-94614900.42351648,64513.567590873565,319266.3892541342,-42229.299057257434,0.0,0.0,0,0,0,6,43,49,2156395874.8872104,2067523920.6394463,0.01077023222089462,-260764110.816684,2111959897.7633283,1163799742.6260247,633587969.3289984,1807036846.912959,643237104.2869344,1173448877.5839605
2024-07-17,1807036846.912959,-96531715.38677469,30324399.249611977,34783916.825882174,62861.19179064169,314776.69387767755,-37283.74260047441,0.0,0.0,0,0,0,6,43,49,2126071478.3482914,1970992181.3536592,0.01064405843128656,-230225511.76965332,2048531829.8509753,1130569488.8429022,614559548.9552926,1741044162.535283,610474673.6923809,1126484613.5799904
2024-07-18,1741044162.535283,-56007468.57486381,78010531.72265825,81730585.11475241,60290.460234464335,303226.80097818037,-24615.197912502932,0.0,0.0,0,0,0,6,43,49,2048060944.6931508,1914984726.7923295,0.010597617097600109,-151997791.56948638,1981522835.7427402,1093164465.1060276,594456850.7228221,1763265546.825909,670101081.7198813,1168808696.103087
2024-07-19,1763265546.825909,4668289.460924502,-4064845.5297689103,1052678.5448362525,57264.81068589694,303828.62355825194,-25237.627906818343,0.0,0.0,0,0,0,6,43,49,2052125787.6354728,1919652996.0399396,0.010045842204768824,-155841270.09356093,1985889391.837706,1095550985.3006268,595766817.5513119,1764090316.9420302,668539331.6414034,1168323499.3907185
2024-07-22,1764090316.9420302,41883614.82949567,-7509711.052456965,-8882233.547418153,62662.80728235071,304940.47779899935,-26418.817823982467,0.0,0.0,0,0,0,6,43,49,2059635497.3290763,1961536625.0924673,0.01095271986276219,-163135067.18068075,2010586061.2107718,1108274805.4718397,603175818.3632315,1798680079.5717616,690405274.099922,1195504261.20853
2024-07-23,1798680079.5717616,14482797.850580098,-25571118.831258778,-30009971.891191613,62643.575940313,308726.4284383151,-30505.120370675555,0.0,0.0,0,0,0,6,43,49,2085206646.112447,1975896925.194271,0.010815085104661882,-188367810.17912865,2030551785.653359,1119536225.1323018,609165535.6960076,1787807336.32321,668271111.1909082,1178641800.6272025
2024-07-24,1787807336.32321,-78758242.0944252,66340836.02726565,71384130.9940478,52713.65297095655,291489.4955524458,-19733.161506072185,0.0,49942.6648628887,1,0,0,7,42,49,1968784585.3448498,1897138700.047753,0.00963889864376421,-121851426.10953665,1932961642.6963015,1064920050.6153932,579888492.8088905,1775559030.2722628,710638979.6568696,1195670537.4633722
2024-07-25,1775559030.2722628,731829.9939939175,-19900496.16705289,-24014566.96504292,56425.01724212238,301607.12006197433,-22928.906237876065,0.0,48436.167950038456,0,1,0,6,43,49,2037121261.2065806,1897870515.7036407,0.00997142712807029,-141585012.78962922,1967495888.4551105,1085604007.2878842,590248766.5365331,1756564181.1278355,670960173.8399513,1166315414.5913024
2024-07-26,1756564181.1278355,43270292.223582126,-54048901.79206531,-50656657.87092217,52404.496896371915,309609.36162424623,-31645.182865537066,0.0,0.0,0,0,0,6,43,49,2091170172.3213627,1941140814.2595975,0.009021560814322241,-195407647.1971414,2016155493.2904801,1112636255.2613082,604846647.987144,1746011131.2412148,633374875.9799066,1141164483.2540708
2024-07-29,1746011131.2412148,-27917451.239221558,37054225.64067495,37321038.34304142,50796.592708633136,304123.2748140272,-25607.66696044809,0.0,0.0,0,0,0,6,43,49,2054115927.4493392,1913223354.4318004,0.00890250308209975,-158126245.3818407,1983669640.9405699,1094540616.842752,595100892.2821709,1755375624.6578133,660835007.8150613,1160274732.3756423
2024-07-30,1755375624.6578133,-49403686.41321957,16664326.854047403,13046719.54056675,50766.92579406419,301656.0292579425,-22872.090800722086,0.0,0.0,0,0,0,6,43,49,2037451604.7440772,1863819678.07439,0.008970074795056914,-141234179.9015429,1950635641.4092336,1077190400.9418206,585190692.42277,1722864282.1113043,645673881.1694837,1137673589.6885343
2024-07-31,1722864282.1113043,76530646.90867653,-13406418.290386219,-13448937.916659532,123565.96358203757,264425.52117190947,-514.8635883974612,3055694.616572456,0.0,0,0,0,4,46,50,1785988510.7295947,1785988510.7295961,0.024907073378294852,-3179260.5801558495,1785988510.7295954,982293680.9012774,535796553.2188786,1783073160.8070238,800779479.9057463,1247276607.5881453
2024-08-01,1783073160.8070238,-55129440.170111135,80701854.1734484,80542685.81045346,137153.73996892036,252477.16493922207,11280.723413654463,0.0,0.0,0,0,0,4,46,50,1705286667.5069408,1730859082.0853899,0.028954279259683694,77649338.98500204,1718072874.7961655,944300770.7734296,515421862.4388496,1808772178.9587448,864471408.1853151,1293350316.519895
2024-08-02,1808772178.9587448,-77842804.9145485,68029434.2183908,73251216.56652002,130252.28891157,242405.02743885835,21183.28375869971,0.0,0.0,0,0,0,4,46,50,1637257220.9754035,1653016277.7111154,0.02863986391840726,145812278.26256013,1645136749.3432593,904431235.7203999,493541024.8029778,1799092144.284873,894660908.5644732,1305551119.4818952
2024-08-05,1799092144.284873,-54192903.447555214,48235007.92517983,48243835.06157807,126679.56431411683,235263.56930783027,28210.645823765262,0.0,0.0,0,0,0,4,46,50,1589022231.722681,1598823391.4437764,0.028699814415838246,194184177.75440717,1593922811.5832286,876412517.3777484,478176843.47496855,1793271043.413315,916858526.0355667,1315094199.9383464
2024-08-06,1793271043.413315,38656514.49115037,17825594.802783765,14821904.79334457,122263.72462140342,232624.3894868702,30820.826932531425,0.0,0.0,0,0,0,4,46,50,1571196626.928204,1637479881.416446,0.02801364266530882,212151007.5661819,1604338254.1723251,880728958.4325727,481301476.25169754,1849894334.1990473,969165375.7664746,1368592857.9473498
2024-08-07,1849894334.1990473,-69281433.58217655,50062403.40586492,32669965.606317997,92909.73841717583,225212.3712758951,38118.55388805006,0.0,0.0,0,0,0,4,46,50,1521134214.9966648,1568198466.9478362,0.02198853033508068,262383927.3364823,1544666340.9722505,848389881.2359585,463399902.29167515,1830845725.2094824,982455843.973524,1367445822.9178073
2024-08-08,1830845725.2094824,88892460.52524576,-20235548.08094773,-23228723.575562205,93923.60826336736,228208.3574023832,35203.38841495485,0.0,0.0,0,0,0,4,46,50,1541369768.5714438,1657090935.2810097,0.021936656384632488,242317778.76450753,1599230351.9262266,876683664.3916855,479769105.577868,1899672125.7913346,1022988461.3996491,1419903020.2134666
2024-08-09,1899672125.7913346,24412874.872144185,12502776.998072168,16777165.439401358,87247.97239773859,226312.16429753142,37045.357865038575,0.0,0.0,0,0,0,4,46,50,1528562460.5461786,1681503802.5110674,0.020548241157226182,254996727.1780858,1605033131.528623,878944688.7916205,481509939.45858693,1936763887.2113159,1057819198.4196954,1455253947.752729
2024-08-12,1936763887.2113159,-2594142.8383548865,31193308.894883856,32723927.088189784,86150.12015079011,221693.8223722889,41617.949815968466,0.0,0.0,0,0,0,4,46,50,1497369156.7359102,1678805355.6572802,0.02071235614462063,286471547.4904139,1588087256.1965952,868912085.9350932,476426176.85897857,1965540214.9198823,1096628128.9847891,1489114038.0609038
2024-08-13,1965540214.9198823,39431068.66264655,-50544000.60483207,-55846183.8124616,52800.24925701398,229177.14133487476,34305.61126050636,0.0,0.0,0,0,0,4,46,50,1547913149.7289853,1718236431.9869046,0.012279816691170974,236138050.7415352,1633074790.857945,893933052.9154217,489922437.25738347,1954637965.4810352,1060704912.5656135,1464715528.223652
2024-08-14,1954637965.4810352,2796011.8224932672,23872127.24489418,26752395.526766215,52739.40973928256,225642.73983937767,37804.315175866206,0.0,0.0,0,0,0,4,46,50,1524041019.55302,1721032457.6183805,0.012457792974437202,260220907.52030277,1622536738.5857003,887470420.2705011,486761021.57571006,1981516812.1936986,1094046391.9231975,1494755790.6179886
2024-08-15,1981516812.1936986,64934953.91834153,-52190997.66298886,-52585265.55561982,61229.804197123296,233369.90738478134,30251.503249816105,0.0,0.0,0,0,0,4,46,50,1576232019.8596864,1785967393.9042463,0.013984444696743687,208232144.74060798,1681099706.8819664,919361454.4339675,504329912.06458986,1994463160.0554888,1075101705.6215215,1490133247.990899
2024-08-16,1994463160.0554888,14552064.721697662,-13119453.022540102,-10877805.10140166,62264.82161688362,235312.31483763928,28394.544415686854,0.0,0.0,0,0,0,4,46,50,1589351469.8227043,1800383488.0105195,0.01410344798345868,195450018.9225099,1694867478.916612,926901312.9494412,508460243.67498356,1996097213.7922828,1069195900.8428416,1487636970.1172993
2024-08-19,1996097213.7922828,43944232.79170437,-40312837.60648886,-45528679.68550472,62511.84831401686,240951.09258853234,22567.212672145753,0.0,0.0,0,0,0,4,46,50,1627437023.1120384,1844327730.7434773,0.013828040700470666,155338366.3857069,1735882376.9277577,949313039.6194808,520764713.0783273,1999929615.434445,1050616575.814964,1479164902.3561177
2024-08-20,1999929615.434445,-13261741.312403517,32489777.009738274,36456790.14192593,62013.6863709447,236140.79891886623,27316.530430170722,0.0,0.0,0,0,0,4,46,50,1594947234.7240496,1831065982.4767385,0.0139972825479726,188029654.96867037,1713006608.600394,936250666.0363995,513901982.5801182,2019359094.7747579,1083108428.7383585,1505457112.1946397
2024-08-21,2019359094.7747579,32810761.398106232,-36974177.947694294,-41561723.18644924,81906.94221338679,241615.0301726087,21971.38043421443,0.0,0.0,0,0,0,4,46,50,1631921404.542948,1863876735.78932,0.01806857800549378,151237035.4936366,1747899070.1661339,955545605.3102144,524369721.04984015,2015377357.6935635,1059831752.3833491,1491007636.6437232
2024-08-22,2015377357.6935635,-34944420.846200004,44342214.4324859,43772370.35718146,61430.1608515831,235049.9205245515,28459.424453276697,0.0,0.0,0,0,0,4,46,50,1587579200.541061,1828817109.2035177,0.01392992418836992,195896611.91548014,1708198154.8722892,933478037.4631977,512459446.46168673,2024977230.4639757,1091499193.000778,1512517784.0022888
2024-08-23,2024977230.4639757,47658858.546296254,-57754858.20143945,-61665209.676381245,62863.993718319914,243600.8488561199,20098.076174977858,0.0,0.0,0,0,0,4,46,50,1645334063.5685396,1876475968.669951,0.013754676475554789,138342398.14516306,1760905016.1192453,962719211.2380496,528271504.8357736,2015082065.7401452,1052362854.5020956,1486810560.9043717
2024-08-26,2015082065.7401452,-19842726.44939782,6122288.27102753,5108901.419493621,63948.01587413039,242694.40730911354,21016.52911231843,0.0,0.0,0,0,0,4,46,50,1639211756.6844442,1856633234.4133074,0.014044119449979419,144664445.1325934,1747922495.5488758,955921835.6086601,524376748.6646627,2001561390.4823222,1045639554.8736621,1477184641.8176594
2024-08-27,2001561390.4823222,-21791899.949969355,30455628.775960382,28746673.93530024,63304.22549202027,238185.28327736497,25470.17005075041,0.0,0.0,0,0,0,4,46,50,1608756134.7064052,1834841332.8979235,0.0141659265102267,175320482.18489766,1721798733.8021643,941337173.6364024,516539620.14064926,2010425470.5361493,1069088296.8997469,1493885850.3955
2024-08-28,2010425470.5361493,-45434308.972731575,42836766.97968051,43484555.030304156,71960.83973880214,231843.06337753762,31721.24986176396,0.0,0.0,0,0,0,4,46,50,1565919377.4092598,1789407020.2801275,0.016543573494076605,218348947.42323184,1677663198.8446937,917127568.2928097,503298959.65340805,2008019532.0165987,1090891963.723789,1504720572.3631907
2024-08-29,2008019532.0165987,12856414.723147498,-31658822.980489586,-31266516.22150214,59333.67480293565,236530.32800466832,27151.59495403397,0.0,0.0,0,0,0,4,46,50,1597578200.4067655,1802263446.2325945,0.013370314469500308,186894343.8518591,1699920823.31968,929839321.6801782,509976246.99590397,1989421472.0074122,1059582150.327234,1479445225.0115082
2024-08-30,1989421472.0074122,13870655.159069527,5530837.261621427,5152717.087333521,31206.108176367103,297417.4000111608,-433.497884550038,2645624.7398167877,0.0,0,0,0,0,50,50,2008822964.4281032,2008822964.4281032,0.005592428572564854,-2676830.847993374,2008822964.4281032,1104852630.4354568,602646889.3284309,2006443117.4822364,901590487.0467796,1403796228.1538055
2024-09-03,2006443117.4822364,-118499171.21627325,35777311.19077508,35777311.19077508,32677.096262882293,292094.47149486496,4847.161600442828,0.0,0.0,0,0,0,0,50,50,1972870726.7945852,1890323796.8775036,0.005962759999866157,33364783.48297167,1931597261.8360443,1064442167.2577515,579479178.5508133,1923985521.9935706,859543354.7358191,1344506343.4427571
2024-09-04,1923985521.9935706,6196577.703514047,-21073243.79317096,-21073243.79317096,34476.23341494033,295214.4854712285,1823.821585403443,0.0,0.0,0,0,0,0,50,50,1993943991.9257457,1896520349.637129,0.006224570037893381,12554030.03336978,1945232170.7814374,1072313284.987006,583569651.2344311,1909371417.9775555,837058132.9905496,1325801766.7431245
2024-09-05,1909371417.9775555,-21499669.15830092,25482259.043533564,25482259.043533564,33488.9892904417,291441.6967407047,5564.114381067726,0.0,0.0,0,0,0,0,50,50,1968461741.5882494,1875020687.569781,0.0061245976438595254,38299831.30371666,1921741214.5790153,1059293694.3689201,576522364.3737046,1913617524.6846194,854323830.3156993,1337095160.310915
2024-09-06,1913617524.6846194,-66013522.91141656,43020957.34084247,43020957.34084247,31116.041897478844,285066.45097484277,11852.728260858832,0.0,0.0,0,0,0,0,50,50,1925401920.2803638,1809007185.8272305,0.0058178892235971474,81586657.2449174,1867204553.0537972,1029872372.5409167,560161365.9161391,1890890762.2513835,861018389.7104669,1330729396.3352444
2024-09-09,1890890762.2513835,68977849.91128105,-13972339.183691578,-13972339.183691578,30716.4926015708,287135.13037393295,9861.534976968,0.0,0.0,0,0,0,0,50,50,1939374238.9233747,1877985009.7997847,0.005701806858435016,67880546.68658662,1908679624.3615797,1051308524.1269585,572603887.3084738,1946162553.1517222,894854029.0247637,1373558665.8432484
2024-09-10,1946162553.1517222,28382753.012369998,10800341.964696676,10800341.964696676,30533.663379214195,285536.0829386912,11469.293949125107,0.0,0.0,0,0,0,0,50,50,1928573918.53525,1906367775.6186595,0.0056996098053973526,78947338.84675026,1917470847.0769548,1055164119.4652399,575241254.1230865,1985612119.8422976,930448000.3770577,1410370865.719211
2024-09-11,1985612119.8422976,53003799.684431426,-44209157.46635159,-44209157.46635159,31966.75797288586,292081.49380094354,5085.191333917999,0.0,0.0,0,0,0,0,50,50,1972783072.5767293,1959371566.2352824,0.005833400047987953,35003229.06712198,1966077319.4060059,1081677813.3318393,589823195.8218018,1994671961.9875393,912994148.6557,1404848766.1657376
2024-09-12,1994671961.9875393,64624464.08234395,-5234436.654536486,-5234436.654536486,30880.023332807003,287902.34449740057,4380.576035274,0.0,33461.331846425215,1,0,0,1,49,50,1944556172.9655573,2023844543.4196582,0.005716887253946881,30153104.640509367,1984200358.1926079,1089327987.7445817,595260107.4577824,2054289930.9807003,964961943.2361186,1459029823.5229177
2024-09-13,2054289930.9807003,70797874.52643678,-34068760.79695254,-35240335.596828565,36138.039951051076,298074.0070218586,-598.2469070492989,0.0,34632.90664630124,0,1,0,0,50,50,2013257833.5435102,2094642422.7608042,0.006462011057709475,-3694148.99721694,2053950128.1521573,1127637955.753254,616185038.4456471,2091245749.5237021,963607793.7704482,1475060711.078055
2024-09-16,2091245749.5237021,-14089255.542785425,-6366906.8651929395,-6366906.86519294,37360.836627253644,299016.6634084179,-1580.8576806042317,0.0,0.0,0,0,0,0,50,50,2019624743.4714906,2080513954.6670473,0.006659604082039794,-9761728.387950659,2050069349.069269,1126015911.708209,615020804.7207806,2071049662.0848243,945033750.3766153,1456028857.3640437
2024-09-17,2071049662.0848243,-9601734.168354861,-59173577.333552755,-59173577.333552755,38134.42981610636,307777.6426805309,-11119.734078311963,0.0,0.0,0,0,0,0,50,50,2078798337.0542426,2070900097.2541695,0.006604005058639831,-68663881.10106874,2074849217.154206,1141364525.4298153,622454765.1462618,2002532874.061703,861168348.6318877,1380078108.915441
2024-09-18,2002532874.061703,-2370020.0967879277,22370981.83406972,22370981.83406972,37103.15273863374,304465.4925785679,-7454.844007615708,0.0,0.0,0,0,0,0,50,50,2056427341.9940794,2068530074.7172866,0.0064953109274242474,-46033342.07104039,2062478708.3556828,1134060721.2775455,618743612.5067048,2022793743.2948172,888733022.0172718,1404050130.7881124
2024-09-19,2022793743.2948172,50745641.10091805,-37939041.27612092,-37939041.27612092,36989.27458895359,280994.15618851816,-12373.961268105977,0.0,0.0,0,0,0,0,50,50,2094366381.5293276,2119139827.7009006,0.00635807515316385,-83576473.85587525,2106753104.6151142,1158094871.3840234,632025931.3845342,2035831974.0399456,877737102.6559222,1403806042.6554112
2024-09-20,2035831974.0399456,11427060.613663271,37003847.42477257,37003847.42477256,34534.41152505669,276029.47279705544,-6815.438184926621,0.0,0.0,0,0,0,0,50,50,2057362530.1643884,2130261326.026586,0.006042876725293053,-46032978.35972953,2093811928.095487,1149774090.555963,628143578.4286461,2084497561.7014687,934723471.1455057,1456353983.2728226
2024-09-23,2084497561.7014687,-13154159.608241957,17761643.911692813,17761643.91169281,35762.245799715995,273646.4535970607,-4151.163003654456,0.0,0.0,0,0,0,0,50,50,2039600896.3756075,2117107157.7050035,0.0063122194693950775,-28037873.94588375,2078354027.0403056,1141157058.338933,623506208.1120917,2089338779.0497131,948181720.7107801,1465832570.9376216
2024-09-24,2089338779.0497131,36089419.20054539,-40753845.23256321,-40753845.23256321,36934.37619226821,279098.7373153738,-10150.56405529467,0.0,0.0,0,0,0,0,50,50,2080239035.8909845,2153196575.487771,0.006391753639754965,-68559156.84626794,2116717805.6893778,1162370854.639238,635015341.7068133,2084906366.814763,922535512.175525,1449891025.1079497
2024-09-25,2084906366.814763,-13840963.593628146,48178148.17894014,48178148.17894014,35824.783993038785,272634.8357047803,-2983.006023198147,0.0,0.0,0,0,0,0,50,50,2032060887.2405982,2139355609.6995966,0.006346720375592242,-20147883.08351469,2085708248.4700975,1144457168.5970786,625712474.5410292,2119477378.4457636,975020209.848685,1493764903.9047344
2024-09-26,2119477378.4457636,15756836.02470035,-47996387.45452346,-47996387.45452345,32247.399315558177,279074.3505299276,-10044.678034053299,0.0,0.0,0,0,0,0,50,50,2080057271.0305161,2155049558.833495,0.005581126979186249,-67843979.21687031,2117553414.9320056,1162779571.0175285,635266024.4796016,2087474609.2891207,924695038.2715921,1452208584.809519
2024-09-27,2087474609.2891207,-9158444.28112052,-54968885.767001644,-54968885.76700165,32173.039471427546,286414.3343272092,-18148.058478470226,0.0,0.0,0,0,0,0,50,50,2134765224.7990746,2145891110.934159,0.0054255587804996445,-122576004.73263192,2140328167.8666167,1176902345.1732621,642098450.359985,2023583372.4773757,846681027.3041136,1381484922.1173906
2024-09-30,2023583372.4773757,-5495030.1906768605,31136694.034936033,31136694.034936037,32773.62040520529,274937.692373153,-378.755786718476,2525426.81521901,0.0,0,0,0,1,50,51,2049225036.3216372,2049225036.3216329,0.005757544016274681,-2558200.435621977,2049225036.321635,1127073769.9768994,614767510.8964905,2046941394.8225973,919867624.8456979,1432173883.926107
2024-10-01,2046941394.8225973,-38452021.86664297,28093968.1566347,26690207.419152148,32222.83484979854,271168.417748012,3386.9553487572416,0.0,0.0,0,0,0,1,50,51,2021131063.9603376,2010773022.600094,0.005739469722066037,25778095.677644968,2015952043.2802157,1109032574.8381248,604785612.9840647,2036825673.6508358,927793098.812711,1432040060.666771
2024-10-02,2036825673.6508358,13608816.069732828,-48366902.72755928,-46944700.898133434,32372.69066637059,277657.6442282176,-3308.542243359434,0.0,0.0,0,0,0,1,50,51,2069497969.402864,2024381841.0867593,0.0056313989248591165,-22346626.784416437,2046939905.2448115,1126944851.092549,614081971.5734434,2002309563.4043276,875364712.3117785,1388227591.8308842
2024-10-03,2002309563.4043276,-21794042.874735534,13893853.48131581,15232450.193596689,34631.75378229157,275793.5521912194,-1215.9861804681434,0.0,0.0,0,0,0,1,50,51,2055604115.7109523,2002587782.1252031,0.006065093597710069,-8213039.868077517,2029095948.9180777,1117328180.2445865,608728784.6754233,1994649319.8231363,877321139.5785499,1385920535.1477132
2024-10-04,1994649319.8231363,51159284.95854897,-9758984.51786316,-10799589.663117295,35578.360348442424,271604.13018056523,-2631.543491434834,0.0,40984.50072643271,1,0,0,2,49,51,2024378610.0414798,2053747084.7370162,0.0063269833330124115,-17774027.334269047,2039062847.389248,1120750354.196698,611718854.2167743,2036242029.9894364,915491675.7927384,1424523175.7726622
2024-10-07,2036242029.9894364,-38715250.99127192,40668934.688380666,42669434.368087634,35463.832942802794,271691.5400222461,3033.387182440756,0.0,41320.440543733115,0,1,0,1,50,51,2025030111.9670515,2015031838.8067443,0.006304587662159531,23087090.60631442,2020030975.386898,1111266993.2918015,606009292.6160694,2038393654.3402634,927126661.0484619,1432384361.724194
2024-10-08,2038393654.3402634,36879040.71717181,30434551.16978545,31164525.068968732,35071.00785334057,267608.2367517889,7063.63695035923,0.0,0.0,0,0,0,1,50,51,1994595553.429482,2051910879.1912632,0.006329886179428393,53761296.02810407,2023253216.3103726,1111356385.8266604,606975964.8931117,2105946847.0930693,994590461.2664089,1498970882.1999576
2024-10-09,2105946847.0930693,-10323292.785842557,-255395.16684897224,697274.9569385943,34355.31792185115,267642.5046864967,7097.904291362521,0.0,0.0,0,0,0,1,50,51,1994850966.6074286,2041311699.2793162,0.006199919020968311,54022104.543139696,2018081332.9433722,1108783214.8020575,605424399.8830117,2095608544.2314336,986825329.4293761,1490184144.348422
2024-10-10,2095608544.2314336,-8473940.252948223,4608528.275209687,5181527.812192336,30596.91654380362,267024.1924105197,7735.48970978919,0.0,0.0,0,0,0,1,50,51,1990242427.9044943,2032837772.2182484,0.0055344463575559295,58874763.11890292,2011540100.0613713,1105282171.4259105,603462030.0184114,2091987295.0192716,986705123.5933611,1488525265.0008602
2024-10-11,2091987295.0192716,68359080.27870099,-30183262.0861028,-29212368.054432653,35672.30265449139,271073.7786131032,3828.13012438813,0.0,0.0,0,0,0,1,50,51,2020425679.1038747,2100991566.8123922,0.0063561006417780066,29135874.096822977,2060708622.9581335,1131375595.4342604,618212586.88744,2130402342.8179526,999026747.3836923,1512189755.9305127
2024-10-14,2130402342.8179526,35757347.7148887,-16317572.94099776,-14481361.142869206,35589.64392841533,267260.7341786285,1709.7488794979522,0.0,44737.78583904791,1,0,0,2,49,51,1992005472.1388457,2136748902.2842903,0.00643184569190605,13012887.877785683,2064377187.2115679,1131788867.212726,619313156.1634704,2150030760.645134,1018241893.4324079,1530717604.4816637
2024-10-15,2150030760.645134,8817191.502199197,32405660.494286895,34619754.99264017,35954.042966808374,268499.4033000017,5992.636678948477,0.0,41637.97615727329,0,1,0,1,50,51,2001237788.571441,2145566100.8672857,0.006467724896045732,45609919.7552104,2073401944.7193632,1136762861.7882538,622020583.4158089,2191450512.662475,1054687650.8742213,1569429929.2466662
2024-10-16,2191450512.662475,49100354.65905928,-73627093.38474464,-72941555.61363493,39763.719016731775,278377.70450395194,-4113.3459697209,0.0,0.0,0,0,0,1,50,51,2074864878.290325,2194666459.544218,0.006899214978191188,-27782449.326445103,2134765668.9172716,1171126078.373152,640429700.6751815,2167158274.5763073,996032196.2031553,1526728573.901126
2024-10-17,2167158274.5763073,-33967170.176526695,26666357.320255943,26806850.405374944,35556.10503976162,274799.9689149959,-129.9049003391666,0.0,0.0,0,0,0,1,50,51,2048198526.0745034,2160699312.0713215,0.006249490784883311,-877406.4563245773,2104448919.0729125,1154634385.8401814,631334675.7218738,2160096575.6790113,1005462189.83883,1528761899.9571376
2024-10-18,2160096575.6790113,37834413.579948306,-53313892.45285523,-58996922.39918275,36122.97652308033,281952.91505463264,-7988.001226496122,0.0,0.0,0,0,0,1,50,51,2101512410.345088,2198533702.563889,0.006188053653308429,-53952728.734307766,2150023056.4544888,1180087148.7444987,645006916.9363467,2144854938.7434094,964767789.9989107,1499848021.8070626
2024-10-21,2144854938.7434094,2879089.6540624574,-9743813.385165693,-9363226.571963102,40088.50553557613,283260.21098540974,-9395.998201416876,0.0,0.0,0,0,0,1,50,51,2111256230.9471533,2201412778.523845,0.006835675263505545,-63462652.017074585,2156334504.7354994,1183730063.9151073,646900351.4206498,2138223990.7195547,954493926.8044474,1491323639.298905
2024-10-22,2138223990.7195547,-9964874.516574815,3503542.7067764853,4098208.6274539,40062.92246086912,282733.2270640601,-8842.66853604999,0.0,0.0,0,0,0,1,50,51,2107328400.4774668,2191447936.943731,0.006844045798768281,-59725340.9564352,2149388168.710599,1180060504.3791728,644816450.6131797,2131996486.5458236,951935982.1666508,1487180035.932644
2024-10-23,2131996486.5458236,-47315443.685398914,64220968.56886636,64098927.915251,38222.8332411198,268917.65644187573,616.5514494524489,0.0,38752.2295192452,1,0,0,2,49,51,2004355203.2934837,2144132467.1952226,0.00686516039881197,4692569.171308279,2074243835.2443533,1137339677.7868507,622273150.573306,2149094570.5744224,1011754892.7875717,1526821420.0011163
2024-10-24,2149094570.5744224,28057366.01051062,-17333361.641244717,-14084644.362385392,36995.1343987865,265757.7897544267,-1843.1639624586949,0.0,40885.14208694857,1,0,1,3,48,51,1980803401.896348,2172189832.1247096,0.006723659890129803,-12449137.457507133,2076496617.0105288,1137288478.600082,622948985.1031586,2160004609.2929945,1022716130.6929126,1537055624.189836
2024-10-25,2160004609.2929945,-3775216.282787977,6254679.444283992,7567795.045691657,33209.06567034245,270277.4096006782,-888.881015083598,0.0,39941.25870025265,0,1,1,2,49,51,2014490009.4460483,2168414621.2939115,0.005934635359452978,-6003699.1637916565,2091452315.3699799,1146450658.1572924,627435694.610994,2162680310.658705,1016229652.5014129,1535244616.0477114
2024-10-28,2162680310.658705,52055739.69904991,-83029268.00982724,-84071217.2622906,42475.608670161615,281417.1688383824,-13148.228679554915,0.0,0.0,0,0,1,2,49,51,2097519270.845086,2220470354.1058574,0.007290144759956067,-88806047.3665998,2158994812.4754715,1184373369.7799902,647698443.7426414,2131932575.6794164,947559205.8994262,1484234131.936775
2024-10-29,2131932575.6794164,4422269.9034477025,52168970.67962151,53516031.15174805,42298.896815669505,279760.8480340142,-5396.7642256733925,0.0,39823.71867684254,0,1,0,1,50,51,2085174022.6137705,2224892634.0080137,0.007302797123164419,-36450940.36102104,2155033328.310892,1181775365.2861347,646509998.4932677,2188716057.730801,1006940692.4446664,1542206059.2375336
2024-10-30,2188716057.730801,-47009545.806099795,47339974.16504101,48591363.66724854,40861.38652512737,273409.40014693746,1461.3772013413636,0.0,0.0,0,0,0,1,50,51,2037834038.3622665,2177883092.092585,0.0072184971259327034,11122532.610631943,2107858565.2274258,1155820984.5318263,632357569.5682278,2189280495.480565,1033459510.9487388,1556922925.9123373
2024-10-31,2189280495.480565,-76532524.06043087,52083187.131175354,44712609.01307451,39889.0446091892,290448.1804389671,-479.9865120961262,3202046.1215199833,0.0,0,0,0,2,49,51,2164831158.551307,2164831158.551308,0.006633337663579167,-3241935.1661276817,2164831158.5513077,1190657137.2032192,649449347.5653923,2161879191.5791073,971222054.3758881,1512429844.013715
2024-11-01,2161879191.5791073,38295820.009199366,-26026900.07666183,-26553842.28142349,35318.79885678285,293940.12332465925,-4295.711570619273,0.0,0.0,0,0,0,2,49,51,2190858062.0471497,2203126979.6813235,0.0058035560626693815,-29014186.968535423,2196992520.864237,1208039163.5344758,659097756.259271,2174402437.124542,966363273.5900664,1515304680.865271
2024-11-04,2174402437.124542,-27703429.813203037,1454559.704635289,6616532.299727509,35535.470769300046,293744.9690783038,-4042.732736371159,0.0,0.0,0,0,0,2,49,51,2189403496.2358046,2175423543.4606576,0.005843038754136618,-27305511.91545248,2182413519.8482313,1200676934.7359056,654724055.9544693,2148407733.781547,947730799.0456414,1493683677.8270779
2024-11-05,2148407733.781547,59019822.97826241,-37787949.513463505,-31361717.70669976,36059.180416686526,298753.2326905257,-9599.895450076981,0.0,0.0,0,0,0,2,49,51,2226732169.1219306,2234443367.2409334,0.005829755877253111,-64839819.175004005,2230587768.181432,1226630492.5468125,669176330.4544295,2169892701.4031696,943262208.8563571,1500716370.94874
2024-11-06,2169892701.4031696,101624525.71049374,-23161843.798331138,-16823485.07644385,34868.82622802449,301860.7786260284,-12991.487767775463,0.0,0.0,0,0,0,2,49,51,2249894002.181578,2336067899.036931,0.0055792750369204926,-87747384.54782677,2292980950.609255,1258985175.4137063,687894285.1827765,2248609383.7799625,989624208.3662562,1560715098.597186
2024-11-07,2248609383.7799625,72161678.37162933,-21926269.04527141,-20615491.503116157,35621.58338061364,304802.5529997577,-16200.298940297325,0.0,0.0,0,0,0,2,49,51,2271820270.8056474,2408229577.123447,0.005644711503728795,-109420405.60050726,2340024923.964547,1283603475.5225558,702007477.1893641,2299097773.776999,1015494298.2544432,1597090296.587635
2024-11-08,2299097773.776999,25619684.58032413,25315214.070269417,24451690.69905686,35517.655843912224,285805.3683279608,-11832.465246794922,0.0,0.0,0,0,0,2,49,51,2246505078.5603905,2433849270.6939178,0.005691665790491858,-83852115.92216873,2340177174.6271544,1282413841.2415967,702053152.3881463,2350271127.67483,1067857286.4332333,1648217975.2866836
2024-11-11,2350271127.67483,46014510.85424591,-45497081.85030824,-47106071.7912847,37090.44875233881,291593.6078834553,-18219.18118653185,0.0,0.0,0,0,0,2,49,51,2292002158.0358934,2479863773.851107,0.005825719449707804,-129112307.62109184,2385932965.9435005,1307566590.8735447,715779889.7830502,2351024840.656712,1043458249.7831674,1635244950.873662
2024-11-12,2351024840.656712,-57939357.128835924,42094461.07575812,36436761.53092208,36029.177990209675,280773.3983635192,-12230.256450221597,0.0,42955.218557972825,1,0,0,3,48,51,2206952476.219802,2421772068.909444,0.005877110729041218,-86671108.70235777,2314362272.564623,1267528760.0933015,694308681.7693869,2335369503.3489995,1067840743.255698,1641060821.5796127
2024-11-13,2335369503.3489995,-43470547.02052709,20526236.4861549,18754109.283772293,38970.90920443579,283431.1101245418,-9307.226145420394,0.0,41416.56037632441,0,1,0,2,49,51,2227842787.005132,2378301526.060624,0.006297359668029649,-65956720.7155776,2303072156.532878,1262928217.6166956,690921646.9598633,2312618929.229026,1049690711.6123302,1621697282.2691627
2024-11-14,2312618929.229026,-89317845.17596959,24244491.326079756,26856851.393121526,34119.83475013963,280346.67363060213,-5852.190371590583,0.0,0.0,0,0,0,2,49,51,2203598308.013467,2288983670.77613,0.0055741286719009405,-41472215.23174429,2246290989.3947983,1233325410.0980725,673887296.8184395,2247785950.027645,1014460539.9295726,1573898653.2092056
2024-11-15,2247785950.027645,-44078616.75124567,67251620.56952614,69548772.20880377,33471.65771928824,271790.773684116,3238.094805813209,0.0,0.0,0,0,0,2,49,51,2136346692.7135756,2244905077.4986362,0.005640375141376601,26020404.689570427,2190625885.106106,1202130277.1887317,657187765.5318317,2271200511.0566964,1069070233.8679647,1614012745.5248647
2024-11-18,2271200511.0566964,35040678.838921316,-12519869.90337797,-14624964.201113228,32807.84887072161,273383.5766675232,1710.2114468752202,0.0,0.0,0,0,0,2,49,51,2148866541.4914484,2279945741.588122,0.0054963048497475905,13742770.555247307,2214406141.5397854,1214646397.844465,664321842.4619356,2293963605.9314837,1079317208.0870187,1629641763.4695482
2024-11-19,2293963605.9314837,86750240.63419963,-720512.950861179,-2024873.057894535,35312.60018046986,273475.24213463103,1650.3898563354153,0.0,0.0,0,0,0,2,49,51,2149587056.0800695,2366695959.6690893,0.005913943345077354,13262061.345552444,2258141507.8745794,1236550106.7412932,677442452.3623738,2380233146.6466327,1143683039.9053395,1702790694.2842588
2024-11-20,2380233146.6466327,-14711568.683437254,-10865781.18942187,-10768873.909332305,36164.09573967278,274857.6113086457,327.9393243781196,0.0,0.0,0,0,0,2,49,51,2160452839.980621,2351984405.964281,0.006026085932243251,2635226.7137527466,2256218622.972451,1236131953.4852567,676865586.8917353,2354894818.228667,1118762864.74341,1678029231.3369315
2024-11-21,2354894818.228667,25419126.89771509,-52722772.223481275,-51167789.77443041,36897.18134007286,281565.11977317074,-7034.283297627747,0.0,0.0,0,0,0,2,49,51,2213175613.9375863,2377403527.4370327,0.006001776451347087,-49849251.71547222,2295289570.6873093,1258303566.040534,688586871.2061927,2327828806.558036,1069525240.5175018,1639241935.351843
2024-11-22,2327828806.558036,76875886.29008853,-50389094.45790749,-49811663.68771198,37289.099248092716,287975.7318170432,-14111.268630906874,0.0,0.0,0,0,0,2,49,51,2263564704.2387676,2454279425.572986,0.005930502319715159,-100001116.28201723,2358922064.905877,1292639267.664877,707676619.4717631,2354552173.754155,1061912906.0892782,1646875554.282392
2024-11-25,2354552173.754155,-6121912.083652041,-89761934.0410684,-82381148.53527011,39470.71359675269,299395.44455349375,-26744.597265647666,0.0,0.0,0,0,0,2,49,51,2353326638.4117413,2448157498.9558606,0.006038030022224597,-189528642.04002285,2400742068.6838007,1318037366.2624874,720222620.6051402,2258901507.7631254,940864141.500638,1538678887.1579852
2024-11-26,2258901507.7631254,-19249139.638489205,47978408.819796816,51592556.24362394,38432.12015268956,293291.5261441566,-19941.26333778495,0.0,0.0,0,0,0,2,49,51,2305348240.4344187,2428908384.2259064,0.006001506849291056,-141316039.40162563,2367128312.3301625,1298831568.1868021,710138493.6990488,2287865695.087087,989034126.900285,1577727201.3880384
2024-11-27,2287865695.087087,43061734.45360017,-28265183.210040323,-25831635.898852635,50697.8735679698,296887.48359045095,-23898.37569272513,0.0,0.0,0,0,0,2,49,51,2333613408.1345487,2471970116.3582807,0.007821018863213878,-169358567.90120173,2402791762.2464147,1318076551.529935,720837528.6739243,2302884537.5649767,984807986.0350418,1582047008.8910522
2024-11-29,2302884537.5649767,50140012.34537142,-16851320.194838796,-18342746.00989852,35408.40292375496,297213.149780473,-414.7689203784015,2903898.906846194,0.0,0,0,0,0,51,51,2336173229.715508,2336173229.715508,0.005456369797587349,-2939307.3097682,2336173229.715508,1284895276.3435292,700851968.9146523,2333530720.7866,1048635444.4430709,1632678751.8719478
2024-12-02,2333530720.7866,-60509299.09562155,458310.66113466443,458310.66113466443,34578.24927374145,297069.41184339306,-313.09513701901966,0.0,0.0,0,0,0,0,51,51,2335043411.869465,2275663938.5384073,0.005331022830355328,-2218784.435567856,2305353675.203936,1269429008.1954412,691606102.5611808,2273741910.4195457,1004312902.2241044,1582135807.8583648
2024-12-03,2273741910.4195457,-23647812.6643006,24735876.098305788,24735876.098305788,33678.82627936168,293922.4576463229,2836.577675778673,0.0,0.0,0,0,0,0,51,51,2310307527.35101,2252002367.275479,0.005247949598498678,22793927.751792908,2281154947.3132443,1256092850.0241728,684346484.1939733,2275093054.062594,1019000204.0384212,1590746569.8686206
2024-12-04,2275093054.062594,22428334.291524418,4895284.032958489,4895284.032958489,33827.82059718917,293299.6684678929,3478.4874377542455,0.0,0.0,0,0,0,0,51,51,2305412241.232346,2274430713.37024,0.005282359136116326,27952131.19623947,2289921477.3012934,1260231350.7122638,686976443.190388,2302679622.7223854,1042448272.0101216,1615703179.5319974
2024-12-05,2302679622.7223854,-11074159.615218176,39039517.72276429,39039517.72276429,32957.56864107342,288332.97242362075,8369.982654672665,0.0,0.0,0,0,0,0,51,51,2266372709.0066257,2263353234.0719566,0.00523511629999589,67258789.18933392,2264862971.5392914,1245750121.219977,679458891.4617873,2330908726.2163687,1085158604.9963918,1651449834.7545815
2024-12-06,2330908726.2163687,71019036.50481366,-43312493.154513724,-43312493.154513724,33393.40903553694,293838.38355768524,3012.7518100560424,0.0,0.0,0,0,0,0,51,51,2309646682.986172,2334372263.398254,0.005204963746771166,24209612.75937891,2322009473.192213,1276487070.7454152,696602841.9576639,2358878727.2930007,1082391656.5475855,1662275885.3353367
2024-12-09,2358878727.2930007,-65077230.45500951,-32749597.60260445,-32749597.60260445,36929.159391209534,298004.85944904893,-1168.4101150930458,0.0,0.0,0,0,0,0,51,51,2342396275.145363,2269295041.757757,0.005675597046452101,-8280071.681761742,2305845658.45156,1270042642.983048,691753697.535468,2261311806.5253296,991269163.5422816,1569558108.9898615
2024-12-10,2261311806.5253296,-61251875.04000201,45348411.94399899,45348411.94399899,36791.17367287849,292235.5343178641,4645.311073677241,0.0,0.0,0,0,0,0,51,51,2297047868.0006785,2208043159.699319,0.0057660193793716554,37328392.55633497,2252545513.8499985,1241125150.3250332,675763654.1549995,2245668433.1010456,1004543282.7760124,1569904778.946046
2024-12-11,2245668433.1010456,10911485.360444436,8954174.4713188,8954174.4713188,36802.10953309702,291096.36112887575,5791.973941021661,0.0,0.0,0,0,0,0,51,51,2288093668.261905,2218954643.082923,0.0057903046609009785,46542647.74035263,2253524155.672414,1241166761.2493024,676057246.7017242,2265794179.1583457,1024627417.9090433,1589736932.4566216
2024-12-12,2265794179.1583457,-42778766.91318879,15309773.708857192,15309773.708857192,42521.10292066605,289148.6195231443,7728.843746485096,0.0,0.0,0,0,0,0,51,51,2272783908.915545,2176175884.74541,0.006735174862595615,62106780.1056838,2224479896.8304777,1225879143.8610158,667343969.0491433,2238579542.3143635,1012700398.4533477,1571235573.2652202
2024-12-13,2238579542.3143635,6553829.1662255665,6944011.089312211,6944011.089312211,40028.43778543586,288265.18624825915,8624.951778613891,0.0,0.0,0,0,0,0,51,51,2265839891.907714,2182729705.9111114,0.006359777517476874,69307648.22100449,2224284798.9094124,1225434394.050092,667285439.6728237,2252334244.2701426,1026899850.2200506,1585048804.597319
2024-12-16,2252334244.2701426,81080808.06049791,-884988.3822796107,-884988.3822796107,41142.57865027206,288377.77786896075,8546.645297538833,0.0,0.0,0,0,0,0,51,51,2266724891.5464163,2263810521.657345,0.006534241702350249,68678399.71236563,2265267706.6018806,1245970097.878261,679580311.9805641,2332785845.7928767,1086815747.9146156,1653205533.8123126
2024-12-17,2332785845.7928767,-35176026.92084852,22796096.032866117,22796096.032866117,40549.44739280167,285456.8683605718,11415.397530231865,0.0,0.0,0,0,0,0,51,51,2243765777.506678,2228634492.4467096,0.006505938011778572,91730873.01079178,2236200134.976694,1230288356.3636808,670860040.4930083,2320662237.723392,1090373881.3597112,1649802197.2303839
2024-12-18,2320662237.723392,-153969285.78274715,111501414.78193568,111501414.78193568,41711.007099784896,271271.41187108314,25322.88264956715,0.0,0.0,0,0,0,0,51,51,2132264372.7858067,2074665205.8528876,0.007042261150902307,203487449.86259317,2103464789.3193471,1158345613.298964,631039436.7958041,2278449250.0100017,1120103636.7110376,1647409813.2141976
2024-12-19,2278449250.0100017,4355813.889624203,23459260.717176553,23459260.717176553,36416.80216903228,253642.39548078462,26696.809007316166,0.0,0.0,0,0,0,0,51,51,2108805135.6370084,2079021022.6459851,0.006216813758323599,227206885.16864824,2093913079.1414967,1152396796.3525987,628173923.7424489,2306508247.0191216,1154111450.666523,1678334323.2766728
2024-12-20,2306508247.0191216,66164879.6082218,-42621264.00409003,-42621264.00409003,37526.30409461126,258768.78346665882,21724.978402482655,0.0,0.0,0,0,0,0,51,51,2151426375.2424293,2145120903.1065402,0.0062793082903140306,184893433.21261835,2148273639.1744847,1181708138.3493638,644482091.7523454,2330294830.0810275,1148586691.7316637,1685812738.328682
2024-12-23,2330294830.0810275,-16507288.78610245,-16124064.42924576,-16124064.42924576,37245.515364675164,260546.7569847639,19858.98385266924,0.0,0.0,0,0,0,0,51,51,2166208603.106582,2128613602.8169594,0.006189794238677639,169012628.53335524,2147411102.9617708,1182015981.6362145,644223330.8885312,2297906637.091152,1115890655.4549377,1653683306.202621
2024-12-24,2297906637.091152,40324042.890986584,-17325695.124318343,-17325695.124318343,37144.234963696355,262630.65462799266,17851.797728781192,0.0,0.0,0,0,0,0,51,51,2183534310.9948583,2168937647.186421,0.006123981894673408,151930193.4364357,2176235979.0906396,1197294705.0950627,652870793.7271918,2321148323.0752134,1123853617.9801507,1668277529.3480215
2024-12-26,2321148323.0752134,81313089.58181857,-29309850.685347192,-29309850.685347192,38819.27297471759,266155.9752276481,14436.284959433893,0.0,0.0,0,0,0,0,51,51,2212844135.841878,2250250743.043954,0.006315373977110937,122861999.65475655,2231547439.442916,1226415926.5135517,669464231.8328748,2373393334.9588976,1146977408.4453459,1703929103.1260228
2024-12-27,2373393334.9588976,-78334891.34517083,32034049.98310347,32034049.98310347,35322.25925562815,262302.9921602001,18229.104447932183,0.0,0.0,0,0,0,0,51,51,2180810096.4820333,2171915856.8870883,0.005830866865729818,155141314.45048666,2176362976.684561,1197221993.166382,652908893.0053682,2327337703.434183,1130115710.267801,1674428810.428815
2024-12-30,2327337703.434183,-34328073.59501056,37683720.59566616,37683720.59566616,34813.255773729565,257770.4789422125,22685.81428029656,0.0,0.0,0,0,0,0,51,51,2143126383.815162,2137587777.346754,0.00584789220700647,193070759.83231115,2140357080.580958,1177334859.481237,642107124.1742873,2330938993.4722877,1153604133.9910507,1688831869.2980003
2024-12-31,2330938993.4722877,-43062544.69297199,-15965142.40654032,-15965142.40654032,46455.419346331626,273260.44323872536,-368.4299717295944,2699606.4817447397,0.0,0,0,0,1,50,51,2271911306.3727746,2271911306.3727746,0.00736118127400847,-2746061.901090145,2271911306.3727746,1249551218.5050259,681573391.9118323,2269438136.4849515,1019886917.9799256,1587864744.5731192
2025-01-02,2269438136.4849515,77364511.91067576,-61103666.032051966,-59873829.40314612,46377.52909297132,280609.8589582281,-8536.115800712498,0.0,0.0,0,0,0,1,50,51,2333014993.6480856,2349275828.1938305,0.007156366555262742,-63623223.35934782,2341145410.920958,1287223455.1428833,702343623.2762874,2285924678.57764,998701223.4347568,1583581055.3013525
2025-01-03,2285924678.57764,111714944.97697525,-33083926.808389705,-32720781.183820445,46516.363833241536,284589.1203729236,-12944.612736162851,0.0,0.0,0,0,0,1,50,51,2366098922.2691107,2460990765.9935436,0.0070774264010515205,-96481585.6111517,2413544844.131327,1325077368.179119,724063453.2393981,2364780824.8900285,1039703456.7109094,1640717371.6506305
2025-01-06,2364780824.8900285,28649950.614143312,-44223770.51770711,-42975892.65578907,47914.00421510703,289908.25410498836,-18847.951488805153,0.0,0.0,0,0,0,1,50,51,2410322666.923691,2489640716.985766,0.007156320501874376,-140481626.00351667,2449981691.954728,1345506979.3235488,734994507.5864184,2349430151.2848654,1003923171.9613166,1614435643.698447
2025-01-07,2349430151.2848654,-84238060.75164081,761304.4959611697,1317497.8408659927,47245.80651100052,289816.68666257424,-18715.780966573413,0.0,0.0,0,0,0,1,50,51,2409561367.171518,2405402653.3213587,0.007058749603014152,-139496504.09868383,2407482010.246438,1324219073.4817948,722244603.0739313,2266177250.128371,941958176.6465759,1543932647.0544395
2025-01-08,2266177250.128371,-131458117.34142157,97524338.40652739,96659148.76109254,45557.4903394854,278086.67568673356,-5601.004259761977,0.0,0.0,0,0,0,1,50,51,2312037026.494783,2273944529.303848,0.007093613265821872,-41746615.60071039,2292990777.8993154,1262097240.274397,687897233.3697946,2232470399.374564,970373159.1001673,1544573166.0047696
2025-01-10,2232470399.374564,-79274330.25152615,55745527.35669528,54049631.3610932,44054.19787830308,271381.7284235707,1671.7112992467237,0.0,0.0,0,0,0,1,50,51,2256291506.5239134,2194670212.0755,0.007029016946760831,14227330.206355095,2225480859.2997065,1225555004.976049,667644257.7899119,2209170595.721578,983615590.7455292,1541526337.9316664
2025-01-13,2209170595.721578,-90855926.4988206,35443619.00221866,36779290.09354299,43029.05408759697,267118.646945066,5863.365323430904,0.0,0.0,0,0,0,1,50,51,2220847872.9843826,2103814277.6948807,0.006975020513547728,49900981.4760077,2162331075.3396316,1192207931.319035,648699322.6018895,2153988241.183157,961780309.8641219,1505288918.5812674
2025-01-14,2153988241.183157,23203549.924971487,10568173.058236245,11439731.833011651,42640.0830477167,265847.5328266596,7132.1913374026535,0.0,0.0,0,0,0,1,50,51,2210279718.6512117,2127017823.3394644,0.006945016853588726,60699500.74385238,2168648770.995338,1194838371.4302297,650594631.2986014,2187990303.807481,993151932.3772511,1537395672.5088794
2025-01-15,2187990303.807481,130354190.8766659,-28168654.332996484,-27997069.644119952,43102.17754422484,269235.5969987082,3849.3833510528098,0.0,0.0,0,0,0,1,50,51,2238448381.5135093,2257372028.8029437,0.006931937338411793,32760709.370662212,2247910205.1582265,1235877521.6547887,674373061.547468,2290405823.1539555,1054528301.4991667,1616032761.6064875
2025-01-16,2290405823.1539555,-5304664.936929914,2978019.2996925674,2824434.0198531407,43080.74202846658,268877.405941737,4226.327616373652,0.0,0.0,0,0,0,1,50,51,2235470349.6310697,2252067351.1034245,0.006937719899889299,35968745.671265125,2243768850.367247,1233657942.6651769,673130655.1101741,2288309200.508248,1054651257.843071,1615178545.3980737
2025-01-17,2288309200.508248,19365016.06391553,-1376195.9429530567,-1825139.8462756656,43952.30595510444,269042.93110148364,4091.5496871850296,0.0,0.0,0,0,0,1,50,51,2236846540.335661,2271432368.857851,0.007073721803670635,34821699.46540451,2254139454.596756,1238912054.315161,676241836.3790268,2306527202.8040442,1067615148.4888833,1630285366.4250174
2025-01-21,2306527202.8040442,137773956.53646362,-10438872.081528563,-10868766.751805069,45505.256514501205,270298.49442950677,2891.7271540208217,0.0,0.0,0,0,0,1,50,51,2247285404.0328507,2409206338.138458,0.00728963589396452,24610443.864006996,2328245871.0856543,1276487205.7444696,698473761.3256962,2434089972.224048,1157602766.4795785,1735616210.898352
2025-01-22,2434089972.224048,31030483.477632206,5172267.492541468,4531458.358022393,48970.925857559116,269617.44437655405,3525.815652215562,0.0,0.0,0,0,0,1,50,51,2241623094.123775,2440236810.547381,0.00786462869468806,30006941.720983505,2340929952.335578,1282546130.8739777,702278985.7006733,2470516895.5283933,1187970764.6544156,1768237909.82772
2025-01-23,2470516895.5283933,22510539.184045866,-37497580.185126275,-37936294.299927436,49833.543301682446,274127.56700165576,-975.0350827894138,0.0,0.0,0,0,0,1,50,51,2279120649.436399,2462747363.215982,0.007871490082388598,-7267342.231970787,2370934006.3261905,1299423035.634915,711280201.8978571,2455753173.51593,1156330137.881015,1744472971.618073
2025-01-24,2455753173.51593,-15589266.984176002,-17304946.845613636,-16521434.73493667,50029.865981160394,276208.96615496126,-3266.8470101826415,0.0,0.0,0,0,0,1,50,51,2296425584.6601863,2447158100.0823903,0.007842950310921085,-24349170.262230873,2371791842.3712883,1300717200.4186535,711537552.7113864,2423081871.9393044,1122364671.5206509,1711544319.227918
2025-01-27,2423081871.9393044,-217523810.38656843,3716483.1166944182,3802254.696781223,45881.24823735044,275761.95947466,-2737.75323395975,0.0,0.0,0,0,0,1,50,51,2292709131.890938,2229634277.5873528,0.0072042498264153435,-20405614.16615963,2261171704.7391453,1245221308.9641194,678351511.4217435,2209501687.627434,964280378.6633143,1531150176.2056904
2025-01-28,2209501687.627434,56012683.412099294,16920498.381106984,16556991.913443377,44234.018696874715,273726.7967321313,-436.89045316694853,0.0,0.0,0,0,0,1,50,51,2275788610.2440476,2285646961.7609515,0.006997243355202149,-3256326.359008312,2280717786.0024996,1254148323.513452,684215335.8007499,2282663925.3082223,1028515601.7947702,1598448589.5074725
2025-01-29,2282663925.3082223,1398821.0259280284,6464840.110897855,7480320.257264104,45724.21178029812,272949.2217547492,403.7394720758426,0.0,0.0,0,0,0,1,50,51,2269323783.6422563,2287045781.619857,0.007253577633812983,3436080.6134114265,2278184782.631057,1252558580.497641,683455434.789317,2290755215.194495,1038196634.6968541,1607299780.405178
2025-01-30,2290755215.194495,65218766.54203465,-41032120.04543117,-40957333.347731315,45251.679996953666,277884.4726884258,-5013.53203493126,0.0,0.0,0,0,0,1,50,51,2310355893.021554,2352264550.6441298,0.007051123529543308,-37367940.63302803,2331310221.832842,1281172905.5674987,699393066.5498525,2315169480.951755,1033996575.3842564,1615776414.4019027
2025-01-31,2315169480.951755,-487949.14816560183,40160240.21059849,40070820.43814419,48050.37585206521,277454.8264713315,-444.75762961530563,3218855.327795889,48057.99534722832,1,0,0,3,48,51,2306783776.6669593,2354841772.014189,0.0074988108906060185,-3314963.698996067,2330812774.3405743,1280745576.003635,699243832.3021723,2351803818.3840346,1071058242.3803997,1652559986.0818624
2025-02-03,2351803818.3840346,-7954061.057226319,44754955.60920263,45202599.08780739,52713.32767051566,277607.64754956943,4890.148281907384,0.0,46025.529322289025,0,1,0,2,49,51,2308054344.5229793,2346887690.8287425,0.008221989229334065,41618283.25027561,2327471017.675861,1279138226.0640793,698241305.3027582,2388788471.87485,1109650245.8107705,1690547166.5720916
2025-02-04,2388788471.87485,55063313.7229047,-27117469.64164732,-27121017.440517426,54274.9538826911,280869.2771519711,1730.65905885874,0.0,0.0,0,0,0,2,49,51,2335171819.277358,2401951027.7353415,0.008367257276946467,14729013.266882896,2368561423.5063496,1301039302.717043,710568427.0519048,2416962640.938435,1115923338.2213922,1706394213.8865304
2025-02-05,2416962640.938435,26046382.990791213,-27327594.57483831,-26234041.976330467,52558.65289957438,284156.1793322758,-1659.44446500057,0.0,0.0,0,0,0,2,49,51,2362499412.4623394,2427997400.8754053,0.008008939576465781,-12368530.173917294,2395248406.6688724,1315749173.9575531,718574522.0006617,2415911367.436355,1100162193.478802,1697336845.4356933
2025-02-06,2415911367.436355,-3426279.187337343,19162820.416277424,15402782.18096355,52490.363663077325,281851.31790698436,825.3568363997638,0.0,0.0,0,0,0,2,49,51,2343336592.2982535,2424571104.8003573,0.008063942235534697,7024313.501274586,2383953848.5493054,1309143753.8895655,715186154.5647916,2431878094.976375,1122734341.0868096,1716691940.4115834
2025-02-07,2431878094.976375,-5093968.0779682435,36533285.605051585,38454989.72425049,50106.894786256504,277392.68187789945,5145.341032559873,0.0,0.0,0,0,0,2,49,51,2306267101.0633674,2419477169.161354,0.00782150606698383,43790136.44731808,2362872135.112361,1296749422.6093488,708861640.5337082,2463549843.6315827,1166800421.022234,1754688203.0978746
2025-02-10,2463549843.6315827,38505854.099827886,-24305697.874440696,-21137960.312240448,50265.57546899799,280316.1165571917,2316.7145220519365,0.0,0.0,0,0,0,2,49,51,2330572793.5470905,2457983014.9448886,0.0077644462421180525,19716719.336612225,2394277904.24599,1313667591.8003492,718283371.2737969,2477982367.11258,1164314775.3122306,1759698995.8387828
2025-02-11,2477982367.11258,-117930958.45861696,11686844.726762328,11724420.100137575,50395.64407143025,278910.4492769676,3717.206368723633,0.0,0.0,0,0,0,2,49,51,2318885952.4182067,2340052058.8538995,0.007823770654522872,31635798.882754326,2329469005.636053,1280678800.4389367,698840701.6908159,2371970485.3922997,1091291684.953363,1673129783.7014837
2025-02-12,2371970485.3922997,37861168.87319304,-8973740.526060704,-7573795.551567172,50172.26966226029,279989.79163883196,2690.107949258692,0.0,0.0,0,0,0,2,49,51,2327859699.537633,2377913205.7313976,0.007759066013300219,22894535.73837185,2352886452.6345153,1292836211.2941394,705865935.7903546,2401090421.3693576,1108254210.0752182,1695224485.5790029
2025-02-13,2401090421.3693576,109605158.1030203,8814099.753037574,6912689.442426267,52179.52659348545,273717.12052451127,3747.7542689031184,0.0,43337.42959999964,1,0,0,3,48,51,2275708161.4047127,2487518381.2572803,0.00825441060160354,31895781.011941433,2381613271.3309965,1304592043.735734,714483981.3992989,2519691627.1440153,1215099583.4082813,1805207645.7447164
2025-02-14,2519691627.1440153,-5746547.643555423,-81278352.05922978,-78214116.38331264,53797.33838494293,288847.5751191979,-6601.457852096455,0.0,44517.570255229795,0,1,0,2,49,51,2401504088.7508373,2481771825.0947995,0.008064546676934198,-49203412.562209606,2441637956.922818,1340894182.898951,732491387.0768454,2432850658.649857,1091956475.750906,1700359271.5730116
2025-02-18,2432850658.649857,-20456251.42018727,-30253538.99097869,-28404141.93352081,49555.77345492471,292486.40217278764,-10629.2562569076,0.0,0.0,0,0,0,2,49,51,2431757616.217172,2461315582.7030563,0.007336289737430666,-79224270.23782063,2446536599.4601145,1344856180.5409157,733960979.8380343,2382373169.6111517,1037516989.070236,1648412189.7731175
2025-02-19,2382373169.6111517,-7905031.970280927,-10228943.493356753,-9797028.79083243,49544.9950624513,293716.71804908785,-11970.470350742798,0.0,0.0,0,0,0,2,49,51,2441986570.3850265,2453410546.1766214,0.007303970643733001,-89220897.02416992,2447698558.2808237,1345948607.6596632,734309567.4842471,2364471395.40015,1018522787.7404866,1630161827.9159026
2025-02-20,2364471395.40015,-20292345.6281689,13439165.26376311,7753054.943264502,54417.93204722526,292100.2852792082,-10136.881136097745,0.0,0.0,0,0,0,2,49,51,2428547406.4784055,2433118190.664674,0.008066737954030257,-75554393.56097698,2430832798.57154,1336843769.6096902,729249839.5714619,2357845760.50784,1021001990.89815,1628595920.9363782
2025-02-21,2357845760.50784,-158556769.6176729,30880138.10476075,28363374.386703342,52659.42065614324,288386.08965562104,-5963.032966346927,0.0,0.0,0,0,0,2,49,51,2397667258.10678,2274561435.7830687,0.007906598120366584,-44444966.20879698,2336114346.9449244,1287940536.3778012,700834304.0834773,2230398892.630961,942458356.2531598,1529564588.5474837
2025-02-24,2230398892.630961,-100350054.86356735,78320522.92691171,76653901.81874683,51854.75396361001,278965.8737157227,4007.471324259124,0.0,0.0,0,0,0,2,49,51,2319346756.066055,2174211367.010477,0.008048693615163752,34106138.92986488,2246779061.538266,1239356868.5724359,674033718.4614798,2208600479.285382,969243610.7129459,1534566760.8239021
2025-02-25,2208600479.285382,-111258399.4691291,34279489.86119677,35175239.82484053,50878.015510500234,274842.81196004694,8062.581638567576,0.0,0.0,0,0,0,2,49,51,2285067258.790229,2062952975.5890234,0.008015556440766241,68617716.07291555,2174010117.189626,1201258421.5343244,652203035.1568879,2131853597.0555375,930595175.521213,1479650561.8986497
2025-02-26,2131853597.0555375,57421967.08401747,12355210.049622832,11075007.055217352,51526.71374813479,273356.75425362756,9541.506041743873,0.0,0.0,0,0,0,2,49,51,2272712044.602908,2120374940.7371843,0.008161886145400147,81204306.73824573,2196543492.6700463,1211907348.5651684,658963047.8010138,2201862145.7357254,989954797.170557,1542899097.9347115
2025-02-27,2201862145.7357254,-99552956.57169798,53567754.559109494,54334468.43748923,45274.68093650905,262231.90621821623,15859.06414662159,0.0,38925.20114172335,1,0,0,3,48,51,2180219081.7218904,2020821985.146407,0.00747580152553786,134970758.69465184,2100520533.4341488,1159271220.8031688,630156160.0302446,2156070834.811424,996799614.008255,1525914674.7811792
2025-02-28,2156070834.811424,59408320.398365326,41679523.00140854,39688915.801681,45610.53087807965,271486.02990706905,-380.80466784747637,2792685.130095901,0.0,0,0,0,7,43,50,2257158678.2111974,2257158678.211199,0.007274540011126462,-2838295.6609749794,2257158678.211198,1241437273.016159,677147603.4633594,2254591487.775463,1013154214.759304,1577443884.3121037
2025-03-03,2254591487.775463,-121026797.79022646,83868953.10772382,87554689.5129264,43273.533929445715,261398.45980589572,9547.874111113437,0.0,0.0,0,0,0,7,43,50,2173289735.1067543,2136131866.4857252,0.0071681524846641,81258503.07330585,2154710800.79624,1186019887.1534576,646413240.2388719,2217661315.892948,1031641428.7394905,1571248075.654076
2025-03-04,2217661315.892948,26193946.568451352,-12148832.991723262,-11989034.880382674,43448.276943078585,262859.6955777711,8147.116451108783,0.0,0.0,0,0,0,7,43,50,2185438577.551908,2162325819.9067006,0.007157089592986641,69337161.2860322,2173882198.7293043,1196213028.2422476,652164659.6187912,2231933988.0047617,1035720959.7625141,1579769328.3859706
2025-03-05,2231933988.0047617,55393158.215126716,-37792282.36179105,-40909758.94364789,44899.477079653094,267405.2643046245,3748.3905749653973,0.0,0.0,0,0,0,7,43,50,2223230834.8652387,2217588767.9983335,0.007270415422092186,31901196.38268423,2220409801.431786,1221366442.459155,666122940.4295357,2249761118.0358973,1028394675.5767422,1583638177.6063614
2025-03-06,2249761118.0358973,-141821132.48761594,12694346.77274184,16502728.062675172,44363.62527557314,265878.4192075286,5266.623700700419,0.0,0.0,0,0,0,7,43,50,2210536510.7323394,2075767639.3280845,0.007224899937940971,44822329.367663145,2143152075.030212,1182102863.051723,642945622.5090636,2120861113.7386558,938758250.6869328,1477915491.2295923
2025-03-07,2120861113.7386558,1304363.746552514,-62732197.08372812,-63304881.32472574,44830.173438775724,266981.40217808424,-2362.12517122553,0.0,53561.873996725255,1,0,0,8,42,50,2219706807.947121,2076940790.2513778,0.007270718087712298,-17605901.897333145,2148323799.0992494,1185147239.9469807,644497139.7297748,2059599507.6310515,874452267.6840708,1415102367.9012766
2025-03-10,2059599507.6310515,-145635983.97510213,34544200.021476045,52774905.13536362,43738.047074023656,268664.4711542464,2037.690270835343,0.0,51707.5332411908,0,1,0,7,43,50,2233699991.1207557,1931070233.238937,0.007049154769771986,17342044.858173132,2082385112.1798463,1152877555.6459608,624715533.6539539,1948682980.2585351,795805424.6125743,1323967446.6045814
2025-03-11,1948682980.2585351,64463404.92386846,13285997.43275885,26268564.699296407,43621.88777549976,267066.4594778733,3625.4766262192584,0.0,0.0,0,0,0,7,43,50,2220413981.80218,1995533640.5042443,0.007072500771425515,30855120.223142624,2107973811.153212,1165007604.6667151,632392143.3459636,2026659452.663491,861651847.9967759,1394267309.3175273
2025-03-12,2026659452.663491,60913048.15519813,18600647.406615127,10835016.417222066,43332.778502324196,264829.21512261056,5837.767735164895,0.0,0.0,0,0,0,7,43,50,2201813335.892374,2056446685.7858243,0.007084978552241467,49683129.66097784,2129130010.8390992,1174655672.2141683,638739003.2517297,2106400482.4296598,931744810.2154915,1467661479.17793
2025-03-13,2106400482.4296598,-49596401.86568442,43342090.18112025,49456587.936834246,39073.35591721289,259616.12480050258,10957.67621270204,0.0,0.0,0,0,0,7,43,50,2158471245.454525,2006850278.5576718,0.006516838322409329,93256818.83150673,2082660762.0060983,1149253943.2757754,624798228.6018294,2100377671.1901917,951123727.9144163,1475579442.5883622
2025-03-14,2100377671.1901917,175088537.47695357,-36835105.47979355,-43463284.654459216,39890.59763698811,264046.56791545154,6656.655797745505,0.0,0.0,0,0,0,7,43,50,2195306338.32708,2181938822.8216677,0.006541508535095442,56652389.768046856,2188622580.5743737,1204076607.2035408,656586774.1723121,2238861915.813428,1034785308.6098871,1582275141.6411157
2025-03-17,2238861915.813428,54026328.1909456,-57359595.45569552,-52206196.217239104,41101.49592764643,270945.65527382086,-64.07890027881065,0.0,0.0,0,0,0,7,43,50,2252665956.0871944,2235965153.7629027,0.006568456585393517,-477606.71015262604,2244315554.925049,1234791075.2668839,673294666.4775146,2235758428.6291237,1000967353.3622398,1562463762.151609
2025-03-18,2235758428.6291237,-72480394.0445945,33432807.821373057,37359225.297786765,39247.617871027716,257535.89191499254,3890.2812496378797,0.0,78057.15142974252,1,0,0,8,42,50,2141176006.6835408,2163484761.043939,0.0065987767420645415,33108776.59266281,2152330383.86374,1183223992.266047,645699115.159122,2196854963.809767,1013630971.5437198,1551155848.6506448
2025-03-19,2196854963.809767,67041854.10570588,-32671907.91834755,-28655476.690846853,39925.129335344776,269993.4474074238,69.02829069342374,0.0,70901.31490334701,0,1,0,7,43,50,2244749216.3203826,2230526608.7384744,0.006402963171219889,587474.814412117,2237637912.5294285,1231056417.0807333,671291373.7588285,2231384146.0285845,1000327728.9478512,1560092772.2697558
2025-03-20,2231384146.0285845,-42196926.94680606,30730741.1977881,28121776.843273934,39388.65275508781,266297.22190110944,3716.0400463450346,0.0,0.0,0,0,0,7,43,50,2214018473.0808177,2188252698.8919597,0.006404605546086606,31625872.73485136,2201135585.9863887,1211268716.6472352,660340675.7959166,2220148584.8887587,1008879868.2415235,1559807909.092842
2025-03-21,2220148584.8887587,5158324.148721062,6795511.425819644,8510685.879428653,39165.46300314093,265479.8734704976,4541.636281215931,0.0,0.0,0,0,0,7,43,50,2207222966.4983635,2193411031.3303733,0.006387921336057368,38652223.66992283,2200316998.9143686,1210519647.7821023,660095099.6743106,2232333276.510048,1021813628.7279456,1572238176.8357372
2025-03-24,2232333276.510048,113297344.58428226,-26975219.960885074,-46522447.92088823,39388.74156090491,268724.3936280104,1399.1481343627095,0.0,0.0,0,0,0,7,43,50,2234198191.8264146,2306708368.6951804,0.00634677219496536,11907643.69670391,2270453280.2607975,1246936549.7217195,681135984.0782392,2318886135.9336467,1071949586.2119272,1637750151.8554075
2025-03-25,2318886135.9336467,-13392805.242896017,19860692.01516763,23531782.284236897,38661.04971801422,266312.7564372063,3759.9762183367193,0.0,0.0,0,0,0,7,43,50,2214147628.5772347,2293315564.0533347,0.006285930404481894,31999797.602865696,2253731596.3152847,1237573179.586504,676119478.8945854,2325585434.388856,1088012254.802352,1649465955.4942706
2025-03-26,2325585434.388856,-84102350.54649118,38340239.37358935,45417992.80502275,37474.10479371772,261701.2791179137,8292.285478364724,0.0,0.0,0,0,0,7,43,50,2175807401.442239,2209213206.7420993,0.006200308775857672,70572642.36906147,2192510304.092169,1205045522.1181965,657753091.2276506,2280055842.675757,1075010320.5575604,1622302751.4481063
2025-03-27,2280055842.675757,-36186114.188018106,4695798.006633007,3596554.283757428,43262.391629252066,261136.4783542812,8870.682119416086,0.0,0.0,0,0,0,7,43,50,2171111598.326587,2173027097.1289887,0.007173496285743653,75495166.97375393,2172069347.727788,1194590253.7802234,651620804.3183364,2248792271.2632165,1054202017.4829931,1597171466.94488
2025-03-28,2248792271.2632165,-69966728.86979781,57400437.38366033,64008077.6564988,40889.81809993617,246672.33964283898,15634.826699053947,0.0,62366.243512051406,1,0,0,8,42,50,2050855479.7095158,2103060368.8299015,0.007177655696179047,133062354.88556552,2076957924.2697086,1141021736.12033,623087377.2809125,2236385030.8818088,1095363294.7614787,1613297653.6008964
2025-03-31,2236385030.8818088,-39407888.069448955,43907879.84268861,54299493.45251412,34481.49065868566,269528.6707804542,-334.6994232529131,2460172.5956971017,0.0,0,0,0,6,43,49,2240885022.6550465,2240885022.65505,0.0055394794965514405,-2494654.0863571167,2240885022.6550484,1232486762.4602764,672265506.7965145,2238659562.54005,1006172800.0797737,1566394055.7435355
2025-04-01,2238659562.54005,18579354.811808933,30634521.04673708,15944028.682059864,33461.42531842742,265844.020465147,3334.1341585613336,0.0,0.0,0,0,0,6,43,49,2210250516.569351,2259464367.113181,0.005450112113685328,28375609.860096455,2234857441.841266,1227941246.7491007,670457232.5523798,2288109155.127901,1060167908.3788004,1617651922.5755212
2025-04-02,2288109155.127901,79450507.21315083,-36533834.17053278,-42775529.487142116,35146.85559952144,270238.2282807211,-1063.1645685729688,0.0,0.0,0,0,0,6,43,49,2246784345.9829006,2338914889.279439,0.005631545385497364,-7924207.964519024,2292849617.63117,1258764026.11473,687854885.2893509,2331259856.378632,1072495830.2639022,1643404971.089281
2025-04-03,2331259856.378632,-182545096.44441348,155577925.55380803,164000340.1631502,32956.43619455753,251525.6604747147,17377.06876264881,0.0,0.0,0,0,0,6,43,49,2091206415.0322702,2156369782.135672,0.005673431826124933,147889946.9161601,2123788098.583971,1166454370.0435991,637136429.5751913,2304528631.7810698,1138074261.7374706,1667392202.2058785
2025-04-04,2304528631.7810698,-183000809.70415083,111934952.00157298,93911191.21664768,30776.66950013974,238062.374233312,30557.4046123479,0.0,0.0,0,0,0,6,43,49,1979271471.6857347,1973368979.4315624,0.005597817772118885,260063017.9774289,1976320225.5586486,1087123686.363611,592896067.6675946,2233700617.187837,1146576930.8242261,1640804549.5202427
2025-04-07,2233700617.187837,49743208.79923352,14789047.024530686,18385985.8864129,33901.54598040819,236283.57931994658,32322.696821972124,0.0,0.0,0,0,0,6,43,49,1964482414.669302,2023112190.0020285,0.00621260667024166,275086781.4635925,1993797302.3356652,1095122771.9012976,598139190.7006996,2298467577.741763,1203344805.8404655,1700328387.0410635
2025-04-08,2298467577.741763,-63472245.623280056,97829454.33509126,108025870.66554563,31475.73012086182,224516.87249941606,43845.51994191061,0.0,0.0,0,0,0,6,43,49,1866652981.5193946,1959639949.5157037,0.0060703638842860745,373153361.20774984,1913146465.517549,1049905881.8347443,573943939.6552647,2333061673.115895,1283155791.2811503,1759117733.46063
2025-04-09,2333061673.115895,261765940.92567414,-215329112.32666713,-226257581.72506276,31682.058030169752,250416.1790740347,18572.160262289955,0.0,0.0,0,0,0,6,43,49,2081982089.299134,2221405881.254404,0.005478212780735593,158060938.40246773,2151693985.276769,1179946097.103341,645508195.5830307,2379735807.996208,1199789710.892867,1734227612.4131775
2025-04-10,2379735807.996208,-106141253.6472265,125845383.10649425,132013802.07966004,29662.945343366115,235279.77369019858,33387.112374330834,0.0,0.0,0,0,0,6,43,49,1956136686.5697803,2115264637.2817848,0.005459056310802884,284145637.22834754,2035700661.9257827,1115657165.2913802,610710198.5777348,2399678941.396197,1284021776.1048167,1788968742.818462
2025-04-11,2399678941.396197,37271862.11898121,-48606842.25654591,-51552454.91892955,36468.84883273732,241058.12598346177,27703.092511687628,0.0,0.0,0,0,0,6,43,49,2004178414.6431003,2152536492.3103304,0.00655070700485684,235771000.09946918,2078357453.4767153,1139387647.4705126,623507236.0430145,2388576253.628295,1249188606.1577823,1765069017.5852804
2025-04-14,2388576253.628295,21725281.214832496,-31826908.88179338,-34562145.210583046,40107.65146559655,244886.19557603745,23990.297387991664,0.0,0.0,0,0,0,6,43,49,2036005321.1864548,2174261774.58228,0.007091707657817303,204172743.72758865,2105133547.8843675,1154367040.0015063,631540064.3653102,2378703394.8028326,1224336354.8013263,1747163330.4375224
2025-04-15,2378703394.8028326,27808402.09667,28546043.62039653,34512217.36917018,40518.15942058227,241452.73998836565,27371.289280411092,0.0,0.0,0,0,0,6,43,49,2007459270.1111233,2202070179.5484695,0.00726616853880287,232947142.81200933,2104764724.8297963,1152755325.9204545,631429417.4489388,2435286146.3897476,1282530820.469293,1803856728.9408088
2025-04-16,2435286146.3897476,-79320854.12225272,20469600.64925438,22111813.958476238,35650.90503018797,238990.70378700958,29803.86545176533,0.0,0.0,0,0,0,6,43,49,1986989685.0652068,2122749323.2732909,0.006459180894261404,253649918.73842835,2054869504.1692488,1126784236.3378847,616460851.2507746,2376668036.580958,1249883800.2430732,1760207185.3301833
2025-04-17,2376668036.580958,25899113.296297852,-27965621.536912896,-32744912.33106583,34790.038086891116,242354.3456367315,26545.40102138319,0.0,0.0,0,0,0,6,43,49,2014955298.5963821,2148648431.737293,0.006215727822848136,225918306.56496334,2081801865.1668375,1141648697.513238,624540559.5500512,2374835638.0489144,1233186940.5356765,1750295078.4988632
2025-04-21,2374835638.0489144,-87137825.30451104,6967758.388278591,9714073.349492032,34228.90234396746,241516.27926023307,27391.686845024804,0.0,0.0,0,0,0,6,43,49,2007987541.193624,2061510603.123744,0.006136693874357099,233120739.1065941,2034749072.158684,1117773913.1390233,610424721.6476052,2294900250.1964436,1177126337.0574203,1684475528.5488384
2025-04-22,2294900250.1964436,93643490.18066652,-63255212.372829266,-75851587.8824577,35564.55400813573,249046.94303379452,19986.61588580517,0.0,0.0,0,0,0,6,43,49,2070598140.696675,2155154104.847676,0.006183353105214839,170098858.60259724,2112876122.7721753,1159967968.4209213,633862836.8316525,2325521997.0091925,1165554028.5882711,1691659160.1775398
2025-04-23,2325521997.0091925,103994687.6643092,-24059349.760759063,-21704486.415543757,35636.9586011494,251499.8463199312,17275.299885310298,0.0,0.0,0,0,0,6,43,49,2090991793.8839548,2258397869.14299,0.006135511929764072,147023828.8111515,2174694831.5134726,1191897005.450934,652408449.4540417,2405690473.100347,1213793467.649413,1753282023.6463053
2025-04-24,2405690473.100347,104793128.00859384,-82405420.48950565,-78780672.70686501,37756.618441323095,261411.3848993088,7619.807327581701,0.0,0.0,0,0,0,6,43,49,2173397195.4676943,2363190999.936469,0.0062539800213330795,64849424.06452513,2268294097.7020817,1242816908.6244254,680488229.3106245,2428309455.193221,1185492546.5687957,1747821225.8825965
2025-04-25,2428309455.193221,-7899966.745933256,-20164093.955660306,-22001361.623517655,37783.44275330638,263836.67759605614,5277.699624685869,0.0,0.0,0,0,0,6,43,49,2193561291.791691,2355291018.4983563,0.0062008932424588055,44916592.550518036,2274426155.1450233,1246891142.1620963,682327846.543507,2400476725.426095,1153585583.2639987,1718148878.882588
2025-04-28,2400476725.426095,20938555.08088047,849596.972902391,4802355.985570256,38929.78995802021,263734.49154568237,5404.573711937628,0.0,0.0,0,0,0,6,43,49,2192711708.0010543,2376229575.6734295,0.006391503421881004,45996372.01649046,2284470641.837242,1251870906.3186736,685341192.5511726,2422495086.7551775,1170624180.436504,1737153894.2040048
2025-04-29,2422495086.7551775,11433012.464601647,-1221743.52440935,44852.08609407376,64628.59472033658,263881.43739840493,5285.046690559264,0.0,0.0,0,0,0,6,43,49,2193933428.716531,2387662606.329932,0.010604831393144023,44979120.770717144,2290798017.5232315,1255095680.1974423,687239405.2569695,2432910893.5847383,1177815213.387296,1745671488.3277688
2025-04-30,2432910893.5847383,-32047700.96608753,-2194742.396862428,10243378.575383691,61180.65620764123,288506.5108183432,-374.4570727478611,2729803.7369452408,0.0,0,0,0,5,45,50,2398668450.2217913,2398668450.2217875,0.009182192825654713,-2790984.39315176,2398668450.2217894,1319267647.6219842,719600535.0665368,2396165597.8823814,1076897950.2603972,1676565062.8158445
2025-05-01,2396165597.8823814,6425565.092902673,4156914.2336477493,-6256372.605658397,62738.52122018194,288006.5268197731,186.98136270164966,0.0,0.0,0,0,0,5,45,50,2394511539.3791757,2405094007.9413147,0.009432348630535868,1591330.7463970184,2399802773.660245,1319626963.7990813,719940832.0980735,2406973532.1958942,1087346568.396813,1687032700.0978208
2025-05-02,2406973532.1958942,125684177.91797559,-74208972.66703837,-71620641.95364405,65348.07701441709,296932.21640780545,-9712.966539735371,0.0,0.0,0,0,0,5,45,50,2468720505.930946,2530778171.032441,0.009529352419065697,-72394781.66262388,2499749338.4816933,1373310694.537394,749924801.544508,2458670608.619685,1085359914.0822911,1708745807.0751772
2025-05-05,2458670608.619685,-33627690.44790152,30968761.106521472,42938560.66672549,62447.761447102246,293207.3639763945,-5527.834874057107,0.0,0.0,0,0,0,5,45,50,2437751755.923835,2497150485.2365384,0.00922210149836898,-41201253.71968031,2467451120.580187,1355613148.086285,740235336.174056,2456236911.0459604,1100623762.9596753,1716001574.8719044
2025-05-06,2456236911.0459604,-25928414.00332698,77793782.17623985,83042307.6092202,64721.914777338054,283850.49883914285,4325.82076237398,0.0,0.0,0,0,0,5,45,50,2359957958.0159683,2471222061.454105,0.009873010339315565,36815495.84999132,2415590009.735037,1325792902.7683167,724677002.920511,2508325733.6236978,1182532830.855381,1783648730.7031868
2025-05-07,2508325733.6236978,7061249.612214537,1838818.7407243885,1267405.09626171,59752.54950958449,283629.33173265646,4568.719898421421,0.0,0.0,0,0,0,5,45,50,2358119155.283056,2478283326.8873706,0.009122065683262034,38882722.539756775,2418201241.085213,1327006578.3067594,725460372.3255639,2517454247.4787583,1190447669.171999,1791993875.1531944
2025-05-08,2517454247.4787583,78632419.90605259,-62736178.038095176,-78777216.72505273,66369.28596828612,291175.0981463019,-3170.575119143957,0.0,0.0,0,0,0,5,45,50,2420855319.4611707,2556915735.8556094,0.009869628621135874,-23631615.794861794,2488885527.65839,1365485529.8022535,746665658.297517,2533572124.5837746,1168086594.781521,1786906466.2862577
2025-05-09,2533572124.5837746,-4964029.001148652,-2753445.6999502876,-13376192.034415556,63140.72956760642,291506.27937492606,-3509.830330710264,0.0,0.0,0,0,0,5,45,50,2423608789.2603555,2551951735.220514,0.009378849732293356,-26160226.0674057,2487780262.2404346,1365070570.583235,746334078.6721303,2526079505.6021523,1161008935.0189173,1779745426.930022
2025-05-12,2526079505.6021523,116383074.02117327,-104369422.17758214,-115222544.203547,79034.95421618134,304059.60039115045,-17484.68746775729,0.0,0.0,0,0,0,5,45,50,2527978201.8663783,2668334774.4251223,0.011255074706268848,-130320651.9335947,2598156488.14575,1425477154.166194,779446946.443725,2538300697.404451,1112823543.238257,1758853750.9607258
2025-05-13,2538300697.404451,59210331.1089828,-7613532.612657557,-17931733.05000987,39708.74476291515,299419.54420922516,-18479.246534297326,0.0,46191.36467248523,1,0,0,6,44,50,2489400367.559378,2727545110.332687,0.005742406203894193,-137733514.54134655,2608472738.9460325,1428706387.850985,782541821.6838098,2590092536.0890155,1161386148.2380304,1807550714.4052057
2025-05-14,2590092536.0890155,27065562.058026973,12468559.829478107,15417186.347445797,44128.274324447404,303080.8181338029,-16780.36760398262,0.0,42908.72893856717,0,1,0,5,45,50,2519840520.2810407,2754610683.8600845,0.006304438169376393,-125071062.88682699,2637225602.0705624,1444604827.0493333,791167680.6211687,2629825921.4237876,1185221094.3744543,1838658240.802619
2025-05-15,2629825921.4237876,-8964911.728690818,-3947848.129881451,-3190605.198213281,36356.87789804525,303555.66102283855,-17276.503365799064,0.0,0.0,0,0,0,5,45,50,2523788405.732607,2745645773.873397,0.005186043336108027,-128768969.18607998,2634717089.803002,1443547965.1881313,790415126.9409006,2617163083.844974,1173615118.6568427,1826747956.9040735
2025-05-16,2617163083.844974,87699002.25586319,-38365710.85022794,-36418860.73256492,37453.26610352164,308170.19915258547,-22390.51642105066,0.0,0.0,0,0,0,5,45,50,2562154080.714337,2833344758.663144,0.005262437532058432,-166885836.67863846,2697749419.6887407,1476982413.880087,809324825.9066222,2666744701.6672373,1189762287.7871504,1857419875.760615
2025-05-19,2666744701.6672373,-15647671.260006204,27678508.656699374,30859534.435330838,37106.93676167824,304692.8183602758,-18643.621484515726,0.0,0.0,0,0,0,5,45,50,2533242831.632778,2817697101.5769753,0.005273279398009418,-138958669.4498067,2675469966.6048765,1464397124.8840773,802640989.981463,2679024481.324044,1214627356.439967,1876383491.3425813
2025-05-20,2679024481.324044,25781473.554886736,-15670801.037484232,-17859195.91971253,37819.72839578969,306577.6652512683,-20712.816359729593,0.0,0.0,0,0,0,5,45,50,2548913614.0983047,2843478574.061346,0.00534153144585903,-154381239.94829512,2696196094.0798254,1475543727.7448277,808858828.2239476,2689383198.9619427,1213839471.217115,1880524370.7379951
2025-05-21,2689383198.9619427,-86624416.45977108,81799791.24802276,81832682.29114127,36713.261911246824,296738.96987119294,-9704.583322642275,0.0,0.0,0,0,0,5,45,50,2467113837.266269,2756854158.545244,0.005357180559894207,-72332298.05696106,2611983997.905757,1429347690.8161917,783595199.3717271,2684808894.8748317,1255461204.05864,1901213695.5031047
2025-05-22,2684808894.8748317,110193302.33566743,18141959.033291243,43231113.218437,37548.935762965324,294494.3900490815,-7237.065459948974,0.0,0.0,0,0,0,5,45,50,2448452203.6413245,2867047467.8790755,0.0055208824801906255,-53940860.57104826,2657749835.7602,1451297528.0621662,797324950.72806,2813393864.6326165,1362096336.5704503,2016068913.9045565
2025-05-23,2813393864.6326165,38513413.1957833,43006862.61161794,51583924.086130686,37585.735656508434,289232.85018180305,-1433.4798925666705,0.0,0.0,0,0,0,5,45,50,2404707299.4330044,2905560876.884982,0.005626824037808436,-10684322.180621147,2655134088.1589932,1447802409.051147,796540226.447698,2895164354.0746503,1447361945.0235033,2098624127.6269522
2025-05-27,2895164354.0746503,80022396.62156022,-50142006.48764679,-59708035.59124701,40879.26951405986,295263.8202422209,-8127.736039668343,0.0,0.0,0,0,0,5,45,50,2454849313.792137,2985583263.9924784,0.005994884061673065,-60579399.05342865,2720216288.8923078,1482850610.1357608,816064886.6676923,2925291001.0232525,1442440390.8874917,2109226114.3555603
2025-05-28,2925291001.0232525,-44174322.90082828,8941530.787466051,19179561.888177417,41183.785495993594,294188.3526005626,-6895.084654492914,0.0,0.0,0,0,0,5,45,50,2445907781.436548,2941408960.437385,0.006061619694365537,-51391935.312990665,2693658370.936967,1469124574.5403109,808097511.28109,2890304318.3923407,1421179743.8520298,2082206807.1112506
2025-05-29,2890304318.3923407,-71407949.01398489,361773.56866012607,1198516.7140354468,45749.27807241747,294144.8383117926,-6801.152322312985,0.0,0.0,0,0,0,5,45,50,2445545999.8209085,2869904212.2203445,0.0067345861035843935,-50691818.55140114,2657725106.0206265,1451139853.0013585,797317531.806188,2819499737.354933,1368359884.3535743,2022182205.5487447
2025-05-30,2819499737.354933,-41094481.143818505,3093308.64373645,593590.4309677707,51890.33622273836,334552.46627281967,-590.6470929034713,4350448.244423272,0.0,0,0,0,2,49,51,2781498564.8548517,2781498564.8548517,0.006715991615534277,-4402338.580646992,2781498564.8548517,1529824210.6701684,834449569.4564555,2777430188.0933847,1247605977.4232163,1942980618.6369293
2025-06-02,2777430188.0933847,16931542.54433322,10802468.616062704,12183808.752043234,50700.88611797398,333152.9476305351,785.299268320297,0.0,0.0,0,0,0,2,49,51,2769862844.0414004,2798430100.339405,0.006589611121624848,6683398.028257847,2784146472.190403,1530566378.2972713,835243941.6571208,2805447436.6145616,1274881058.3172903,1970203494.9574409
2025-06-03,2805447436.6145616,45221719.15226426,-96589424.67641124,-95622152.79918893,53319.358411639885,344770.5100029289,-12024.741502130673,0.0,0.0,0,0,0,2,49,51,2866452277.16061,2843651814.2323556,0.006696420233866272,-89625402.50035286,2855052045.6964827,1570848636.706272,856515613.7089448,2754359157.5005035,1183510520.7942317,1897843543.7915587
2025-06-04,2754359157.5005035,54789959.58211966,-41252492.49117247,-37207387.86200471,44298.58620317166,342134.1159079692,-17529.161153567413,0.0,62685.17565401372,1,0,0,3,48,51,2844533065.2856565,2898441773.651214,0.005606365145746796,-130652132.82162046,2871487419.4684353,1577970362.9985003,861446225.8405305,2768114245.784348,1190143882.7858477,1906668019.9438176
2025-06-05,2768114245.784348,-26808706.082851335,38356291.18788889,38312359.574842006,43783.4383139569,337489.51947035646,-12345.350849121825,0.0,0.0,0,0,1,3,48,51,2805917482.8944187,2871633084.8358307,0.005617427415137419,-92015037.38475895,2838775283.8651247,1559683516.0772834,851632585.1595374,2779943191.619693,1220259675.5424094,1928310606.4601555
2025-06-06,2779943191.619693,116895812.89852482,-51589960.25795282,-59058507.62265388,45187.47600579514,343694.64412593405,-19229.440996172012,0.0,0.0,0,0,1,3,48,51,2857507433.841484,2988528882.842684,0.005692895552756996,-143325026.05842495,2923018158.342084,1604384450.8631163,876905447.5026251,2845528321.9873886,1241143871.1242723,1968622874.4847636
2025-06-09,2845528321.9873886,20034956.012298245,-22515554.20998673,-25165058.99233839,45491.50329905923,346402.7602712632,-22212.850028417204,0.0,0.0,0,0,1,3,48,51,2880022949.137523,3008563847.4050384,0.005686392600644274,-165561615.11863756,2944293398.271281,1616147846.5925164,883288019.4813842,2843326422.196644,1227178575.6041274,1960038402.7152596
2025-06-10,2843326422.196644,-20691677.559997242,-49912727.01907623,-49074446.37699701,46662.71679492995,352406.15606083453,-28872.23926908398,0.0,0.0,0,0,1,3,48,51,2929935708.588925,2987872169.3287306,0.005733428892972223,-215196814.42795515,2958903938.958828,1625948754.9088602,887671181.6876484,2772998888.8175673,1147050133.9087071,1885327707.129919
2025-06-11,2772998888.8175673,59935505.19876985,1503906.5891651486,6638823.79601467,45534.82980413018,352225.2694405298,-28633.166546402055,0.0,0.0,0,0,1,3,48,51,2928431801.353135,3047807671.711614,0.005597719134832641,-213414905.93591595,2988119736.5323744,1640481458.3338442,896435920.9597123,2834716357.8785925,1194234899.5447483,1938280436.9188802
2025-06-12,2834716357.8785925,-28099813.476829275,30778585.619852133,31171387.567562196,55076.51869577523,348523.2921622713,-24467.679929536844,0.0,0.0,0,0,1,3,48,51,2897653237.3768516,3019707854.2199645,0.0068426223244118425,-182367800.71704483,2958680545.798408,1624222934.7680466,887604163.7395223,2837664109.1151524,1213441174.3471057,1950059945.37563
2025-06-13,2837664109.1151524,-89274401.1080887,56390172.61258463,62355302.164286114,51899.76953184711,341740.80581116583,-16865.48176830537,0.0,0.0,0,0,1,3,48,51,2841263050.624012,2930433435.0238214,0.006575919476150407,-125705454.17370462,2885848242.8239164,1584987273.9431589,865754472.8471749,2805052856.1741595,1220065582.2310007,1939298383.3269846
2025-06-16,2805052856.1741595,106857274.39460741,-2965605.258991302,-10974154.410867523,59777.04192145131,341869.57253834174,-17245.036122275746,0.0,128449.33984152623,1,1,0,3,48,51,2842333628.4942966,3037290729.6530495,0.0075711502956542,-128534430.72503662,2939812179.0736732,1612022770.9615512,881943653.7221019,2909080923.464429,1297058152.5028777,2027137269.742327
2025-06-17,2909080923.464429,-95806243.03180736,123778871.59100519,125058431.89445129,58497.37840002083,334941.2533895175,-611.2104498404133,0.0,66176.20236625895,0,1,0,2,49,51,2784730975.062963,2941484484.2801805,0.007562330585104851,-4555605.837319851,2863107729.6715717,1570790413.588934,858932318.9014715,2937263208.4858003,1366472794.8968663,2078330889.5843287
2025-06-18,2937263208.4858003,45744694.08615556,871953.6610614676,3255795.072306309,58201.20426346515,334836.37588937045,-457.17697498249925,0.0,0.0,0,0,0,2,49,51,2783859014.3227105,2987229185.2770705,0.0075263989401219734,-3407530.248316765,2885544099.7998905,1581965000.6160808,865663229.9399672,2984156034.2276683,1402191033.6115875,2118492804.2877011
2025-06-20,2984156034.2276683,-38252744.96894334,21846690.355139267,20776366.105328675,58667.43649606723,332208.7033774973,2198.9978033774614,0.0,0.0,0,0,0,2,49,51,2762012314.454943,2948976437.255007,0.007646699121525128,18714874.922361374,2855494375.8549747,1565847803.6502347,856648312.7564924,2968025719.878549,1402177916.2283144,2111377407.1220567
2025-06-23,2968025719.878549,-7666233.150717958,49700450.48173646,49366543.28970147,58589.173236927265,326230.84534021677,8100.903786065379,0.0,0.0,0,0,0,2,49,51,2712311878.1172757,2941057486.0272636,0.00777642959700294,68943862.00906706,2826684682.0722694,1548957934.9419985,848005404.6216809,3010335679.785457,1461377744.8434587,2162330275.1637764
2025-06-24,3010335679.785457,125545768.38713968,-82206123.47533663,-81124833.75029282,60922.62967942003,336092.8624675769,-1742.671838961661,0.0,0.0,0,0,0,2,49,51,2794305554.002949,3066603260.4946246,0.007848872022307144,-12988858.427043438,2930454407.248787,1604942481.3245409,879136322.174636,3053948752.2582097,1449006270.9336689,2174812430.083574
2025-06-25,3053948752.2582097,-54582642.75833704,21976414.90405477,21926815.80166096,61739.311255345216,333449.5898286447,1088.0704422241865,0.0,0.0,0,0,0,2,49,51,2772329153.309748,3012020611.116296,0.008017140398134023,9260173.976376057,2892174882.213022,1584703898.7719984,867652464.6639067,3021615322.7529426,1436911423.9809442,2153962858.089036
2025-06-26,3021615322.7529426,64483441.258652315,-54200422.649726555,-53699364.710881315,62759.41145261021,339968.6932868074,-5993.019862424563,0.0,0.0,0,0,0,2,49,51,2826529551.5762277,3076504052.974698,0.007993331649527728,-44668471.024282455,2951516802.275463,1617084878.7165427,885455040.6826389,3032169557.62384,1415084678.9072971,2146714516.941201
2025-06-27,3032169557.62384,-9303206.451140909,18725423.811265364,18219128.370516807,53539.0590790693,337647.69149285345,-3387.840912014278,0.0,0.0,0,0,0,2,49,51,2807232538.9706063,3066789224.088967,0.006865858457002863,-25250988.164081573,2937010881.5297866,1608867067.7134237,881103264.458936,3041872495.775466,1433005428.0620422,2160769231.31653
2025-06-30,3041872495.775466,53697389.67108094,-7074629.431136343,-6545402.710748658,72687.50817068909,363401.75159094343,-549.0187454688215,3952236.4742328073,67141.20121772632,1,0,0,7,45,52,3021354054.7976823,3088495256.015408,0.008660852871544812,-4092065.1836185455,3054924655.406545,1678530030.4431567,916477396.6219635,3084766043.564635,1406236013.121478,2168288646.9426713
2025-07-01,3084766043.564635,-98962806.61767052,-80361302.21836875,-84568634.0466295,72912.30202203941,373067.4315323737,-11291.927813249078,0.0,0.0,0,0,1,7,45,52,3101715366.0890193,2989532459.543958,0.008462552371796472,-84163437.11738443,3045623912.8164887,1677897724.7126954,913687173.8449466,2905730797.930293,1227833073.2175977,1992043624.0853465
2025-07-02,2905730797.930293,125901975.18484972,-70038066.09267533,-67611893.3311207,75968.09232223617,381491.45211032586,-20650.35373567593,0.0,0.0,0,0,1,7,45,52,3171753412.4646034,3115434418.9476056,0.008622521892316314,-153915680.01746035,3143593915.7061043,1730384628.4762824,943078174.7118312,2961879580.02852,1231494951.5522377,2018801405.316689
2025-07-03,2961879580.02852,72916074.8189528,-50014120.9516805,-54710963.87479217,100357.19277331216,395267.8932348005,-27334.29347563847,0.0,64524.38075045335,0,1,0,6,46,52,3286291952.9914126,3188350516.736965,0.010993724816660187,-203733864.4146967,3237321234.864189,1782975215.081665,971196370.4592566,2984984585.9220276,1202009370.8403625,2013788215.462771
2025-07-07,2984984585.9220276,5537370.252131512,41427504.363646336,58730640.4930205,106704.4134570834,390285.085202883,-21741.053125394898,0.0,0.0,0,0,0,6,46,52,3244864449.7237387,3193887872.5869193,0.011838272272920515,-162045116.46257067,3219376161.1553288,1771931303.0638514,965812848.3465986,3032211300.156426,1260279997.0925746,2066398451.8098273
2025-07-08,3032211300.156426,10732504.261210233,-58981786.203582756,-68410617.10371925,115863.6824133418,397379.27803714736,-29620.541702317707,0.0,0.0,0,0,0,6,46,52,3303846191.532865,3204620378.3998466,0.012624959895439531,-220774223.8682065,3254233284.966356,1792308952.0598211,976269985.4899067,2984213913.267975,1191904961.2081537,2007943927.778068
2025-07-09,2984213913.267975,46287820.41341314,-86210532.61202832,-81605483.50534761,115082.49180865081,407748.49246632145,-41153.220585109804,0.0,0.0,0,0,0,6,46,52,3390056750.297361,3250908197.4727798,0.01222094498786201,-306732078.8952284,3320482473.8850703,1829744074.4574032,996144742.165521,2944542713.8494325,1114798639.3920293,1948397971.6839113
2025-07-10,2944542713.8494325,39398852.37153009,-45265018.26806803,-42385024.15004125,110368.88421431716,413192.8680590124,-47191.900160094476,0.0,0.0,0,0,0,6,46,52,3435321766.7723894,3290307049.8271484,0.011565961215471413,-351740870.75846815,3362814408.299769,1853173292.488504,1008844322.4899306,2938932180.036579,1085758887.5480752,1930087857.5466485
2025-07-11,2938932180.036579,-11572750.653923478,50158685.571331814,56759532.47354152,108259.11303762539,407055.9592559907,-40427.69613898607,0.0,0.0,0,0,0,6,46,52,3384298968.4100847,3278734299.112896,0.011515909515480684,-301324443.27194595,3331516633.7614903,1834973265.3012495,999454990.128447,2977776484.104067,1142803218.8028173,1978321493.9756198
2025-07-14,2977776484.104067,137699962.3869607,54449.0666696704,309893.08193568245,137677.46644592314,407049.41101370804,-40389.67341580442,0.0,0.0,0,0,0,6,46,52,3384244525.7490735,3416434262.1842036,0.014645480710221967,-301041044.09295225,3400339393.9666386,1869381923.270773,1020101818.1899915,3115759877.8288493,1246377954.5580764,2095658059.6388578
2025-07-15,3115759877.8288493,14702303.480880458,85425903.30206898,81554711.87930454,134825.40507033325,396774.5718765755,-28897.259773923466,0.0,0.0,0,0,0,6,46,52,3298818611.4449697,3431136561.869512,0.014713493387276427,-215383302.66278362,3364977586.657241,1847429723.900869,1009493275.9971722,3216121136.5188313,1368691412.6179624,2206627860.521659
2025-07-16,3216121136.5188313,164178744.07657292,-29365541.812911447,-29967697.65417393,144675.5042167958,400306.59224132315,-32807.192669560114,0.0,0.0,0,0,0,6,46,52,3328184138.7269363,3595315322.927171,0.015649128577954474,-244525659.64889526,3461749730.827054,1897284072.3498735,1038524919.2481161,3351157162.677848,1453873090.3279743,2312632243.429732
2025-07-17,3351157162.677848,78682573.47130676,-63102874.90980371,-61553940.117494285,149734.4052757622,407896.4660528551,-41244.27662499804,0.0,0.0,0,0,0,6,46,52,3391287015.681936,3673997884.2874765,0.01589496425693566,-307410757.45340157,3532642449.984706,1935885575.7764497,1059792734.9954118,3366953779.023503,1431068203.2470531,2307161044.028091
2025-07-18,3366953779.023503,-66474042.19703453,68744794.8071971,46807261.02305091,126977.16960308407,391680.024288952,-31997.726402525004,0.0,66080.14447103848,1,0,0,7,45,52,3256462095.7049127,3607523845.0216413,0.014037252611477188,-238492370.70204973,3431992970.363277,1878819589.9668841,1029597891.108983,3369391156.617478,1490571566.6505938,2339793265.508495
2025-07-21,3369391156.617478,-143426432.91176188,25464602.975968502,2985303.2069943193,127169.57784220036,388617.19592919043,-28550.030280517007,0.0,0.0,0,0,1,7,45,52,3230997471.928604,3464097413.8530374,0.01416932338107498,-212795256.7491951,3347547442.8908205,1835323595.0418406,1004264232.8672462,3251662224.2694907,1416338629.2276502,2247397991.4022446
2025-07-22,3251662224.2694907,-49455616.69264189,-74312215.99288423,-113297217.59543532,156369.9892232549,405418.9081937963,-38501.82175888001,0.0,66315.9342345612,0,1,0,6,46,52,3370688382.2117014,3414641805.7266927,0.016700801064094387,-286970100.0661864,3392665093.9691973,1864866966.0951834,1017799528.1907592,3128038622.746941,1263171656.6517577,2110239094.556182
2025-07-23,3128038622.746941,145748226.4871139,-36178731.640012205,-28847089.079981614,168172.9967990645,409770.40565476887,-43329.13535524152,0.0,0.0,0,0,0,6,46,52,3406867113.988841,3560390021.779168,0.017770660498929437,-322950077.18192434,3483628567.8840046,1912157639.6414442,1045088570.3652014,3237806385.867543,1325648746.226099,2192717815.5023417
2025-07-24,3237806385.867543,-54540040.796667874,74570354.27316196,77217743.33835371,151315.90317368857,400801.24935779185,-33295.41687519417,0.0,0.0,0,0,0,6,46,52,3332296761.404274,3505849981.268398,0.016347201057678885,-248164597.8275342,3419073371.336336,1876151523.7383816,1025722011.4009008,3258052889.2733464,1381901365.5349648,2232330877.8724456
2025-07-25,3258052889.2733464,-28373653.155592203,-20456774.765803035,-17133448.829990473,160030.39627516165,403261.7429383658,-36012.19843857898,0.0,0.0,0,0,0,6,46,52,3352753520.965628,3477476332.3612337,0.017183172666526834,-268413901.40555763,3415114926.663431,1875195139.3799968,1024534477.9990293,3209429680.500176,1334234541.1201792,2184895202.501147
2025-07-28,3209429680.500176,-67973677.48171884,7004287.033166898,20296043.236496765,121980.0482318765,402419.2864477828,-35039.54898803077,0.0,0.0,0,0,0,6,46,52,3345749263.769095,3409502650.286851,0.01312495764073077,-261164340.2834592,3377625957.027973,1856100441.7024412,1013287787.1083919,3148705689.7408514,1292605248.0384102,2135417902.6324596
2025-07-29,3148705689.7408514,-113692370.33254248,61111144.6224134,79574579.52798378,121778.4435923248,395068.9777825426,-26807.519233743235,0.0,0.0,0,0,0,6,46,52,3284638152.4645576,3295810282.360371,0.013347053056770454,-199807596.77324152,3290224217.412464,1809344016.3294601,987067265.2237391,3096370947.0456786,1287026930.7162185,2109303681.8219395
2025-07-30,3096370947.0456786,30028018.13070218,41653135.40229517,46890124.44416815,120607.888204036,390059.0263568171,-21185.828664706358,0.0,0.0,0,0,0,6,46,52,3242984976.6386647,3325838290.1913886,0.013388541749723539,-157906797.50091696,3284411633.4150267,1804355065.5394464,985323490.024508,3168300365.8881636,1363945300.3487172,2182976875.8636556
2025-07-31,3168300365.8881636,-441567.0242084574,83103329.7113584,93199227.03891684,109034.6803662413,391018.50046475284,-441.00624848144764,3177968.4139033183,0.0,0,0,0,5,47,52,3250962128.575312,3250962128.575316,0.012074113256142025,-3287003.09427166,3250962128.575314,1788029170.7164226,975288638.5725942,3248065702.9752607,1460036532.2588382,2272777064.4026666
2025-08-01,3248065702.9752607,-103215629.94341467,60314542.908501826,66235088.33442271,102653.71296169919,383650.4542899309,6734.565892467791,0.0,0.0,0,0,0,5,47,52,3189703546.059472,3147746507.823405,0.011585821733140678,57315454.40398121,3168725026.9414387,1743847690.7736928,950617508.0824316,3205452347.2475686,1461604656.4738758,2254834839.1651373
2025-08-04,3205452347.2475686,200967580.99432653,-73298362.03894055,-76402321.63431184,106844.46295041594,392466.6180478693,-2106.331086114406,0.0,0.0,0,0,0,5,47,52,3263001905.247874,3348714083.8725343,0.011787920381011186,-15699362.132529736,3305857994.560204,1816079092.5424957,991757398.3680612,3333405082.026966,1517325989.4844704,2341647683.658905
2025-08-05,3333405082.026966,47816070.00481556,-10175205.328655176,-5668198.525235514,113480.68924904706,393690.46992913954,-3434.3574550241037,0.0,0.0,0,0,0,5,47,52,3273177117.1937704,3396530161.330827,0.012481160251016888,-25597695.316949844,3334853639.2622986,1831085675.490838,1000456091.7786895,3371322722.1263514,1540237046.6355133,2370866630.347662
2025-08-06,3371322722.1263514,-46420242.0834838,53756241.20858558,41628133.830511965,113733.77497402762,387224.7903636861,3341.1203650840293,0.0,0.0,0,0,0,5,47,52,3219420889.859746,3350109920.5395937,0.012717864607144816,28435066.936885357,3284765405.19967,1803353747.092822,985429621.5599009,3378935553.387208,1575581806.294386,2393505931.827307
2025-08-07,3378935553.387208,-27052996.690475676,-36968751.34667893,-41561775.98318104,118070.99337695954,391671.3082680399,-1108.3741722385648,0.0,0.0,0,0,0,5,47,52,3256389629.9421334,3323056908.3112497,0.013052970450732207,-8261173.954573154,3289723269.126692,1807681116.0604525,986916980.7380075,3315186297.2907724,1507505181.23032,2328269316.552765
2025-08-08,3315186297.2907724,19864434.616705205,29760667.422639657,47194115.69252676,115196.92216938981,388091.7596803645,2558.5443633306954,0.0,0.0,0,0,0,5,47,52,3226628948.8436775,3342921356.7625804,0.012852699408105848,21774845.645367622,3284775152.803129,1803719023.8437483,985432545.8409387,3365086852.711992,1561367828.8682435,2379654306.871053
2025-08-11,3365086852.711992,10090174.987143412,-1182816.609074515,-1203737.6412174718,114937.4906647456,388234.0268132149,2451.959175642874,0.0,0.0,0,0,0,5,47,52,3227811770.271532,3353011535.93435,0.012819055008225472,20867737.66504574,3290411653.102941,1806596415.065047,987123495.9308822,3374269959.585385,1567673544.5203378,2387146463.654503
2025-08-12,3374269959.585385,63452523.003083706,-45553605.170886025,-49613028.013893165,115607.96682945607,393713.1147866402,-3275.1142293087382,0.0,0.0,0,0,0,5,47,52,3273365388.526339,3416464058.7375264,0.012714397300247895,-24410789.286773205,3344914723.6319327,1836125631.2422833,1003474417.0895798,3392443707.4513106,1556318076.2090273,2388969290.3617306
2025-08-13,3392443707.4513106,17774517.914361954,-146585861.44368362,-147663814.6250449,133544.46904012607,411344.1344545947,-22907.585083875736,0.0,0.0,0,0,0,5,47,52,3419951233.3407416,3434238584.053265,0.014057512980231252,-170739764.60031605,3427094908.6970034,1884545016.0155387,1028128472.6091009,3263887256.00232,1379342239.9867811,2235758783.393219
2025-08-14,3263887256.00232,-60796121.08784829,20223443.91035351,12687475.47910886,137195.66158062083,408911.7026370117,-20160.564096992137,0.0,0.0,0,0,0,5,47,52,3399727781.739589,3373442457.1780925,0.014527762615085364,-150265074.01484823,3386585119.458841,1863278948.8163998,1015975535.8376522,3223566134.301784,1360287185.4853842,2207590598.464132
2025-08-15,3223566134.301784,-52257883.74919816,-39730223.90306168,-35503480.19117299,140192.99970312705,413690.3670572925,-25457.685948723214,0.0,0.0,0,0,0,5,47,52,3439458017.1045103,3321184561.2179446,0.014673672317597647,-189746727.56812334,3380321289.161227,1862133545.4358392,1014096386.7483681,3131826066.3309298,1269692520.8950906,2117729679.5825615
2025-08-18,3131826066.3309298,19384248.218413375,-32042014.181926973,-24959693.575113557,148109.90174337447,416998.53719669423,-29724.441749451693,0.0,0.0,0,0,0,5,47,52,3466962433.9678965,3340568824.623077,0.015379331516606943,-221548634.15740395,3403765629.2954865,1875230936.346138,1021129688.7886459,3119407464.56112,1244176528.214982,2098277775.7724743
2025-08-19,3119407464.56112,-164005685.1300823,86427256.11010781,85965963.57656303,141208.85736795946,406603.252859567,-18095.770998471315,0.0,0.0,0,0,0,5,47,52,3380535127.700788,3176563138.4736257,0.015037615860255857,-134875311.78984833,3278549133.087207,1808301322.9286427,983564739.926162,3042076334.1656384,1233775011.2369957,2058511594.2394764
2025-08-20,3042076334.1656384,4117145.2393423542,27115784.81111141,39950228.504278705,141525.80898939754,403341.8344078299,-14424.598648921416,0.0,0.0,0,0,0,5,47,52,3353419408.4715652,3180680274.9208026,0.015193235629123107,-107512536.51370001,3267049841.696184,1801195891.2716703,980114952.5088552,3073556655.6428614,1272360764.371191,2093441703.134006
2025-08-21,3073556655.6428614,29812507.043095265,46103201.232854106,52468647.028846495,141598.41644772957,397796.6417937059,-8205.903939643342,0.0,0.0,0,0,0,5,47,52,3307316190.4326587,3210492782.4438043,0.015412929089950149,-61162016.94144106,3258904486.4382315,1794818052.7407486,977671345.9314694,3149720356.240217,1354902303.4994686,2172049010.308748
2025-08-22,3149720356.240217,123346191.73586333,-146119626.14136246,-142758235.52064046,140647.82516639263,415371.58012509794,-27776.88821786691,0.0,0.0,0,0,0,5,47,52,3453435770.093193,3333838981.223467,0.014661693580168998,-207032707.21391487,3393637375.65833,1869490476.3338246,1018091212.6974989,3127193868.7014594,1257703392.3676348,2109102656.0039606
2025-08-25,3127193868.7014594,7315850.358772596,-10190972.81148719,-3593576.3692275225,141443.25246991028,416557.22519277513,-29111.149403605785,0.0,0.0,0,0,0,5,47,52,3463293327.237854,3341154814.079051,0.014702644586497827,-216977511.08277607,3402224070.6584525,1874276701.691119,1020667221.1975358,3124564749.072064,1250288047.380945,2103897527.8745282
2025-08-26,3124564749.072064,57870136.26543557,-8810013.955564003,-3355085.301134713,143289.98147422768,417616.8759582443,-30260.403422232936,0.0,0.0,0,0,0,5,47,52,3472103356.69672,3399024960.9450545,0.01485681387658868,-225543379.54459333,3435564158.8208876,1891387247.2452798,1030669247.6462662,3173868937.8729973,1282481690.6277175,2143199690.226731
2025-08-27,3173868937.8729973,-36391837.04623959,-18853853.603673447,-36687883.71182044,144514.61208671518,419884.5694135298,-32757.37975334316,0.0,0.0,0,0,0,5,47,52,3490957159.096322,3362633115.8657293,0.014902864165965545,-244154383.25473166,3426795137.4810257,1887945426.695329,1028038541.2443076,3118865859.8006577,1230920433.1053288,2090827318.5563502
2025-08-28,3118865859.8006577,85286073.84364252,-15547153.87211681,-10211781.869953984,149429.46541832923,421754.5462617513,-34811.39934420955,0.0,0.0,0,0,0,5,47,52,3506504310.721258,3447919196.350563,0.015341377846341058,-259463846.04379797,3477211753.5359106,1913931092.304018,1043163526.0607731,3188842293.4536824,1274911201.1496644,2145678767.3929093
2025-08-29,3188842293.4536824,-65911601.7849517,38490354.21361756,41675961.72641639,97893.21412557802,380248.69801862654,-702.9472395179791,5141465.092842957,0.0,0,0,0,3,50,53,3161421045.8823457,3161421045.8823457,0.011147378528117638,-5239358.306966305,3161421045.8823457,1738781575.23529,948426313.7647036,3156561233.3261585,1417779658.0908685,2208134919.561455
2025-09-02,3156561233.3261585,-37916328.29324783,22396322.859751485,23012027.769997023,97895.11571477386,370007.2094279429,2041.8627932432626,0.0,61061.85368935534,1,0,0,4,49,53,3076272410.948255,3123504715.2360816,0.011456151130144953,17377555.687176704,3099888563.0921683,1703757902.0934968,929966568.9276505,3141254319.9954796,1437496417.9019828,2211287751.067829
2025-09-03,3141254319.9954796,-38408410.75309631,9421772.653704824,6403833.402740808,98999.42558194364,376271.54332192737,3173.7775900473844,0.0,61504.007943050296,0,1,0,3,50,53,3128354632.6996274,3085096305.355777,0.011392504173589875,27010873.10678625,3106725469.0277023,1709780466.1488323,932017640.7083107,3112486623.783475,1402706157.6346426,2180468983.0751643
2025-09-04,3112486623.783475,-3831052.00612034,-2510705.5158894975,-980194.6836398803,92676.5211371886,369033.7519611041,2905.0996256483863,0.0,62686.35475853725,1,0,0,4,49,53,3068179000.13851,3081265251.2523913,0.010874055134293575,24724252.133177757,3074722125.695451,1690770012.854651,922416637.7086352,3106361442.237156,1415591429.382505,2183944804.5285206
2025-09-05,3106361442.237156,48030471.58265949,-71069543.99021176,-70431074.47623476,91377.14346157551,377581.8380064529,-6180.351194258121,0.0,0.0,0,0,1,4,49,53,3139248537.697992,3129295722.084339,0.010478868191267717,-46064729.398197174,3134272129.8911657,1724098491.8304825,940281638.9673496,3083602394.172954,1359503902.3424716,2143320755.2056046
2025-09-08,3083602394.172954,45835638.21684344,46369089.048212975,48809124.97281688,88569.47080351581,372004.66737315385,68.99582685352325,0.0,0.0,0,0,1,4,49,53,3092879451.6012793,3175131353.440794,0.010309166583507752,587198.5264129639,3134005402.5210366,1721646673.8405824,940201620.7563109,3176090625.630407,1454443951.7898245,2235889004.874096
2025-09-09,3176090625.630407,37002579.750810154,21749348.38166822,20819264.02436134,86742.90760220369,369388.702017546,2658.0695562062547,0.0,0.0,0,0,1,4,49,53,3071130086.0581193,3212133942.2918253,0.010168063827239122,22621868.56345749,3141632014.1749725,1724372511.390392,942489604.2524917,3235127857.6268563,1510755346.2364643,2292638253.374365
2025-09-10,3235127857.6268563,8831450.222535223,27371630.17490897,27175669.734342154,84022.43381618016,366005.96921885194,5908.0795318472,0.0,0.0,0,0,1,4,49,53,3043005748.7017717,3220965387.65987,0.009940196855273602,50281527.93061447,3131985568.180821,1718143071.5254989,939595670.4542463,3271618829.6392355,1553475758.1137366,2332023159.184989
2025-09-11,3271618829.6392355,101592273.04487357,-67405233.83452757,-78820515.97589463,88473.4505939384,374113.3241299303,-2259.403912104035,0.0,0.0,0,0,1,4,49,53,3110411008.932446,3322557673.004732,0.010239946464422242,-16840277.605744362,3216484340.968589,1763762720.9309168,964945302.2905766,3306089249.3192058,1542326528.388289,2341143947.0286293
2025-09-12,3306089249.3192058,88265014.8550511,70592717.90156701,84461027.62412098,74077.52149601701,365622.58537367993,6350.900830659568,0.0,0.0,0,0,1,4,49,53,3039818261.767316,3410822684.7189274,0.008772862533914022,54050219.83540058,3225320473.2431216,1764651149.7099266,967596141.9729364,3465244878.040532,1700593728.3306055,2497648736.0675955
2025-09-15,3465244878.040532,67470182.72808543,-7806512.986434958,-12193036.795450108,75939.61499460893,366561.5364109026,5468.4188834200395,0.0,0.0,0,0,1,4,49,53,3047624783.092955,3478292872.9891453,0.00897035013946643,46539735.17804289,3262958828.04105,1783860653.1751728,978887648.4123149,3525204638.1224823,1741343984.9473095,2546316989.7101674
2025-09-16,3525204638.1224823,16796910.976823647,-28678006.291209042,-31534885.45005537,78770.92097458654,370010.8613321482,2133.212412053338,0.0,0.0,0,0,1,4,49,53,3076302773.2003083,3495089772.6356044,0.009218056102244621,18154999.251517773,3285696272.9179564,1796663275.1189935,985708881.8753868,3513616915.9608665,1716953640.841873,2527908034.0854797
2025-09-17,3513616915.9608665,51554250.48190375,10798865.15621114,12255844.660556134,75636.76024845366,368712.00190289057,3436.9177456271,0.0,0.0,0,0,1,4,49,53,3065503941.917797,3546644031.0461617,0.008882465723534043,29250363.792571068,3306073986.4819794,1806312190.3368795,991822195.9445938,3576266543.7583814,1769954353.4215019,2584444347.8137875
2025-09-18,3576266543.7583814,102526154.28505282,-88438477.57574257,-88854870.1992365,75627.71829673568,357322.03647469747,-7468.53659550265,0.0,0.0,0,0,1,4,49,53,3152841498.306154,3648983247.211861,0.008635378150614884,-58704654.46246624,3400912372.7590075,1858098261.2948112,1020273711.8277022,3590628446.2492743,1732530184.954463,2570354734.421572
2025-09-19,3590628446.2492743,168008590.9895584,50490403.35870168,48322418.066409245,116450.48205850742,351599.7907649145,-1006.2150178052773,0.0,0.0,0,0,1,4,49,53,3102351094.984539,3816920103.7925477,0.013513033263332691,-7909113.677072048,3459635599.388543,1884935354.4434986,1037890679.8165629,3809361583.6912227,1924426229.247724,2771470903.8746595
2025-09-22,3809361583.6912227,58589948.92685148,-39598003.234228134,-49898102.77455423,78004.00273463035,356960.32847044873,-6022.401651671433,0.0,0.0,0,0,1,4,49,53,3141949101.4513826,3875510048.1393185,0.008937586217260828,-47234522.75820732,3508729574.7953506,1911462242.4702444,1052618872.4386051,3828626463.30793,1917164220.8376856,2776007590.8693247
2025-09-23,3828626463.30793,30977402.5349828,41989999.09247707,50150881.56343639,78753.14058086828,352189.79529082775,-633.9730606001723,0.0,0.0,0,0,1,4,49,53,3099959078.354474,3906487449.525007,0.009145646730331023,-4972337.73019743,3503223263.93974,1906609585.8875937,1050966979.181922,3901866667.6170397,1995257081.729446,2850899688.4351177
2025-09-24,3901866667.6170397,-86061119.09321775,-25221183.977535475,-40206575.52541813,83833.56121440468,355055.20826609904,-3815.5393587573226,0.0,0.0,0,0,1,4,49,53,3125180317.2566175,3820426329.8772864,0.009657069024317521,-29925798.8922143,3472803323.5669518,1892660677.646307,1041840997.0700855,3790851770.6539793,1898191093.0076723,2749010773.583894
2025-09-25,3790851770.6539793,-69399037.05907406,54212085.77226579,68043276.39762235,83051.08063085718,348896.11073761,2721.4542868636295,0.0,0.0,0,0,1,4,49,53,3070968211.871384,3751027293.5178456,0.009735818466479381,24554474.7686944,3410997752.694615,1859047286.9408765,1023299325.8083844,3775933385.8515644,1916886098.910688,2752634060.04318
2025-09-26,3775933385.8515644,-20297575.65506077,-42799786.63163436,-45141286.663041525,91798.55856869591,353676.3566827862,-2293.149930001781,0.0,0.0,0,0,1,4,49,53,3113043726.3032527,3730729714.6533737,0.01061581011712113,-17985489.647072792,3421886720.4783134,1866595546.5543194,1026566016.143494,3713095608.2130537,1846500061.6587343,2686529592.0695596
2025-09-29,3713095608.2130537,56666723.268301725,-26714593.039637122,-19966502.055995166,117378.72556383595,363556.1691855167,-5677.106860541696,0.0,60247.04596489729,0,1,0,3,50,53,3200005401.1439123,3787396440.9881635,0.01320508433763127,-44526328.31797409,3493700921.066038,1906850730.5902145,1048110276.3198113,3743227991.7325144,1836377261.1423,2695117715.412703
2025-09-30,3743227991.7325144,-18374225.870591607,14760548.196222404,13166134.884280156,109288.33841958959,424861.7373471611,-612.2897146707987,4692983.9335111305,0.0,0,0,0,5,50,55,3739614314.058142,3739614314.058142,0.010520818064886823,-4802272.271927834,3739614314.058142,2056787872.731978,1121884294.2174425,3735236291.2338467,1678448418.5018687,2613351997.016404
2025-10-01,3735236291.2338467,40909063.82842897,-80772385.8086989,-76449596.13168135,114989.39742557611,434038.3768906166,-10871.339423301206,0.0,0.0,0,0,0,5,50,55,3820386691.4577503,3780523387.097729,0.010835600272026862,-85265407.2415781,3800455039.2777395,2091246854.2117572,1140136511.7833219,3695681146.8936186,1604434292.6818614,2555544635.1102967
2025-10-02,3695681146.8936186,140911124.7053113,-56879362.60636791,-55887246.34439646,115292.43138591836,440395.56754780957,-18084.203740147823,0.0,0.0,0,0,0,5,50,55,3876342403.8438005,3921434508.6407666,0.010707329480949306,-141836892.0795908,3898888456.242284,2143261348.3133316,1169666536.8726852,3780019927.9249835,1636758579.611652,2610353391.0522985
2025-10-03,3780019927.9249835,79451819.91297448,-54343515.796770066,-53643697.19147175,113705.38692171281,446569.59473892464,-24973.65594464162,0.0,0.0,0,0,0,5,50,55,3930685919.462418,4000886337.9847884,0.010413943044682374,-195871811.33052254,3965786128.7236032,2179427360.3349223,1189735838.617081,3805436122.59306,1626008762.2581377,2615700283.975979
2025-10-06,3805436122.59306,106364383.95640212,-18673016.64197796,-10313160.595512902,116112.21499740312,448691.05753936595,-27315.515647202876,0.0,0.0,0,0,0,5,50,55,3949358941.666791,4107250716.101921,0.010584096815829981,-214239338.40943432,4028304828.884356,2211620361.5255175,1208491448.6653068,3893432753.234379,1681812391.7088614,2684941304.569072
2025-10-07,3893432753.234379,9172596.821374973,23365206.48889887,27922879.229769606,112509.30289770951,445909.90149406984,-24297.072460256182,0.0,0.0,0,0,0,5,50,55,3924879328.5541596,4116423321.439842,0.010319641867332504,-190565274.1980877,4020651324.9970007,2206569628.9262085,1206195397.4991002,3926279660.0707884,1719710031.14458,2720084262.571688
2025-10-08,3926279660.0707884,-8132413.148821002,-38985051.60484516,-37922127.381318174,136501.57014193293,451440.10978193185,-29294.998280644613,0.0,0.0,0,0,0,5,50,55,3963864378.5730605,4108290897.6824603,0.012397135864871796,-229265203.93547964,4036077638.1277604,2216232037.992533,1210823291.438328,3879447838.858482,1663215800.8659487,2668624547.4201536
2025-10-09,3879447838.858482,46539274.59008017,-5620563.92331837,-1345181.789873707,120794.79788128294,452080.22761174524,-29974.67544197502,0.0,0.0,0,0,0,5,50,55,3969484925.371422,4154830171.229776,0.010955105776901997,-234584416.50241327,4062157548.300599,2229553020.4188704,1218647264.4901798,3920667860.2795324,1691114839.860662,2702020595.7893524
2025-10-10,3920667860.2795324,-195163114.61637062,161297360.86396465,150334765.69145933,116800.82213500292,433650.98361584154,-9325.446350312168,0.0,0.0,0,0,0,5,50,55,3807667173.2122674,3959667059.7509127,0.01104305971499284,-72981754.04592133,3883667116.4815903,2132216916.9014084,1165100134.944477,3887109631.2422566,1754892714.3408482,2722009496.2977796
2025-10-13,3887109631.2422566,349157803.33692425,-54379508.28020931,-51448454.13484216,97416.48557395254,439844.20467894216,-16232.167674460554,0.0,0.0,0,0,0,5,50,55,3862046675.229737,4308824865.526567,0.009080660529442399,-127034355.71316957,4085435770.378152,2235820218.950563,1225630731.1134455,4182214121.8504024,1946393902.8998394,2956583390.7369566
2025-10-14,4182214121.8504024,90039946.69609772,-77240842.24729235,-76263359.97784302,100659.89298806291,448641.07755002775,-26060.564792208912,0.0,0.0,0,0,0,5,50,55,3939287510.1953664,4398864812.606115,0.009199014131848803,-203952246.19989586,4169076161.4007406,2281502456.210139,1250722848.420222,4195335146.9189773,1913832690.7088385,2944612298.4987555
2025-10-15,4195335146.9189773,52637189.578000434,-63840607.73966711,-59220268.35921234,104322.47879517931,455911.8150923642,-34177.309881761714,0.0,0.0,0,0,0,5,50,55,4003128132.5183206,4451502005.353172,0.009381686302066598,-267474599.07465696,4227315068.935746,2313813941.093789,1268194520.680724,4184449140.7837257,1870635199.6899366,2916254620.1030016
2025-10-16,4184449140.7837257,-281392405.6918033,92221859.8295563,99201977.36302885,100560.67885621612,446495.1308571918,-22400.959112310396,0.0,0.0,0,0,0,5,50,55,3910906255.6834316,4170109602.1478662,0.009256638237142184,-174931567.90524387,4040507928.915649,2215799277.241996,1212152378.6746945,3995602128.414367,1779802851.1723714,2783449749.7396727
2025-10-17,3995602128.414367,-127552412.37474643,53667088.321005665,58742929.63349388,96848.18032414737,431950.4711845441,-15496.126204127246,0.0,73731.4065748521,1,0,0,6,49,55,3783507776.798926,4042557188.623745,0.00921508477674948,-121010963.85001755,3913032482.711335,2145691630.1956139,1173909744.8134005,3921962679.1187077,1776271048.9230938,2748052934.3053074
2025-10-20,3921962679.1187077,80393301.21869437,-95131632.57079248,-116225803.39712618,100708.39034657244,451511.6081702289,-27647.58567222193,0.0,76206.80192418261,0,1,0,5,50,55,3954846202.950909,4122950487.7153344,0.009167239044015011,-215903055.1409955,4038898345.333122,2217191482.8141065,1211669503.5999365,3907471296.596837,1690279813.7827306,2695801792.9969006
2025-10-21,3907471296.596837,-193408932.28843117,3384335.90647385,5121005.111196673,100760.26624826579,451125.23169617687,-27172.82750473196,0.0,0.0,0,0,0,5,50,55,3951461883.470162,3929541556.0376444,0.009179816715711359,-212195616.0890131,3940501719.7539034,2167823954.05046,1182150515.926171,3717769892.352823,1549945938.302363,2535619376.426652
2025-10-22,3717769892.352823,-196473257.51014286,117148494.61348693,123294688.27101341,94504.14523626992,437750.77286911017,-12129.122609486987,0.0,0.0,0,0,0,5,50,55,3834313338.9995046,3733068285.601935,0.008872903510263059,-94717660.29100466,3783690812.3007197,2083561073.1003351,1135107243.6902158,3638776246.9611897,1555215173.8608546,2503669003.270974
2025-10-23,3638776246.9611897,89355626.43711442,-20218734.875626348,-13755445.227860363,98425.14506768364,440059.0830762453,-14676.346600886525,0.0,0.0,0,0,0,5,50,55,3854532114.536455,3822423927.614468,0.009192568947794922,-114609214.23685789,3838478021.0754614,2111965616.2645535,1151543406.3226383,3708240096.1140857,1596274479.8495321,2556696689.7914476
2025-10-24,3708240096.1140857,133810587.52523395,-62530415.911880754,-60308906.77874647,103413.43219915072,447197.96953760093,-22642.48300885621,0.0,0.0,0,0,0,5,50,55,3917062506.898694,3956234509.0281734,0.009504274064079186,-176817654.73293352,3936648507.9634337,2164177379.3266516,1180994552.38903,3779841409.781769,1615664030.4551172,2598846857.392739
2025-10-27,3779841409.781769,68901293.30299863,-21035694.34016488,-17779796.09023593,154756.095103509,441790.45313223475,-25366.53832245016,0.0,77793.28081950922,1,0,0,6,49,55,3860304930.281663,4025135796.9462132,0.014432070845035101,-197661337.57753372,3942720363.6139383,2164375428.321052,1182816109.0841815,3827890883.283489,1663515454.9624372,2645074774.1993074
2025-10-28,3827890883.283489,-55325957.92586977,56450410.86427195,63011657.71458197,152850.7073009931,444206.4210358748,-18098.197945297467,0.0,77560.80844645451,0,1,0,5,50,55,3881415329.439683,3969809843.76041,0.014176853018278009,-141024919.05426598,3925612586.600046,2156877059.7720075,1177683775.9800138,3829211032.9292345,1672333973.157227,2651527256.9492207
2025-10-29,3829211032.9292345,56916749.9009371,60321599.87606028,70627984.74684125,131750.63309909237,437302.94992650306,-10319.15119303114,0.0,0.0,0,0,0,5,50,55,3821093737.221872,4026726602.4084406,0.012412736032525972,-80408970.3353076,3923910169.815156,2153009771.768672,1177173050.9445467,3946744615.871866,1793734844.1031942,2769571564.9273195
2025-10-30,3946744615.871866,-95068623.37741618,75090153.25092907,75039587.23715648,123983.72647268322,402538.17751178873,-608.8636851741952,0.0,0.0,0,0,0,5,50,55,3744541186.156174,3931657972.6976867,0.011919789184101227,-5015810.678780556,3838099579.4269304,2106276849.021274,1151429873.828079,3927044091.3327327,1820767242.3114586,2775614217.504654
2025-10-31,3927044091.3327327,115583055.56967975,-47886769.84358591,-50344558.28698927,161070.0842975729,428324.94042908534,-680.6139220665766,5458677.896074589,0.0,0,0,0,4,51,55,3994740377.0588274,3994740377.0588202,0.014515393961551645,-5619747.98036623,3994740377.0588236,2197107207.3823533,1198422113.117647,3989548273.404961,1792441066.0226078,2791126160.2873144
2025-11-03,3989548273.404961,-155461428.9067955,49172049.568002254,47921011.252302416,144861.42333706893,424148.59704132535,4590.50874006274,0.0,0.0,0,0,0,4,51,55,3945568344.570469,3839278935.9207463,0.013217389193906382,43835096.72208452,3892423640.2456074,2143490237.3513274,1167727092.073682,3883542771.7486124,1740052534.397285,2715815679.6749306
2025-11-04,3883542771.7486124,-243763757.26788643,107107705.54723577,112589663.62950596,150624.36291703503,412634.51811615477,15836.189824064948,0.0,0.0,0,0,0,4,51,55,3838460633.6386495,3595515184.8782177,0.014126697086568923,151220910.7868271,3716987909.2584333,2050416986.3111491,1115096372.77753,3747164566.372985,1696747580.0618358,2632068193.595455
2025-11-05,3747164566.372985,156528413.89278376,-27723620.809313957,-22647271.723158363,155193.98113038793,415614.80654913693,12961.529302447781,0.0,0.0,0,0,0,4,51,55,3866184246.9687157,3752043593.8869634,0.014450897742585445,123770571.58836079,3809113920.4278393,2097866172.5623555,1142734176.1283517,3876242741.811176,1778376569.2488203,2733508565.682824
2025-11-06,3876242741.811176,-218857664.11746264,67956890.57745495,76832246.11968489,150474.36571444303,408309.4419822464,20107.248548990658,0.0,0.0,0,0,0,4,51,55,3798227367.276711,3533185937.4694686,0.014262119251707507,192005556.4359851,3665706652.37309,2022764694.5503802,1099711995.711927,3725619910.595985,1702855216.0456047,2625907914.884058
2025-11-07,3725619910.595985,83085678.34358966,-1204456.3581443885,-2918209.251435288,147497.2203561026,408438.92118855723,20010.533576390702,0.0,0.0,0,0,0,4,51,55,3799431825.0098352,3616271617.124983,0.013975510490455896,191082018.2360916,3707851721.067409,2043897451.7841961,1112355516.3202226,3807782084.8158393,1763884633.0316432,2695426568.495617
2025-11-10,3807782084.8158393,93892553.93028824,2382965.1151235714,3882427.00604675,144419.68729504533,408182.7529983659,20289.827584900377,0.0,0.0,0,0,0,4,51,55,3797048865.101078,3710164167.448117,0.013692498904628215,193749016.72583914,3753606516.274597,2066655701.3923526,1126081954.882379,3904341656.754539,1837685955.3621864,2778259701.87216
2025-11-11,3904341656.754539,-88202631.96423891,-21495398.221740916,-16851141.899496235,139572.16800547228,410493.5054197723,18069.036390365833,0.0,0.0,0,0,0,4,51,55,3818544236.462998,3621961531.840031,0.013158412570469872,172542522.56052256,3720252884.1515145,2051053653.8989072,1116075865.2454543,3794932616.9423637,1743878963.0434566,2678856751.6969094
2025-11-12,3794932616.9423637,-62313802.8681663,12655280.288662309,13232557.518836081,135162.06958706467,400791.33356699895,19425.05052144235,0.0,0.0,0,0,0,4,51,55,3728291475.0418506,3559647733.68003,0.013051110777436484,185491198.61324263,3643969604.36094,2008399375.9325626,1093190881.308282,3745559148.677361,1737159772.7447984,2652368267.369079
2025-11-13,3745559148.677361,-253568510.35684857,70111320.60514197,76642477.41040394,119390.47018412028,402439.1464625434,26869.85123889805,0.0,0.0,0,0,0,4,51,55,3733971462.0235987,3306079223.3231077,0.01151068499141402,255903345.13236237,3520025342.673353,1946711244.4378564,1056007602.8020059,3562411877.4531717,1615700633.0153153,2506404274.651166
2025-11-14,3562411877.4531717,-15955580.584230073,11716929.436541023,12358735.318691628,115639.038046763,401176.3195676533,28133.064519472162,0.0,0.0,0,0,0,4,51,55,3722254511.452453,3290123639.4629393,0.011184096511603202,267933947.80449677,3506189075.457696,1939207263.3014708,1051856722.6373087,3558486896.651523,1619279633.3500524,2506630174.0142145
2025-11-17,3558486896.651523,-61079017.657339305,86613556.22301018,94154665.60725829,124994.912028705,391841.3060443917,37259.44012610281,0.0,0.0,0,0,0,4,51,55,3635640983.917036,3229044629.5803766,0.012376955956155166,354851810.72478867,3432342806.7487063,1897953452.570205,1029702842.0246118,3584325541.051336,1686372088.4811308,2554622699.026724
2025-11-18,3584325541.051336,52227670.40312923,-107055.79087680612,2855312.808752836,125817.782309904,391852.8404785158,37280.045262380496,0.0,0.0,0,0,0,4,51,55,3635748004.439837,3281272287.7633686,0.01245806958465043,355048050.11790943,3458510146.1016026,1911042473.2727933,1037553043.8304807,3636749470.767019,1725706997.4942255,2599196426.936538
2025-11-19,3636749470.767019,-8164809.150271223,37068541.41245149,35615219.8321684,100173.44274275056,372980.09005353483,41192.287682851085,0.0,138039.45985417994,2,0,0,6,49,55,3460640010.8059936,3273107488.3851633,0.010420742774395407,392307501.74143887,3366873749.595578,1856468875.338089,1010062124.8786734,3665829162.5043387,1809360287.1662498,2655767037.625665
2025-11-20,3665829162.5043387,-222352127.2150497,67082181.49001533,71953138.98371497,104466.62418245788,371985.17351624946,48262.362572319485,0.0,57851.00295285333,0,1,1,5,50,55,3451408826.439428,3050755350.8443646,0.010896415520986632,459641548.3078046,3251082088.6418962,1798111485.6429195,975324626.5925689,3510817146.6882577,1712705661.0453382,2535492520.095689
2025-11-21,3510817146.6882577,25674856.080313344,-127153130.53705136,-138398629.24967375,127335.13487633347,394735.46333024104,34933.22563510163,0.0,83932.00969588308,0,1,0,4,51,55,3662493989.66203,3076430218.0859795,0.012516238575373102,332697387.000968,3369462103.874005,1867855751.4201038,1010838631.1622014,3409557273.775913,1541701522.355809,2398718642.6137114
2025-11-24,3409557273.775913,230696756.30639777,-3802394.0224956227,-9327683.581561608,121537.13069206532,395145.27210897463,34566.329411419836,0.0,0.0,0,0,0,4,51,55,3666296339.1554346,3307126961.6775055,0.011933941777118456,329203137.25161743,3486711650.41647,1926670642.1660068,1046013495.124941,3636759810.5306435,1710089168.3646367,2590746315.4057026
2025-11-25,3636759810.5306435,21226796.84155447,-63528880.332191214,-72989591.31465499,124265.4833271318,401797.9008680909,27927.867103142795,0.0,0.0,0,0,0,4,51,55,3728021760.631771,3328353774.8600817,0.01199981568513868,265979686.69659805,3528187767.7459264,1950494971.9045517,1058456330.3237779,3594763187.324651,1644268215.420099,2536306857.0008726
2025-11-26,3594763187.324651,61353423.52256452,-53509319.05935894,-55898916.367054984,128018.92928297055,407565.01658604515,22341.06873013653,0.0,0.0,0,0,0,4,51,55,3781531081.726192,3389707189.714416,0.012187342519694878,212772083.1441574,3585619135.720304,1981886121.9464617,1075685740.7160912,3602909178.9438896,1621023056.997428,2527223438.2277985
2025-11-28,3602909178.9438896,99317775.80934644,-51064176.79744069,-50065385.91470417,127529.12599284592,394528.4223957787,-610.6175294462803,4879812.801129926,0.0,0,0,0,2,53,55,3651162777.9557924,3651162777.955795,0.012574209409290927,-5007341.927122116,3651162777.9557934,2008139527.8756862,1095348833.386738,3646549353.833539,1638409825.9578528,2551200520.446801
2025-12-01,3646549353.833539,-109532005.53722608,51259987.8094128,51403762.71485156,92564.11713713252,379614.6106596297,4892.086606064947,0.0,85629.45954653474,1,0,0,3,52,55,3513142926.4130254,3541630773.711539,0.00948526230425561,46468368.81750345,3527386850.062282,1939350571.3517923,1058216055.0186846,3588483649.226308,1649133077.8745155,2530267594.2076235
2025-12-02,3588483649.226308,16547554.94197702,-1850529.5836757612,6623655.633554356,92880.0508870755,379814.57256508677,4727.969338448257,0.0,0.0,0,0,1,3,52,55,3514993473.6100574,3558178323.2450314,0.009512626003543056,44909471.28869057,3536585898.4275446,1944042622.894275,1060975769.5282633,3603472337.0756254,1659429714.1813505,2542496567.5473623
2025-12-03,3603472337.0756254,93778005.03128691,-46980765.020895265,-345497738.74890536,95562.0801789614,384891.1056429507,-203.69625644622113,0.0,0.0,0,0,1,3,52,55,3561974242.4540424,3651844417.1088142,0.0096582250523868,-1670402.1029758453,3606909329.7814283,1981553377.0134163,1082072798.9344285,3650558702.415225,1669005325.4018087,2568485903.480797
2025-12-04,3650558702.415225,162298918.10367438,-38732195.8402114,13633754.729189163,97693.04648840347,389076.3344278391,-4885.458260140531,0.0,0.0,0,0,1,3,52,55,3600706436.8643203,3814090715.086655,0.0097673879702486,-40062983.454455376,3707398575.9754877,2033734609.8309598,1112219572.7926462,3774411922.5083675,1740677312.6774077,2662192349.715721
2025-12-05,3774411922.5083675,-40312921.11139555,-6048063.569669163,-23477176.781251557,101044.7718232709,389729.8629158963,-5588.458362150952,0.0,0.0,0,0,1,3,52,55,3606754515.4170346,3773777797.6198153,0.010085554118221296,-45827904.56433582,3690266156.518425,2025470804.030064,1107079846.9555275,3728334034.4600334,1702863230.4299693,2621254187.504506
2025-12-08,3728334034.4600334,42427547.44405351,7215914.52769833,-14491803.508972378,92342.12093786373,388950.141079083,-4672.934229395864,0.0,0.0,0,0,1,3,52,55,3599538580.6804595,3816205343.8913145,0.009235395813245215,-38320189.580467224,3707871962.285887,2033912910.1769664,1112361588.685766,3778269431.517697,1744356521.3407304,2665907842.831931
2025-12-09,3778269431.517697,21766062.149068117,-16920575.419104,-570926.5873918892,93195.3390677945,390778.50397441356,-6700.809545686756,0.0,0.0,0,0,1,3,52,55,3616459162.745215,3837971413.9438376,0.009277119014649214,-54949691.035244465,3727215288.3445263,2044430602.309524,1118164586.503358,3783405800.603022,1738975198.293498,2665241214.099664
2025-12-10,3783405800.603022,-38770063.65439298,-40306751.15809153,-61814890.81039587,96390.13282259725,395133.8690031747,-11580.912644601582,0.0,0.0,0,0,1,3,52,55,3656765882.8057294,3799201355.3856554,0.00948938185496042,-94968759.72794008,3727983619.0956926,2046830103.6881325,1118395085.7287078,3704616148.6140738,1657786044.9259412,2586221062.885366
2025-12-11,3704616148.6140738,114277418.7544581,-23905107.803889696,-10440164.366223834,61532.842471323514,364482.5983841281,-13642.190483308785,0.0,75898.03808953083,1,0,1,4,51,55,3604772951.0518165,3913478772.017201,0.006145136903341694,-118627743.33311987,3759125861.5345087,2059801578.3198452,1127737758.4603527,3795201869.091982,1735400290.7721367,2667464110.631629
2025-12-12,3795201869.091982,-189115038.06967643,24188047.810072728,47182925.795209795,60167.08254625758,362036.92052533006,-10827.13652345975,0.0,0.0,0,0,2,4,51,55,3580584928.272495,3724363724.9973083,0.006049332762818442,-94149013.2474761,3652474326.6349015,2005266409.7310753,1095742297.9904704,3630565921.533834,1625299511.8027587,2534823623.5433636
2025-12-15,3630565921.533834,-143036179.57098532,80616618.94474737,76394076.1948758,79152.37321410004,360900.4841997855,-1532.9719481347752,0.0,69843.35576194708,0,1,1,3,52,55,3569345448.129747,3581327556.0319657,0.007983215626273058,-13330190.853345871,3575336502.0808563,1966135523.4469156,1072600950.6242568,3568356732.6908717,1602221209.243956,2495755782.066615
2025-12-16,3568356732.6908717,2040418.998161826,34639743.27124449,38199622.701942235,78118.9588623908,357398.0203979599,2123.0957460283953,0.0,0.0,0,0,1,3,52,55,3534705696.24356,3583367971.804517,0.00795619992361675,21590804.196898937,3559036834.0240383,1956253701.824197,1067711050.2072115,3605318297.11756,1649064595.2933629,2537607246.9103484
2025-12-17,3605318297.11756,-143444901.62763748,12646611.190220775,17425561.661404546,77760.89227436486,356119.30551106017,3394.3858146933153,0.0,0.0,0,0,1,3,52,55,3522059065.494002,3439923068.011327,0.007948169152820535,34519177.77654219,3480991066.7526646,1916598486.6510322,1044297320.0257993,3474801759.4791946,1558203272.8281624,2430504439.4533954
2025-12-18,3474801759.4791946,92041828.8905218,-7625956.807563586,-9028880.711281963,76926.71130289743,356890.37798522285,2672.287001951051,0.0,0.0,0,0,1,3,52,55,3529685056.9967093,3531964904.831009,0.007845917021448554,27175800.019841194,3530824980.9138594,1941896743.306765,1059247494.2741578,3559500267.515837,1617603524.209072,2500252773.241679
2025-12-19,3559500267.515837,207269118.03743014,23950521.66088017,-2511054.943869105,74788.65946704014,354468.71209036565,5055.424538992593,0.0,0.0,0,0,1,3,52,55,3505734515.17944,3739234021.547976,0.007679964723956391,51411097.00670433,3622484268.363708,1986528859.940826,1086745280.5091124,3791004642.69131,1804475782.750484,2704259362.1821976
2025-12-22,3791004642.69131,130947075.83815122,-42525581.71149903,-69745611.22648583,69064.9363688361,350970.3717843563,905.8546759761501,0.0,71543.55657648432,1,0,1,4,51,55,3471135545.120007,3870073446.874412,0.007162894323656094,9212081.450604916,3670604495.9972095,2008859025.254605,1101181348.7991629,3879637404.5514774,1870778379.2968724,2778456055.7523146
2025-12-23,3879637404.5514774,-66482192.541989446,35592800.58258305,44658844.4191609,67600.86667861596,347371.54693846684,4433.765691404506,0.0,0.0,0,0,2,4,51,55,3435542771.9189024,3803591269.1009398,0.0070836876790530655,45089142.62445259,3619567020.509921,1981560648.8509057,1085870106.1529763,3849032217.038022,1867471568.1871164,2763162110.885046
2025-12-24,3849032217.038022,-1114602.4715737647,-9619162.302656561,-24750210.50492867,66894.61983139915,348344.1507359078,3515.899609118996,0.0,0.0,0,0,2,4,51,55,3445161930.3551316,3802476646.364784,0.006990110661306792,35754911.279176235,3623819288.3599577,1984167740.6977353,1087145786.5079873,3838583417.694305,1854415676.9965696,2751437631.1863174
2025-12-26,3838583417.694305,-83591103.08648375,4267256.339461404,6302688.34682781,66906.67853533235,347912.6838653746,3963.5323940803337,0.0,0.0,0,0,2,4,51,55,3440894675.5916166,3718885555.176405,0.007000041135690474,40307109.09234238,3579890115.384011,1961989791.4715862,1073967034.6152031,3759544540.485007,1797554749.0134206,2685577505.8698034
2025-12-29,3759544540.485007,-74426604.75788334,35195849.457459025,30479493.511030454,66837.86184559502,383465.1243587296,7417.732884260099,0.0,386813.3844037017,0,1,1,3,52,55,3792512218.9324903,3644425562.2339935,0.006344509621958983,75434571.70433998,3718468890.583242,2048860056.2382455,1115540667.1749725,3720251016.7955766,1671390960.557331,2604710349.620604
2025-12-30,3720251016.7955766,-11345692.997751582,-10843080.211626928,-4957692.371879254,66230.74934562575,384420.31090454664,6383.419648843019,0.0,0.0,0,0,1,3,52,55,3801959118.836176,3633079880.8147197,0.006271258848181384,64916132.0221324,3717519499.825448,2048857705.8545327,1115255849.9476345,3698386816.5674057,1649529110.712873,2583130966.619771
2025-12-31,3698386816.5674057,-7610494.466018754,28174461.737995267,26543866.61707565,78164.90557719812,376027.24592153745,-734.1178589485812,6305468.650494236,0.0,0,0,0,8,47,55,3718950783.8393807,3718950783.8393855,0.007566479806635335,-6383633.556074619,3718950783.839383,2045422931.1116605,1115685235.151815,3712942443.4113736,1667519512.2997131,2597257208.2595587
2026-01-02,3712942443.4113736,95422988.46306661,-72667462.4490702,-124843762.58225536,79749.56423369361,374852.9229268684,-9066.581657140054,0.0,84281.64252049492,1,0,0,9,46,55,3707336600.375622,3814373778.715486,0.007744061632067851,-78839840.49687004,3760855189.545554,2065794424.7915578,1128256556.8636663,3735899724.5598855,1670105299.7683277,2607643167.6962194
2026-01-05,3735899724.5598855,128021391.52286677,-40016162.601115815,-75249549.79198128,81853.21592012985,388632.8320535027,-13646.85903548677,0.0,96268.64321639865,0,1,0,8,47,55,3843621415.913762,3942395171.0615153,0.007666508883846818,-118668339.43901539,3893008293.4876385,2138685217.5395074,1167902488.0462916,3824101817.595518,1685416600.0560107,2656199329.5492268
2026-01-06,3824101817.595518,125708382.48244041,-130914337.19247904,-109504782.72331478,84122.16163339648,401869.72354079806,-28668.560295967756,0.0,0.0,0,0,0,8,47,55,3974535727.3265743,4068103569.384435,0.007619500808561832,-249291828.66058922,4021319648.355505,2209386610.544081,1206395894.5066514,3819184941.8870907,1609798331.3430095,2612789047.3804393
2026-01-07,3819184941.8870907,-15755472.58023673,49528383.82728632,64373787.973356366,82535.86746842662,396861.8539452008,-22939.367056176896,0.0,0.0,0,0,0,8,47,55,3925007346.7107773,4052348074.276906,0.007570154566343298,-199472757.01023388,3988677710.4938416,2190589222.5824594,1196603313.1481524,3853249239.753561,1662660017.1711016,2656645926.6054087
2026-01-08,3853249239.753561,13713459.285761276,-16212536.67653509,-50092143.65378494,83344.5655175453,398501.12228102086,-24770.39250941831,0.0,0.0,0,0,0,8,47,55,3941219890.6914153,4066061535.2704725,0.007612882411656723,-215394717.4732027,4003640712.9809437,2198881351.0250425,1201092213.894283,3851040548.5270414,1652159197.501999,2649948334.632758
2026-01-09,3851040548.5270414,95902943.98497568,-11184938.510873664,-5569687.654377723,84009.72619688485,399632.04299729754,-26023.339959611025,0.0,0.0,0,0,0,8,47,55,3952404820.8523936,4161964456.9672165,0.007651924031495361,-226289912.6922698,4057184638.9098053,2226212560.4975224,1217155391.6729414,3936048152.9779844,1709835592.480462,2718892761.305043
2026-01-12,3936048152.9779844,109057270.45135291,23148051.21785442,15975519.411893371,84466.72136911828,397291.5184928102,-23328.067118684052,0.0,0.0,0,0,0,8,47,55,3929256776.3025184,4271021765.479597,0.007738873131497636,-202852757.55377436,4100139270.891058,2246532474.2606544,1230041781.2673173,4068542971.377197,1822010497.1165423,2838501190.1098795
2026-01-13,4068542971.377197,22818981.794174872,43775465.7504873,25611799.347499836,82743.20496995955,392865.33108473354,-18260.398852996997,0.0,0.0,0,0,0,8,47,55,3885481296.4424195,4293840752.6994715,0.0076663742575364315,-158786076.98258257,4089661024.5709457,2239104577.1075935,1226898307.3712838,4135429280.649121,1896324703.5415273,2908530973.277837
2026-01-14,4135429280.649121,45236913.35488751,-92504452.40314005,-104600769.71533534,102756.63853377136,402218.5597261184,-28867.146441986697,0.0,0.0,0,0,0,8,47,55,3977985755.5330386,4339077649.675262,0.009299276605177487,-251018664.71292782,4158531702.604151,2278165139.0787272,1247559510.7812452,4088432336.375619,1810267197.2968917,2840872825.5943737
2026-01-15,4088432336.375619,-18391684.668971185,40059203.017756924,35985133.257671446,100832.08122775075,398168.12954678695,-24228.99841178194,0.0,0.0,0,0,0,8,47,55,3937926555.957233,4320685965.354324,0.009217934546564076,-210686942.7111473,4129306260.655779,2261549458.125751,1238791878.1967337,4110372961.774312,1848823503.648561,2871581083.5775785
2026-01-16,4110372961.774312,74153680.67114262,-33387971.64809184,-33831078.4986841,100852.60923293642,401544.0246481572,-28037.210683684392,0.0,0.0,0,0,0,8,47,55,3971314529.487269,4394839650.220168,0.009142297608078062,-243801832.0320382,4183077089.8537188,2290104271.4012227,1254923126.9561155,4151411325.0020943,1861307053.6008716,2896488198.0459785
2026-01-20,4151411325.0020943,67260369.16750637,79447907.91681586,111597832.60411656,98198.7049807317,393510.959642603,-18869.040137803204,0.0,0.0,0,0,0,8,47,55,3891866633.8279414,4462100013.275376,0.009083439161503988,-164078609.89394093,4176983323.5516586,2283084993.4672265,1253094997.0654976,4298396045.3009405,2015311051.833714,3045301048.235443
2026-01-21,4298396045.3009405,-16659485.60797678,-85868230.83959225,-90809017.96904287,100433.78539716531,402193.191428228,-28712.3534702344,0.0,0.0,0,0,0,8,47,55,3977734860.279177,4445440533.939578,0.009089636190694193,-249672638.8716035,4211587697.109378,2304680591.5686474,1263476309.1328132,4196141375.9059324,1891460784.337285,2932665066.773119
2026-01-22,4196141375.9059324,131495590.2888929,-102445943.90994325,-113135593.00909312,103741.80024801477,412551.612591835,-40462.616656876344,0.0,0.0,0,0,0,8,47,55,4080180783.875291,4576936120.979211,0.009153282677296879,-351848840.49457693,4328558452.427251,2368288265.4073896,1298567535.7281752,4225459369.480569,1857171104.0731792,2926891833.7523937
2026-01-23,4225459369.480569,56485305.48620536,48082591.71252595,71184417.89456911,100780.11288313096,407689.9305850511,-34901.9194698089,0.0,0.0,0,0,0,8,47,55,4032098214.577428,4633421438.477798,0.00899800518418906,-303494951.9113817,4332759826.527613,2367984823.9926777,1299827947.9582837,4330299274.577532,1962314450.5848541,3030471326.6192484
2026-01-26,4330299274.577532,-87540513.0442374,92643668.58779238,114618826.62438196,99927.01528251197,398322.6240558571,-24216.518417281077,0.0,0.0,0,0,0,8,47,55,3939454523.629355,4545880924.12564,0.009131651421771537,-210578421.01983547,4242667723.8774977,2318306588.1202164,1272800317.1632493,4335676609.211443,2017370021.0912266,3062876292.048194
2026-01-27,4335676609.211443,159265308.68372947,1540044.2563684639,-12331276.529613517,99715.23152798499,398166.90936817235,-24007.85764395711,0.0,0.0,0,0,0,8,47,55,3937914488.2566495,4705146226.432683,0.009115861570159879,-208763979.51267052,4321530357.3446665,2357660903.0851655,1296459107.2034,4496756405.971737,2139095502.8865714,3200297298.7683372
2026-01-28,4496756405.971737,83109768.31469978,41468532.79026293,39635355.43943553,99698.56743142262,393973.9814462234,-19207.413147305404,0.0,0.0,0,0,0,8,47,55,3896445970.3472643,4788255992.39888,0.009211338883806815,-167020983.8896122,4342350981.373072,2365997789.2038994,1302705294.4119215,4621609775.077567,2255611985.8736677,3318904480.6656456
2026-01-29,4621609775.077567,-165440798.13772258,101126315.79345517,117997755.2844488,107037.3859701935,383748.98476576485,-7547.097152590966,0.0,0.0,0,0,0,8,47,55,3795319629.55152,4622815187.10899,0.010152889008144756,-65626931.761660576,4209067408.3302546,2294299685.642703,1262720222.4990764,4557564457.234942,2263264771.5922394,3294844234.735866
2026-01-30,4557564457.234942,-396623259.214177,61849209.7243893,85164130.05097984,115847.51152563514,426971.03011645435,-549.3750971765685,4661327.246528802,0.0,0,0,0,5,51,56,4222790407.745153,4222790407.7451577,0.009876195624754659,-4777174.758057117,4222790407.7451553,2322534724.2598352,1266837122.3235466,4218439654.64212,1895904930.3822846,2951602532.318573
2026-02-02,4218439654.64212,41314577.29513268,56019768.23666239,57263826.56687352,115347.19257413968,421306.80878909887,5069.443820938432,0.0,0.0,0,0,0,5,51,56,4166770636.375703,4264104987.0056953,0.009965748765765791,51553665.975645065,4215437811.690699,2316057437.664135,1264631343.5072098,4316085029.233951,2000027591.5698156,3051453685.726741
2026-02-03,4316085029.233951,212641055.88696408,89537684.60020372,79635514.50439897,112944.5545504684,412253.55221716256,13904.80656145325,0.0,0.0,0,0,0,5,51,56,4077232934.015893,4476746012.677214,0.009972459336072392,141404812.4893551,4276989473.3465533,2342356383.374071,1283096842.0039659,4618576983.525348,2276220600.1512766,3335480141.521382
2026-02-04,4618576983.525348,-239379664.2217156,-71761542.8819169,-58656706.49972135,116289.49666478742,419509.4398277933,6878.7237587889485,0.0,0.0,0,0,0,5,51,56,4148994459.835318,4237366363.9543147,0.010090208411843757,69953122.97073507,4193180411.8948164,2304039928.939174,1257954123.568445,4307745875.088636,2003705946.1494622,3049791751.520191
2026-02-05,4307745875.088636,-293232417.91794276,216574606.89684808,228366614.69599566,107365.77164067364,387833.88068507024,28197.088766324698,0.0,96700.19433701478,1,0,0,6,50,56,3835719699.0831122,3944133942.8508043,0.010076773284523834,286750055.2507596,3889926820.966958,2136749395.4376347,1166978046.2900875,4231300029.0710154,2094550633.6333807,3064321982.7809277
2026-02-06,4231300029.0710154,336120462.7486456,-211930869.13407874,-224298443.79900956,116650.50026198062,418361.1007603184,7377.808388772666,0.0,89986.6982919743,0,1,0,5,51,56,4137637260.2668853,4280254425.6012044,0.01014931407776532,75028559.88582373,4208945842.934045,2311354784.4803667,1262683752.8802135,4355708724.396177,2044353939.9158106,3093024971.5159636
2026-02-09,4355708724.396177,196081251.72682193,-17283920.14447744,-17477105.66150449,116652.85842470927,420108.6971891942,5708.61608895751,0.0,0.0,0,0,0,5,51,56,4154921180.9920306,4476335680.181545,0.010107298599312683,58053722.93855095,4315628430.586788,2365560274.3429956,1294688529.1760364,4534815220.433374,2169254946.0903788,3240126691.257338
2026-02-10,4534815220.433374,-69681682.28084336,47058199.52996228,53900894.610894084,114725.21526398261,415350.5910399225,10366.596962379888,0.0,0.0,0,0,0,5,51,56,4107862988.306926,4406653992.510823,0.010054151662944379,105423019.95640564,4257258490.4088745,2334022394.6197834,1277177547.1226623,4512502729.655231,2178480335.035448,3235325182.532569
2026-02-11,4512502729.655231,8776205.719982086,82938058.3670501,80248795.74318509,112297.3356737848,406964.6310418909,18552.991108171125,0.0,0.0,0,0,0,5,51,56,4024924922.3923273,4415430210.560782,0.010044172654662484,188674485.84580803,4220177566.476555,2311335029.357894,1266053269.9429665,4604530214.028741,2293195184.670847,3338476944.0857744
2026-02-12,4604530214.028741,-225625362.19041803,158045341.27782175,156249136.2440625,120536.50199104712,390984.4907312168,34124.10731574715,0.0,0.0,0,0,0,5,51,56,3866879578.6603856,4189804836.4540124,0.011221746070460715,347024820.1601405,4028342207.557199,2207515082.711619,1208502662.2671597,4537254765.2122,2329739682.5005813,3328752102.9450407
2026-02-13,4537254765.2122,104055868.28912836,-39040075.69836383,-48642876.65874013,109810.07206984887,384485.58617885644,30306.01045485406,0.0,103314.9499327627,1,0,0,6,50,56,3802604698.472206,4293860716.2909207,0.010395933598101438,308196716.49004126,4048232707.381563,2214246588.614392,1214469812.214469,4602472224.377596,2388225635.763204,3388002412.163127
2026-02-17,4602472224.377596,-70525671.75959465,32989567.840239517,40548877.18853191,108214.7380419846,381149.9746368314,33580.13215783829,0.0,0.0,0,0,1,6,50,56,3769615133.7708597,4223335036.3184533,0.010334557856081263,341492869.4017453,3996475085.0446568,2186718299.210871,1198942525.513397,4565242635.826993,2378524336.616122,3366300110.313596
2026-02-18,4565242635.826993,85957225.59796217,-68454974.72609277,-74172039.0669099,111553.42394383962,388071.53291476576,26878.53788513029,0.0,0.0,0,0,1,6,50,56,3838070105.7504306,4309292270.036305,0.010463392151074379,273341063.2386131,4073681187.893368,2228744099.2342052,1222104356.3680103,4583048283.345718,2354304184.111513,3360943926.977708
2026-02-19,4583048283.345718,66504441.189833224,16493921.852943398,7183992.803702919,126013.1031770625,388644.69175059197,28510.605461651045,0.0,185576.303319961,1,1,0,6,50,56,3843738709.6212397,4375796696.355039,0.011802237501261558,289938360.6269598,4109767702.988139,2247070786.9751315,1232930310.8964417,4666152212.279211,2419081425.3040795,3433221901.3827696
2026-02-20,4666152212.279211,-22031542.59391366,44047759.43289077,41104980.0408341,125362.942008318,392260.43897389015,32862.609244558196,0.0,81881.75266975012,0,1,0,5,51,56,3879498846.994518,4353765158.2076645,0.011633115745854027,334196026.21584606,4116632002.6010914,2252290943.6502714,1234989600.7803273,4688386307.471729,2436095363.821458,3453396706.691402
2026-02-23,4688386307.471729,2023349.4038624344,128138319.77950025,125701111.39891806,120039.79072324932,379234.14036637626,45492.87840663508,0.0,0.0,0,0,0,5,51,56,3750667322.30482,4355788495.440962,0.011521769580410067,462639441.42340755,4053227908.872891,2214147320.5516863,1215968372.6618671,4818852663.883142,2604705343.331456,3602884291.2212753
2026-02-24,4818852663.883142,154748755.31219995,-87368585.1206634,-87268260.1169024,122114.91240768215,388068.0712888647,36931.38855314375,0.0,0.0,0,0,0,5,51,56,3838035869.8898706,4510537276.248945,0.011454131737446997,375573442.91332626,4174286573.069408,2279045080.0291977,1252285971.9208224,4886535718.622113,2607490638.5929155,3634249746.701291
2026-02-25,4886535718.622113,57267818.09559303,-35322033.06128311,-38837351.32478076,126432.11833260619,391493.27017590025,33487.41715364725,0.0,0.0,0,0,0,5,51,56,3871911463.278134,4567805066.585746,0.011755321120179412,340550004.9523449,4219858264.93194,2303524705.6298766,1265957479.479582,4908780052.22542,2605255346.5955434,3642822572.745838
2026-02-26,4908780052.22542,52895401.899520636,-13657548.653110903,-7884743.32158098,121995.97614499269,392874.19939464564,32174.217163138386,0.0,0.0,0,0,0,5,51,56,3885569005.0019894,4620700480.718006,0.011302990979097248,327195428.7776785,4253134742.8599977,2320845821.6800985,1275940422.8579993,4948320957.912242,2627475136.2321434,3672380535.0542426
2026-02-27,4948320957.912242,-52035991.93154603,28502341.051055644,28688431.894971795,170820.12313854042,497950.7165998773,-684.5085133787393,5781427.819284285,0.0,0,0,0,2,54,56,4924787307.031753,4924787307.031753,0.012486883289775751,-5952247.9424238205,4924787307.031753,2708633018.867464,1477436192.1095257,4919332325.297416,2210699306.4299517,3441896133.18789
2026-03-02,4919332325.297416,122574871.66671586,-26013154.5158927,-35283231.71592625,172829.6321487486,490767.6900726882,-3649.4629896561,0.0,93495.59196795938,1,0,0,3,53,56,4853746385.334279,5047362178.003741,0.012818689448122976,-31734460.779618263,4950554281.66901,2717964460.101219,1485166284.500703,5016114835.451206,2298150375.349987,3530948550.9505033
2026-03-03,5016114835.451206,-316497841.73123825,17470815.098511487,30550053.95339664,175977.87821938464,497542.1168619902,-1595.5922665948485,0.0,84470.61286926287,0,1,0,2,54,56,4920746210.72298,4730702075.689085,0.012874477456473115,-13874715.361694336,4825724143.206032,2658899382.139165,1447717242.9618094,4717323306.851986,2058423924.712821,3269606063.890177
2026-03-04,4717323306.851986,209951170.79189253,-60058675.46077795,-62230999.18367342,179724.84111982246,503614.71640419884,-8454.423014707807,0.0,0.0,0,0,0,2,54,56,4980804887.514054,4940552799.209005,0.012990057684317102,-73516721.86702442,4960678843.36153,2729379666.0564675,1488203653.008459,4867531237.63537,2138151571.5789027,3379327584.626911
2026-03-05,4867531237.63537,-115421064.03546904,-117300429.09415802,-109491635.75865704,185100.30030762838,515475.0945120337,-21903.83239783101,0.0,0.0,0,0,0,2,54,56,5098105330.338795,4825092752.012662,0.013070759388629168,-190468107.80722618,4961599041.175728,2735704787.104804,1488479712.3527184,4635118215.46755,1899413428.3627462,3146638503.114832
2026-03-06,4635118215.46755,-190229436.16975832,19722955.908752628,20535262.961755868,182323.6380846581,513196.9350712329,-19599.898653799515,0.0,0.0,0,0,0,2,54,56,5075574083.122084,4634863312.905848,0.012931839558551499,-170433901.33738708,4855218698.013966,2681388053.163087,1456565609.4041896,4464923008.604877,1783534955.4417906,3008357399.200688
2026-03-09,4464923008.604877,160073141.64852145,6399547.543991627,-36390945.193740435,181916.2658740406,512549.86990799377,-18826.428168488903,0.0,0.0,0,0,0,2,54,56,5069174537.551586,4794921852.561855,0.012919234725400916,-163708071.0303383,4932048195.056721,2719482824.4059396,1479614458.5170162,4631707504.973256,1912224680.5673165,3152093046.4562397
2026-03-10,4631707504.973256,119412641.37379101,88649169.77445136,73034748.51440562,179632.86701214808,503586.4543823049,-8593.097155203472,0.0,0.0,0,0,0,2,54,56,4980525373.0118065,4914312267.212777,0.012984138676371729,-74722583.95829105,4947418820.112291,2722735678.706736,1484225646.0336874,4840084676.611713,2117348997.9049773,3355859030.578026
2026-03-11,4840084676.611713,69552407.99029031,-27378081.089338046,-39324910.19304931,179365.1162785104,506209.24254964525,-11694.40445125752,0.0,0.0,0,0,0,2,54,56,5006465036.205282,4983770111.885583,0.012897611666775267,-101690473.48919582,4995117574.045433,2747882038.83298,1498535272.21363,4882574153.234486,2134692114.4015055,3384038881.020856
2026-03-12,4882574153.234486,-172802269.11739233,91347845.02263466,102280090.39265528,158130.30256989665,496972.9607032859,-1150.7187518683816,0.0,0.0,0,0,0,2,54,56,4915117193.768761,4810967848.853404,0.011582004391946751,-10006250.016246796,4863042521.311083,2677277120.343979,1458912756.3933249,4801457421.079108,2124180300.7351294,3342544664.6857834
2026-03-13,4801457421.079108,-126699628.22134753,17778877.66924763,11344039.77940308,157810.11284427877,495092.2092579392,797.5456134288963,0.0,0.0,0,0,0,2,54,56,4896516355.2983,4684268227.05726,0.011602461117579444,8110633.35690403,4790392291.17778,2640021963.3538046,1437117687.353334,4692874750.169035,2052852786.8152304,3255757062.815701
2026-03-16,4692874750.169035,172742640.94058225,-12621513.91317066,-13171352.023740044,158477.56735058018,496352.3044592407,-479.94879293522837,0.0,0.0,0,0,0,2,54,56,4908978835.311172,4857010867.39375,0.011621953599763781,-4173467.7646541595,4882994851.352461,2686946367.4417887,1464898455.405738,4853333271.984762,2166386904.5429735,3388434816.5790243
2026-03-17,4853333271.984762,33101364.59367512,-60919427.360874586,-63027614.501028016,160946.65578242266,502511.93683268153,-7447.166424789267,0.0,0.0,0,0,0,2,54,56,4969898276.36718,4890112231.472991,0.011658346481092338,-64757968.911211014,4930005253.920086,2713497540.7784014,1479001576.1760256,4825849327.332188,2112351786.5537863,3346847751.1561623
2026-03-18,4825849327.332188,-191380683.63481995,85310584.05363728,96524091.06383583,157645.67259002215,493886.08763224556,2054.187170418393,0.0,0.0,0,0,0,2,54,56,4884587679.879352,4698731543.057211,0.011618676099557647,20890039.021203995,4791659611.468281,2640059189.7281084,1437497883.4404843,4720117522.353217,2080058332.6251087,3282619638.912733
2026-03-19,4720117522.353217,36646425.016189285,8116803.322823396,37783.29478372331,158201.88627517328,493065.3863041379,2885.5515895669014,0.0,0.0,0,0,0,2,54,56,4876470853.557407,4735377956.369681,0.011679077096813803,29344592.436273575,4805924404.963545,2646785745.159642,1441777321.4890635,4765218499.743849,2118432754.5842066,3323441178.2547855
2026-03-20,4765218499.743849,-198059009.3147847,94186486.2275141,106626174.19323592,153713.6758232068,483542.0872461492,12340.442307242669,0.0,0.0,0,0,0,2,54,56,4782284379.357519,4535696239.51727,0.011571232261973676,125496023.46348476,4658990309.437395,2568609373.686573,1397697092.8312185,4661688145.510308,2093078771.8237352,3263991052.6790895
2026-03-23,4661688145.510308,110524563.1980811,-50838421.830785066,-53861172.58707581,155881.7718435796,488682.41741125466,7374.762444687324,0.0,0.0,0,0,0,2,54,56,4833122809.561859,4646220820.9225,0.01161101012220625,74997584.18326092,4739671815.24218,2611492048.0991826,1421901544.572654,4721714462.285617,2110222414.1864343,3299812917.712963
2026-03-24,4721714462.285617,5702466.550530884,71568885.12026979,76799447.2926228,152569.3240050162,481446.0094550285,14446.147990641099,0.0,0.0,0,0,0,2,54,56,4761553939.665117,4651923265.06657,0.0115350907157147,146909979.56584167,4706738602.365844,2591446998.1661777,1412021580.709753,4799329136.789858,2207882138.62368,3387307556.080105
2026-03-25,4799329136.789858,128917480.88328767,-67165215.95778228,-64246002.0204211,150308.71593052958,479641.83665283845,7867.1890362152535,0.0,85008.65829012287,1,0,0,3,53,56,4743710472.39071,4780840772.108445,0.011406922502949477,80005312.23269749,4762275622.2495775,2618323334.744324,1428682686.674873,4861333593.366832,2243010258.6225076,3432650906.6919584
2026-03-26,4861333593.366832,-314252256.99576974,27941859.008360088,29380876.260300353,142954.63362247025,476816.6038122324,10648.687378895023,0.0,0.0,0,0,1,3,53,56,4715768609.1319685,4466588504.68924,0.01091310290425004,108291736.05655956,4591178556.9106045,2531377708.9119005,1377353567.0731814,4575367706.036991,2043989997.1250906,3198014138.96381
2026-03-27,4575367706.036991,-52267711.6504362,127425847.06371048,140373393.65553004,137716.2290677311,463932.4347047184,23213.287423482216,0.0,0.0,0,0,1,3,53,56,4588342760.815896,4414320795.49087,0.010805174122512001,236067329.7303276,4501331778.153383,2480083027.1174865,1350399533.446015,4650875270.943326,2170792243.8258395,3300475737.497311
2026-03-30,4650875270.943326,-267504684.77218428,-24152743.91409429,-19426547.804884385,145796.45824811907,474217.80227575963,20866.729315069715,0.0,80722.51145940859,0,1,0,2,54,56,4690066176.353666,4146787296.354428,0.01119104144712285,212204026.93291235,4418426736.354047,2443716676.9947066,1325528020.906214,4359486407.818931,1915769730.824224,3033958386.912717
2026-03-31,4359486407.818931,344290348.42020667,-101869963.95092261,-115406854.19773757,137331.56910313468,465303.90899803076,-550.0720689200164,4645903.812814078,0.0,0,0,0,3,51,54,4601906792.288216,4601906792.288211,0.01074323473043348,-4783235.381913185,4601906792.288214,2531048735.7585173,1380572037.686464,4597588310.743227,2066539574.9847097,3217016273.0567627
2026-04-01,4597588310.743227,90085482.62991913,6849014.032102384,14756013.319680925,136462.70450341294,464611.39426861034,235.41888858747961,0.0,0.0,0,0,0,3,51,54,4595057745.513728,4691992254.308331,0.010691176551413781,2394090.3924150467,4643524999.91103,2551515387.231201,1393057499.9733088,4694851191.513903,2143335804.2827015,3301793691.540594
2026-04-02,4694851191.513903,148603417.60353488,-57292819.81257702,-50509951.11952985,136872.94272841816,470404.33365112834,-6275.638699900985,0.0,0.0,0,0,0,3,51,54,4652350552.593576,4840595687.665619,0.010591261089463967,-54570771.303486824,4746473120.129598,2605854087.6944776,1423941936.0388792,4786489045.057083,2180634957.3626056,3362547109.0182037
2026-04-06,4786489045.057083,4684047.479668135,-3393444.8773172637,-10724375.735801196,134722.87685266038,461623.84363247844,-6638.380162536592,0.0,90233.46651545518,1,0,0,4,50,54,4565510541.420116,4845279736.207688,0.010623178991033842,-57725044.89162254,4705395138.813902,2580973096.477957,1411618541.6441705,4788009676.779535,2207036580.3015785,3376391135.1353645
2026-04-07,4788009676.779535,38886437.05393062,58518405.62842242,59765011.77329372,138010.73530259967,464927.4432453061,100.21663781895002,0.0,91191.36258762074,0,1,0,3,51,54,4598183504.623906,4884166165.114991,0.010805106986046573,1019152.2490062714,4741174834.869449,2600496592.6659193,1422352450.4608345,4885650345.023881,2285153752.3579617,3463297894.5630465
2026-04-08,4885650345.023881,283043781.1148293,14594783.38841738,17440018.027063344,139891.13449754225,463451.75059781445,1567.3405863435287,0.0,0.0,0,0,0,3,51,54,4583588742.176187,5167209961.582356,0.010987200478026527,15939056.81027317,4875399351.8792715,2666879113.0484447,1462619805.5637815,5183614037.483814,2516734924.4353695,3720994231.9200325
2026-04-09,5183614037.483814,55801950.52418555,69177160.2494459,67446617.2490626,138524.06077452732,456072.84898146807,8401.866642603783,0.0,0.0,0,0,0,3,51,54,4510610594.322211,5223011912.576971,0.011055856149853115,85442711.61969948,4866811253.449591,2658936156.440906,1460043376.034877,5308919098.912294,2649982942.4713883,3848875722.8774176
2026-04-10,5308919098.912294,72388848.6363172,76419486.03397487,78255745.63631852,137730.4902518841,448345.9893662894,15948.581817835931,0.0,0.0,0,0,0,3,51,54,4434191103.6226425,5295400735.453325,0.011181966526018688,162188967.63900948,4864795919.537984,2654107514.950124,1459438775.8613951,5458053997.663519,2803946482.713395,3998615221.802124
2026-04-13,5458053997.663519,156059008.09086972,-92857546.59077188,-100768627.6327509,137318.16212783818,457734.9208315126,6849.741760873652,0.0,0.0,0,0,0,3,51,54,4527048667.56441,5451459750.212944,0.010919815976402557,69658390.78854561,4989254208.888678,2720979537.8225594,1496776262.6666033,5521582725.664082,2800603187.841522,4024806462.9974785
2026-04-14,5521582725.664082,147313373.03869602,-30981953.891034793,-34283278.68278964,148470.99584781006,460867.537714732,3834.2678773079224,0.0,0.0,0,0,0,3,51,54,4558030592.783064,5598773119.131408,0.011726458920622585,38992554.68448734,5078401855.957235,2767102457.617771,1523520556.7871706,5638230375.621487,2871127918.0037155,4114709818.8343163
2026-04-15,5638230375.621487,-10685040.748568166,-144235958.4461453,-158071971.40723,140181.43643410204,463585.37321012473,-12079.166726747046,0.0,117356.27847164092,1,0,0,4,50,54,4584910284.495739,5588088071.118363,0.011006827611639309,-105036232.40649605,5086499177.807051,2772495103.1283126,1525949753.3421152,5483503344.918351,2711008241.7900386,3957553591.576236
2026-04-16,5483503344.918351,140953641.23459387,-26861482.37014638,-40219026.38853487,156432.70214282427,478071.35260819603,-15147.691133722414,0.0,116406.45088383951,0,1,0,3,51,54,4728178212.608532,5729041717.966489,0.011910670503332695,-131719053.33671665,5228609965.28751,2850713893.274182,1568582989.586253,5597785588.291246,2747071695.0170646,4029202598.7049932
2026-04-17,5597785588.291246,151486212.47052643,-51697502.181177266,-54874881.577221096,158794.26032507265,483298.54504429153,-21057.92936553174,0.0,0.0,0,0,0,3,51,54,4779875720.218267,5880527933.585764,0.011959711311158474,-183112429.2654934,5330201826.902016,2904094699.461921,1599060548.0706046,5697877744.935949,2793783045.474028,4098817196.865345
2026-04-20,5697877744.935949,36533891.65246854,-67290984.5778274,-79381226.87825076,148746.55381410348,480742.50954811566,-28770.98512823687,0.0,92570.45240834658,1,0,0,4,50,54,4754596248.278067,5917061814.380341,0.011262525055091807,-250182479.37597275,5335829031.329204,2905644328.078505,1600748709.398761,5667331306.528788,2761686978.4502826,4066582597.130027
2026-04-21,5667331306.528788,-150345059.77142355,44745536.36090347,49627410.285147905,144919.97106185165,476218.23734031856,-23589.94009808474,0.0,0.0,0,0,1,4,50,54,4709850698.970183,5766716777.043594,0.01107703681428245,-205129913.896389,5238283738.006889,2854634403.951954,1571485121.4020667,5562039491.4444475,2707405087.4924936,3990554370.042381
2026-04-22,5562039491.4444475,250787087.64164105,-34775697.80124432,-30529014.749704495,157851.38263684654,488495.2986937239,-27565.84362803812,0.0,92180.95269590204,0,1,0,3,51,54,4831272184.882983,6017503837.019408,0.011762222366000094,-239702988.0698967,5424388010.951196,2953757614.719747,1627316403.2853587,5778261778.404577,2824504163.68483,4150945375.119219
2026-04-23,5778261778.404577,-170583714.44242662,167978085.18375465,172599352.22914094,150615.9245737854,471510.8467259129,-8212.680552585545,0.0,0.0,0,0,0,3,51,54,4663294088.498039,5846920146.722075,0.011627345781236493,-71414613.50074387,5255107117.610058,2860718263.229931,1576532135.2830174,5775968831.387505,2915250568.1575737,4199436696.1044874
2026-04-24,5775968831.387505,-49208301.90233756,-51973325.57265469,-63466133.31369898,152333.7155246161,476765.9282542055,-14153.852494249697,0.0,0.0,0,0,0,3,51,54,4715267422.29434,5797711848.407855,0.011630334544668913,-123076978.21086693,5256489635.351097,2864008188.790266,1576946890.605329,5675097482.272748,2811089293.482482,4098150591.667419
2026-04-27,5675097482.272748,37854687.06555103,14341471.827153757,17781502.27403936,134238.57144910088,463467.46340075845,-12480.29582778808,0.0,117181.79902816379,1,0,0,4,50,54,4583744143.523985,5835566532.340959,0.01054288463939511,-108524311.54598331,5209655337.932472,2834014876.142435,1562896601.3797417,5727493207.962548,2893478331.820113,4164596606.5828066
2026-04-28,5727493207.962548,-357372679.9654897,6047301.904924007,7566954.803062749,173186.09744711334,474721.9775659548,-6172.524407740107,0.0,117355.66324935983,0,1,0,3,51,54,4695052525.377575,5429551413.425982,0.01327929660934877,-53674125.28469658,5062301969.401779,2765903610.969768,1518690590.8205338,5376345837.594444,2610442226.624676,3857655246.7739105
2026-04-29,5376345837.594444,-21490967.47501757,34954876.54477557,40993275.8560991,169746.00773643702,471187.65113904607,-2118.353463495679,0.0,0.0,0,0,0,3,51,54,4660097648.627928,5408060465.556429,0.013113150709000602,-18420464.899962425,5034079057.092178,2750044410.9774857,1510223717.1276534,5390109069.954142,2640064658.976656,3879885352.8264885
2026-04-30,5390109069.954142,298808810.2169257,-65655217.29528071,-68886091.4933928,218501.91361353398,568574.3359129966,-738.7152700850772,6205109.130608895,0.0,0,0,0,4,52,56,5623262662.87579,5623262662.875783,0.013988442940818352,-6423611.044218063,5623262662.875786,3092794464.5816827,1686978798.8627357,5617406887.452208,2524612422.870525,3930428088.589472
2026-05-01,5617406887.452208,54125457.05292759,-82441067.17240037,-70211957.9760571,220968.44619852884,576910.0431316284,-10179.549462910341,0.0,0.0,0,0,0,4,52,56,5705703723.279841,5677388130.303148,0.013941950807383145,-88517821.41661167,5691545926.791494,3131058149.559739,1707463778.0374482,5589437039.380205,2458378889.820466,3881973261.342757
2026-05-04,5589437039.380205,60849705.28851239,17693437.26324306,21027296.83184768,158280.8975606988,563703.9825007485,-8110.815729299015,0.0,112915.94150461192,1,0,0,5,51,56,5575094332.424985,5738237817.521583,0.010220656319740982,-70528832.4286871,5656666074.973284,3107087754.107891,1696999822.491985,5668264578.259667,2561176824.1517763,3971264755.767682
2026-05-05,5668264578.259667,116579101.35466608,-33792755.56874332,-36861261.115703985,158547.06765137773,567120.8072276732,-11951.322223712388,0.0,0.0,0,0,1,5,51,56,5608887104.449515,5854816918.053699,0.010176162096259168,-103924541.07575989,5731852011.251607,3146370360.848279,1719555603.375482,5751447546.462943,2605077185.614664,4031891943.087461
2026-05-06,5751447546.462943,240321341.36423245,-66964685.22732995,-63720205.09353369,160416.71342866187,573891.6789860578,-19606.86722860563,0.0,0.0,0,0,1,5,51,56,5675851770.19178,6095138283.526466,0.010174687284401546,-170494497.64004898,5885495026.859123,3226540101.939151,1765648508.0577369,5925198070.698174,2698657968.7590237,4159549562.6404376
2026-05-07,5925198070.698174,-256832905.39604682,21955228.722794402,24658030.060865317,161138.18992732262,556721.8463663103,-17010.87217898692,0.0,132688.15788296616,1,0,1,6,50,56,5521208393.715474,5838305356.64649,0.010506712342150651,-148278788.96937752,5679756875.180983,3115938857.2762647,1703927062.5542948,5690566278.651299,2574627421.375035,3986639216.097005
2026-05-08,5690566278.651299,198620164.99268836,35267144.73909569,35943179.148606345,228627.53640172022,569929.6228056332,-12969.951967348361,0.0,354689.18811401154,1,2,0,5,51,56,5652194606.336859,6036925543.044655,0.014561762083057693,-113055271.38608742,5844560074.690757,3204889767.662221,1753368022.407227,5924427231.329406,2719537463.667185,4171059208.9221787
2026-05-11,5924427231.329406,314414678.28396255,138831896.45598787,158579195.28614002,222032.89899918684,555930.7401891855,2560.385151682235,0.0,0.0,0,0,1,5,51,56,5513362712.620022,6351340196.552634,0.014497838761223571,26111576.61772251,5932351454.5863285,3241843862.924165,1779705436.3758986,6378010264.295697,3136166401.3715324,4598304827.919799
2026-05-12,6378010264.295697,-94574312.52020904,75629323.8575879,67571487.51512471,217019.80290432906,557627.8448674106,10000.675925856041,0.0,92460.11468626671,0,1,0,4,52,56,5530193502.817295,6256765899.587775,0.014127377099148063,101989896.12771034,5893479701.202536,3223249525.742132,1768043910.3607607,6359323424.236279,3136073898.4941463,4591279513.875518
2026-05-13,6359323424.236279,106560735.39537512,37625201.35096523,56419359.85201198,207302.43125653872,541040.7941435283,13713.177673415565,0.0,124323.4801584858,1,0,0,5,51,56,5365693826.21681,6363326631.319657,0.013908522861986053,139851103.75154686,5864510228.768234,3200539805.6949573,1759353068.6304703,6503732489.043021,3303192683.348064,4744379420.412551
2026-05-14,6503732489.043021,-24287768.883164514,-21637463.47041664,-21677460.46390079,212757.02245136173,555672.9158124741,11612.93329091054,0.0,123474.49434559589,0,1,0,4,52,56,5510805776.652636,6339038844.302167,0.013898607787446638,118432180.87047577,5924922310.477402,3238001444.0713325,1777476693.1432204,6458038311.021746,3220036866.950413,4680561617.878525
2026-05-15,6458038311.021746,-284340471.0305538,15107189.02602068,30176006.849714965,211480.17214443005,554149.6085365979,13129.16683535268,0.0,0.0,0,0,0,4,52,56,5495698597.05717,6054698362.98878,0.013853172736358282,133895185.85628796,5775198480.022975,3162384169.864346,1732559544.0068924,6189160827.62044,3026776657.7560935,4456601283.613547
2026-05-18,6189160827.62044,-235321027.58455557,-7642940.956134087,-9454534.271188501,209166.48922691392,554920.2710982021,12414.845771806475,0.0,0.0,0,0,0,4,52,56,5503341531.552418,5819377367.438955,0.013682584606092568,126610325.15156746,5661359449.495687,3105846801.3254642,1698407834.848706,5946555027.707393,2840708226.3819284,4248147192.8586864
2026-05-19,5946555027.707393,-113077677.8615147,25597767.951099925,19882733.610598776,210400.05158684406,550817.5670034691,14917.469454397575,0.0,0.0,0,0,0,4,52,56,5477743760.255493,5706299689.234507,0.013827594331964696,152565028.51088428,5592021724.745,3069898050.385275,1677606517.4234998,5859430452.781849,2789532402.396574,4181823935.358349
2026-05-20,5859430452.781849,169038254.4252067,-66710529.703510426,-74237694.83681218,214288.20316264394,557525.6811130776,8438.018903620656,0.0,0.0,0,0,0,4,52,56,5544454287.312373,5875245968.695171,0.013913678270390537,86297920.60521126,5709850128.003773,3132147778.367505,1712955038.4011319,5962109853.0004,2829962074.6328945,4249154814.599268
2026-05-21,5962109853.0004,225318233.2296506,-35131728.5779282,-61424600.98151158,215791.48731269332,561058.374837621,5037.152574515568,0.0,0.0,0,0,0,4,52,56,5579586048.108937,6100564233.016355,0.013923064321034889,51516333.148454666,5840075140.562646,3199016872.6867695,1752022542.1687937,6152646661.692222,2953629789.005452,4400624119.523428
2026-05-22,6152646661.692222,35294940.664504975,-81617679.83542103,-76462291.03965127,217715.3411712852,569017.8545503363,-3389.8954605305853,0.0,0.0,0,0,0,4,52,56,5658741094.975719,6135726652.951761,0.01385069956482944,-29620445.771626472,5897233873.96374,3231553991.730656,1769170162.189122,6106671835.139225,2875117843.408569,4337501672.950103
2026-05-26,6106671835.139225,195623265.86792648,4453341.123516526,8552237.453795038,218582.42648162256,568570.0461080454,-2840.5201565870584,0.0,0.0,0,0,0,4,52,56,5654287751.350727,6331349938.742326,0.013916814459007025,-24820079.038139343,5992818845.046526,3279123810.0907993,1797845653.5139577,6307095589.230138,3027971779.1393385,4509249935.71618
2026-05-27,6307095589.230138,30191680.44650174,-87257907.92675291,-86991023.40277104,220774.83621821107,577344.3136882996,-12787.223787246145,0.0,0.0,0,0,0,4,52,56,5741545660.988615,6361541610.297373,0.013842777839176985,-111733023.38370419,6051543635.642994,3312849100.870928,1815463090.692898,6250373144.00357,2937524043.132642,4434910053.310672
2026-05-28,6250373144.00357,82724416.05130118,-101163855.45404902,-115325764.94967473,226964.28189394806,587516.9008869261,-24326.229807063988,0.0,0.0,0,0,0,4,52,56,5842709511.58269,6444266029.895215,0.01398446068897378,-212559289.57628727,6143487770.738953,3363879360.948611,1843046331.2216856,6232269930.990007,2868390570.0413966,4389223599.768322
2026-05-29,6232269930.990007,-77233276.87006488,-176962803.14840865,-153433197.59115332,154186.59021308104,601128.5372365821,-894.7584662878206,7664091.270547641,0.0,0,0,0,4,53,57,5978073850.971535,5978073850.97154,0.009285126591015321,-7818277.8607673645,5978073850.971538,3287940618.0343456,1793422155.2914612,5970855806.889544,2682915188.855198,4177433651.5980825
2026-06-01,5970855806.889544,92251178.58248283,-146630771.65454185,-133424001.57666011,160722.82083851343,615873.0771344497,-17625.535651801292,0.0,0.0,0,0,0,4,53,57,6124704634.48624,6070325025.818211,0.009447021359376683,-154009534.82156467,6097514830.1522255,3354992646.8004246,1829254449.0456676,5916913738.538129,2561921091.7377043,4087659289.492461
2026-06-02,5916913738.538129,213702958.97287947,222961716.10577503,214140961.43394428,154276.85352231748,593453.037462932,6785.398380695208,0.0,0.0,0,0,0,4,53,57,5901742913.996009,6284028016.960696,0.009410722913111267,69396119.80256462,6092885465.478353,3341529878.438977,1827865639.6435058,6354024375.199104,3012494496.7601275,4526158735.555598
2026-06-03,6354024375.199104,-189292202.78513762,198273591.60496923,170004565.62149185,149016.70852470928,573515.5266717508,26228.745215598603,0.0,0.0,0,0,0,4,53,57,5703469326.017411,6094608216.696335,0.009405856681683079,268248530.6140766,5899038771.356873,3234692851.979307,1769711631.4070618,6363456491.582299,3128763639.602992,4593744860.175238
2026-06-04,6363456491.582299,15154967.35650302,-57987424.14447577,-50035783.043392755,148870.16105785282,579293.9979826298,20602.94935143487,0.0,0.0,0,0,0,4,53,57,5760934786.567589,6109763182.629958,0.00930287530867162,210711982.00331116,5935348984.598774,3255721231.627766,1780604695.3796322,6321075061.580604,3065353829.9528375,4540470366.200972
2026-06-05,6321075061.580604,-681845784.2365186,210267510.61937687,209302563.96864742,144466.07027159297,558150.4304802336,41218.61979841725,0.0,0.0,0,0,0,4,53,57,5550667264.444312,5427798255.773014,0.009369645633583133,421554066.1201763,5489232760.108664,3022149743.2765474,1646769828.032599,5849951690.943469,2827801947.6669216,4203181862.91087
2026-06-08,5849951690.943469,178194278.69378325,-32095502.205895204,-39478691.97498242,146453.22201117533,561377.8131607351,38124.678106329426,0.0,0.0,0,0,0,4,53,57,5582762782.813939,5605992533.576431,0.009443919072887507,389911480.63291454,5594377658.195185,3076326968.23829,1678313297.4585555,5996503516.700613,2920176548.462323,4318190219.242058
2026-06-09,5996503516.700613,-186269270.4983712,24791882.663183946,21814236.26400393,148274.53654325043,558884.8508812406,40592.893799838945,0.0,0.0,0,0,0,4,53,57,5557970892.741619,5419723258.648712,0.009604014519989615,415154595.680171,5488847075.695166,3022322082.484664,1646654122.7085497,5835477332.073565,2813155249.5889006,4188823209.365015
2026-06-10,5835477332.073565,-156061915.0438341,42690111.90011123,30688006.19791378,147161.94981293715,554592.1215823437,44811.264176327495,0.0,0.0,0,0,0,4,53,57,5515280767.11723,5263661346.994862,0.009605730726986809,458297019.9851675,5389471057.056046,2970499566.8838844,1616841317.1168137,5722557770.3657875,2752058203.481903,4105716453.248974
2026-06-11,5722557770.3657875,342832327.92531276,-44386522.66291969,-41379279.70702087,152451.81203032195,558939.8915953044,40514.95247041031,0.0,0.0,0,0,0,4,53,57,5558518258.958827,5606493655.368772,0.009873611954491634,414357468.44737816,5582505957.163799,3069178891.529841,1674751787.1491396,6021450578.660215,2952271687.1303744,4346698791.511076
2026-06-12,6021450578.660215,84821563.3971064,26343298.82532688,23436748.03052004,149042.32102289004,556102.575577406,43134.78013751109,0.0,0.0,0,0,0,4,53,57,5530301856.570888,5691315238.064353,0.009702044655028975,441151160.4972725,5610808547.31762,3081919366.4873543,1683242564.195286,6133065635.91734,3051146269.429986,4449823071.7220545
2026-06-15,6133065635.91734,247631735.50722918,-60895610.41293806,-58658872.11521345,151942.70084580034,563663.9834507977,37332.14304005806,0.0,0.0,0,0,0,4,53,57,5590056034.222788,5938925413.369683,0.009785120572962784,380724404.941102,5764490723.796236,3161748163.609257,1729347217.1388707,6320250814.437276,3158502650.8280187,4590903597.298405
2026-06-16,6320250814.437276,-163944739.8538599,33509994.94095452,31398498.335875962,152718.39135656593,560285.0596321903,40661.94117104151,0.0,0.0,0,0,0,4,53,57,5556546045.939077,5774980664.969418,0.009894387706648104,414682686.16359615,5665763355.454247,3110708980.0240774,1699729006.636274,6190264298.133817,3079555318.1097393,4490535291.497542
2026-06-17,6190264298.133817,31248247.607678093,107466337.22931997,89537153.08586842,144891.1493163375,539719.8314997468,51243.38999043706,0.0,96486.30702384538,1,0,0,5,52,57,5352593370.245422,5806142026.8584585,0.009744961020920949,522595478.6560154,5579367698.551941,3057313517.7882414,1673810309.5655823,6329328468.735964,3272014950.9477224,4655518159.170382
2026-06-18,6329328468.735964,122314986.80389954,1145641.7104058296,1355110.308183724,146741.68984363961,539604.3154585278,51399.28160927837,0.0,0.0,0,0,1,5,52,57,5351447756.613499,5928457047.363819,0.009871535843440664,524185308.19660664,5639952401.988659,3087548588.8250046,1691985720.5965977,6453233359.157494,3365684770.332489,4761247638.560896
2026-06-22,6453233359.157494,124448343.05173166,131678993.77707724,112286384.27998622,140517.7932798417,526326.6825237622,64355.312931661894,0.0,0.0,0,0,1,5,52,57,5219768752.301774,6052905372.091088,0.009691311623419293,656314806.1019344,5636337062.196431,3079156968.7133045,1690901118.6589293,6709810860.188478,3630653891.475174,5018909741.529549
2026-06-23,6709810860.188478,-296483079.39012027,-8456003.413624752,-16987182.3285751,143273.22704644143,536645.7260344803,63560.82074638709,0.0,93881.6242454719,0,1,0,4,53,57,5322106373.895672,5756422286.309664,0.009691343635990618,648212336.2237778,5539264330.102668,3035737483.7461176,1661779299.0308003,6405234829.080222,3369497345.3341045,4743455530.049421
2026-06-24,6405234829.080222,-140582001.57832292,-2912823.934884809,-13129462.47720882,141318.67236270316,536939.4388725155,63320.19982008168,0.0,0.0,0,0,0,4,53,57,5325019228.487757,5615840273.13178,0.009553903914262668,645758411.7628727,5470429750.809769,3001465836.829272,1641128925.2429307,6262198944.533345,3260733107.7040734,4621070019.290415
2026-06-25,6262198944.533345,84327194.65224779,83154204.99720173,116633289.94716515,137326.97116235783,528554.719877648,71519.32361510688,0.0,0.0,0,0,0,4,53,57,5241864990.522129,5700167478.927256,0.009431320666945379,729375538.2843761,5471016234.724692,2997601366.8884525,1641304870.4174078,6430143091.255124,3432541724.3666716,4788838220.837716
2026-06-26,6430143091.255124,-95758109.98533332,-185707759.84776908,-193827671.84370875,140591.346073913,547280.2531405422,53354.70212738485,0.0,0.0,0,0,0,4,53,57,5427572758.4186,5604409356.255592,0.009325141612906812,544127273.8203554,5515991057.337096,3029374166.589478,1654797317.2011287,6149137265.031216,3119763098.4417377,4494339947.830087
2026-06-29,6149137265.031216,201526925.03560364,21260549.745520502,31490061.592235092,157895.87118311584,545136.4810528756,55482.828197066,0.0,0.0,0,0,0,4,53,57,5406312208.78885,5805936301.421503,0.010514101189626982,565830542.5196533,5606124255.105177,3073377737.9920306,1681837276.531553,6372367463.250406,3298989725.2583756,4690530186.718853
2026-06-30,6372367463.250406,107515248.6117773,26117831.78872782,29009465.505212434,183115.2956749249,656021.7214848007,-1054.825598095885,9011490.402008513,0.0,0,0,0,3,54,57,6506000543.650916,6506000543.650916,0.010132416374804106,-9194605.697688103,6506000543.650916,3578300299.0080037,1951800163.0952747,6497460904.849114,2919160605.8411107,4545660741.7538395
2026-07-01,6497460904.849114,-378774285.8813205,-226909079.1040111,-335028139.65947354,190050.60649480188,678901.7190508333,-27033.00212961555,0.0,0.0,0,0,0,3,54,57,6732909610.421487,6127226248.74062,0.010161761006300755,-235638759.48333168,6430067929.581053,3551679445.3116007,1929020378.8743157,5892239357.974209,2340559912.662608,3963218979.099893
2026-07-02,5892239357.974209,-299985033.1090729,-91888144.28850721,-23021722.481034294,188989.05355292084,688167.1066283261,-37521.51277347968,0.0,0.0,0,0,0,3,54,57,6824797751.685879,5827241225.383916,0.009968948788591586,-327064033.86083984,6326019488.534897,3504249631.8517427,1897805846.560469,5500827837.116931,1996578205.2651882,3603021990.5564623
2026-07-06,5500827837.116931,116860853.35751356,-4442660.331221632,6243210.682880052,192150.13859475305,688615.0740906922,-37850.396868924014,0.0,0.0,0,0,0,3,54,57,6829240404.205213,5942984700.169583,0.01012909866981928,-329930820.16495514,6386112552.187398,3534518296.30396,1915833765.6562192,5613704644.6818495,2079186348.3778896,3697870879.02563
2026-07-07,5613704644.6818495,-330266462.72954977,18816880.642598454,52504902.89478645,187583.4799105621,686717.7071617765,-35638.54711670012,0.0,0.0,0,0,0,3,54,57,6810423542.100263,5612718253.013584,0.00991569061018734,-310650773.89859676,6211570897.556923,3446306625.883475,1863471269.2670767,5302718558.275032,1856411932.3915572,3439247289.0079556
2026-07-08,5302718558.275032,44162592.65741718,159721807.672509,220672248.36329758,183000.80587866993,668765.0072433287,-17219.411726811726,0.0,0.0,0,0,0,3,54,57,6650701729.491666,5656880836.965396,0.0099057652554442,-150460879.16631603,6153791283.228531,3409430728.0888486,1846137384.9685593,5507071503.394596,2097640775.3057475,3660934118.426037
2026-07-09,5507071503.394596,126511371.95728908,-55855864.91412053,-75173619.87767576,184107.0195991259,674325.413433807,-23558.309144684958,0.0,0.0,0,0,0,3,54,57,6705998586.634544,5783392206.624151,0.009883468688434021,-205849303.20598507,6244695396.629348,3457647627.646401,1873408618.9888043,5578193670.522455,2120546042.8760543,3704785051.533651
2026-07-10,5578193670.522455,-108077388.56977503,22541883.18682529,32618084.477764882,183257.07452233718,672058.7017634655,-20925.012198253018,0.0,0.0,0,0,0,3,54,57,6683456702.620099,5675314820.476903,0.009871021802561896,-182839912.4119196,6179385761.548501,3423865715.9052553,1853815728.4645503,5493126041.754549,2069260325.8492937,3639310313.289999
2026-07-13,5493126041.754549,-298949575.03400123,-53275132.05808131,-25769908.975420523,185300.64912566912,677415.81179261,-26968.74342925491,0.0,0.0,0,0,0,3,54,57,6736731829.981755,5376365248.443723,0.009902165526072534,-235649214.43038273,6056548539.212739,3365110861.1054573,1816964561.7638216,5141366481.081703,1776255619.9762459,3324401919.3178816
2026-07-14,5141366481.081703,176321606.459178,78008076.77893762,80219287.9238339,218978.44530669312,671421.3149023947,-18035.44183537297,0.0,0.0,0,0,0,3,54,57,6658723784.15598,5552686848.362024,0.01183894134458407,-157209662.4875126,6105705316.259003,3385788847.3373003,1831711594.8777008,5396130571.747579,2010341724.4102783,3564418976.869878
2026-07-15,5396130571.747579,-122358137.04969504,-107644320.80378473,-96996867.93582885,222434.31378369714,682275.4505975235,-30335.198676050666,0.0,0.0,0,0,0,3,54,57,6766368105.099406,5430328718.887295,0.011834465952536967,-264423039.30697918,6098348411.993351,3387492611.2516456,1829504523.5980053,5166557619.832237,1779065008.5805917,3337053096.234232
2026-07-16,5166557619.832237,-397167388.1544396,-47173931.96512436,-37868505.92966001,222928.2305795948,673787.5263670722,-35712.94656686298,0.0,131351.6775548983,1,0,0,4,53,57,6682190344.136254,5033161311.912787,0.012010158178010998,-311299292.1082487,5857675828.024521,3262947431.2190733,1757302748.4073563,4722500094.384339,1459552663.165266,2965197345.976983
2026-07-17,4722500094.384339,19817762.061069973,49626622.21753261,23065515.003967304,220957.48092794023,681918.9645544632,-29986.76456905427,0.0,130268.98980444243,0,1,0,3,54,57,6762832706.325254,5052979093.472102,0.01176203768276873,-261385841.27989197,5907905899.898678,3292094585.265602,1772371769.9696033,4792245184.392196,1500150599.1265936,3019873414.422592
2026-07-20,4792245184.392196,72772320.13373737,-22979989.501950648,-14300122.47153766,218298.44638760498,684146.3114973538,-32573.332521992234,0.0,0.0,0,0,0,3,54,57,6784922097.494418,5125751412.895203,0.011582659250952804,-283932196.3176079,5955336755.194811,3316914482.472126,1786601026.5584433,4842470789.55657,1525556307.084444,3055869762.998127
2026-07-21,4842470789.55657,377082338.19207835,36189649.20508532,47897129.87929002,218030.97956760658,680497.190486919,-28351.568740088373,0.0,0.0,0,0,0,3,54,57,6748732467.638866,5502657064.289706,0.011630502916023801,-247132318.3155403,6125694765.964287,3400284006.364086,1837708429.789286,5256176891.595913,1855892885.2318268,3418468461.8066273
2026-07-22,5256176891.595913,-28212497.120208636,157057171.61349875,160234928.1751589,227715.23339712754,664660.5911642942,-10284.930691445876,0.0,0.0,0,0,0,3,54,57,6591675284.273993,5474444578.432573,0.012436517347652536,-89650727.57676792,6033059931.353283,3346113729.890341,1809917979.4059849,5385448226.516278,2039334496.6259375,3575530247.1102934
2026-07-23,5385448226.516278,-32021726.85427425,25094971.55554893,31817579.910520688,226331.76456769858,662130.1817060865,-7356.871753582978,0.0,0.0,0,0,0,3,54,57,6566580314.440528,5442422835.125864,0.01240819899288988,-64127695.672878265,6004501574.7831955,3330579803.1136246,1801350472.4349587,5378949912.7629385,2048370109.649314,3577599440.32798
2026-07-24,5378949912.7629385,-340154219.68837136,-35328212.87516265,-25315677.175696526,223147.13631768522,665692.444136159,-11360.287099090094,0.0,0.0,0,0,0,3,54,57,6601908536.887527,5102268627.389297,0.012168143291521535,-99024294.32620907,5852088582.138412,3256139717.9135823,1755626574.6415236,5003898665.220124,1747758947.306542,3248272090.578601
2026-07-27,5003898665.220124,-22994007.738159604,-265450913.9754859,-248507046.04800698,232883.88633602922,679502.7659875675,-41779.797237577615,0.0,128489.0333622518,1,0,0,4,53,57,6738870406.488273,5079274622.536609,0.012440986993940415,-364182251.9498291,5909072514.512441,3291479777.580634,1772721754.353732,4715730093.55553,1424250315.9748955,2943008339.2017975
2026-07-28,4715730093.55553,-279207772.62845796,-172163990.6653108,-161189459.5228691,220542.21519740735,710289.1974402086,-61498.24789611189,0.0,133155.99690442576,0,1,0,3,54,57,7044190387.836781,4800066841.313588,0.011271018115603255,-536062209.26392937,5922128614.575184,3313273826.679431,1776638584.372555,4264653422.9992027,951379596.3197718,2488014838.626648
2026-07-29,4264653422.9992027,-306492621.46314347,-24108465.362372,-18944813.04777859,215043.85820579185,712720.1370150336,-64214.26547936144,0.0,0.0,0,0,0,3,54,57,7068298879.487937,4493574231.118632,0.010952534729218106,-559736938.8031507,5780936555.303285,3243883221.626039,1734280966.5909853,3934485798.1870174,690602576.5609784,2200204831.596032
2026-07-30,3934485798.1870174,540569098.7114059,68188476.79578975,66780202.2282197,223553.89494409008,705844.4621941601,-56342.78000591585,0.0,0.0,0,0,0,3,54,57,7000110368.867703,5034143325.904104,0.011496876183237985,-491123506.1048355,6017126847.385904,3358568942.1363373,1805138054.2157712,4543669321.481457,1185100379.3451195,2738531267.2656856
2026-07-31,4543669321.481457,-48228231.41874568,85876042.80001248,89762192.07410756,132030.44108883597,461949.4775636579,-905.171324624467,7758082.800194709,0.0,0,0,0,2,54,56,4581317132.862723,4581317132.862719,0.010374954934036692,-7890113.241278648,4581317132.8627205,2519724423.0744963,1374395139.8588161,4573888063.927679,2054163640.8531828,3199492924.068863
2026-08-03,4573888063.927679,194677138.3511485,-71950225.10637747,-67374663.08902864,131304.29525569285,469204.4587713855,-9121.630594274757,0.0,0.0,0,0,0,2,54,56,4653267359.71622,4775994254.3285,0.010158355976118291,-79510581.45130539,4714630807.02236,2589978771.496991,1414389242.1067078,4696943755.705372,2106964984.2083807,3282554513.5986643
2026-08-04,4696943755.705372,278093940.1805083,-112768958.59894626,-101250824.44318587,139890.52895768418,480575.32876865,-22022.003404387877,0.0,0.0,0,0,0,2,54,56,4766036318.366777,5054088198.466927,0.010566556161289141,-191959351.70895004,4910062258.416852,2693332945.126765,1473018677.5250556,4862587400.083341,2169254454.956576,3389568722.5582848
2026-08-05,4862587400.083341,-92137537.37724923,48296498.64678265,43614001.51025877,140565.5350521184,475705.4321746856,-16444.842301358713,0.0,0.0,0,0,0,2,54,56,4717739823.220022,4961950668.178333,0.010726236400256576,-143344872.36051178,4839845245.699178,2655809614.0105896,1451953573.7097533,4819065056.407695,2163255442.397105,3367111482.697942
2026-08-06,4819065056.407695,-84756256.61039361,30925490.26569622,24316656.934561986,141211.71151189014,472587.1109525093,-12860.513708549577,0.0,0.0,0,0,0,2,54,56,4686814323.49596,4877194408.49865,0.010846646066055593,-112101330.14716339,4782004365.997305,2625342899.1734505,1434601309.7991915,4765552804.94873,2140209905.77528,3330951495.149539
2026-08-07,4765552804.94873,149136882.0157205,-78943365.76304688,-85233163.10461846,144862.0620947681,480547.2339858411,-21880.94951096939,0.0,0.0,0,0,0,2,54,56,4765757692.421565,5026331285.385047,0.01094271797264162,-190729826.24573803,4896044488.903306,2686310129.072731,1468813346.6709917,4836060125.423784,2149749996.351053,3367246778.7527924
2026-08-10,4836060125.423784,-104578849.65085334,-9940875.953404283,-10857102.79646125,174158.55396997547,481549.6059197631,-22988.75139172367,0.0,0.0,0,0,0,2,54,56,4775698571.105089,4921752451.944019,0.013128357767078078,-200386210.67846298,4848725511.524554,2663147684.3175316,1454617653.4573662,4721824802.120085,2058677117.8025532,3267207148.662719
2026-08-11,4721824802.120085,29279790.20034506,-11129580.471728202,-4565433.859913069,178102.44196822814,472623.71532354096,-24244.817444761647,0.0,99650.80409592259,1,0,0,3,53,56,4687177342.051646,4951032229.065451,0.01367920913367815,-211334970.46281338,4819104785.558548,2643911259.8818564,1445731435.6675644,4740145637.500516,2096234377.6186595,3294414201.8329515
2026-08-12,4740145637.500516,194277574.79273325,52431479.81660733,56054537.47750664,149140.24023655953,477080.2017451557,-18206.517260150227,0.0,96628.02763506604,0,1,0,2,54,56,4731373901.60485,5145309800.68591,0.011347758093468368,-158700876.84392452,4938341851.14538,2705739620.652932,1481502555.3436139,4987067797.526471,2281328176.873539,3505565242.1828575
2026-08-13,4987067797.526471,-62933054.40435361,-124028292.1456354,-114983358.82101434,135509.9241074294,489384.68856042053,-32398.221487338375,0.0,0.0,0,0,0,2,54,56,4853401870.0206995,5082376745.784622,0.010051418362861943,-282405804.73224735,4967889307.90266,2726614747.4523654,1490366792.370798,4800427927.519448,2073813180.067083,3310061135.14865
2026-08-14,4800427927.519448,124700404.58593072,41305240.76301785,45150514.75110922,136707.20830302636,485219.7437267907,-27622.85074366649,0.0,0.0,0,0,0,2,54,56,4812096632.00123,5207077162.699317,0.010227266564391983,-240780297.03922367,5009586897.350273,2745398280.275198,1502876069.205082,4966754462.553077,2221356182.2778788,3463878393.347995
2026-08-17,4966754462.553077,92272226.92688489,-55669723.31596546,-61079936.20230448,134841.37190071802,490833.1057394147,-33960.4381285965,0.0,0.0,0,0,0,2,54,56,4867766337.9115505,5299245314.290757,0.0099723138939913,-296023189.498662,5083505826.101154,2785141229.9461546,1525051747.8303463,5003678997.459706,2218537767.5135517,3478627249.62936
2026-08-18,5003678997.459706,-287497961.94466305,32277168.603850566,30631518.830114312,134788.48570602384,487526.129265728,-30220.5779267912,0.0,0.0,0,0,0,2,54,56,4834969877.015485,5011747339.4502535,0.010036020097010668,-263423923.8170662,4923358608.232869,2703427797.967209,1477007582.4698608,4748780721.184526,2045352923.2173176,3271773138.7146654
2026-08-19,4748780721.184526,-42305747.985615976,-76624815.83130804,-87381252.8268791,141911.14494126453,495252.4650728893,-38974.96566614533,0.0,0.0,0,0,0,2,54,56,4911594694.937745,4969441603.118843,0.010401512207737816,-339733356.89618206,4940518149.028294,2715838809.261034,1482155444.708488,4630164523.722068,1914325714.4610338,3148009079.01358
2026-08-20,4630164523.722068,-14722604.792238627,-67665691.77139953,-55780059.13167589,144042.0909901792,502075.4232574054,-46692.09401373871,0.0,0.0,0,0,0,2,54,56,4979260395.941211,4954633488.819158,0.010414227944120717,-407001303.75171757,4966946942.380184,2732436490.9871526,1490084082.7140553,4548087568.396684,1815651077.409531,3058003485.6826286
2026-08-21,4548087568.396684,48947000.161884636,-103939298.73192687,-100691123.30338767,145491.05029649663,512555.96895572013,-58580.69013858881,0.0,0.0,0,0,0,2,54,56,5083199692.122845,5003580491.848789,0.010303899370293124,-510630713.0724449,5043390091.985817,2775855030.5990505,1513017027.595745,4493403754.055161,1717548723.456111,2980386726.4594164
2026-08-24,4493403754.055161,-184386478.32640806,-76303904.98056296,-67550019.68924817,145068.4256826178,520180.95487942843,-67299.00552735594,0.0,0.0,0,0,0,2,54,56,5158819387.234001,4819194016.362414,0.010123369190822481,-586625714.0399065,4989006701.798208,2752444320.260804,1496702010.5394623,4233021184.27186,1480576864.011056,2736319173.732398
2026-08-25,4233021184.27186,157068502.2222319,-19608256.868494965,-22334052.086792972,139525.66497787228,512624.58237120154,-69523.4059324341,0.0,94547.48059520435,1,0,0,3,53,56,5083880155.747454,4976262517.150151,0.0098800990293307,-606015160.6701279,5030071336.448803,2769229676.011774,1509021400.934641,4370690457.656462,1601460781.6446877,2861669056.721821
2026-08-26,4370690457.656462,-19975120.883740272,192181052.4629837,181938942.71702492,145365.52675280193,502745.57081929414,-47449.98824357697,0.0,94207.37985620428,0,1,0,2,54,56,4985906487.464074,4956264462.035821,0.010495902753608502,-413607645.70672417,4971085474.749948,2734838061.7481775,1491325642.4249842,4543112111.911673,1808274050.163495,3051786469.4866886
2026-08-27,4543112111.911673,86929832.0514319,-47875409.29553135,-46629515.632577665,315807.8088012284,507573.0078345655,-52926.35931023281,0.0,0.0,0,0,0,2,54,56,5033781895.879989,5043194294.696152,0.022585565588667037,-461343567.8373804,5038488095.288071,2770933142.4380345,1511546428.5864213,4582305373.507296,1811372231.069261,3070758944.9208746
2026-08-28,4582305373.507296,-287870223.7970727,108670611.04100668,109651165.3228666,312957.46599247813,496363.03267665347,-36789.655396199196,0.0,0.0,0,0,0,2,54,56,4922608588.528795,4723477450.806585,0.022887191969687734,-320684647.52134895,4823043019.66769,2657651939.260285,1446912905.900307,4403252376.662517,1745600437.4022317,2956339470.76221
2026-08-31,4403252376.662517,-6353758.999111531,-67542532.80335361,-72142558.53052925,175112.36437121758,436543.4052233879,-669.6745045663367,5662244.0918918755,0.0,0,0,0,6,50,56,4329356084.860045,4329356084.860056,0.014561161045194148,-5837356.456268311,4329356084.86005,2381145846.6730275,1298806825.458015,4323954602.134506,1942808755.4614787,3025147776.6764913
2026-09-01,4323954602.134506,-78882717.72634844,125348045.22400753,126698222.81283961,170812.21670763983,423813.7547802993,11744.677661818905,0.0,0.0,0,0,0,6,50,56,4203111617.655861,4250473367.889826,0.01463020819062749,119775749.5256319,4226792492.7728434,2323551827.2692146,1268037747.831853,4370684675.847899,2047132848.5786848,3102646928.0160465
2026-09-02,4370684675.847899,21233083.070118718,-11319817.528586749,-12508343.031716328,130676.64902748281,416491.71016393194,10670.284038377955,0.0,83935.13876369316,1,0,0,7,49,56,4130496299.1464324,4271564568.8703065,0.011389331993740167,108818760.73133326,4201030434.0083694,2307040031.9615064,1260309130.2025108,4380810491.595842,2073770459.634336,3120501361.3933315
2026-09-03,4380810491.595842,34350352.99099974,-127091503.04878455,-112838323.1601886,133033.69913784802,429306.77078987856,-2062.5465962795233,0.0,0.0,0,0,1,7,49,56,4257587809.486399,4305914922.237482,0.011248653893389138,-17978614.39856243,4281751365.8619404,2353755073.40529,1284525409.758582,4288363552.063113,1934608478.657823,3003838142.304531
2026-09-04,4288363552.063113,80119192.49636501,40191171.77735551,37329759.47680678,130645.6268305983,425254.1597871408,2207.147397194002,0.0,0.0,0,0,1,7,49,56,4217396625.9881735,4386034118.783945,0.011152004383271696,22509151.926057816,4301715372.386059,2361727517.4924383,1290514611.7158177,4408970732.017187,2047243214.5247488,3118456120.3013697
2026-09-08,4408970732.017187,163108256.55878478,57339552.371690676,58137451.449791476,129650.38974203137,419472.42165759497,7861.3892528115875,0.0,0.0,0,0,1,7,49,56,4160057074.290198,4549116082.31395,0.011219591335797955,80172808.24397087,4354586578.3020735,2385296142.8655467,1306375973.490622,4629716224.368831,2244420081.503284,3323340250.8782086
2026-09-09,4629716224.368831,-39582658.007756054,107495574.7185501,109363529.45712318,171617.09210505805,416540.5828487245,18418.8497021799,0.0,83139.5457804841,0,1,0,6,50,56,4130980986.9294987,4509533424.306194,0.014955806708697228,187840960.13554573,4320257205.6178465,2366677652.1553984,1296077161.685354,4697809343.87429,2331131691.718892,3401732182.188936
2026-09-10,4697809343.87429,-149721398.38246793,70323026.13544807,76525227.51707764,167291.2695527012,409449.6770850747,25340.659448666473,0.0,0.0,0,0,0,6,50,56,4060657954.562724,4359812025.923726,0.014831305101997396,258431654.4339924,4210234990.243225,2308150392.8497486,1263070497.0729675,4618678470.694252,2310528077.8445034,3355607973.6212845
2026-09-11,4618678470.694252,44861970.379601665,-19425563.35979412,-26240507.366613667,166396.75372135983,402872.2940760353,23453.891550912573,0.0,84655.8091772968,1,0,0,7,49,56,3995427709.8449783,4404673996.303328,0.014992845745171476,239189828.84783363,4200050853.074153,2299796812.0293255,1260015255.9222457,4644290151.336788,2344493339.3074627,3384274895.414542
2026-09-14,4644290151.336788,-157083346.71641204,-53516472.97236985,-44820363.259635046,236513.45195076294,417077.3030077187,18216.350156714787,0.0,87359.64547726806,0,1,0,6,50,56,4136303831.481508,4247590649.5869145,0.020584765087669626,185775808.96366358,4191947240.534211,2302788811.841181,1257584172.1602633,4433801752.203743,2131012940.3625622,3176217580.04348
2026-09-15,4433801752.203743,-26055584.531098217,116264522.03151642,107506663.64764279,232053.65860803358,405225.22030067403,29636.661266493564,0.0,0.0,0,0,0,6,50,56,4018762515.378586,4221535065.055817,0.020787323654784886,302243570.9897361,4120148790.217201,2261012520.87753,1236044637.0651603,4524213497.92712,2263200977.04959,3288168860.86196
2026-09-16,4524213497.92712,31760061.972423974,12216814.210642334,12856986.249998454,184962.9492912077,403993.3582011009,30859.09174967419,0.0,0.0,0,0,0,6,50,56,4006545701.167943,4253295127.0282407,0.01661946891693365,314710284.13265467,4129920414.098092,2265287492.107443,1238976124.2294276,4568440263.6108465,2303152771.5034037,3329464139.381419
2026-09-17,4568440263.6108465,158024838.35652837,-91922419.90320206,-84106342.14236294,187477.7823462228,413262.20220800705,21869.84425851703,0.0,0.0,0,0,0,6,50,56,4098468121.0711446,4411319965.384769,0.016467616595002576,223035238.89705753,4254894043.227957,2332370427.667536,1276468212.968387,4634790336.328294,2302419908.660758,3358322123.359907
