date,nav_open,pnl_long,pnl_short,shadow_pnl_short,fees,rebate,financing,impact,recall_impact,n_recalls,n_reentries,n_reentry_failed,n_missing,n_short,n_long,short_notional,long_notional,fee_wavg,cash,margin_regt_initial,margin_regt_maint,margin_pm,nav,excess_equity_regt,excess_equity_pm
2019-06-28,500000000.0,0.0,0.0,0.0,12814.42991785789,33333.33333333334,-81.58782907671267,1000000.0,0.0,0,0,0,1,45,34,500000000.0000001,499999999.99999994,0.00922638954085768,-1012814.4299178123,500000000.0,275000000.0,150000000.0,499020437.3155864,224020437.3155864,349020437.3155864
2019-07-01,499020437.3155864,5160020.681737385,-2261572.7917428724,-2225798.090988749,12813.938442576684,33344.58742993987,-254.7568359395105,0.0,0.0,0,0,0,1,45,34,502261567.9823579,505079512.82209414,0.009184492968193098,-3173441.55495584,503670540.40222603,276948348.60023093,151101162.12066782,501939161.0977323,224990812.49750137,350837998.9770645
2019-07-02,501939161.0977323,3043147.0343335243,7819586.550097152,7838944.559712355,13283.91717629165,32962.799495815285,303.1618327145366,0.0,0.0,0,0,0,1,45,34,494441992.4372293,508043469.0355418,0.009671933728549782,4745141.729444921,501242730.7363855,275343464.99005425,150372819.22091565,512821876.7263152,237478411.73626095,362449057.5053996
2019-07-03,512821876.7263152,5781215.259780915,-3243729.6485919706,-3272374.453204713,11928.110191528755,33317.29403991158,102.72862477487266,0.0,0.0,0,0,0,1,45,34,497685720.0982643,513746468.6464055,0.008628175363565808,1600965.5809071064,505716094.3723349,277742333.19108063,151714828.31170046,515380854.2499773,237638521.05889666,363666025.9382768
2019-07-05,515380854.2499773,1051630.6317154574,486572.2363794097,550306.0562414638,12582.022097793679,33422.832354775186,135.8724385245306,0.0,0.0,0,0,0,1,45,34,497199158.99665564,514798109.67059374,0.009110087724899374,2108365.425380647,505998634.3336247,277859275.1166451,151799590.30008742,516940033.80076766,239080758.68412256,365140443.5006802
2019-07-08,516940033.80076766,-1839327.3325359595,5946705.213897508,5857039.52105775,11910.98662605612,32886.62293805937,518.2571186054975,0.0,0.0,0,0,0,1,45,34,491252458.82578313,512958766.37957335,0.00872861826611412,8076734.31592983,502105612.60267824,275615429.2426283,150631683.78080347,521068905.57555985,245453476.33293158,370437221.7947564
2019-07-09,521068905.57555985,3388298.6808687523,-4199206.757180381,-4264639.597778849,11894.228990831181,33167.735389642585,250.1876834287693,0.0,0.0,0,0,0,1,45,34,495451648.9739141,516347074.4376012,0.008642462782326258,3899028.832656145,505899361.7057576,277722263.3015745,151769808.51172727,520279521.1933304,242557257.89175588,368509712.68160313
2019-07-10,520279521.1933304,1065719.1149306425,-5418799.801607065,-5328859.754422642,11423.10502784628,33530.49418686456,-121.06975513484333,0.0,0.0,0,0,0,1,45,34,500870452.5838689,517412787.5682427,0.008210342192896816,-1497770.1666166186,509141620.0760558,279614332.66722137,152742486.02281675,515948426.82605785,236334094.15883648,363205940.80324113
2019-07-11,515948426.82605785,-2648906.5862063896,5905951.692151366,5851767.078154295,11517.70244777197,32997.633324120296,283.03233911934,0.0,0.0,0,0,0,1,45,34,494964499.8618045,514763882.83464366,0.008377111656200772,4430071.394911408,504864191.34822404,277180320.66720223,151459257.4044672,519227234.8952183,242046914.22801608,367767977.49075115
2019-07-12,519227234.8952183,431704.3190417666,-5229569.707222163,-4974215.176521468,11827.088773923311,33063.933546255925,-62.244058199272146,0.0,0.0,0,0,0,1,45,34,500126725.9097535,515195593.14575493,0.008513346194141786,-778050.727490902,507661159.5277542,278836916.0593648,152298347.85832626,514450544.1077521,235613628.0483873,362152196.2494258
2019-07-15,514450544.1077521,2079354.655623649,5744504.438856329,5594477.953004244,11747.010751819076,32958.81440673059,318.6593242393002,0.0,0.0,0,0,0,1,45,34,494382216.1009589,517274945.0294738,0.008553956297229087,4987711.162006438,505828580.5652163,277633401.08765614,151748574.16956487,522295933.6652112,244662532.57755506,370547359.49564636
2019-07-16,522295933.6652112,-2482140.0543275075,7124737.550662301,7055042.702562467,12253.992248486224,32619.18120575433,778.5635914557437,0.0,0.0,0,0,0,1,45,34,487257478.59218085,514792818.60115606,0.009053605954291114,12133458.56814146,501025148.5966685,274875448.22794324,150307544.57900053,526959674.91409475,252084226.6861515,376652130.3350942
2019-07-17,526959674.91409475,-705322.3020780717,4123590.973477923,4008178.577933405,12112.256480135926,32343.130459484033,1044.5268670078224,0.0,0.0,0,0,0,1,45,34,483133898.97984445,514087490.5444769,0.0090252667884744,16278340.784537494,498610694.76216066,273462042.3300726,149583208.4286482,530399218.98634094,256937176.65626836,380816010.55769277
2019-07-18,530399218.98634094,3347789.6171028716,50866.78527927765,176085.63748771092,12012.86941586723,32339.724696310852,1055.520031051337,0.0,0.0,0,0,0,1,45,34,483083024.5092078,517336199.6977279,0.008952152674182354,16449662.821579278,500209612.1034678,274258957.2771943,150062883.63104033,533819257.76403457,259560300.48684025,383756374.13299423
2019-07-19,533819257.76403457,-8699246.105417611,-959049.7627286541,-925866.1407580522,12334.327765900924,32394.742013579616,995.332785258161,0.0,0.0,0,0,0,1,45,34,483904859.9538864,508636947.7978654,0.009176097128157534,15511679.770257056,496270903.8758759,272330694.9356322,148881271.16276276,524182017.64292127,251851322.70728904,375300746.4801585
2019-07-22,524182017.64292127,2038670.7163729165,-2207582.6437730733,-2193473.3069158024,11811.627463868475,32407.497845421345,851.3614907644939,0.0,0.0,0,0,0,1,45,34,486112467.68132013,510675635.9717434,0.00874732941385953,13325658.116313815,498394051.82653177,273502649.29733187,149518215.54795954,524034552.9473934,250531903.65006155,374516337.39943385
2019-07-23,524034552.9473934,-1070241.293886487,-7372962.259457658,-7174240.831938479,11915.345697104956,32899.028260463856,383.83523800448773,0.0,0.0,0,0,0,1,45,34,493485423.9069578,509571578.1491515,0.008692302230524513,6007855.899200678,501528501.02805465,275438521.7093752,150458550.3084164,515612716.91185063,240174195.20247543,365154166.6034342
2019-07-24,515612716.91185063,3581169.6144570466,-8746366.279433345,-8984685.10459187,12330.34633297719,33482.12040130159,-218.9146870277991,0.0,0.0,0,0,0,1,45,34,502231806.01952386,513152751.5326106,0.008838398179224896,-2717561.63206923,507692278.77606726,278957729.6890098,152307683.63282016,510468453.10625565,231510723.41724586,358160769.4734355
2019-07-25,510468453.10625565,-6452195.77962766,18892921.25132845,18904213.221987307,11432.22240291578,32222.590141303088,1034.8205913697643,0.0,0.0,0,0,0,1,45,34,483338852.1195463,506700554.49063545,0.008514937392270197,16197191.864918053,495019703.3050909,271676794.25852275,148505910.99152726,522931003.7662862,251254209.50776345,374425092.77475893
2019-07-26,522931003.7662862,8213296.232685685,-2988803.285881078,-3174528.967735198,11904.226587672527,32421.84429400331,845.2335318567256,0.0,0.0,0,0,0,1,45,34,486327664.4100496,514913850.2487457,0.008812004508854651,13229742.237757444,500620757.3293977,274626761.88520133,150186227.1988193,528176859.56432897,253550097.67912763,377990632.3655096
2019-07-29,528176859.56432897,-3690062.3077680217,1232226.9144487171,1265492.8888665934,11769.451923399947,32339.696822191563,925.3332850434599,0.0,0.0,0,0,0,1,45,34,485095452.33287346,511223777.2140582,0.008734369023761823,14483477.505028069,498159614.7734659,273334580.0033766,149447884.43203977,525740519.74919355,252405939.74581695,376292635.3171538
2019-07-30,525740519.74919355,-1400208.8837175122,-10956937.367313657,-10943360.575640941,12123.663647716148,32932.36608229223,225.6708425077684,0.0,0.0,0,0,0,1,45,34,496052376.13494575,509823585.93482924,0.00879850419664252,3547663.8996854424,502937981.0348875,276271609.32419103,150881394.31046623,513404407.87143946,237132798.54724842,362523013.5609732
2019-07-31,513404407.87143946,298983.88974962384,4409960.434399635,4465718.361968965,15189.164509869262,34540.89014637258,-55.02977010487219,667939.016102267,0.0,0,0,0,0,40,35,518113352.19558865,518113352.19558877,0.010553866640149274,-683128.1806122065,518113352.1955887,284962343.7075738,155434005.6586766,517464709.8753528,232502366.16777903,362030704.21667624
2019-08-01,517464709.8753528,1058823.4664309705,20153679.262541812,20153679.262541812,15239.576645011173,29600.93691893052,1104.4216523401685,0.0,0.0,0,0,0,0,40,35,497959686.48668164,519172179.162854,0.01101745330211737,19489793.8648265,508565932.8247678,279180950.736718,152569779.84743035,538692678.3862518,259511727.6495338,386122898.53882146
2019-08-02,538692678.3862518,-5799549.811087718,2570567.666787754,2570567.666787754,12775.870838988187,29448.131122719988,1251.5618969304792,0.0,0.0,0,0,0,0,40,35,495389121.6906166,513364533.9546926,0.009284244043025506,22086386.41642022,504376827.8226546,276957869.99585813,151313048.34679636,535481620.06413245,258523750.06827432,384168571.71733606
2019-08-05,535481620.06413245,-17335236.71285039,15612200.000397062,15612200.000397062,13107.728943900154,28386.800075062918,2126.772947658786,0.0,0.0,0,0,0,0,40,35,479776902.6771198,496029305.1223824,0.009835368050178317,37716170.50035286,487903103.89975107,267940397.08373153,146370931.1699253,533775989.195758,265835592.11202645,387405058.02583265
2019-08-06,533775989.195758,8697364.902129347,6237001.874213484,6237001.874213484,12828.228416063152,28017.776902885726,2479.4682254301933,0.0,0.0,0,0,0,0,40,35,473539891.3163784,504726662.6621641,0.009752424905417901,43970865.08152068,489133276.9892713,268243633.06045455,146739983.09678137,548728024.988813,280484391.9283585,401988041.89203167
2019-08-07,548728024.988813,6465188.05220147,1900844.3064349592,1900844.3064349592,12850.896554984241,27774.30039545661,2578.215152556987,0.0,0.0,0,0,0,0,40,35,471639063.31907445,511132817.5934432,0.009809032201949976,45948388.85745126,491385940.45625883,269274923.39408314,147415782.13687766,557111558.9664425,287836635.5723593,409695776.8295648
2019-08-08,557111558.9664425,14642521.77416555,-4160202.1544708433,-4160202.1544708433,13259.233368519712,28017.490032984668,2345.7404909701195,0.0,0.0,0,0,0,0,40,35,475768698.6733246,525775343.27607346,0.010032866865721626,41805276.076695204,500772020.974699,274174445.42101574,150231606.2924097,567610982.5832926,293436537.16227686,417379376.29088295
2019-08-09,567610982.5832926,-4026376.7551719807,14482707.748327317,14482707.748327317,12992.520584935399,26471.478724405486,3158.696218911197,0.0,11770.316843568875,1,0,0,1,39,35,449515676.45216864,521748954.7584239,0.010405215336409826,56293595.98059559,485632315.60529625,265291941.62525657,145689694.68158886,578072180.9139628,312780239.2887063,432382486.23237395
2019-08-12,578072180.9139628,-8266353.974128539,9734314.154598359,9913426.510647414,13476.128145843553,26580.829472927206,3705.1546179266984,0.0,11591.204103543721,0,1,0,0,40,35,451372575.9553676,513482615.2248758,0.01074811893973681,66032458.5373075,482427595.59012175,263782426.59282923,144728278.67703652,579545359.7462741,315762933.1534449,434817081.0692376
2019-08-13,579545359.7462741,7062430.003811874,2559226.425890348,2559226.4258903475,12316.946087064382,26430.11869564773,3849.7641398788837,0.0,0.0,0,0,0,0,40,35,448813336.3411879,520545041.2914536,0.009879609700306179,68609657.93843555,484679188.8163208,264780261.22521976,145403756.64489624,589184979.1127247,324404717.88750494,443781222.4678284
2019-08-14,589184979.1127247,-18276973.91650979,24064283.952145156,24064283.952145156,11787.19637469733,25012.999717047584,5209.155775776007,0.0,0.0,0,0,0,0,40,35,424749051.7989212,502124062.3837001,0.009990347658032882,92836439.56828529,463436557.0913106,252955731.1356014,139030967.1273932,594990724.1074781,342034992.97187674,455959756.98008496
2019-08-15,594990724.1074781,-893706.0232274263,5555343.743027383,5555343.743027383,12130.27860951408,24802.293600625813,5549.222473492931,0.0,0.0,0,0,0,0,40,35,419193694.65846443,501230374.8758876,0.010417380688378379,98409856.67278105,460212034.76717603,251065702.11651123,138063610.4301528,599670583.0647427,348604880.94823146,461606972.6345899
2019-08-16,599670583.0647427,8900502.267329033,-14058885.434562398,-14058885.434562396,12227.589410042618,25614.52164258291,4757.479420867028,0.0,0.0,0,0,0,0,40,35,432921492.5506971,510130879.1301618,0.01016796870416374,84369093.17793745,471526185.8404294,257409167.54774958,141457855.7521288,594530344.3091627,337121176.76141316,453072488.5570339
2019-08-19,594530344.3091627,660244.7479267716,-10957755.207560264,-10957755.20756026,12031.00818717245,26255.69742706982,4140.618311841172,0.0,0.0,0,0,0,0,40,35,443758266.37301105,510791118.4934198,0.00976018538827945,73429684.34792227,477274692.43321544,260825259.53525826,143182407.7299646,584251199.157081,323425939.6218227,441068791.4271164
2019-08-20,584251199.157081,-109876.44852820504,3861756.4973724154,3861756.497372416,12030.784870544154,26014.35502967077,4359.414413560072,0.0,0.0,0,0,0,0,40,35,439679239.93809754,510681236.1608761,0.009850550492230811,77309812.26017863,475180238.0494868,259574081.0216483,142554071.41484603,588021422.190498,328447341.1688497,445467350.77565193
2019-08-21,588021422.190498,9907017.460063007,-852725.9229509232,-852725.9229509231,11964.136284472987,25942.43718480582,4291.124928990728,0.0,0.0,0,0,0,0,40,35,440531952.1948159,520588255.80733246,0.009777018536229937,76475493.78399318,480560104.0010742,262306649.6102779,144168031.20032224,597093983.1534394,334787333.5431615,452925951.95311713
2019-08-22,597093983.1534394,-6947724.179858134,3841243.534706276,3841243.534706276,12158.34731523386,25716.230702940622,4507.674832528292,0.0,0.0,0,0,0,0,40,35,436690710.0499351,513640545.1654186,0.010023123764148047,80334798.99555373,475165627.60767686,259417349.30633518,142549688.28230307,594005568.0665078,334588218.7601726,451455879.7842047
2019-08-23,594005568.0665078,-9394360.526638744,18054951.72591438,18054951.72591438,12259.569861184798,24652.99483113111,5524.307185219228,0.0,0.0,0,0,0,0,40,35,418635761.28335845,504200900.35538155,0.010542446580523335,98452999.3405407,461418330.81937003,251640953.47385293,138425499.24581102,602684076.9979386,351043123.5240857,464258577.75212765
2019-08-26,602684076.9979386,6904001.314052477,-144766.54721496342,-144766.54721496342,11657.134951377755,24661.519637379097,5517.223538399852,0.0,0.0,0,0,0,0,40,35,418780522.1441733,511104898.4999264,0.010020925904121304,98326756.12989837,464942710.32204986,253410381.2682336,139482813.09661496,609461833.3730005,356051452.1047669,469979020.27638555
2019-08-27,609461833.3730005,-3336087.829814012,10078601.120334372,10078601.12033437,11454.521939650172,24068.002723652087,6083.794805121241,0.0,0.0,0,0,0,0,40,35,408701933.04314864,507768826.3077373,0.010089572778797476,108424065.83384389,458235379.67544293,249552786.4898789,137470613.90263286,616223043.9391099,366670257.449231,478752430.0364771
2019-08-28,616223043.9391099,274199.8254600982,-7808211.642194152,-7808211.642194153,11558.42222578444,24527.818911890503,5646.712005901449,0.0,0.0,0,0,0,0,40,35,416510132.46606517,508043002.30784696,0.009990229953460774,100634471.39230305,462276567.3869561,251963790.31678128,138682970.21608683,608707648.2310678,356743857.9142865,470024678.0149809
2019-08-29,608707648.2310678,1019786.685699797,-10283781.363630492,-10283781.363630494,12018.762059503808,25115.308436919753,5074.3157522392785,0.0,0.0,0,0,0,0,40,35,426486369.68354297,508998284.7511697,0.010145117520712009,90433350.03990793,467742327.2173563,255195482.0928553,140322698.16520688,599461824.4152668,344266342.3224114,459139126.25005984
2019-08-30,599461824.4152668,-4120052.715382872,1067444.0359786449,1067444.0359786449,18011.826183643498,35287.54526437186,-62.357616458657915,835552.5055696421,0.0,0,0,0,1,49,34,596409215.7358625,596409215.7358626,0.01087216168870101,-853564.3317534924,596409215.7358625,328025068.65472436,178922764.72075874,595590876.591757,267565807.9370327,416668111.8709983
2019-09-03,595590876.591757,-7702441.493715747,5780302.327284208,6303620.708488237,17017.718203483015,34909.138745197946,279.900487300139,0.0,0.0,0,0,0,1,49,34,590013612.5948949,588687967.2229817,0.010383452894094961,4963752.484140396,589350789.9089383,324176075.58421385,176805236.9726815,593686908.7463546,269510833.1621407,416881671.77367306
2019-09-04,593686908.7463546,7338876.719049829,-12523215.329948759,-11617142.055168487,18009.75675556935,35644.76585359161,-551.0049812047773,0.0,0.0,0,0,0,1,49,34,602446746.8212667,596026833.8856856,0.010761967702895553,-7542273.506985545,599236790.353476,329740732.5178014,179771037.1060428,588519654.1395724,258778921.62177098,408748617.0335296
2019-09-05,588519654.1395724,-2520082.757832844,-24202054.315593455,-22816437.48640182,18209.956525333848,37076.38514536295,-2317.8661875370785,0.0,0.0,0,0,0,1,49,34,626643129.217402,593506753.0226759,0.01046143178384048,-31727445.913055062,610074941.120039,336369627.0208895,183022482.33601168,561814065.6285787,225444438.60768914,378791583.292567
2019-09-06,561814065.6285787,-3871057.239838417,225011.2503089057,-356094.29063987196,19061.29193784162,36888.66540417825,-2291.534842286452,0.0,0.0,0,0,0,1,49,34,626411299.3162345,589635696.6380702,0.01095456787754841,-31486738.29095888,608023497.9771523,335332313.9543879,182407049.3931457,558183555.4776733,222851241.5232854,375776506.0845276
2019-09-09,558183555.4776733,-18225534.490844604,-27622165.436598692,-26655356.297861118,19732.419843771262,38695.984116532476,-4317.147617989781,0.0,0.0,0,0,0,1,49,34,654016632.9554785,571410158.9659878,0.010861606243340344,-59094035.83560157,612713395.9607332,339057529.6281405,183814018.78821996,512350501.9668848,173292972.33874428,328536483.1786648
2019-09-10,512350501.9668848,-7244645.510835035,-22083856.26007987,-21276329.977732524,20517.455314423758,40002.61216250033,-5929.4830344265,0.0,0.0,0,0,0,1,49,34,676100487.2535267,564165509.067406,0.010924831519050231,-81164026.32675058,620132998.1604664,343871523.4429095,186039899.44813994,483035555.8697836,139164032.4268741,296995656.4216436
2019-09-11,483035555.8697836,6355410.018785562,-14495050.362687524,-15112511.387929294,20002.682173207002,40860.23519423737,-6987.398870314202,0.0,0.0,0,0,0,1,49,34,690595524.4096458,570520916.3917356,0.01042718252266441,-95645003.5480271,630558220.4006907,349808886.4208276,189167466.1202072,474909785.6800324,125100899.25920475,285742319.5598252
2019-09-12,474909785.6800324,3089618.90677883,10965435.980901437,10736262.335896092,19207.25902063014,40178.65706508399,-6185.242257857254,0.0,0.0,0,0,0,1,49,34,679075894.0577576,573610546.3440005,0.01018238654608868,-84664913.03530842,626343220.2008791,347125404.8033274,187902966.06026372,488979626.72349924,141854221.92017186,301076660.66323555
2019-09-13,488979626.72349924,-6260186.056234778,-1523341.3565700874,-3232166.04457454,21417.70888776699,40457.84341748311,-6317.760882543045,0.0,0.0,0,0,0,1,49,34,680599235.0604635,567325966.3637573,0.011328803798774673,-86151284.76195061,623962600.7121104,346011262.1090784,187188780.21363312,481208821.6843416,135197559.5752632,294020041.4707085
2019-09-16,481208821.6843416,2967333.3416546034,-18757544.940582078,-21809541.283518456,21655.992245301044,43709.79773765026,-8012.915308094072,0.0,0.0,0,0,0,1,49,34,699356763.8024042,570293299.9445821,0.011147611078958687,-104896345.85141331,634825031.8734932,352380354.12686676,190447509.56204796,465432650.97559834,113052296.84873158,274985141.4135504
2019-09-17,465432650.97559834,10532319.086339414,19557989.884990424,21351501.116911106,21394.47894414772,43431.58735549585,-6636.316722109179,0.0,0.0,0,0,0,1,49,34,679798758.6077611,580825637.6093878,0.011329841842705074,-85324072.14140373,630312198.1085744,349146036.9846753,189093659.4325723,495538360.7386174,146392323.75394213,306444701.3060451
2019-09-18,495538360.7386174,-4875665.981954416,4844068.202833926,4733484.246472823,21114.548929357432,42184.66985180527,-6146.580716178939,0.0,0.0,0,0,0,1,49,34,674954717.6288843,575949977.786001,0.011261848263349902,-80464329.37543339,625452347.7074426,346473909.73516554,187635704.3122328,495521686.4997032,149047776.7645377,307885982.18747044
2019-09-19,495521686.4997032,3784836.614801434,5497507.212288077,5310665.434694239,21708.105123390767,35332.46334828224,-4996.832506000694,0.0,0.0,0,0,0,1,49,34,669457200.2832425,579734809.8116797,0.011673513767742349,-74952487.5900104,624596005.047461,345770862.5378927,187378801.5142383,504812657.8525116,159041795.3146189,317433856.3382733
2019-09-20,504812657.8525116,1473943.1152941887,6785291.685688544,7164779.541488829,21906.931568255135,34974.350203252936,-4533.165973145028,0.0,0.0,0,0,0,1,49,34,662671898.5879503,581047475.3191015,0.01190105598468372,-67997489.59717542,621859686.9535259,344063438.4061605,186557906.08605775,513080426.9061561,169016988.49999565,326522520.8200984
2019-09-23,513080426.9061561,1686925.232070101,675193.1363544811,1259141.016555455,28331.274613874106,34938.71606319426,-4488.013741958204,0.0,0.0,0,0,0,1,49,34,661996725.4078913,582734420.1293399,0.015406811649574813,-67320206.12937307,622365572.7686156,344282622.65470237,186709671.83058468,515444664.7022881,171162042.04758573,328734992.8717034
2019-09-24,515444664.7022881,-8691505.935322927,21573326.31830117,20952873.229046732,27392.786246929594,33800.123314396464,-3049.586562934967,0.0,0.0,0,0,0,1,49,34,640423389.1148803,574042890.7430439,0.015398255617309608,-45743798.4440245,607233139.9289621,335637739.420225,182169941.97868863,528329842.83577085,192692103.41554582,346159900.85708225
2019-09-25,528329842.83577085,-814344.4373597174,-6634107.312410434,-6299649.858709926,25462.528463083545,34150.25601244277,-3491.5072401681546,0.0,0.0,0,0,0,1,49,34,647057482.341021,573228537.1600599,0.014166454290190894,-52372608.60252231,610143009.7505405,337424378.99232125,183042902.92516214,520886587.3063099,183462208.31398863,337843684.38114774
2019-09-26,520886587.3063099,-4983365.8322998565,11196133.036361368,11851009.522582488,23317.89454350168,32676.20939817991,-2685.3458378163405,0.0,0.0,0,0,0,1,49,34,635861372.07269,568213249.4504611,0.013201685783015251,-41137212.83463329,602037310.7615756,332811723.9844223,180611193.22847268,527106027.47938824,194294303.4949659,346494834.2509155
2019-09-27,527106027.47938824,-11053678.391550707,389047.9339014677,1268542.4928208413,22867.696117721393,32303.17550170417,-2636.8503411949478,0.0,0.0,0,0,0,1,49,34,635472304.9515574,557159564.6402214,0.012954727591169002,-40741035.31460005,596315934.7958894,329931582.6455226,178894780.4387668,516448195.6507818,186516613.00525922,337553415.21201503
2019-09-30,516448195.6507818,-781120.9077271125,1772068.2317545668,3502470.5097732483,13749.013955729546,27309.288101448274,-51.98173414137761,765976.9981650888,0.0,0,0,0,0,56,35,517439142.9748094,517439142.97480917,0.00956565635063214,-779726.0121206641,517439142.9748093,284591528.6361451,155231742.8924428,516686674.2690558,232095145.63291067,361454931.376613
2019-10-01,516686674.2690558,-1478885.6961128612,14062326.92523486,14062326.925234858,13321.631587279591,26287.456087706345,657.4397843539741,0.0,0.0,0,0,0,0,56,35,503376818.70075995,515960258.9021281,0.009527231277353642,13296534.9644624,509668538.80144405,280003110.33576,152900561.64043322,529283738.76246256,249280628.42670256,376383177.1220293
2019-10-02,529283738.76246256,-2971407.2398736672,9991598.073591264,9991598.073591258,13161.684195386582,25354.517473511507,1132.732425048132,0.0,0.0,0,0,0,0,56,35,493385204.8899536,512988843.739566,0.009603462494170241,23301924.172418714,503187024.31475985,276262772.4018776,150956107.29442796,536317255.1618833,260054482.7600057,385361147.86745536
2019-10-03,536317255.1618833,8365848.137247549,-4857128.046549113,-4857128.046549109,13835.772955881175,25327.319074304163,886.9823640453434,0.0,0.0,0,0,0,0,56,35,498242342.44532776,521354703.0023817,0.009996898777553774,18457436.47724414,509798522.7238547,279811378.48419374,152939556.8171564,539838353.7810642,260026975.2968704,386898796.9639077
2019-10-04,539838353.7810642,8457525.757733345,-1971174.0895400292,-1971174.0895400282,12253.823826044172,25288.5718307111,788.3445576377168,0.0,0.0,0,0,0,0,56,35,500213508.7393404,529812216.69813037,0.008818987293033417,16500234.92730105,515012862.7187354,282517106.79633474,154503858.8156206,546338528.5418198,263821421.74548507,391834669.7261992
2019-10-07,546338528.5418198,-1857770.1359740356,6291470.478568157,6291470.478568156,11946.83913656975,24180.11356267941,1088.8647244573228,0.0,15634.07026326391,1,0,0,1,55,35,478287960.5804718,527954456.0677678,0.00899220227903163,22790191.90724629,503121208.3241198,275475002.1910835,150936362.49723592,550769916.9533012,275294914.7622177,399833554.4560653
2019-10-08,550769916.9533012,-4998983.947691622,11844441.763343161,12344816.810281707,11681.796577225377,24335.753922126783,1654.6922370822076,0.0,15133.691627725626,0,1,0,0,56,35,481366561.0970133,522955465.946469,0.00873647466956804,34633093.33427876,502161013.52174115,275148834.8157212,150648304.05652234,557614549.726907,282465714.9111858,406966245.67038465
2019-10-09,557614549.726907,2901540.605686417,-1293392.8393826957,-1293392.839382695,12416.658120212925,24401.141718029856,1593.544966987204,0.0,0.0,0,0,0,0,56,35,482659946.0709202,525857014.0841957,0.009261172300839412,33353266.750894964,504258480.0775579,276262237.342325,151277544.02326736,559236275.5217756,282974038.17945063,407958731.4985082
2019-10-10,559236275.5217756,-644740.2820580186,4718911.255718819,4718911.255718817,12179.98450236056,24162.56393353755,1819.6640583981612,0.0,0.0,0,0,0,0,56,35,477940825.05898446,525212274.5909726,0.009174345841472437,38085991.91996151,501576549.82497853,274685316.1654385,150472964.94749355,563324248.738926,288638932.5734876,412851283.7914325
2019-10-11,563324248.738926,-316774.855665409,-13364913.496381635,-13364913.496381635,15980.299141156995,24837.75632976026,1181.5956959399446,0.0,0.0,0,0,0,0,56,35,491296279.05020297,524895507.382018,0.011709650441355484,24731072.70571977,508095893.21611047,278612760.5605654,152428767.96483314,549652599.4397635,271039838.87919813,397223831.4749304
2019-10-14,549652599.4397635,-315900.20620031556,3478922.658270343,3478922.658270342,14954.50517533398,24661.87811473637,1348.34007363705,0.0,0.0,0,0,0,0,56,35,487817369.30247766,524579596.07797575,0.011036142216129348,28221071.30868244,506198482.6902267,277490109.8102372,151859544.807068,552826677.6048466,275336567.79460937,400967132.7977786
2019-10-15,552826677.6048466,-1507338.966462488,-6351947.891660763,-6351947.891660761,15216.955354084233,26081.15853326812,1093.9957279311925,0.0,0.0,0,0,0,0,56,35,494169319.5777118,523072259.23274535,0.01108547963307716,21879914.55862385,508620789.4052286,279018860.6814999,152586236.82156858,544979348.9456304,265960488.26413053,392393112.1240618
2019-10-16,544979348.9456304,-2866290.129344252,1873778.922184165,1873778.9221841649,15126.494672360857,25981.979588371945,1188.286847323513,0.0,0.0,0,0,0,0,56,35,492290139.56915265,520205974.29732764,0.011061643621007294,23765736.94647026,506248056.9332402,277738535.44507766,151874417.07997206,543998881.5102336,266260346.06515598,392124464.4302616
2019-10-17,543998881.5102336,5276857.826975374,-3428030.0922609046,-3428030.0922609046,15387.254159483218,25474.40594812974,993.7196163316403,0.0,0.0,0,0,0,0,56,35,495718169.8014436,525390089.88339496,0.011174517770112668,20442232.10739374,510554129.84241927,280062973.4112818,153166238.95272577,545858790.1163532,265795816.70507133,392692551.1636274
2019-10-18,545858790.1163532,-3776451.799039903,5997890.5061419625,5997890.506141963,13732.62349661663,25166.18174591129,1285.903315170282,0.0,0.0,0,0,0,0,56,35,489720293.43394935,521613628.0021699,0.010095036952861685,26452868.197788656,505666960.71805966,277319495.03072727,151700088.2154179,548092948.2850196,270773453.25429237,396392860.0696018
2019-10-21,548092948.2850196,3661127.1269403333,-11187484.721150132,-11187484.721150128,15116.115166864602,25733.234647072935,743.51180908884,0.0,0.0,0,0,0,0,56,35,500754836.3754732,525256374.50295824,0.01086719700893895,15295100.072684705,513005605.4392157,281540544.5383815,153901681.6317647,540577951.3220991,259037406.78371757,386676269.6903344
2019-10-22,540577951.3220991,-9378027.870712766,-8287809.1992730405,-8287809.199273039,15131.290660488716,26159.136902662285,341.1833905633481,0.0,0.0,0,0,0,0,56,35,509042664.05180657,515878353.21272105,0.010700998211854313,7018629.748731732,512460508.6322638,281682387.51872224,153738152.58967912,522923483.28174603,241241095.7630238,369185330.6920669
2019-10-23,522923483.28174603,1179638.5456346318,-3625196.7469755737,-3625196.746975573,15650.508414566715,26345.430908127175,165.48654575445133,0.0,0.0,0,0,0,0,56,35,512667844.6986909,517057979.9164704,0.010989928639966449,3404294.655520141,514862912.30758065,283064848.38872486,154458873.69227418,520488785.48944443,237423937.10071957,366029911.7971703
2019-10-24,520488785.48944443,11947971.75592741,6975353.298118217,6975353.298118214,15126.24879355753,25986.975691740303,505.11947253430884,0.0,0.0,0,0,0,0,56,35,505692499.9473788,529005955.14541924,0.010768302014064573,10391029.14927721,517349227.546399,283959238.7705685,155204768.26391968,539423476.3898607,255464237.61929226,384218708.12594104
2019-10-25,539423476.3898607,775159.3084295553,-3764977.4110865383,-3764977.411086538,15473.188738942545,25897.42090920657,318.9482194458249,0.0,0.0,0,0,0,0,56,35,509457460.50898165,529781112.32386965,0.010933882370579417,6637072.774595201,519619286.41642565,285282516.2336619,155885785.92492768,536444401.4675935,251161885.2339316,380558615.54266584
2019-10-28,536444401.4675935,-482902.6195205933,2679293.2307251147,2679293.2307251133,17109.08794325044,25761.22332720126,448.1408982676441,0.0,0.0,0,0,0,0,56,35,506778163.8137952,529298207.65118134,0.012153782659493689,9325475.33967352,518038185.7324883,284358001.0569339,155411455.71974647,538649892.3550804,254291891.2981465,383238436.6353339
2019-10-29,538649892.3550804,1085620.2676858394,-2117704.529296528,-2117704.5292965276,16964.848074009875,25727.51442863789,344.8127756255501,0.0,0.0,0,0,0,0,56,35,508895889.797233,530383831.6625353,0.012001168469010419,7217011.582860351,519639860.72988415,285264724.8548037,155891958.21896523,537626915.5725999,252362190.7177962,381734957.35363466
2019-10-30,537626915.5725999,3305492.6795016304,7280853.331114424,7280853.3311144225,16487.589662006954,25359.426924317562,693.1338039493862,0.0,0.0,0,0,0,0,56,35,501615038.0634243,533689322.28298545,0.011832843571113229,14507451.710568547,517652180.1732049,283906841.98977363,155295654.05196145,548222826.5542823,264315984.56450868,392927172.5023209
2019-10-31,548222826.5542823,-60459.33145035867,1494268.1575896502,1494268.1575896498,16565.96645614206,24123.818997251827,-43.802410008074446,741552.6682991205,0.0,0,0,0,1,53,34,549656635.3804213,549656635.3804215,0.010849951661337794,-758118.6347551346,549656635.3804214,302311149.45923173,164896990.6141264,548922596.7622536,246611447.3030219,384025606.1481272
2019-11-01,548922596.7622536,5924805.339738073,-19465435.80177829,-19476128.99977711,16358.82811804598,24820.04728003599,-1153.7364060377565,0.0,0.0,0,0,0,1,53,34,569122103.236494,555430588.446665,0.010347828856067737,-20064980.97456968,562276345.8415794,309594278.0826144,168682903.75247383,535389273.78296936,225794995.70035493,366706370.0304955
2019-11-04,535389273.78296936,-5239076.116867995,-18781885.6775644,-18586655.313520517,17062.987955663502,25475.839155958096,-2222.5259514646596,0.0,0.0,0,0,0,1,53,34,587903980.5221099,550191508.3465656,0.01044843353260448,-38840259.34598434,569047744.4343377,313919071.24327433,170714323.3303013,511374502.31378573,197455431.0705114,340660178.9834844
2019-11-05,511374502.31378573,-3842154.92974279,-1038505.8820373435,-1677749.7048129176,14105.848393184771,25162.425956647243,-2281.9023106004615,0.0,8269.066781089678,1,0,0,2,52,34,580671368.2303209,546349371.0439267,0.008745231294979764,-39877904.457095444,563510369.6371238,310788753.230078,169053110.89113715,506494347.1104773,195705593.88039935,337441236.2193402
2019-11-06,506494347.1104773,-4381276.407786837,13252483.460970823,13455717.711585332,16236.940916207157,24062.495710628013,-1511.1502203545074,0.0,25000.894154777794,1,1,0,2,52,34,558870868.1178119,541861588.4909134,0.010459122246827091,-26537272.162323058,550366228.3043627,303126657.5580719,165109868.49130878,515346867.6740806,212220210.1160087,350236999.1827718
2019-11-07,515346867.6740806,-4610759.408026559,-11857256.822442189,-12593480.461592594,16635.39526589819,25307.66797931807,-2187.0164627256772,0.0,17540.691701007458,0,1,0,1,53,34,587790998.2293229,537250818.1167057,0.010188557350765822,-38406142.76006067,562520908.1730143,310650003.9979733,168756272.45190427,498867796.0081616,188217792.01018828,330111523.55625737
2019-11-08,498867796.0081616,6007533.963727033,-9547581.430386994,-9705174.94106229,17198.27610675476,25718.74329294136,-2730.3607241882933,0.0,0.0,0,0,0,1,53,34,597338553.9005735,543258348.3487015,0.010364941887648967,-47947798.08330661,570298451.1246375,315016153.2573474,171089535.33739123,495333538.64796364,180317385.39061624,324244003.3105724
2019-11-11,495333538.64796364,3854035.90012723,9929333.282042544,9951425.116587268,16574.962901636467,25291.231217856715,-2164.5760339966537,0.0,0.0,0,0,0,1,53,34,587409241.1889302,547112399.8057096,0.010158142273199184,-38012066.938477814,567260820.4973199,313000872.3081064,170178246.14919597,509123459.52241564,196122587.21430922,338945213.37321967
2019-11-12,509123459.52241564,3997303.7982867192,-5501287.9016309045,-5698651.048908788,16756.477478013312,25528.09277331499,-2473.2044333671265,0.0,0.0,0,0,0,1,53,34,592910541.831832,551034601.6738942,0.010174101262304341,-43431882.73230076,571972571.7528632,315631812.9680232,171591771.52585894,507625773.82993335,191993960.86191016,336034002.3040744
2019-11-13,507625773.82993335,3591108.898352973,9756640.620568305,9569727.998156942,15649.002743473202,25108.014848415227,-1917.195958978771,0.0,0.0,0,0,0,1,53,34,583153893.253515,554625705.8208603,0.009660641989748725,-33667831.47474915,568889799.5371876,313602594.4312695,170666939.86115626,520981065.16500056,207378470.73373103,350314125.30384433
2019-11-14,520981065.16500056,1066415.4345879755,7464384.723021434,7629417.4615385095,13756.056001978386,24335.21323850378,-1492.188389888452,0.0,10275.445749275601,1,0,0,2,52,34,565204952.6362168,555692117.740851,0.008761742333669172,-26204283.919992328,560448535.1885339,308484515.2260778,168134560.55656016,529510676.84570736,221026161.61962956,361376116.2891472
2019-11-15,529510676.84570736,5328855.219056119,-9364078.498070905,-9701493.669664819,12824.088847669962,24738.389412093242,-2020.0348752957063,0.0,0.0,0,0,1,2,52,34,574569044.4099075,560936412.6537695,0.008035016905414022,-35473783.1759246,567752728.5318384,312604816.4864146,170325818.5595515,525485347.83238167,212880531.34596705,355159529.2728301
2019-11-18,525485347.83238167,4113217.10268326,9373938.675448531,9344652.71194576,15896.909572184255,24794.635279815826,-1486.461357845198,0.0,10680.389043646672,0,1,0,1,53,34,575875400.0473353,565049637.961862,0.009937718203479308,-26103711.64996445,570462519.0045986,314025029.5046661,171138755.70137957,538969234.4858195,224944204.98115337,367830478.7844399
2019-11-19,538969234.4858195,4086325.9085292555,8595022.912706181,8845452.840933073,15427.054669876541,24424.571163146386,-996.5734455987715,0.0,0.0,0,0,0,1,53,34,567280362.4988837,569135958.2238756,0.009790114462434756,-17500801.97149062,568208160.3613796,312468098.305634,170462448.10841388,551658584.2501025,239190485.9444685,381196136.14168864
2019-11-20,551658584.2501025,-6186504.5978433695,-542921.6898342234,-409009.4498799824,15332.122720741434,24447.947655932574,-1020.1048735876207,0.0,0.0,0,0,0,1,53,34,567823300.3958533,562827862.6441697,0.009720566548817203,-17914036.804465532,565325581.5200114,311053955.7797984,169597674.45600343,544937253.6824865,233883297.90268815,375339579.2264831
2019-11-21,544937253.6824865,-7675600.745759193,-4498152.082602652,-4647772.538572935,14833.755307339485,24627.119272889544,-1275.7597864495835,0.0,0.0,0,0,0,1,53,34,571984705.6929184,555152253.5925661,0.009336179547271293,-22403586.493748784,563568479.6427423,310383475.10601705,169070543.89282268,532772018.4583038,222388543.35228676,363701474.5654811
2019-11-22,532772018.4583038,1832913.6948648423,-5893957.716954006,-5735461.372961338,15767.631169156226,24880.88688619436,-1610.9560626783632,0.0,0.0,0,0,0,1,53,34,577878663.1632239,556985166.9301289,0.009822731972529912,-28289960.125083447,567431915.0466764,312609890.68149936,170229574.51400292,528718476.735869,216108586.05436963,358488902.2218661
2019-11-25,528718476.735869,10933323.343671158,-10301284.118839974,-10244286.926242666,17140.08993027962,25324.414498036112,-2197.2079253971824,0.0,0.0,0,0,0,1,53,34,588179949.6318065,567918490.6582326,0.010490722063482914,-38585114.78746271,578049220.1450195,318433607.5541001,173414766.04350585,529356503.0773425,210922895.5232424,355941737.03383666
2019-11-26,529356503.0773425,3552110.298204157,9210905.009794336,9191221.55180959,17178.67016358933,24927.833820568925,-1672.3596257006232,0.0,0.0,0,0,0,1,53,34,578969043.5745041,571470606.3128469,0.010681609539450847,-29368266.597669482,575219824.9436755,316558364.650563,172565947.48310265,542125595.1893723,225567230.5388093,369559647.7062696
2019-11-27,542125595.1893723,3758991.659066257,-9540795.800865732,-9649761.215825228,17222.338160660904,25338.57090053044,-2212.959294086181,0.0,0.0,0,0,0,1,53,34,588508743.4961909,575188292.8982427,0.010535173532010667,-38861724.188830495,581848518.1972167,320349696.27341795,174554555.459165,536349694.32101864,215999998.0476007,361795138.8618536
2019-11-29,536349694.32101864,-1331036.007878457,4678268.947040965,4714095.655410313,15211.694784376026,23386.86684794119,-46.697724899327426,800865.0510292354,0.0,0,0,0,0,52,35,539696927.2601813,539696927.2601811,0.010146824719154561,-816076.745813489,539696927.2601812,296833309.9930997,161909078.17805436,538904190.6834906,242070880.69039094,376995112.5054363
2019-12-02,538904190.6834906,-8841378.217054745,9129535.400135083,9129535.400135083,17091.794913273938,22991.253661925344,337.4103352198994,0.0,0.0,0,0,0,0,52,35,530567392.1982771,530855549.1758245,0.011597105776299159,8319706.895833135,530711470.6870508,291884104.95343924,159213441.20611525,539198584.7356548,247314479.7822156,379985143.5295396
2019-12-03,539198584.7356548,3877559.2754815696,4396245.213810075,4396245.213810075,17203.51256245201,22650.32347509685,512.4170511614512,0.0,0.0,0,0,0,0,52,35,526072029.09902364,534733107.20078945,0.01177265503564143,12722078.511594653,530402568.1499065,291504885.5299045,159120770.44497195,547478348.4529103,255973462.92300582,388357578.0079384
2019-12-04,547478348.4529103,3729234.479716316,-7950668.426696743,-7950668.426696743,16996.75724447788,22981.305240915724,196.96235678264892,0.0,0.0,0,0,0,0,52,35,533759347.5309459,538349817.8561506,0.011463654241029068,4890099.892534733,536054582.69354826,294715258.72332144,160816374.80806446,543263096.016283,248547837.2929616,382446721.2082186
2019-12-05,543263096.016283,-164751.65270558908,3107970.196993378,3107970.196993378,15342.8656773828,22845.982630907656,323.55063978307527,0.0,0.0,0,0,0,0,52,35,530616370.7823714,538157990.2933826,0.010409463310967464,8032981.401510835,534387180.537877,293724408.80805707,160316154.1613631,546214141.2281642,252489732.42010713,385897987.0668011
2019-12-06,546214141.2281642,1226344.4491996597,-3516636.351423059,-3516636.351423059,15753.052259470503,22997.392797248143,182.20731605019137,0.0,0.0,0,0,0,0,52,35,534132994.000602,539384328.426918,0.010617390944029546,4523767.846763372,536758661.21376,295085980.3069101,161027598.364128,543931275.8737947,248845295.56688458,382903677.5096667
2019-12-09,543931275.8737947,-2260797.3636590084,-3909739.4302214673,-3909739.4302214673,15088.87107274885,23151.19457367973,25.057378269540767,0.0,0.0,0,0,0,0,52,35,537705164.2919164,537123535.9897356,0.010102178567213085,622114.2191058397,537414350.140826,295592433.2850088,161224305.0422478,537768826.4607934,242176393.1757846,376544521.4185456
2019-12-10,537768826.4607934,677560.1338037985,-1909014.6235767605,-1909014.6235767605,14741.095639729814,22129.266128142383,-70.37740434857616,0.0,25637.645413777398,1,0,0,1,51,35,513970052.0084683,537732889.1112102,0.010325104370507753,-1235895.8812432885,525851470.55983925,288624237.880343,157755441.16795176,536519052.1186907,247894814.2383477,378763610.95073897
2019-12-11,536519052.1186907,9444003.09864334,-2995128.681688284,-2620554.8733186987,15966.129006207013,23345.938307522603,-242.0251817090495,0.0,25263.07076582159,0,1,0,0,52,35,542228244.5618154,547176895.6488131,0.010600344965208206,-4250198.312939405,544702570.1053143,299462697.2807479,163410771.03159428,542949801.2489996,243487103.9682517,379539030.2174053
2019-12-12,542949801.2489996,1936246.0885346872,-16517075.144567316,-16517075.144567318,15347.694561884726,23347.51966929447,-1183.0730832923693,0.0,16401.93415958475,1,0,0,1,51,35,542264972.9642587,549113140.1245017,0.010189059440950967,-20775917.560256243,545689056.5443802,299957776.920403,163706716.96331406,528359387.0108315,228401610.09042847,364652670.0475174
2019-12-13,528359387.0108315,3298704.298850214,5596483.736064715,5707872.505525386,16197.735070603427,23807.95810817644,-864.9724449617134,0.0,16290.54539012408,0,1,0,0,52,35,552959027.0286142,552411846.7743695,0.010545418991985252,-15189760.009083748,552685436.9014919,303990669.8021766,165805631.07044756,537245029.7509489,233254359.9487723,371439398.68050134
2019-12-16,537245029.7509489,7201728.838373042,-4322135.860196187,-4322135.860196186,16063.211755086213,24148.85039815759,-1113.975630543803,0.0,0.0,0,0,0,0,52,35,557281163.0344058,559576094.8084275,0.010376730123702412,-19467535.291056752,558428628.9214166,307078372.6124286,167528588.67642498,540131594.3921384,233053221.77970976,372603005.7157134
2019-12-17,540131594.3921384,1542052.1317466302,-2746338.2938815765,-2746338.2938815765,15880.413405625703,24112.29608330997,-1264.5493146854542,0.0,0.0,0,0,0,0,52,35,560027521.9349413,561118147.4891227,0.010208335487285919,-22206719.67252505,560572834.7120321,308287793.4527631,168171850.41360962,538934275.5633663,230646482.1106032,370762425.14975667
2019-12-18,538934275.5633663,-667719.9929981949,-1257254.9831046322,-1257254.9831046325,16500.38251135154,24166.427516716853,-1335.7812626126495,0.0,0.0,0,0,0,0,52,35,561284768.1301979,560450422.377462,0.010583108684518332,-23457622.172709942,560867595.25383,308498036.03342485,168260278.576149,537015630.8510062,228517594.8175813,368755352.27485716
2019-12-19,537015630.8510062,2877248.148503364,-2949556.563270944,-2949556.563270944,16221.828718487588,24293.421931281293,-1503.3658142071783,0.0,0.0,0,0,0,0,52,35,564234315.8233074,563327671.0033534,0.010350058787428154,-26400570.395833373,563780993.4133303,310102212.4978305,169134298.0239991,536949890.663637,226847678.16580653,367815592.63963795
2019-12-20,536949890.663637,2194426.0238199374,-3143106.691542034,-3143106.691542034,16733.085257080314,24428.750603193133,-1682.003601031561,0.0,0.0,0,0,0,0,52,35,567377433.3644856,565522101.123895,0.010617113650128431,-29537624.213237166,566449767.2441903,311593755.29031944,169934930.17325708,536007223.65766007,224413468.36734062,366072293.484403
2019-12-23,536007223.65766007,5159511.179322043,-10525689.539617939,-10525689.539617939,18147.802892911408,24881.939359663473,-2281.1215476262532,0.0,0.0,0,0,0,0,52,35,577903107.708313,570681617.355225,0.011305024932909052,-40058719.860753715,574292362.531769,316041336.65130013,172287708.7595307,530645498.3122833,214604161.66098315,358357789.5527526
2019-12-24,530645498.3122833,8158391.055228418,-2362683.9864039277,-2362683.9864039277,18356.16444981972,24983.666762096735,-2413.4573471495373,0.0,0.0,0,0,0,0,52,35,580265808.6680532,578805514.8251376,0.01138826224675147,-42382665.60847968,579535661.7465954,318781121.30670035,173860698.52397862,536445419.4260729,217664298.11937255,362584720.90209424
2019-12-26,536445419.4260729,4649452.990900648,-5184113.3887244025,-5184113.388724402,17576.018523087423,24443.299044736843,-2709.388178639281,0.0,17734.573156778817,1,0,0,1,51,35,567715332.6519525,583454948.1590152,0.011145315802472027,-47579499.722445905,575585140.4054838,316178336.83533955,172675542.12164515,535897182.34743536,219718845.5120958,363221640.2257902
2019-12-27,535897182.34743536,-4523749.766451464,4710903.0742936,4716514.255076588,20120.3622816837,24999.363161787845,-2442.0467357292223,0.0,17728.967214022563,0,1,0,0,52,35,580630370.2092661,578931209.4898071,0.012474942395444368,-42884723.16402537,579780789.8495367,318921913.43523157,173934236.954861,536069043.6422078,217147130.20697623,362134806.6873468
2019-12-30,536069043.6422078,-3785263.7205922366,-7703436.211229849,-7703436.211229846,17801.14555315738,25331.017330901577,-2880.443570735688,0.0,0.0,0,0,0,0,52,35,588333305.7499721,575145941.8558007,0.01089248617493718,-50583399.29096818,581739623.8028865,320286477.18894184,174521887.14086595,524584993.1385927,204298515.94965088,350063105.9977268
2019-12-31,524584993.1385927,2400362.660514254,-27208781.01433518,-27208781.014335178,10292.329769789336,21518.158081011017,-42.111942144466774,729234.4591086828,0.0,0,0,0,1,58,36,499776574.784772,499776574.78477174,0.007413790289630556,-739526.7888784409,499776574.78477186,274877116.1316245,149932972.43543154,499058524.0420322,224181407.91040766,349125551.60660064
2020-01-02,499058524.0420322,9580585.052550199,3462783.3107411982,3415277.8782116966,9746.884152506958,21363.342127463857,110.15945458575496,0.0,0.0,0,0,0,1,58,36,496180849.4120638,509357152.1659385,0.007071772921224705,2734993.355232537,502769000.7890011,276193542.8651037,150830700.23670033,512113619.02275306,235920076.15764934,361282918.7860527
2020-01-03,512113619.02275306,-5328236.866352614,3569606.6301190825,3659092.38104428,9748.784991351842,21209.6503178317,254.40722757795774,0.0,0.0,0,0,0,1,58,36,492611233.1883491,504028922.6271789,0.007124406348128863,6316317.374349296,498320077.907764,273790600.6132995,149496023.3723292,510366704.0590736,236576103.44577414,360870680.68674445
2020-01-06,510366704.0590736,1779923.0401511835,-2061651.4955629269,-1941766.752320705,10495.291522768352,21298.41634607946,171.81030748309874,0.0,0.0,0,0,0,1,58,36,494672895.77990997,505808845.0918691,0.007637986597668071,4265635.220270038,500240870.43588954,274854080.00694025,150072261.13076687,510095950.5387927,235241870.53185248,360023689.40802586
2020-01-07,510095950.5387927,3658337.6855972023,1391236.1982290181,1422124.2230376136,10348.75072684303,21229.608902295364,228.29406840803233,0.0,0.0,0,0,0,1,58,36,493074787.4081504,509467185.00796854,0.007555750885675699,5667990.663923562,501270986.20805943,275289232.47443724,150381295.86241782,515156633.57486284,239867401.1004256,364775337.712445
2020-01-08,515156633.57486284,480367.2666348865,1589834.8194201665,1658867.1451948835,9521.34636549671,21161.158153380107,292.8102393218293,0.0,0.0,0,0,0,1,58,36,491484963.5623767,509947542.85552764,0.006974139486861011,7269771.459024727,500716253.2089522,274932374.7825949,150214875.96268564,517238768.2829451,242306393.50035018,367023892.32025945
2020-01-09,517238768.2829451,5202523.192228013,696498.873897724,892479.1393490917,8923.15724757057,21131.17011871868,321.3681449949414,0.0,0.0,0,0,0,1,58,36,490788467.2734661,515150071.86781096,0.0065452569147993024,7978795.324012339,502969269.57063854,276024058.14899254,150890780.87119156,523150319.73008704,247126261.5810945,372259538.8588955
2020-01-10,523150319.73008704,-835567.1642830868,368042.3899764322,542068.9528990757,9065.414186758877,20979.095407773813,334.3689063045144,0.0,0.0,0,0,0,1,58,36,490420412.12977743,514314506.88398075,0.00665459476505146,8359222.65761286,502367459.5068791,275704750.35992837,150710237.85206372,522695043.0059077,246990292.64597934,371984805.153844
2020-01-13,522695043.0059077,1033123.1354959626,-6972323.022167101,-7195920.182053514,9635.882358247285,21277.356315243447,55.94333606289863,0.0,0.0,0,0,0,1,58,36,497392745.03166497,515347623.83530587,0.006974202345368314,1398583.401572466,506370184.4334854,278054729.468326,151911055.3300456,516767540.53652966,238712811.0682037,364856485.2064841
2020-01-14,516767540.53652966,4285893.025727334,-11605437.266458584,-11552450.269650973,9369.343813528852,21773.81088879166,-577.7106870583042,0.0,0.0,0,0,0,1,58,36,508998176.62110376,519633521.42948437,0.006626671622403879,-10194894.477499485,514315849.02529407,282607833.3437022,154294754.70758823,509459823.0521866,226851989.7084844,355165068.3445984
2020-01-15,509459823.0521866,2815708.557267183,-6746386.271402786,-7529533.093024704,9141.701343693805,22062.406520901568,-959.3223182770292,0.0,0.0,0,0,0,1,58,36,515744568.0210756,522449221.01806664,0.006381089957684798,-16929217.38135934,519096894.5195711,285335675.6608393,155729068.35587132,505541106.72090995,220205431.06007063,349812038.36503863
2020-01-16,505541106.72090995,4266843.417151854,876074.5468737496,624436.4226627395,8883.929365618707,22024.92934270432,-908.985853088698,0.0,0.0,0,0,0,1,58,36,514868478.14113986,526716067.57478225,0.006211711742714246,-16040926.819212317,520792272.85796106,286139560.3360375,156237681.85738832,510696256.69905955,224556696.36302203,354458574.8416712
2020-01-17,510696256.69905955,2906946.9462688775,704379.0531561738,733555.9845857015,8876.87607488445,22137.621154047116,-872.6337122938851,0.0,0.0,0,0,0,1,58,36,514164104.2230298,529623005.1602535,0.00621528294315196,-15324299.337843835,521893554.6916417,286654982.5569723,156568066.4074925,514319970.80985147,227664988.25287914,357751904.402359
2020-01-21,514319970.80985147,-2087527.9893821513,3172346.263968608,3199432.780836011,8410.53821465326,21495.932917961534,-691.9226559988964,0.0,11729.068734271717,1,0,0,2,57,36,499260377.4494292,527535486.3633233,0.006064558482976874,-12150836.885834277,513397931.90637624,281661984.8256596,154019379.57191285,515405453.48775095,233743468.66209137,361386073.9158381
2020-01-22,515405453.48775095,1943795.199781248,3011453.563101597,2967563.3404215556,8444.791085718425,21366.272850635367,-519.7333549656128,0.0,0.0,0,0,1,2,57,36,496248917.8212085,529479282.2296759,0.006126209411612157,-9127024.770127833,512864100.0254422,281244495.90378153,153859230.00763264,520373103.9990437,239128608.09526217,366513873.9914111
2020-01-23,520373103.9990437,-1530326.4198766514,3116374.4187857346,3098583.6288464866,12978.85945931497,21232.095867374548,-341.8255669582244,0.0,0.0,0,0,1,2,57,36,493132549.1777314,527948963.58263785,0.009474915847968897,-6002790.444144428,510540756.38018465,279927005.6489789,153162226.91405538,521967063.4087938,242040057.75981492,368804836.49473846
2020-01-24,521967063.4087938,-3147448.444274456,14184316.581935389,14392922.253992867,14749.433295877421,21115.917451681464,329.31173293043355,0.0,11646.704845728553,1,1,0,2,57,36,490434211.7809888,524801519.97004026,0.010826724276093217,8176015.438272834,507617865.8755145,278330643.5268067,152285359.76265433,532998980.6374977,254668337.110691,380713620.87484336
2020-01-27,532998980.6374977,-13005109.256493926,15740811.753583137,15905487.72660559,12474.276230124433,20441.678223577277,963.6752649866194,0.0,81.05366703928136,0,1,0,1,58,36,474774461.96695614,511796397.0877806,0.009458679441686879,23925730.71690917,493285429.52736837,270381437.862032,147985628.8582105,535743533.1581783,265362095.29614633,387757904.2999678
2020-01-28,535743533.1581783,12602200.8078968,-10716129.368435072,-10706686.75369073,14058.789832072078,20903.066658817206,532.3490335180072,0.0,0.0,0,0,0,1,58,36,485490580.4628512,524398604.28598154,0.010424845595811139,13216941.521826386,504944592.37441635,276746825.21035075,151483377.7123249,537636981.2235003,260890156.0131495,386153603.5111754
2020-01-29,537636981.2235003,-319695.88378872303,4819924.431015119,4901131.248816242,26583.223153318486,20695.541971124705,726.2778982055133,0.0,0.0,0,0,0,1,58,36,480670652.23257375,524078899.4197123,0.019909599828375202,18031727.127861023,502374775.826143,275220920.52470016,150712432.7478429,542132048.3674426,266911127.84274244,391419615.6195997
2020-01-30,542132048.3674426,-2288496.623008648,2733453.992856208,2615547.9206598406,19664.807284234972,21239.426110543784,865.2886755065173,0.0,0.0,0,0,0,1,58,36,477887087.4872351,521790412.7178495,0.014813814408646656,20766928.212156415,499838750.1025423,273813729.4256329,149951625.03076267,542579445.644792,268765716.21915907,392627820.6140293
2020-01-31,542579445.644792,-10795992.464824349,9835681.940011652,10050177.819982972,9896.357708771104,23921.51180113244,-37.97680629473667,644249.5880378676,0.0,0,0,0,2,60,37,541619135.1199797,541619135.1199793,0.006577848794740957,-654145.9457466602,541619135.1199795,297890524.3159887,162485740.53599384,540988872.7092274,243098348.39323872,378503132.1732336
2020-02-03,540988872.7092274,7572648.569148629,6387993.70409013,6075106.223836214,9927.94187359398,23639.37540647113,237.89500543610913,0.0,0.0,0,0,0,2,60,37,535231141.2785916,549191788.2515323,0.0066775992629201485,5747798.789060354,542211464.765062,297867289.44646055,162663439.42951858,554963464.3110045,257096174.86454397,392300024.88148594
2020-02-04,554963464.3110045,16248441.058902333,-8853035.704930399,-8799561.587698627,10208.721831872836,24030.23442095619,-179.48269707136183,0.0,0.0,0,0,0,2,60,37,544080779.3424042,565440228.9309766,0.006754768775173658,-3091567.9878320694,554760504.1366904,304584291.0354654,166428151.24100712,562372511.6948684,257788220.65940303,395944360.45386136
2020-02-05,562372511.6948684,1011551.4402453859,-11233888.901515562,-11494209.786185417,11179.88623141907,24526.39837165346,-830.9364211552967,0.0,0.0,0,0,0,2,60,37,555314680.1129085,566451774.807458,0.007247708709037797,-14312780.460091233,560883227.4601833,308207347.7357371,168264968.23805496,552162689.8093174,243955342.07358027,383897721.57126236
2020-02-06,552162689.8093174,1446182.5906260372,7866766.752946789,7799634.54403296,10760.339915211774,24178.94907594795,-373.47612055197453,0.0,0.0,0,0,0,2,60,37,547447903.6063687,567897960.3153057,0.007075965299999693,-6433081.502330661,557672931.9608371,306208861.16073704,167301879.58825114,561488684.2859304,255279823.12519336,394186804.6976793
2020-02-07,561488684.2859304,-11698670.98923738,16374579.990275044,16440173.328610754,9832.381286943928,23308.218417636588,416.7068912137548,0.0,0.0,0,0,0,2,60,37,531073331.0347577,556018647.3356168,0.006665100761891113,10136113.570064306,543545989.1851872,298326661.1443315,163063796.75555617,566178485.83099,267851824.68665844,403114689.0754338
2020-02-10,566178485.83099,14242589.3896776,-3843439.368421282,-3544362.436115188,9812.309220044375,23476.901753479564,272.9566076171862,0.0,0.0,0,0,0,2,60,37,534916748.8134584,569928338.4928784,0.0066037029632209955,6639485.050147772,552422543.6531684,302957109.2672571,165726763.0959505,576591573.4013873,273634464.13413024,410864810.30543685
2020-02-11,576591573.4013873,5679510.143595637,-6674430.851607558,-6891256.451368274,10013.6612656401,23769.83595724215,-1.2256363401381176,0.0,0.0,0,0,0,2,60,37,541591199.0257704,575607851.9687661,0.006656160702232724,-21212.93665623665,558599525.4972682,306379322.6999227,167579857.64918044,575610407.6424308,269231084.9425081,408030549.99325037
2020-02-12,575610407.6424308,3024727.172173041,-9384613.896866,-9446203.125685664,10440.316744689859,24181.715084996256,-542.6773044016436,0.0,0.0,0,0,0,2,60,37,550975786.7467501,578632572.4079447,0.006821559347064209,-9392491.806951523,564804179.5773474,309950879.1260112,169441253.8732042,569263719.6387738,259312840.5127626,399822465.76556957
2020-02-13,569263719.6387738,6610704.802402448,3574736.834278695,3660397.902592875,10536.041542448314,24020.943741636085,-335.3800303604836,0.0,0.0,0,0,0,2,60,37,547312642.214493,585243279.6055363,0.006930179686576505,-5804654.3716237545,566277960.9100146,310504612.565732,169883388.27300438,579462310.7976239,268957698.2318919,409578922.52461946
2020-02-14,579462310.7976239,10924300.283475671,4313347.035838557,4447937.118391057,10398.735184219779,23831.242063513673,-78.7777123721038,0.0,0.0,0,0,0,2,60,37,542990325.4977798,596053019.7881942,0.006894311906731069,-1363460.406440258,569521672.642987,311910352.5963825,170856501.7928961,594713311.8461051,282802959.2497226,423856810.053209
2020-02-18,594713311.8461051,3923228.9649808034,-1938562.8336584885,-1851730.7833275963,10395.067056994363,24067.66129724364,-182.78154432118555,0.0,0.0,0,0,0,2,60,37,544928180.3149503,599835973.1474817,0.00686737128983693,-3148390.23711133,572382076.731216,313437447.3813555,171714623.01936477,596711467.7901232,283274020.4087677,424996844.77075845
2020-02-19,596711467.7901232,26057828.255237862,-7978463.279868409,-8117317.039857337,10530.530530144342,24419.929688902965,-645.2011032745048,0.0,0.0,0,0,0,2,60,37,552904068.4279916,625893814.0617005,0.006856507678864527,-11113511.82673788,589398941.2448461,322344674.0438226,176819682.37345383,614804076.9635482,292459402.9197256,437984394.5900943
2020-02-20,614804076.9635482,-12472044.22405614,1317033.597704742,1767965.7586898215,10848.121539345324,24353.062757453477,-563.7957504286087,0.0,0.0,0,0,0,2,60,37,551390100.1687579,613349532.5771072,0.0070826874711190065,-9711314.361449718,582369816.3729326,318754413.1949042,174710944.91187975,603662007.4826645,284907594.28776026,428951062.5707847
2020-02-21,603662007.4826645,-8361264.450388661,3365243.4314163737,3635087.388323203,10737.759906373374,24052.202279554152,-365.90681144027184,0.0,0.0,0,0,0,2,60,37,548024862.0657908,604988251.2094828,0.007053682841546607,-6333002.505697012,576506556.6376368,315654521.42210793,172951966.99129102,598678934.9992539,283024413.57714593,425726968.0079628
2020-02-24,598678934.9992539,-28343469.020744234,22521750.654049333,22736919.263281707,9974.227429536882,23063.747611529987,666.1005230152364,0.0,0.0,0,0,0,2,60,37,525503110.1361263,576644797.2507048,0.00683292221372988,16202445.154424667,551073953.6934155,301812132.3535141,165322186.10802466,592870972.253264,291058839.8997499,427548786.1452393
2020-02-25,592870972.253264,-18508533.182177942,21388398.919131193,21764730.880212545,9582.023162984047,22125.01027662887,1545.9837160242291,0.0,0.0,0,0,0,2,60,37,504114158.2016704,558136246.6583568,0.006842752345976117,37605009.30869746,531125202.4300136,290768309.1250903,159337560.72900409,595764926.9610469,304996617.83595663,436427366.23204285
2020-02-26,595764926.9610469,2601145.2777057425,9130706.883462498,9395123.147396497,9358.168140097747,21724.273931628974,1921.9456349572927,0.0,0.0,0,0,0,2,60,37,494983456.6700272,560737391.9956545,0.006806167933570028,46750028.958420634,527860424.3328408,288679384.9999218,158358127.29985222,607511067.1736417,318831682.1737199,449152939.8737894
2020-02-27,607511067.1736417,-31746857.974347528,5903067.791542141,6017998.239026999,8964.8710532489,21464.93820215377,2165.6074129558747,0.0,0.0,0,0,0,2,60,37,489074541.31489605,528981375.0478834,0.0065988991585878435,52676937.07189965,509027958.1813897,278967706.15643966,152708387.4544169,581681942.6653981,302714236.50895846,428973555.21098125
2020-02-28,581681942.6653981,6983084.49445067,-16240465.77509113,-14989852.478316419,13101.842974813375,25123.077971886596,-49.11945994445802,837042.6560639635,0.0,0,0,0,0,54,37,572424561.3847578,572424561.3847576,0.008239799248869903,-850144.4990386963,572424561.3847578,314833508.7616167,171727368.41542733,571599490.8442309,256765982.08261418,399872122.42880356
2020-03-02,571599490.8442309,25074145.246802084,4160885.930604935,4160885.930604935,13348.073911936961,25098.31214831214,137.51317057890122,0.0,0.0,0,0,0,0,54,37,568263671.2825389,597498708.0813901,0.008456121429427301,3322465.866335869,582881189.6819645,319853778.40510917,174864356.90458935,600846409.773045,280992631.3679358,425982052.8684556
2020-03-03,600846409.773045,-10424210.19849809,21980080.826607194,21980080.826607194,12983.13300002946,24120.375502350777,1047.751791474711,0.0,0.0,0,0,0,0,54,37,546121709.4871874,587074488.8835301,0.008558399709836585,25314808.384623885,566598099.1853588,310605135.0670388,169979429.75560763,612414465.3954479,301809330.3284091,442435035.63984025
2020-03-04,612414465.3954479,14779529.93696221,-12382807.271125937,-12382807.271125937,13235.932715282006,16905.444901082272,359.47534488384866,0.0,0.0,0,0,0,0,54,37,558344969.2100567,601726121.4055197,0.008534035480328456,13071830.723049045,580035545.3077881,317935021.1143969,174010663.59233645,614815217.0488148,296880195.93441784,440804553.45647836
2020-03-05,614815217.0488148,-6440131.041416314,22145340.1775094,22145340.1775094,12629.552796469457,16234.933495666557,968.5997461273157,0.0,0.0,0,0,0,0,54,37,536199638.38898724,595285987.6820272,0.008479377234176041,35221808.95008421,565742813.0355072,309681388.43720293,169722843.91065216,630525000.1653532,320843611.72815025,460802156.254701
2020-03-06,630525000.1653532,-18299394.158243027,26290922.53229707,26290922.53229707,12119.414468867693,15436.734286291317,1691.7400244292533,0.0,0.0,0,0,0,0,54,37,509837095.6940252,576986590.0547837,0.008557614276484077,61517819.07015467,543411842.8744044,297197776.22190344,163023552.86232132,638521537.5992491,341323761.3773457,475497984.7369278
2020-03-09,638521537.5992491,-56693540.41116088,43586110.16924618,43586110.16924618,10963.031782373966,14100.561782710733,2890.517651802769,0.0,351.9732162415855,1,0,0,1,53,37,465706627.685859,520293059.5595077,0.008474630179231325,105109732.79282796,492999843.6226834,269785253.1956346,147899953.08680502,625419783.4317702,355634530.2361356,477519830.3449652
2020-03-10,625419783.4317702,26245846.892854594,1378637.5521027718,1360744.070178149,11096.605623438287,14070.01845672388,2928.5823349001876,0.0,369.86673535173685,0,1,0,0,54,37,464697857.28629327,546538898.3170892,0.008596506228296767,106493903.08727956,505618377.80169123,276044081.76516026,151685513.34050736,653049800.0051603,377005718.24000007,501364286.66465294
2020-03-11,653049800.0051603,-34376606.98319274,30418907.04521597,30418907.04521597,10278.103823407551,13149.00177876715,3765.286961487916,0.0,0.0,0,0,0,0,54,37,434278957.83084166,512162296.0910723,0.008520139669921498,136919525.87228787,473220626.960957,258324261.37202057,141966188.0882871,649098736.2521005,390774474.88007987,507132548.16381335
2020-03-12,649098736.2521005,-63181236.666296825,57650024.82312213,57650024.82312213,8857.699561626629,11502.357463200378,5404.933514289416,0.0,0.0,0,0,0,0,54,37,376440789.70473963,448981060.1949452,0.008470845693121332,194577606.51441896,412710924.94984245,225177501.96015817,123813277.48495273,643575574.0003417,418398072.0401835,519762296.5153889
2020-03-13,643575574.0003417,26301699.5472217,-21373366.478822563,-21373366.478822563,9670.70883184207,12150.489418422098,4811.430315262262,0.0,0.0,0,0,0,0,54,37,397652380.9665413,475282745.01046765,0.008755021586947515,173211491.3494414,436467562.98850447,238116400.5425793,130940268.89655134,648511198.2796427,410394797.7370634,517570929.38309133
2020-03-16,648511198.2796427,-63726391.872860946,56600772.7977358,56600772.7977358,8135.938592443191,2368.413930648239,958.3011789443935,0.0,0.0,0,0,0,0,54,37,341051606.0133464,411385160.31927073,0.008587961005423122,229992282.94665444,376218383.1663085,205161771.8838216,112865514.94989255,641380769.9810348,436218998.09721315,528515255.03114223
2020-03-17,641380769.9810348,30788003.15163206,-1316329.4726465812,-1316329.4726465812,8055.193200270433,2376.301279102965,952.7967884765193,0.0,0.0,0,0,0,0,54,37,342187384.19082695,442173159.2324554,0.00847450749522721,228671229.23436463,392180271.7116412,213199505.06536192,117654081.51349236,670847717.5648875,457648212.4995256,553193636.0513952
2020-03-18,670847717.5648875,-35172402.423678055,38798573.25824772,38798573.25824772,6460.935773207924,2072.782843491362,1114.4240144666803,0.0,4908.073407824228,1,0,0,1,53,37,298480729.46275616,407000755.9182729,0.007792586417693938,267461763.47200328,352740742.69051456,191294407.81839508,105822222.80715437,674465706.5971341,483171298.77873904,568643483.7899797
2020-03-19,674465706.5971341,15199775.231186427,-25506723.713735968,-26306229.1473151,7791.677457225584,1831.6391053114403,672.3891282227578,0.0,5707.578508050137,0,1,0,0,54,37,329695038.9560593,422085172.69842654,0.008507874105363935,242060086.1601928,375890105.8272429,204429804.86142442,112767031.74817286,664147762.8868529,459717958.0254284,551380731.13868
2020-03-20,664147762.8868529,-10037113.607655287,1961368.3003984983,1961368.3003984983,7529.119039916058,1365.5569581085022,338.9117037318845,0.0,0.0,0,0,0,0,54,37,327733669.9460405,412048061.7735993,0.008270382639708784,244016426.68695682,369890865.8598199,201332116.427212,110967259.75794597,656066192.9292179,454734076.50200593,545098933.1712719
2020-03-23,656066192.9292179,16285278.015096372,2716791.1301112007,2716791.1301112003,7184.110175498959,1354.2369893947819,342.6774210043806,0.0,0.0,0,0,0,0,54,37,325016877.4547476,428333334.8410959,0.007957370347758981,246727743.12315404,376675106.1479218,204588396.94669825,113002531.84437653,675062774.8786603,470474377.9319621,562060243.0342838
2020-03-24,675062774.8786603,51204770.18661067,-40879878.76390821,-40879878.76390821,8282.193793697643,1219.0353918130897,114.39681985767784,0.0,0.0,0,0,0,0,54,37,365710617.54392695,479465108.36374885,0.008152866290170042,205914275.74382025,422587862.9538379,229579462.3541153,126776358.88615136,685380717.5397807,455801255.1856654,558604358.6536294
2020-03-25,685380717.5397807,6673242.222067044,-8777328.514461428,-8777328.51446143,8770.444758058999,1040.2442802033902,0.0,0.0,0.0,0,0,0,0,54,37,374487940.87322044,486138354.1637619,0.008431139613037994,197129506.63886636,430313147.51849115,233880970.8029066,129093944.25554734,683268901.0469085,449387930.24400187,554174956.7913611
2020-03-26,683268901.0469085,19708364.886226468,-12349454.080834137,-12349454.080834137,10033.5534838398,1074.548347266471,0.0,0.0,0.0,0,0,0,0,54,37,386837405.0159295,505846712.824526,0.0093374611848448,184771065.47429103,446342058.92022777,242512899.71091035,133902617.67606832,690618852.8471643,448105953.13625395,556716235.171096
2020-03-27,690618852.8471643,-19794462.534831714,16428396.002430288,16428396.002430288,9551.589388252598,1028.9139101947967,0.0,0.0,0.0,0,0,0,0,54,37,370409007.6701268,486052252.14670515,0.009283176457828496,201190982.57866943,428230629.908416,232635765.3377143,128469188.97252479,687244263.6392847,454608498.3015704,558775074.66676
2020-03-30,687244263.6392847,8499892.516143937,-553272.2650710637,-553272.265071063,9410.072097862922,927.3738513820665,-55.73037044817717,0.0,0.0,0,0,0,0,54,37,370949540.55282664,494552140.204822,0.009132309343696896,200629333.6134377,432750840.37882435,234922897.21705347,129825252.1136473,695182345.4617406,460259448.24468714,565357093.3480933
2020-03-31,695182345.4617406,-11779913.368278647,-581493.8022175424,-581493.8022175428,11491.394668402068,1517.3798628694326,-17.375325985200472,1066977.1147579006,0.0,0,0,0,0,36,35,682820938.2912446,682820938.2912443,0.006058546023760369,-1078468.5094262362,682820938.2912445,375551516.0601845,204846281.48737335,681743969.7863549,306192453.7261704,476897688.29898155
2020-04-01,681743969.7863549,-32184316.697795037,44553462.669385895,44553462.669385895,10377.14320615873,1037.1650827823973,-48.2779446051285,0.0,15968.456105322215,1,0,0,1,35,35,622299049.6694385,650636620.0140187,0.0060031773408645945,43450150.14461565,636467834.8417286,349348869.9043362,190940350.45251855,694087759.0457724,344738889.1414362,503147408.59325385
2020-04-02,694087759.0457724,10287375.412257433,-2003212.2834842836,312823.9649003255,10338.15185299072,867.0864458981611,-57.552178588372804,0.0,0.0,0,0,1,1,35,35,624302241.0466759,660924015.4390641,0.005961430894172305,41437568.583628416,642613128.2428701,352521676.1737688,192783938.47286102,702362393.5569599,349840717.38319105,509578455.0840988
2020-04-03,702362393.5569599,-9424276.843417952,4995497.698039881,4812652.088629793,10287.397906659031,860.1482623119522,-64.47725870618687,0.0,0.0,0,0,1,1,35,35,619306748.8646055,651499700.7452205,0.005980014351832797,46423626.26845455,635403224.804913,348666949.8456868,190620967.4414739,697924122.6846787,349257172.8389919,507303155.2432048
2020-04-06,697924122.6846787,50331513.009149104,-62703141.71335525,-66420987.32557067,11916.087250917984,971.6152743522432,-249.1529323183126,0.0,17553.111078563117,0,1,0,0,36,35,699562997.5336151,701831216.7157053,0.006132101648392779,-16308191.933562279,700697107.1246603,385326703.43901086,210209132.13739806,685523747.244485,300197043.80547416,475314615.10708696
2020-04-07,685523747.244485,-2195016.9333357546,-33772188.80939879,-33772188.80939879,12851.995180217205,1018.5211192597137,-765.3023554514481,0.0,0.0,0,0,0,0,36,35,733335205.8669939,699636207.3179377,0.006309145160170245,-50092517.81136751,716485706.5924659,394909613.58958256,214945711.97773975,649543942.725334,254634329.1357515,434598230.7475943
2020-04-08,649543942.725334,22407637.04482727,-43511190.17682447,-43511190.17682447,13593.460379396696,1078.9533228512078,-1430.2604430509014,0.0,0.0,0,0,0,0,36,35,776846392.4528695,722043843.314471,0.006299373703894365,-93617047.18151355,749445117.8836703,413564878.56447864,224833535.3651011,628426444.8258373,214861566.26135862,403592909.46073616
2020-04-09,628426444.8258373,21309887.604461152,-20694769.68539555,-20694769.68539555,13786.960478583345,1107.6960529432924,-1746.6463736015246,0.0,0.0,0,0,0,0,36,35,797541158.1191705,743353720.2383423,0.006223259729936563,-114325944.45391798,770447439.1787565,425100777.4953368,231134231.75362694,629027136.8341037,203926359.33876693,397892905.08047676
2020-04-13,629027136.8341037,5881249.588900929,20632588.553542998,20632588.553542998,13415.560294643301,1079.039691146846,-1431.641091560569,0.0,0.0,0,0,0,0,36,35,776908577.6257291,749234976.3183993,0.006216435041599219,-93707416.90214634,763071776.9720643,420381317.3673185,228921533.09161928,655527206.8148526,235145889.44753408,426605673.72323334
2020-04-14,655527206.8148526,38354473.091519505,-15734630.934622146,-15734630.934622144,11949.963467565365,1100.893358916955,-1672.2196297044666,0.0,0.0,0,0,0,0,36,35,792643218.4202077,787589474.7707565,0.005427393748347063,-109454375.76247418,790116346.5954821,434690334.21875143,237034903.97864464,678134527.6820115,243444193.46326005,441099623.7033669
2020-04-15,678134527.6820115,-6087804.049842689,34669505.11069352,34669505.110693514,11373.153321072896,1052.7412566006901,-1142.7287053673053,0.0,0.0,0,0,0,0,36,35,757973704.7524968,781501643.5772195,0.005401685005581002,-74796787.98767817,769737674.1648581,422767522.32005394,230921302.24945742,706704765.6020925,283937243.28203857,475783463.3526351
2020-04-16,706704765.6020925,19284556.136520237,25788818.794172548,25788818.794172548,11087.560082609083,1016.9234432842786,-748.9034639248267,0.0,0.0,0,0,0,0,36,35,732184879.1646806,800786188.7932369,0.005451521525947152,-49019135.82053411,766485533.9789587,419852010.9477134,229945660.19368762,751767320.9926821,331915310.0449687,521821660.7989945
2020-04-17,751767320.9926821,15790946.211024286,-49392820.027832985,-49392820.02783299,11642.862389742397,1085.5245830832746,-1503.6903505055072,0.0,0.0,0,0,0,0,36,35,781577699.8199577,816577172.7102078,0.005362781539535722,-98423368.3967241,799077436.2650828,438617603.12353927,239723230.87952486,718153386.1477163,279535783.024177,478430155.26819146
2020-04-20,718153386.1477163,3840201.789177534,14872362.719387457,14872362.719387457,11371.323881308694,1064.868529966745,-1276.6535028040132,0.0,0.0,0,0,0,0,36,35,766705341.5760564,820417354.0613899,0.005339308826068796,-83562774.72898996,793561347.8187232,435115940.9881644,238068404.34561697,736854367.5474272,301738426.55926275,498785963.20181024
2020-04-21,736854367.5474272,-30818830.375399742,18313704.606761478,18313704.606761478,11208.076766218926,1038.9685246853562,-997.0351467021162,0.0,0.0,0,0,0,0,36,35,748057337.7734565,789598516.0316157,0.005393848081015356,-65260482.32959306,768827926.9025362,421816830.3399409,230648378.07076085,724338075.6354007,302521245.29545975,493689697.5646398
2020-04-22,724338075.6354007,34613487.17749395,4296361.474410368,4296361.474410368,11060.730150606336,1033.0013571828013,-931.5652426528103,0.0,0.0,0,0,0,0,36,35,743760977.1716169,824212043.0762475,0.005353686165897754,-60975179.51909304,783986510.1239321,429181303.9205469,235195953.03717962,763236964.993269,334055661.0727221,528041011.9560894
2020-04-23,763236964.993269,2789857.988027149,-14991065.031606896,-14991065.031606894,11385.65824521555,843.0578461352733,-1139.6625805039234,0.0,0.0,0,0,0,0,36,35,758752061.5217459,827001877.6583723,0.005402076878785688,-75977505.36692822,792876969.590059,434376087.8711169,237863090.8770177,751024075.6867096,316647987.81559277,513160984.8096919
2020-04-24,751024075.6867096,15895857.499725457,-19586780.17711892,-19586780.177118916,11558.904225304963,1081.026150787443,-1460.19082477079,0.0,0.0,0,0,0,0,36,35,778338828.5669589,842897720.8173608,0.005346264850709303,-95576126.7122699,810618274.6921599,444226078.7744279,243185482.40764797,747321214.9404169,303095136.16598904,504135732.53276896
2020-04-27,747321214.9404169,11041631.606640534,-39360172.77124448,-39360172.771244474,12169.816948121119,908.5544432190815,-2024.2330346130666,0.0,0.0,0,0,0,0,36,35,817698998.8971733,853939372.9330692,0.005357881209628991,-134948868.97420442,835819185.9151213,458794542.90241927,250745755.77453637,718989388.2802734,260194845.37785417,468243632.50573707
2020-04-28,718989388.2802734,-11663729.843102135,-25801447.888927966,-25801447.888927963,15864.45349462521,937.2227010886321,-2411.5095984640684,0.0,0.0,0,0,0,0,36,35,843500430.9797689,842275652.6590198,0.006770836206249736,-160767306.5642712,842888041.8193944,463619042.45868564,252866412.5458183,681506871.8078512,217887829.34916556,428640459.26203287
2020-04-29,681506871.8078512,26206029.595688686,-66281549.45405768,-66281549.45405767,16730.410829503635,1010.8689134828738,-3406.0054668882253,0.0,0.0,0,0,0,0,36,35,909782022.1345863,868481652.6645343,0.0066202098437710384,-227067031.12588167,889131837.3995603,490055019.8065095,266739551.2198681,641412226.4020993,151357206.59558976,374672675.1822312
2020-04-30,641412226.4020993,-32610616.557143208,33561050.67382725,33561050.67382725,18047.822147875326,892.170338370671,-20.82942743034313,1345332.8823835598,0.0,0,0,0,2,66,36,642362643.626883,642362660.5187835,0.010114560735585105,-1363380.7045315504,642362652.0728333,353299458.2177608,192708795.62184998,641000151.1551628,287700692.937402,448291355.5333128
2020-05-01,641000151.1551628,-16855960.936662193,39383389.55431988,40796312.38804773,17596.91664146959,837.4703630020879,-52.782347268295126,0.0,0.0,0,0,0,2,66,36,602978661.3615032,625506692.8230065,0.010505993655936522,38003290.03317249,614242677.0922549,337270271.6142026,184272803.12767646,663510767.5441947,326240495.9299921,479237964.4165182
2020-05-04,663510767.5441947,21382389.110096738,-4008825.3264498715,-3628527.5637638946,17837.07085646322,843.0381874932007,-47.1908545117706,0.0,0.0,0,0,0,2,66,36,606987494.9951044,646889079.0085102,0.010579040855493332,33977415.24847484,626938287.0018073,343818518.25065887,188081486.1005422,680867290.104318,337048771.85365915,492785804.00377584
2020-05-05,680867290.104318,22526341.189095397,15341500.710617593,15298182.34089378,17273.193328343918,821.7305347909572,-68.47560088508908,0.0,0.0,0,0,0,2,66,36,591645985.0494891,669415426.1734385,0.010510254029161824,49302432.63726413,630530705.6114638,344847652.0582064,189159211.68343914,718718612.0656366,373870960.00743026,529559400.3821975
2020-05-06,718718612.0656366,7130866.694364207,14427966.041729014,14371303.209120505,17001.433447047468,801.6917066573836,-88.49189073406608,0.0,0.0,0,0,0,2,66,36,577218028.7933162,676546282.0397553,0.010603473446129405,63714161.32852757,626882155.4165359,342301979.1479337,188064646.62496075,740261156.5680988,397959177.42016506,552196509.943138
2020-05-07,740261156.5680988,10325687.338976175,-16838111.842261143,-17239396.345461316,17268.827255453998,825.0779623897304,-65.08263239562197,0.0,0.0,0,0,0,2,66,36,594056132.9206058,686871967.9127105,0.010464966974416037,46859495.32484782,640464050.4166582,349934831.8543594,192139215.12499744,733732223.2328883,383797391.37852895,541593008.1078908
2020-05-08,733732223.2328883,11723599.10744749,-32002357.74481316,-32518884.046177175,18186.123115170718,869.5250362870371,-20.610700550311307,0.0,0.0,0,0,0,2,66,36,626058026.1266667,698595574.0761833,0.010457504014391217,14839704.396224141,662326800.1014249,362466301.3570458,198698040.0304275,713436127.3867432,350969826.02969736,514738087.35631573
2020-05-11,713436127.3867432,18437523.26188327,3242222.634715058,3723921.412710127,18128.876683071256,865.0219696112929,-25.089787873101567,0.0,0.0,0,0,0,2,66,36,622815818.1201309,717033097.1380253,0.010478853323932141,18064647.268633127,669924457.6290781,366103019.7205456,200977337.28872344,735098584.3388401,368995564.61829454,534121247.05011666
2020-05-12,735098584.3388401,7462664.022490598,9979074.05950193,8178528.467244953,18011.894395865937,851.1598553176188,-38.92575695354955,0.0,0.0,0,0,0,2,66,36,612835095.8286855,724495765.5198811,0.010580794126588954,28026545.006555676,668665430.6742833,364974470.1285759,200599629.20228496,752523122.7605351,387548652.6319592,551923493.5582502
2020-05-13,752523122.7605351,1490127.8193891281,35804585.905009076,36196691.304595195,17935.296181844868,801.431243061986,-88.63057787258327,0.0,0.0,0,0,0,2,66,36,577030495.00463,725985885.1204916,0.011189541421744706,63814016.068259954,651508190.0625608,354605619.7815119,195452457.01876822,789800613.9894167,435194994.2079048,594348156.9706485
2020-05-14,789800613.9894167,4614061.560767142,-10997976.751680529,-11884151.290429313,17760.599550785235,816.7062414309379,-73.33192330522306,0.0,0.0,0,0,0,2,66,36,588028493.8302753,730599953.4191918,0.010873309551098305,52798984.7797606,659314223.6247336,359058536.5038805,197794267.08742008,783399681.5732706,424341145.06939006,585605414.4858505
2020-05-15,783399681.5732706,16910331.51504896,-4749911.336782397,-6187663.443838477,17990.62938099679,823.3028367851082,-66.71088749162406,0.0,0.0,0,0,0,2,66,36,592778042.4852779,747510272.1281868,0.010925888128387778,48031838.99396932,670144157.3067324,364710980.7776301,201043247.19201973,795542867.7141055,430831886.9364754,594499620.5220858
2020-05-18,795542867.7141055,24258875.70487672,-48726374.12197676,-50186449.310748465,19816.95363869584,890.9783584124311,-10.90230244159599,0.0,0.0,0,0,0,2,66,36,641504418.0569504,771769157.5940894,0.011120895054065176,-713605.2507226467,706636787.8255199,385393614.8156075,211991036.34765598,771056432.4194227,385662817.60381526,559065396.0717667
2020-05-19,771056432.4194227,-5633321.51512324,9266262.144284805,8974262.824693415,19676.39554001563,878.1085413881424,-11.998843853050305,0.0,0.0,0,0,0,2,66,36,632238149.7994626,766030529.0788481,0.011203851581326465,8639167.57419622,699134339.4391553,381179077.2095508,209740301.8317466,774670562.7627419,393491485.5531911,564930260.9309953
2020-05-20,774670562.7627419,5774542.130787249,-9375133.65447629,-10884667.238098087,19789.730809341007,891.129458934447,-10.752732470084561,0.0,0.0,0,0,0,2,66,36,641613210.4328018,771753996.7244673,0.011103735047096436,-703815.2162237167,706683603.5786345,385422462.3109574,212005081.07359034,771051061.8849701,385628599.5740127,559045980.8113797
2020-05-21,771051061.8849701,-13162800.835942613,-15231462.188251331,-16408520.557706093,20088.79476670603,912.2842661858075,-243.74919375627886,0.0,0.0,0,0,0,2,66,36,656844671.6537814,758591202.7482387,0.01101016180553884,-15954492.682229161,707717937.20101,386701202.1831941,212315381.160303,742637378.601082,355936176.41788787,530321997.440779
2020-05-22,742637378.601082,-6280962.453068834,178242.84835965175,-82990.01367798712,20222.041414152172,912.0350417730659,-241.3249335888432,0.0,0.0,0,0,0,2,66,36,656665230.0766075,752310250.7898648,0.011086219546366863,-15795813.834906101,704487740.4332361,385077131.72044843,211346322.12997082,736515107.6650668,351437975.9446184,525168785.53509605
2020-05-26,736515107.6650668,-12497194.606735768,-41802725.056548096,-43560997.25652225,21614.97544797261,970.0943683585117,-880.2973599452613,0.0,0.0,0,0,0,2,66,36,698467945.2181283,739813036.5863885,0.011140656080988865,-57619463.56005347,719140490.9022584,394493642.7120356,215742147.2706775,682193662.8233434,287700020.1113078,466451515.5526659
2020-05-27,682193662.8233434,-6817162.813426692,-22986251.351756703,-26109201.697888084,22190.973970110466,1002.019677326704,-1231.8140869969288,0.0,0.0,0,0,0,2,66,36,721454167.6752269,732995888.8330798,0.011073122849899487,-80627831.1488899,727225028.2541534,399685222.51083803,218167508.476246,652367827.8897803,252682605.37894225,434200319.4135343
2020-05-28,652367827.8897803,-13927565.12715939,31391937.982794482,32601118.96541021,21016.203353994715,958.4197252630896,-751.7925563387053,0.0,0.0,0,0,0,2,66,36,690062202.1894245,719019424.593322,0.010963987280325268,-49208240.05126071,704540813.3913733,386773516.8051579,211362244.01741198,669811391.1692302,283037874.3640723,458449147.1518183
2020-05-29,669811391.1692302,20796504.84544989,23724618.25013904,23221999.815406468,16198.854421834263,992.1284920344713,-14.3508464084309,923129.2741299832,0.0,0,0,0,2,60,38,714332514.2648193,714332514.2648191,0.008163687744022282,-939328.1285518408,714332514.2648191,392882882.84565055,214299754.27944574,713394163.9139129,320511281.06826234,499094409.6344671
2020-06-01,713394163.9139129,12038768.996457204,-31334003.790265605,-30159324.955225024,17368.174794062812,1035.6479537504438,-493.3150509178825,0.0,0.0,0,0,0,2,60,38,745666526.7003195,726371273.3690264,0.008385173132996877,-32289712.42371595,736018900.034673,405292776.3523525,220805670.01040187,694082103.2782133,288789326.92586076,473276433.2678114
2020-06-02,694082103.2782133,-11007599.861577265,-18960824.45360993,-19266043.458762527,18371.121617237997,1274.2438477411742,-797.5079061409376,0.0,0.0,0,0,0,2,60,38,764546308.6447046,715363673.2361834,0.008650363892187866,-51268365.394774556,739954990.940444,408204810.90245724,221986497.2821332,664095784.5773505,255890973.67489326,442109287.2952173
2020-06-03,664095784.5773505,-12569816.814952567,-45782749.218860276,-47637151.65373902,18109.940135080957,1350.54707252156,-1508.7600329201346,0.0,0.0,0,0,0,2,60,38,810328243.5129361,702716825.0054111,0.00804560189135881,-96991716.40200865,756522534.2591736,418777679.3052336,226956760.27775207,605724950.3904421,186947271.08520854,378768190.1126901
2020-06-04,605724950.3904421,850651.9563238999,-36790144.4388245,-37994520.06944113,18404.42408292436,1411.8639464536536,-2081.208174079013,0.0,0.0,0,0,0,2,60,38,847118367.8721923,703559007.5317953,0.00782133043165509,-133791954.04793656,775338687.7019937,430025262.2446065,232601606.3105981,569766384.139631,139741121.89502454,337164777.8290329
2020-06-05,569766384.139631,5440649.5364264855,-64024962.14510161,-62794091.63429308,20714.03202028646,1771.667591915921,-3132.4398958603847,0.0,0.0,0,0,0,2,60,38,911143332.9853307,708999666.7111704,0.00818427930858073,-197838309.2122348,810071499.8482506,450592916.5733918,243021449.95447516,511159996.7266317,60567080.153239906,268138546.77215654
2020-06-08,511159996.7266317,9923201.525634835,-81729416.72451718,-80317695.11857907,22046.731327776546,1930.5858973775473,-4426.859479858214,0.0,0.0,0,0,0,2,60,38,992872747.2227384,718922859.8400983,0.007993797090513791,-279591125.0436767,855897803.5314183,477592539.1268461,256769341.05942547,439329238.5228391,-38263300.604006946,182559897.46341366
2020-06-09,439329238.5228391,2408652.963606652,55474864.7277731,55715984.15188767,20778.210083339134,1822.7181189991413,-3547.30901568317,0.0,0.0,0,0,0,2,60,38,937397889.7709869,721232547.4157041,0.00797970180179256,-224040569.41156864,829315218.5933455,461527503.78522205,248794565.57800364,497190253.4132388,35662749.62801677,248395687.83523518
2020-06-10,497190253.4132388,14959000.052632513,57718767.1455164,58701341.23787943,19072.6499141896,1954.7653084412682,-2679.96452602302,0.0,34.73914296051855,1,0,0,3,59,38,879644388.7985706,736191538.9754835,0.007805601964318935,-166342625.75315297,807917963.887027,447941201.38344204,242375389.1661081,569848188.023113,121906986.63967097,327472798.8570049
2020-06-11,569848188.023113,-46342152.11503274,105159122.06966431,106506682.3355252,18095.697663115665,1721.1487371894457,-986.0380670064762,0.0,31.67331854271753,0,1,0,2,60,38,774516931.7352505,689849393.3864753,0.008410986115082692,-61202362.77971232,732183162.5608629,404817427.86719394,219654948.76825887,628647765.7174332,223830337.85023928,408992816.94917434
2020-06-12,628647765.7174332,13543862.852314241,-47297564.37383943,-48210825.68548904,19406.650927555394,1825.2391542720327,-1748.355369564047,0.0,0.0,0,0,0,2,60,38,821357619.4224147,703393266.6903352,0.008505910420399863,-108518609.14535463,762375443.0563749,422255602.49930817,228712632.91691247,594874734.4287652,172619131.929457,366162101.51185274
2020-06-15,594874734.4287652,32110530.98921201,-8422920.040088365,-8578695.676269151,19531.319569119703,2074.4513539722325,-1916.2749327970268,0.0,0.0,0,0,0,2,60,38,829780541.588893,735468064.1950874,0.008473656216882793,-116925250.13676775,782624302.8919902,432801178.52543974,234787290.86759704,618542972.2347409,185741793.7093011,383755681.3671438
2020-06-16,618542972.2347409,-856288.3725479536,-22868267.873099715,-24132632.26452777,19984.847174884577,2131.6219979210105,-2291.385299417641,0.0,0.0,0,0,0,2,60,38,852648799.1684042,734611771.4453676,0.008437876168916619,-139813340.30344927,793630285.306886,439447582.61186314,238089085.59206578,594798271.3786168,155350688.76675367,356709185.786551
2020-06-17,594798271.3786168,1541012.5304944634,33470726.8139157,31917373.196821682,21337.99015923317,2047.9452185408115,-1743.189621090948,0.0,0.0,0,0,0,2,60,38,819178087.4163246,736152785.2062137,0.009377297287762949,-106364112.473346,777665436.3112692,429791622.5264508,233299630.89338073,629788977.4884652,199997354.96201438,396489346.5950844
2020-06-18,629788977.4884652,12734063.7307822,-10574702.795608252,-9213919.569027659,18455.344143114213,2074.381926007286,-1916.7947998771276,0.0,0.0,0,0,0,2,60,38,829752770.4029144,748886853.9194564,0.008007112634640483,-116956970.83996034,789319812.1611854,436147544.6007384,236795943.6483556,631930040.6666222,195782496.06588376,395134097.01826656
2020-06-19,631930040.6666222,10497040.700775325,20607421.162767414,20035851.55109826,17984.281247339866,2022.8634213588944,-1579.354276347386,0.0,0.0,0,0,0,2,60,38,809145368.5435578,759383897.8226564,0.008001456228682379,-96367379.57373881,784264633.1831071,432589585.0187314,235279389.95493212,663016961.7580626,230427376.7393312,427737571.8031305
2020-06-22,663016961.7580626,19492582.832050767,-2343066.8710197285,-2359606.5147376894,18220.821842820864,1803.3075840274664,-1588.9733008017527,0.0,0.0,0,0,0,2,60,38,811488412.8123598,778774185.9125321,0.008083289619234843,-98625929.0152812,795131299.362446,438140070.32184094,238539389.8087338,680148471.2315341,242008400.90969318,441609081.4228003
2020-06-23,680148471.2315341,15491004.466314051,-7370334.978238002,-8602316.350215415,18428.39455709902,1819.6861798895313,-1708.0109712715794,0.0,0.0,0,0,0,2,60,38,818858780.950289,794265186.4039787,0.008101790192512327,-106014474.07892561,806561983.6771338,444223930.88608134,241968595.10314012,688250824.0002617,244026893.11418033,446282228.89712155
2020-06-24,688250824.0002617,-9413139.375366502,51943019.687644534,51834008.82455084,17336.67598478295,1704.2572068739948,-871.4286372209233,0.0,0.0,0,0,0,2,60,38,766915743.0932976,784852041.6709571,0.00813805611728406,-54088674.03440213,775883892.3821273,426287733.3457285,232765167.71463817,730764200.4651246,304476467.1193961,497999032.75048643
2020-06-25,730764200.4651246,21104074.85595318,-14706690.502265569,-11949494.413897669,17921.126409572702,1736.9387565845523,-1108.6453133130017,0.0,0.0,0,0,0,2,60,38,781622440.4630486,805956131.4152787,0.008254120114084896,-68812467.72287595,793789285.9391637,435975764.9927342,238136785.7817491,737144291.985846,301168526.99311185,499007506.2040969
2020-06-26,737144291.985846,-16306804.712607682,28221503.08627255,29354881.26580544,16564.348063304824,1674.1159277959837,-654.2232350663045,0.0,48.75906726449941,1,0,0,3,59,38,753352167.5081927,789649336.6702888,0.007915508257597053,-40606959.41790855,771500752.0892408,423417984.42003,231450225.62677222,749043397.1450729,325625412.72504294,517593171.5183007
2020-06-29,749043397.1450729,17526769.595720883,-29803151.542344354,-31681095.784668066,16793.418697912242,1740.4549686972452,-1134.6398960749793,0.0,50.168183204100444,0,1,0,2,60,38,783204735.9137603,807176096.1955326,0.007719093685248218,-70425924.58396423,795190416.0546465,436755444.8230112,238557124.81639394,736750777.426641,299995332.60362977,498193652.610247
2020-06-30,736750777.426641,10124465.715947583,7666858.061391963,6376327.44429351,19007.505890765082,1676.7602248977346,-18.71832784848942,1142819.739877687,0.0,0,0,0,1,55,39,754542101.2039806,754542101.2039804,0.00906868166767224,-1161827.2457683086,754542101.2039804,414998155.66218925,226362630.36119413,753381932.0001092,338383776.33791995,527019301.63891506
2020-07-01,753381932.0001092,-1281603.397235452,7431068.718006636,7969666.925005129,20616.038176333037,1659.659905964278,-3.472371359970503,0.0,0.0,0,0,0,1,55,39,746846957.683925,753260512.8347572,0.009937476034575862,6250268.447946906,750053735.2593411,412369215.5138668,225016120.57780233,759512437.4702387,347143221.9563719,534496316.8924364
2020-07-02,759512437.4702387,10919437.656916494,-820267.4543009262,-1313127.7011716573,20878.93606795041,1869.1680428487673,-1.502995468989512,0.0,0.0,0,0,0,1,55,39,747667217.1395069,764179945.0484241,0.010053158426845482,5410783.688362241,755923581.0939655,415345151.4039581,226777074.32818964,769592596.4018338,354247444.9978757,542815522.0736442
2020-07-06,769592596.4018338,12764750.066744907,-11506577.35851856,-10822625.359809134,20193.382920292148,1897.9344674646657,-100.20366016232092,0.0,0.0,0,0,0,1,55,39,759173786.9858663,776944697.3641628,0.009575696600599978,-6114121.637022972,768059242.1750145,421988310.4368006,230417772.65250435,770832373.4579471,348844063.02114654,540414600.8054428
2020-07-07,770832373.4579471,18546934.130897973,28903959.66558318,28408711.080044694,19473.254640750813,1825.674580120856,-6.325605817467143,0.0,0.0,0,0,0,1,55,39,730269832.0483425,795491613.0569059,0.009599700498385396,22772180.942881703,762880722.5526242,417953852.8787292,228864216.76578727,818265613.3487619,400311760.4700327,589401396.5829747
2020-07-08,818265613.3487619,33339450.665974107,-6664076.990259353,-7218893.987778644,19514.41347237937,1842.334722762583,-4.469553910476832,0.0,0.0,0,0,0,1,55,39,736933889.1050333,828831078.5332876,0.009532997401691334,16090394.077716589,782882483.8191605,428287936.3648319,234864745.14574814,844923310.476173,416635374.1113411,610058565.3304249
2020-07-09,844923310.476173,14396310.614464145,27566069.146913674,27516553.658448182,18801.288659530386,1773.4195710052193,-12.122080256253982,0.0,0.0,0,0,0,1,55,39,709367828.4020877,843227400.026377,0.009541543394598943,43639488.92251432,776297614.2142323,423617198.52722055,232889284.26426968,886868650.246382,463251451.71916145,653979365.9821123
2020-07-10,886868650.246382,-4964835.71625716,-32420807.695471823,-32059912.06903607,18129.029420181083,1854.4715850851085,-3.1117577186982848,0.0,0.0,0,0,0,1,55,39,741788634.0340434,838262550.0179191,0.008798261784859944,11202327.787313819,790025592.0259812,432102227.71469283,237007677.60779434,849466729.1650603,417364501.45036745,612459051.557266
2020-07-13,849466729.1650603,-29174153.03766038,14383278.218613222,14542951.57694961,18899.15990959497,1818.5134292456391,-7.102378326356778,0.0,0.0,0,0,0,1,55,39,727405371.6982557,809088393.2112191,0.009353378229211813,25568561.97488439,768246882.4547374,420493709.8122815,230474064.73642123,834658766.5971544,414165056.7848729,604184701.8607332
2020-07-14,834658766.5971544,29415340.57550649,-8605239.72191088,-8794331.896551577,28419.30160483055,1840.0265604302763,-4.7046434123181,0.0,0.0,0,0,0,1,55,39,736010624.1721106,838503731.8648,0.013900544695597448,16936716.28434515,787257178.0184553,430429120.21783316,236177153.40553656,855442283.4710622,425013163.253229,619265130.0655257
2020-07-15,855442283.4710622,4341701.75627227,-42080334.854964994,-42303682.1380849,30010.52718236112,2161.363755685019,-419.5302692542136,0.0,0.0,0,0,0,1,55,39,778090952.0466068,842845456.0004399,0.01388499603707364,-25171816.155252814,810468204.0235233,444138649.614092,243140461.207057,817675381.6786735,373536732.0645815,574534920.4716165
2020-07-16,817675381.6786735,-8918828.185827022,13031624.881471107,13498178.125029558,32469.29190656987,2125.164744792397,-202.84826483371657,0.0,0.0,0,0,0,1,55,39,765059308.1252629,833926604.972434,0.015278482285260067,-12170895.890022993,799492956.5488484,437999443.68068737,239847886.9646545,821757631.398891,383758187.7182036,581909744.4342365
2020-07-17,821757631.398891,26356560.777887177,8130122.67731736,8514790.448458133,31403.448008610227,1892.3230182603643,-66.70690088340278,0.0,0.0,0,0,0,1,55,39,756929207.3041457,860283162.9854131,0.014935665282839412,-4070251.579326272,808606185.1447794,442149552.937597,242581855.54343382,856214737.0222042,414065184.0846072,613632881.4787704
2020-07-20,856214737.0222042,25078548.38995705,3542136.995720689,4023826.434005636,31074.88590497138,2092.741841688558,-9.289616824791828,0.0,0.0,0,0,0,1,55,39,753387063.0078808,885361724.5314643,0.014848886415869705,-557377.0094875097,819374393.7696726,447356550.0352303,245812318.13090178,884806430.9742017,437449880.9389714,638994112.8432999
2020-07-21,884806430.9742017,-3799385.497082387,-25427241.49239643,-25794015.224516712,33246.66653077954,2107.4641422893847,-433.93112374218504,0.0,20086.69830532114,1,0,0,2,54,39,758687091.2241786,881562338.0444179,0.015775673646652392,-26035867.424531102,820124714.6342982,447996711.878358,246037414.39028946,855528144.1529053,407531432.27454734,609490729.7626159
2020-07-22,855528144.1529053,3432376.9985531834,7994602.777830391,9099109.473002281,32381.225324884832,1925.7091308625531,-296.5007393656758,0.0,19591.16622347968,0,1,0,1,55,39,770283652.3450212,884994722.0753071,0.015133699230756994,-18091570.53756666,827639187.2101642,452333776.2223332,248291756.16304925,866904780.746132,414571004.5237988,618613024.5830828
2020-07-23,866904780.746132,-29513724.432071716,5068123.971457966,4473933.684693888,25875.244784480004,1912.525029581999,-213.83694472871204,0.0,0.0,0,0,0,1,55,39,765010011.8327996,855480983.0241807,0.012176426423617446,-13047677.983446836,810245497.4284902,443373249.305885,243073649.22854704,842435003.7288187,399061754.42293364,599361354.5002716
2020-07-24,842435003.7288187,-11700584.258121438,10759147.529854741,11041841.351202477,30397.749054418662,1885.6271857185288,-37.976959776347044,0.0,0.0,0,0,0,1,55,39,754250874.2874116,843780407.475139,0.014508686741569162,-2317238.223641515,799015640.8812753,437220364.1550082,239704692.26438257,841465016.9017235,404244652.7467153,601760324.6373409
2020-07-27,841465016.9017235,20370604.26102183,6540774.446255304,6959053.264161344,38177.31290494526,2076.9724868522167,0.0,0.0,0.0,0,0,0,1,55,39,747710095.2667979,864151019.0402774,0.018381231887575646,4187199.255818367,805930557.1535376,440350783.3401087,241779167.14606127,868340295.2685826,427989511.9284739,626561128.1225213
2020-07-28,868340295.2685826,-15444377.936419,147710.7941304441,-365618.40312194877,36832.66539560423,2076.5621785524354,0.0,0.0,0.0,0,0,0,1,55,39,747562384.2788767,848706634.6276548,0.01773732844411149,4300160.8332436085,798134509.4532657,436445373.9405767,239440352.8359797,853008872.023077,416563498.08250034,613568519.1870973
2020-07-29,853008872.023077,-1566092.4366262034,-14971160.733683124,-14793728.42930693,37574.074393535666,2118.148721236604,-178.44167316150268,0.0,0.0,0,0,0,1,55,39,762533539.6451775,847140545.1680644,0.017739110581243514,-10706500.38969016,804837042.406621,440545198.1855693,241451112.7219863,836435984.4854223,395890786.29985297,594984871.763436
2020-07-30,836435984.4854223,6045417.491515116,6182494.634836164,6677924.484043742,36084.73563433065,2099.8778480836895,-75.96909772469401,0.0,0.0,0,0,0,1,55,39,755956025.3101282,853185957.7396208,0.01718420700864145,-4558145.863481641,804570991.5248744,440083297.0279437,241371297.45746234,848629835.7848896,408546538.7569459,607258538.3274273
2020-07-31,848629835.7848896,114042.17848829424,13892743.960652648,13970023.79465948,29281.610271170855,2396.2128386778622,-18.437989270659287,1076997.7459685889,0.0,0,0,0,1,60,39,862636621.9240304,862636621.9240303,0.012219953836541212,-1106279.3562395573,862636621.9240303,474450142.0582167,258790986.5772091,861532720.3426402,387082578.2844235,602741733.765431
2020-08-03,861532720.3426402,35622934.97717931,3992848.9093595943,3801446.238175506,28873.736253120747,2385.1215851280413,0.0,0.0,0.0,0,0,0,1,60,39,858643770.6460949,898259557.9046866,0.012105771224895734,2860072.588239312,878451664.2753907,482158020.6700001,263535499.2826172,901122015.614511,418963994.94451094,637586516.3318938
2020-08-04,901122015.614511,11902616.784204612,-25471834.396560635,-25052911.770139072,30273.512876700413,2455.8767354156194,-377.32733258839846,0.0,0.0,0,0,0,1,60,39,884115624.7496228,910162164.4445821,0.012326967571349668,-22639639.955303907,897138894.5971024,492775228.5360323,269141668.3791307,887524603.038681,394749374.5026487,618382934.6595503
2020-08-05,887524603.038681,7639421.112049643,-16966968.465844035,-17391146.984142322,30414.87876601561,2503.0071842187444,-660.5826744073212,0.0,0.0,0,0,0,1,60,39,901082586.318748,917801601.2705599,0.012151334985284474,-39634960.46443927,909442093.7946539,499775176.21326435,272832628.13839614,878168483.2306304,378393307.01736605,605335855.0922343
2020-08-06,878168483.2306304,-2183354.506866238,5350042.694158538,5694364.909627097,30273.453842499446,2488.1402111651846,-571.888950588264,0.0,0.0,0,0,0,1,60,39,895730476.0194665,915618234.999376,0.01216710123756351,-34313337.035295844,905674355.5094213,497623701.555684,271702306.65282637,881306814.2153407,383683112.65965676,609604507.5625143
2020-08-07,881306814.2153407,-22271912.560363814,-17311720.09748332,-18038479.134766124,30576.308370234,2536.221234921451,-860.2085792649488,0.0,0.0,0,0,0,1,60,39,913039644.5717224,893305120.0050203,0.01205585220611915,-51612514.755896926,903172382.2883713,497238173.37277174,270951714.6865114,841694281.261779,344456107.8890072,570742566.5752676
2020-08-10,841694281.261779,-10746427.145987114,-45016287.267422274,-45589406.04164689,32013.632186600713,2661.2665038699693,-1610.9858342790603,0.0,0.0,0,0,0,1,60,39,958055941.3931888,882558703.2729266,0.012029472486144105,-96659150.05674362,920307322.3330576,508056458.2361883,276092196.69991726,785900603.4968525,277844145.2606642,509808406.79693526
2020-08-11,785900603.4968525,-42823956.48391398,11880045.299753929,11954700.837515997,31725.430875601203,2628.2664560773674,-1413.4963189636628,0.0,0.0,0,0,0,1,60,39,946175924.1878521,839734746.0196365,0.012070857885144098,-84809779.13781977,892955335.1037443,493786463.7612648,267886600.53112328,754926181.6519538,261139717.89068902,487039581.12083054
2020-08-12,754926181.6519538,8875897.571815655,2455674.9663466257,2154010.3618753706,32019.948100086804,2561.1471711644945,-1373.4434128023247,0.0,21698.536779350226,1,0,0,2,59,39,922012981.619218,848610640.473376,0.01250218982360474,-82406604.76813948,885311811.0462971,488756554.6041094,265593543.31388912,766205223.4089949,277448668.8048855,500611680.09510577
2020-08-13,766205223.4089949,20686935.8772904,8324275.458464348,8119317.092660972,33201.44259886739,2598.054879502457,-1235.6082988420903,0.0,22170.24410064045,0,1,0,1,60,39,935299756.6208845,869297560.9885756,0.012779346141150671,-74136497.93052542,902298658.80473,497914317.2334093,270689597.641419,795162425.5046308,297248108.2712215,524472827.8632118
2020-08-14,795162425.5046308,-5155291.983955836,-9149336.197262216,-9587348.799821518,33631.619035877615,2623.46966374894,-1388.1517270036995,0.0,0.0,0,0,0,1,60,39,944449078.9496185,864113269.3245989,0.012819518937306108,-83289103.62022197,904281174.1371087,499363041.0160352,271284352.2411326,780825401.0223137,281462360.0062785,509541048.7811811
2020-08-17,780825401.0223137,40788466.44485882,8662516.55480203,8603861.013334658,33909.63715312763,2599.4066502155592,-1240.6152154946367,0.0,0.0,0,0,0,1,60,39,935786394.0776013,904679387.3144996,0.013045145187389452,-74436912.9296782,920232890.6960504,506905765.0519053,276069867.2088151,830243833.1762562,323338068.1243509,554173965.9674411
2020-08-18,830243833.1762562,5789472.567033828,14697600.23704436,16094801.786820244,32182.21428906308,2302.1166992452263,-979.3760926857602,0.0,0.0,0,0,0,1,60,39,920846679.6980904,910457265.014668,0.012581461604293525,-59758541.248622656,915651972.3563793,503868320.1630941,274695591.70691377,850700046.5066519,346831726.3435578,576004454.7997382
2020-08-19,850700046.5066519,-7347931.304785026,-3660458.205307049,-3503747.311017804,31503.92614956275,2311.267801943951,-1039.861449055704,0.0,0.0,0,0,0,1,60,39,924507120.7775805,903109326.2331312,0.012267524131456767,-63449173.16272092,913808223.5053558,503129467.79155695,274142467.0516067,839661424.4767631,336531956.6852062,565518957.4251564
2020-08-20,839661424.4767631,9959185.312436108,12267001.414637202,12699658.325280491,31467.334332135862,2222.897334141419,-839.6923403898659,0.0,23081.210558482748,1,0,0,2,59,39,889158933.6565677,913068527.4962935,0.01274039986640272,-51235464.837347746,901113730.5764306,495014811.9710437,270334119.17292917,861834445.8639395,366819633.8928958,591500326.6910104
2020-08-21,861834445.8639395,-16055195.450457096,14862775.858879838,15826693.170576708,30618.896080361592,2240.3795064851925,-596.9451787676682,0.0,21855.65753271614,0,1,0,1,60,39,896151802.5940771,897013325.3384713,0.012300151109468992,-36423773.61972213,896582563.9662743,493098872.1128409,268974769.1898823,860591195.1530769,367492323.040236,591616425.9631946
2020-08-24,860591195.1530769,-17652379.583077367,-28856379.77292267,-29270645.006567504,32498.086097789426,2312.5204069630736,-1070.3748018626025,0.0,0.0,0,0,0,1,60,39,925008162.7852296,879360942.570392,0.012647792166479042,-65311004.85941303,902184552.6778108,497342684.4781668,270655365.80334324,814051179.8565841,316708495.37841725,543395814.0532408
2020-08-25,814051179.8565841,14357238.875109976,-2434894.2492150115,-2274276.935395089,31521.78149188148,2253.32410078301,-1111.2041042921844,0.0,26113.43764159241,1,0,0,2,59,39,901329640.3132042,893718173.5930382,0.01259011224032759,-67802284.3296926,897523906.9531212,493828435.49222076,269257172.08593637,825917031.3833421,332088595.8911214,556659859.2974057
2020-08-26,825917031.3833421,20890007.639210638,18161735.02999272,18771898.422514915,32050.415926636375,2271.162356346936,-814.4745955436122,0.0,25297.048211275494,0,1,0,1,60,39,908464942.5387745,914608181.5707297,0.012700709948525755,-49696754.9823221,911536562.0547521,501191528.15431476,273460968.61642563,864912883.2761685,363721355.1218537,591451914.6597428
2020-08-27,864912883.2761685,-12061044.166470991,-12242008.137379343,-12309513.28876421,32264.093090112972,2046.0154595927002,-998.3986248798607,0.0,0.0,0,0,0,1,60,39,920706956.816715,902547136.6993574,0.012615385847196197,-61969569.820129275,911627046.7580361,501848871.2198539,273488114.0274108,840578614.4960629,338729743.276209,567090500.468652
2020-08-28,840578614.4960629,8379143.481927131,-18540624.107683364,-19102464.435278542,32843.475131075706,2348.1189615445937,-1319.994010720093,0.0,0.0,0,0,0,1,60,39,939247584.6178374,910926297.828944,0.012588428483420675,-80542007.43376839,925086941.2233907,509505849.84258723,277526082.3670172,830385318.5201263,320879468.6775391,552859236.1531091
2020-08-31,830385318.5201263,5441017.457209001,24011150.97927463,23480459.97098283,16809.03662238342,2122.4841903340566,-18.59449851713369,1106926.7230917655,10843.810822987469,1,0,0,3,55,40,848993676.1336226,859837486.9566098,0.007127559785387175,-1134579.570536971,854415581.5451162,469657474.57923925,256324674.46353483,858705011.2757647,389047536.69652545,602380336.8122299
2020-09-01,858705011.2757647,11645494.804025348,-1252370.5214989786,-1314045.217767871,29337.086194390668,2151.769854774671,-39.630196490857074,0.0,10611.346316505978,0,1,0,2,56,40,860707941.9098684,871476300.8099681,0.01227053976816517,-2418113.684187889,866092121.3599182,476081457.7754525,259827636.40797547,869060299.2654386,392978841.48998606,609232662.8574631
2020-09-02,869060299.2654386,-4866880.6460543275,-12923358.189720284,-13366979.075800596,29445.33725797783,2184.078205429379,-251.87761991744645,0.0,0.0,0,0,0,2,56,40,873631282.1717516,866609419.0195721,0.012133633066023893,-15368803.927166224,870120350.5956619,478741739.4064185,261036105.17869854,851242547.2929914,372500807.8865729,590206442.1142929
2020-09-03,851242547.2929914,-67877201.32970949,7367545.038059799,6529145.195084312,29590.277557145913,2165.0686053625263,-131.58517548106573,0.0,0.0,0,0,0,2,56,40,866027442.1450106,798732226.6853411,0.012300418441923738,-8028925.961556554,832379834.4151759,459491289.3148384,249713950.32455277,790705334.2072145,331214044.89237607,540991383.8826617
2020-09-04,790705334.2072145,-18089276.789286096,-10832617.190201385,-10891562.14451495,30581.535280288976,2192.1501186451733,-309.5875250474658,0.0,0.0,0,0,0,2,56,40,876860047.4580693,780642944.9665293,0.012555427440010593,-18890086.27408266,828751496.2122993,458218750.47905314,248625448.86368978,761754741.2550402,303535990.775987,513129292.3913504
2020-09-08,761754741.2550402,-23399912.10997048,16171354.501448868,15895450.558817655,26591.182061851112,2151.7217560914155,-44.96187250867731,0.0,0.0,0,0,0,2,56,40,860688702.4365662,757243028.7531217,0.011122285578010052,-2743436.288665056,808965865.594844,447517367.91925025,242689759.67845318,754501699.2243403,306984331.30509007,511811939.5458871
2020-09-09,754501699.2243403,33563449.653314754,3943867.1739550363,3978233.140230685,27678.44049528309,2141.853103186901,-0.3263496894357603,0.0,0.0,0,0,0,2,56,40,856741241.2747604,790806478.7291461,0.011630394450809841,1174858.8819687366,823773860.0019532,454723992.06471467,247132158.00058597,791983479.1378684,337259487.07315373,544851321.1372824
2020-09-10,791983479.1378684,-14569614.918670226,8638117.97364444,8843285.426638953,31016.61091072954,2120.2577187729175,-2.7178038215932596,0.0,0.0,0,0,0,2,56,40,848103087.509167,776236871.8241961,0.0131658286502134,9784093.75773573,812169979.6666815,448490144.2087991,243650993.90000445,786023083.1218468,337532938.9130477,542372089.2218423
2020-09-11,786023083.1218468,-7734646.31240837,-1610233.089522776,-723518.4078837661,26343.494760655325,2123.68654478497,-2.2637897130658904,0.0,0.0,0,0,0,2,56,40,849474617.9139881,768502217.2581178,0.011164145359780681,8149642.967037201,808988417.5860529,446967939.6887258,242696525.27581584,776653981.6479101,329686041.9591843,533957456.3720943
2020-09-14,776653981.6479101,43029079.96240202,-22518769.340365574,-22207957.018306583,35517.69551789059,2179.928251436932,-236.04159357602637,0.0,0.0,0,0,0,2,56,40,871971300.5747728,811531312.4875422,0.014663751407887275,-14402537.913113475,841751306.5311575,464474218.29431736,252525391.95934725,797130718.4610865,332656500.16676915,544605326.5017393
2020-09-15,797130718.4610865,13630906.33637201,8414274.612614544,8102538.215979526,35702.122775499156,2158.8925131585183,-98.6939743234643,0.0,0.0,0,0,0,2,56,40,863557005.2634073,825162202.5002546,0.014883515646149223,-6022005.212957144,844359603.8818309,465357652.2040858,253307881.16454926,819142257.4858363,353784605.28175044,565834376.321287
2020-09-16,819142257.4858363,7893129.274504658,-29762977.531704977,-28073138.767019756,37154.89627841923,2233.2999925137515,-587.0513630920411,0.0,0.0,0,0,0,2,56,40,893319997.0055007,833055337.5040753,0.014973092178690545,-35820083.17171776,863187667.2547879,476259833.477669,258956300.17643636,797236900.580987,320977067.103318,538280600.4045506
2020-09-17,797236900.580987,-5158180.4658525735,7904130.878246473,8285345.264248507,36900.04148724576,2213.53964916721,-453.60771286366264,0.0,0.0,0,0,0,2,56,40,885415859.6668841,827623709.7028968,0.015003136424963363,-27677758.751003146,856519784.6848905,472530685.32578945,256955935.40546715,799947710.88383,327417025.5580405,542991775.4783628
2020-09-18,799947710.88383,10365219.83817729,17035851.906165775,17008902.20100059,42623.17774230016,2170.950010989848,-175.07894845504046,0.0,0.0,0,0,0,2,56,40,868380004.3959394,837988942.7459925,0.017670079814771714,-10682783.29556179,853184473.570966,470011237.0052799,255955342.07128978,827308155.3214933,357296918.31621337,571352813.2502035
2020-09-21,827308155.3214933,-10604366.319047267,49219687.62498484,48987005.24253526,39410.57453742085,2047.9007789056461,-10.727945809903217,0.0,0.0,0,0,0,2,56,40,819160311.5622585,827263461.1372418,0.017319939251467496,38620604.91565156,823211886.3497502,452563958.752988,246963565.90492505,865886103.2257265,413322144.4727385,618922537.3208015
2020-09-22,865886103.2257265,4045677.900003594,1098643.6650700837,636076.084107181,38982.87544198621,2045.154207796124,-11.022859471738442,0.0,0.0,0,0,0,2,56,40,818061683.1184496,831309147.8170998,0.017154984090708272,39682294.098258376,824685415.4677746,453245791.88980985,247405624.64033237,870993476.0467066,417747684.1568967,623587851.4063742
2020-09-23,870993476.0467066,-45493849.57911249,27960228.403293822,27360698.61111789,28464.828163804174,1975.2536137690072,-18.78225138381032,0.0,0.0,0,0,0,2,56,40,790101445.5076029,785815285.0610069,0.012969648640986946,67616104.98171711,787958365.2843049,433484254.91753256,236387509.58529145,853433346.5140864,419949091.5965538,617045836.9287949
2020-09-24,853433346.5140864,-6197641.036712301,8620986.641366191,8608181.971524308,28980.72473357648,1953.674606005423,-21.16945979100589,0.0,0.0,0,0,0,2,56,40,781469842.4021691,779617656.1463854,0.013350561132362097,76210055.24762118,780543749.2742772,429345366.7572471,234163124.78228316,855829643.8991529,426484277.1419058,621666519.1168697
2020-09-25,855829643.8991529,27560465.35229611,-19142949.163807202,-19210472.907002248,28902.905483869137,2001.5319484017334,-15.84448261058894,0.0,0.0,0,0,0,2,56,40,800612779.3606933,807178119.7840378,0.012996352596946481,57040137.398120165,803895449.5723655,441978363.75421745,241168634.87170964,864220242.8696238,422241879.11540633,623051607.9979141
2020-09-28,864220242.8696238,17525087.34911303,-25808927.228597153,-25100278.23103112,24868.014819919455,2066.054288337442,-8.668979837965075,0.0,0.0,0,0,0,2,56,40,826421715.3349769,824703207.5586455,0.010832829255390815,31208327.416674256,825562461.4468112,454102316.49015445,247668738.43404335,855913592.3606282,401811275.8704738,608244853.926585
2020-09-29,855913592.3606282,7924931.30067591,14367446.30563934,15225765.460532516,24291.934506176192,2029.3687108091503,-12.65375963923574,0.0,0.0,0,0,0,2,56,40,811747484.3236601,832628143.3311887,0.010773173420438441,45553534.701248646,822187813.8274244,451681281.1298952,246656344.1482273,878183694.7473885,426502413.6174933,631527350.5991611
2020-09-30,878183694.7473885,6029904.677230782,1588993.1419874467,1433768.6727812712,22621.964236982458,2214.5064814165166,-18.413502457995182,1100913.778962955,0.0,0,0,0,1,58,39,885802592.5666066,885802592.5666065,0.009193817215771267,-1123535.743199706,885802592.5666065,487191425.9116336,265740777.76998195,884681252.9163858,397489827.00475216,618940475.1464038
2020-10-01,884681252.9163858,19458997.74158378,-2397481.6425668984,-2536163.391488749,22973.413623746033,2220.5001526835194,-58.04590714086989,0.0,0.0,0,0,0,1,58,39,888200061.0734079,905261579.7663066,0.009311448250243968,-3541784.1645276546,896730820.4198573,492775413.26359904,269019246.1259572,901721958.0560246,408946544.7924255,632702711.9300673
2020-10-02,901721958.0560246,-15995547.150288953,-14653611.655432297,-14737889.835916827,24827.068779946174,2255.967437152012,-298.5738566307496,0.0,0.0,0,0,0,1,58,39,902386974.8608048,889266038.0098403,0.00990455869795692,-18218065.828316927,895826506.4353225,493032601.96070147,268747951.93059677,871049929.5751039,378017327.6144024,602301977.6445072
2020-10-05,871049929.5751039,33334023.575175717,-14985608.021073774,-14933920.878521081,25787.898885408795,2293.4313289191246,-544.5619522114932,0.0,0.0,0,0,0,1,58,39,917372531.5676498,922600066.1788183,0.010119818589818504,-33227508.94849789,919986298.873234,505861776.0149995,275995889.6619702,889374306.0996971,383512530.0846976,613378416.437727
2020-10-06,889374306.0996971,-3934802.431351752,18383475.421947353,18530096.230863955,25213.486188584386,2247.472730951419,-243.6617154573233,0.0,0.0,0,0,0,1,58,39,898989092.3805677,918665260.1065849,0.010096735438529542,-14867494.502480745,908827176.2435763,499363042.7408165,272648152.87307286,903799769.4151196,404436726.6743032,631151616.5420468
2020-10-07,903799769.4151196,44433436.19217013,-19478286.150798775,-19505739.182861358,28688.576783550285,2296.168378201499,-563.3264072089252,0.0,0.0,0,0,0,1,58,39,918467351.2805996,963098689.6246588,0.01124469762335933,-34372458.74495137,940783020.4526292,516314877.7903446,282234906.13578874,928727963.7216785,412413085.9313339,646493057.5858898
2020-10-08,928727963.7216785,-7676782.724008723,-34899550.084404685,-35016916.785321996,29781.478668871023,2383.41728766271,-1135.7509521514046,0.0,0.0,0,0,0,1,58,39,953366915.0650839,955421907.53197,0.011245756645605483,-69300058.09737384,954394411.298527,524865551.4025177,286318323.3895581,886123097.1009316,361257545.69841397,599804773.7113736
2020-10-09,886123097.1009316,23927157.953065373,10361022.96143778,10353597.59043281,29412.017975403185,2357.5148288887412,-966.4069480578439,0.0,0.0,0,0,0,1,58,39,943005931.5554965,979349069.6077684,0.011228271336193616,-58967203.610309124,961177500.5816324,527739046.86859107,288353250.1744897,920383257.1053401,392644210.23674905,632030006.9308505
2020-10-12,920383257.1053401,-2289256.4397568703,3409504.0194693245,3407343.803929488,29257.232099301073,2348.9910021471796,-910.9856067609551,0.0,0.0,0,0,0,1,58,39,939596400.8588718,977059809.8993845,0.011209710409832012,-55585562.44643116,958328105.3791282,526143872.73250765,287498431.6137385,921475685.4583488,395331812.7258411,633977253.8446102
2020-10-13,921475685.4583488,23039255.901472583,27475105.287009157,27367346.116439354,32325.32886105742,2280.303305904262,-461.2055182095052,0.0,0.0,0,0,0,1,58,39,912121322.3617048,1000099074.9714308,0.012758301011809843,-28141353.653461337,956110198.6665678,523661165.4513691,286833059.59997034,971959540.4157572,448298374.9643881,685126480.8157868
2020-10-14,971959540.4157572,-20591394.629024245,5360277.955406516,5333011.911654728,32037.185890830388,2266.9025403666,-373.8515655363107,0.0,0.0,0,0,0,1,58,39,906761016.1466401,979507668.5211761,0.012719323741674596,-22811281.964927435,943134342.3339081,516905221.974286,282940302.7001724,956698279.6072235,439793057.6329375,673757976.9070511
2020-10-15,956698279.6072235,-16284508.276183158,-3115568.0620300076,-3260237.103427268,40212.99474472642,2274.691415487845,-425.5402005159819,0.0,0.0,0,0,0,1,58,39,909876566.195138,963223155.0515119,0.015910595619182864,-25965164.777246356,936549860.6233249,513768758.6214193,280964958.1869975,937259839.4254805,423491080.8040612,656294881.238483
2020-10-16,937259839.4254805,-7378047.462124379,12491311.679775361,12524286.447516158,38452.70921648388,2243.4541985190476,-221.42167047939176,0.0,0.0,0,0,0,1,58,39,897381679.4076191,955845125.742827,0.015425961589802278,-13510474.808912039,926613402.5752231,508175785.2579925,277984020.7725669,942336672.9664431,434160887.70845056,664352652.1938761
2020-10-19,942336672.9664431,-11447487.513526767,-468156.72604125226,-398009.1901067937,38160.62955395358,2244.624544994114,-229.68643804136684,0.0,0.0,0,0,0,1,58,39,897849817.9976456,944397633.8083198,0.015300806843243473,-14014765.710998654,921123725.9029827,505454353.8513736,276337117.7708948,930384883.035428,424930529.18405443,654047765.2645333
2020-10-20,930384883.035428,-8980110.840055037,-16083876.33594179,-16235837.177215895,38404.17963638106,2284.834260054228,-493.8795995619089,0.0,0.0,0,0,0,1,58,39,913933704.0216912,935417518.0937419,0.01512746997759157,-30135026.413946986,924675611.0577166,508034490.7299428,277402683.317315,905284282.6344554,397249791.90451264,627881599.3171405
2020-10-21,905284282.6344554,-30139771.482936945,4768556.56142072,4534013.823083357,38380.722904554365,2208.9998521758266,-416.74587269738026,0.0,25507.047144062068,1,0,0,2,57,39,883599940.8703307,905277741.6667986,0.015637235366980678,-25428561.723907948,894438841.2685647,491399417.67779887,268331652.3805694,879850972.1968701,388451554.5190712,611519319.8163006
2020-10-22,879850972.1968701,2638101.4629002092,-37737404.27820057,-38986581.037700795,20496.212258364518,2352.626342979081,-1036.0718213174548,0.0,33262.951408053224,1,1,0,2,57,39,941050537.1916324,907915851.8576124,0.007840850327795587,-63217941.639709115,924483194.5246224,509294124.1218928,277344958.3573867,844699226.7724249,335405102.6505321,567354268.4150382
2020-10-23,844699226.7724249,3777428.634658922,-1369644.7675246587,-1677367.5452616431,21086.857344904645,2356.0505452039574,-1058.8427580005405,0.0,0.0,0,0,1,2,57,39,942420218.081583,911693278.507671,0.008055078295772,-64607354.725456715,927056748.294627,510649385.0513927,278117024.48838806,847087220.9900014,336437835.93860877,568970196.5016134
2020-10-26,847087220.9900014,-18636093.118425988,39572759.20590555,39950717.75067167,20274.98630874844,2257.118599908377,-410.6002561275504,0.0,0.0,0,0,1,2,57,39,902847439.9633508,893057187.041328,0.008084416866093937,-25053574.950155616,897952313.5023394,494118528.7493372,269385694.0507018,868005458.6095161,373886929.86017895,598619764.5588143
2020-10-27,868005458.6095161,12809396.34052406,18706803.35855783,19278942.118010998,37463.95741197554,2226.214586759314,-104.70430624634847,0.0,6345.1481041542775,0,1,0,1,58,39,890485834.7037256,905866586.5333675,0.015145692545236811,-6388737.330285668,898176210.6185465,493612397.0444596,269452863.1855639,899479970.7133623,405867573.66890275,630027107.5277984
2020-10-28,899479970.7133623,-30966028.536124192,38057325.53924914,38163204.581299454,36706.356127907544,2131.0711387763536,-8.787221888886561,0.0,0.0,0,0,0,1,58,39,852428455.5105416,874900562.5603678,0.015501932297804794,31633998.799991608,863664509.0354548,474453677.2932544,259099352.7106364,906536683.6442763,432083006.3510219,647437330.9336399
2020-10-29,906536683.6442763,7117024.629433058,-25688877.902968455,-25605047.78455383,38096.005690170816,2193.2592869012738,-1.6414324621694625,0.0,0.0,0,0,0,1,58,39,877303714.7605095,882017577.5012406,0.01563262735323691,5909156.863810062,879660646.1308751,483695508.803463,263898193.83926252,887928925.9829051,404233417.17944217,624030732.1436427
2020-10-30,887928925.9829051,-39862532.96690011,-1202428.3376215545,-1204946.6537017622,18171.98186267408,2117.15991169596,-12.63344462907735,752682.2666913117,0.0,0,0,0,1,63,39,846863964.6783841,846863964.6783834,0.007724869333703564,-770854.2485538721,846863964.6783837,465775180.57311106,254059189.4035151,846095214.9562966,380320034.3831855,592036025.5527815
2020-11-02,846095214.9562966,11870576.132809501,-25215624.321286045,-24947726.477103796,18409.124870896645,2180.1989008303817,-429.6281053200327,0.0,0.0,0,0,0,1,63,39,872079560.3321527,858946353.8997647,0.0075994040623984255,-26214596.256815553,865512957.1159587,476360456.574587,259653887.1347876,832733508.2137446,356373051.63915765,573079621.0789571
2020-11-03,832733508.2137446,35253045.94982548,-19089429.20401894,-19975080.475181825,19063.002245661435,2227.9224992074983,-741.7745134568372,0.0,0.0,0,0,0,1,63,39,891168999.6829994,894138879.7275532,0.007700762493847139,-45260817.7702477,892653939.7052763,490885419.8367881,267796181.91158286,848879548.1052912,357994128.2685031,581083366.1937084
2020-11-04,848879548.1052912,31457795.86031415,8781302.405640515,9444792.691190656,18547.717936301386,2205.969211098985,-597.1465429958268,0.0,0.0,0,0,0,1,63,39,882387684.439594,925536158.9039024,0.0075671709553711474,-36436060.25059283,903961921.6717482,496100345.0578538,271188576.50152445,889101707.4759777,393001362.41812384,617913130.9744532
2020-11-05,889101707.4759777,38010923.82633783,-32742242.897903066,-33746070.13292567,19804.12752595112,2286.1237994200824,-1147.9388630005876,0.0,0.0,0,0,0,1,63,39,914449519.768033,964394311.5108206,0.007796478378763796,-70043727.23393416,939421915.6394268,515433433.80811507,281826574.691828,894351722.4618229,378918288.6537078,612525147.7699949
2020-11-06,894351722.4618229,8252565.04069669,10398415.575563146,10961855.711095642,19827.519637437243,2204.3591298085785,-973.4315838488681,0.0,22301.614324404563,1,0,0,2,62,39,881743651.9234314,972356399.3993059,0.008095217985303107,-59395825.455185175,927050025.6613686,507612195.4268559,278115007.6984106,912961804.8716667,405349609.44481075,634846797.1732562
2020-11-09,912961804.8716667,-46224540.61613417,-154303976.01829904,-156946242.35739306,22358.778680098163,2655.1033121721543,-3483.238639630094,0.0,26000.58138516062,0,1,0,1,63,39,1062041324.8688618,924921523.8376485,0.007578952095700447,-212536594.96048033,993481424.3532552,549842778.4200706,298044427.3059765,712384100.7418407,162541322.32177007,414339673.4358642
2020-11-10,712384100.7418407,-9298814.962915484,-280253.3111040178,-1352900.1861906135,22288.454258114827,2654.0978487885823,-3486.623696304939,0.0,0.0,0,0,0,1,63,39,1061639139.515433,915525884.805051,0.007557976372822584,-212743140.7914878,988582512.160242,547373213.0558926,296574753.6480726,702781911.4877156,155408698.43182302,406207157.839643
2020-11-11,702781911.4877156,45045600.974173136,27208279.286689844,26907602.319576554,21416.956911745176,2586.0771749635824,-3044.050330017674,0.0,0.0,0,0,0,1,63,39,1034430869.9854329,960753038.996135,0.007453474864237988,-185738664.20446825,997591954.4907839,550517520.7446636,299277586.34723514,775013916.8185117,224496396.07384813,475736330.4712766
2020-11-12,775013916.8185117,16297307.110432502,35661918.36826664,34781483.67356529,18731.178138723608,2496.9115059495534,-2453.2604205077796,0.0,0.0,0,0,0,1,63,39,998764602.3798214,976644877.4551401,0.006751564997270607,-149690466.33606791,987704739.9174807,543790600.0777314,296311421.9752442,826954454.7701577,283163854.6924263,530643032.7949135
2020-11-13,826954454.7701577,12663525.514824899,-44498271.61547077,-43350063.11391821,19738.20914115634,2608.1293274256923,-3183.75307296684,0.0,0.0,0,0,0,1,63,39,1043251730.9702771,989362869.8278389,0.006811160796452806,-194262899.36746824,1016307300.399058,560316236.7480428,304892190.11971736,795099394.8366251,234783158.08858228,490207204.71690774
2020-11-16,795099394.8366251,19228944.11783814,-54951392.10148937,-53827095.90739897,20766.2961370982,2745.507693160947,-4109.886885827588,0.0,0.0,0,0,0,1,63,39,1098203077.2643788,1010128939.6920794,0.006807362649153852,-250772759.1352427,1054166008.478229,581993158.1023334,316249802.5434687,759354816.177644,177361658.0753106,443105013.6341753
2020-11-17,759354816.177644,6076639.779159176,-17006113.75184462,-16922228.321177136,21420.943477784327,2787.96531751212,-4392.244555873341,0.0,0.0,0,0,0,1,63,39,1115186127.004848,1016405283.9927355,0.006915024734672688,-268001362.7312547,1065795705.4987917,588657159.0996382,319738711.6496375,748402316.9822425,159745157.88260424,428663605.33260494
2020-11-18,748402316.9822425,15300184.59448094,11421399.895922568,11478349.040340593,21099.912733185265,2759.411904768183,-4205.9285803634475,0.0,0.0,0,0,0,1,63,39,1103764761.9072733,1031735731.887174,0.0068818727015900385,-256632930.3272612,1067750246.8972237,589063361.5439755,320325074.0691671,775101355.0432372,186037993.49926174,454776280.97407013
2020-11-19,775101355.0432372,35403379.70753166,-20106575.556717917,-20902046.11657573,21562.427794295727,2497.4918148141815,-4469.676442057264,0.0,0.0,0,0,0,1,63,39,1123871316.6663816,1067804789.721535,0.006906906414313921,-277428192.9552784,1095838053.1939583,604112592.4302982,328751415.95818746,790374624.5816293,186262032.15133107,461623208.6234418
2020-11-20,790374624.5816293,16119780.275378857,4173562.399603798,4423188.1318356795,21508.271609029824,2488.2172352203143,-4403.984026647419,0.0,0.0,0,0,0,1,63,39,1119697755.8491414,1083997191.6734633,0.006915239169501349,-273350732.68846047,1101847473.7613025,606908624.6731082,330554242.1283907,810644543.2182114,203735918.5451032,480090301.0898207
2020-11-23,810644543.2182114,53669969.391901225,-55609278.26685282,-55331067.354881175,23353.368706968366,2611.793419861571,-5330.543090238937,0.0,0.0,0,0,0,1,63,39,1175307038.9377067,1139543176.2307627,0.007153205465447912,-330861295.25620985,1157425107.5842347,637477905.7390027,347227532.2752704,808679162.2248825,171201256.48587978,461451629.9496121
2020-11-24,808679162.2248825,-15062070.631097252,-65368544.604968935,-66056017.22337478,24234.68104471274,2757.056869487073,-6381.699744798613,0.0,0.0,0,0,0,1,63,39,1240675591.269183,1124329813.7090647,0.007032043861821795,-396105501.40129316,1182502702.4891238,653285130.8080211,354750810.7467371,728220687.6648962,74935556.85687518,373469876.9181591
2020-11-25,728220687.6648962,55796848.733313195,7876238.289857863,7159077.928178957,24356.04182121666,2739.5540792604584,-6274.755431744052,0.0,0.0,0,0,0,1,63,39,1232799335.6672063,1181336997.1682906,0.0071124105942939626,-389467578.52204454,1207068166.4177485,665174049.9922345,362120449.9253245,791865883.4448936,126691833.45265913,429745433.5195691
2020-11-27,791865883.4448936,42415266.29858151,4099426.994531785,4178891.2207249654,24855.17905604346,2730.444304913367,-6230.908789294413,0.0,0.0,0,0,0,1,63,39,1228699937.211015,1225101784.342742,0.007282383753096066,-386746062.78379107,1226900860.7768784,674885427.24899,368070258.2330635,838352221.0944666,163466793.8454765,470281962.86140305
2020-11-30,838352221.0944666,32425178.577940617,49353033.35800832,47145640.63483372,19266.021446484512,2300.3260825760385,-23.51387254051043,1415478.743736782,0.0,0,0,0,2,71,40,920130433.0304154,920130433.030416,0.007537809284159561,-1434744.7651836872,920130433.0304158,506071738.1667286,276039129.90912473,918697965.0774424,412626226.9107138,642658835.1683177
2020-12-01,918697965.0774424,-11906845.324368127,-2105415.513545814,-2402227.0664462917,20299.886418508908,2305.213542211577,-51.65427417720232,0.0,0.0,0,0,0,2,71,40,922085416.8846308,907817190.5740918,0.007925468700452899,-3151786.2209818363,914951303.7293613,503579922.70891213,274485391.1188084,904667657.912378,401087735.2034658,630182266.7935696
2020-12-02,904667657.912378,-10355611.02231937,-25608016.30852043,-25807038.46937817,20999.059342644676,2367.982510552194,-474.36528419463025,0.0,0.0,0,0,0,2,71,40,947193004.2208776,897627353.9476306,0.00798112035209799,-28944322.425435066,922410179.0842541,508564739.75317097,276723053.72527623,868684925.1394219,360120185.386251,591961871.4141457
2020-12-03,868684925.1394219,10492260.090303404,-22402997.398341727,-22342143.53475285,21323.931539236608,2423.9900022526117,-849.2712295141177,0.0,0.0,0,0,0,2,71,40,969596000.9010447,908572803.3278245,0.007917333968984305,-51819939.427980065,939084402.1144346,518022001.10226953,281725320.6343304,856754438.6186172,338732437.51634765,575029117.9842868
2020-12-04,856754438.6186172,11763532.3629023,-40381677.98919144,-40529341.27245875,23401.338080076253,2524.9442156958803,-1534.1378141152275,0.0,0.0,0,0,0,2,71,40,1009977686.278352,921721300.6511093,0.008341255280471265,-93608408.99686134,965849493.4647307,533423631.0462829,289754848.03941923,828113882.4606496,294690251.4143667,538359034.4212303
2020-12-07,828113882.4606496,22094593.495073013,13676061.34182017,13732295.824195398,22283.82369182436,2490.754016783547,-1310.6141973029962,0.0,0.0,0,0,0,2,71,40,996301606.7134187,943831933.309288,0.008051955828436512,-79969679.83543706,970066770.0113534,534848465.34134763,291020031.003406,863863433.6136705,329014968.27232283,572843402.6102645
2020-12-08,863863433.6136705,21362389.78577031,-11423328.324017385,-10985284.284702754,22657.517818025564,2518.576506777121,-1523.2461825825194,0.0,0.0,0,0,0,2,71,40,1007430602.7108483,966723672.4270473,0.00809654421112551,-92943834.86944187,987077137.5689478,543910098.9200163,296123141.2706843,873780832.8879296,329870733.96791327,577657691.6172452
2020-12-09,873780832.8879296,-38622477.26726463,4600704.423232849,4208811.412046997,22298.25700595868,2507.035693670414,-1450.8240351114443,0.0,0.0,0,0,0,2,71,40,1002814277.4681655,928261618.1665732,0.00800484466815936,-88524856.37968135,965537947.8173693,532909687.7820929,289661384.3452108,839737817.9985504,306828130.2164575,550076433.6533396
2020-12-10,839737817.9985504,35708292.58617677,-21092391.053239048,-20743978.740271185,23416.517689121858,2559.2588754728667,-1819.1312371340503,0.0,0.0,0,0,0,2,71,40,1023703550.1891466,965328141.2118089,0.008234753475775573,-110997838.19800985,994515845.7004778,548443100.3596961,298354753.7101433,854331043.1414374,305887942.78174126,555976289.4312941
2020-12-11,854331043.1414374,-1240768.9832274832,23903174.837705065,24359645.518136885,20532.992975474695,2499.500922784355,-1433.493187554374,0.0,0.0,0,0,0,2,71,40,999800369.1137422,964440296.9384606,0.007393353412865121,-87467380.93552113,982120333.0261014,541050184.9687378,294636099.9078304,876973982.0106747,335923797.0419369,582337882.1028442
2020-12-14,876973982.0106747,-2596455.544487197,26226053.102123912,26749676.23811771,19857.1236726107,2433.9245758737347,-1013.9759092743997,0.0,0.0,0,0,0,2,71,40,973569830.3494939,962453438.9427378,0.007342631518864592,-61869716.49809897,968011634.6461158,532684308.8405326,290403490.3938347,900585142.3933054,367900833.5527728,610181651.9994707
2020-12-15,900585142.3933054,19386633.63636897,-20666174.217084516,-21005085.401461907,20358.594642805056,2485.574358588281,-1379.9743408032057,0.0,0.0,0,0,0,2,71,40,994229743.4353124,983487067.4025495,0.007371630269364073,-84201824.18460238,988858405.418931,544140689.8812311,296657521.6256793,899286348.8179649,355145658.93673384,602628827.1922855
2020-12-16,899286348.8179649,1779575.0957248393,31172.067770635847,583000.55026747,20972.969012410038,2485.496365290204,-1301.5287935946876,0.0,0.0,0,0,0,2,71,40,994198546.1160815,980491439.2317848,0.007594326982234445,-79415316.21933687,987344992.6739331,543382423.6427706,296203497.80217993,901077306.9800197,357694883.33724904,604873809.1778398
2020-12-17,901077306.9800197,26123451.870220587,-6372324.935373443,-6631204.154565852,21479.50531101786,2501.427198370566,-1444.7695641519717,0.0,0.0,0,0,0,2,71,40,1000570879.3482264,1008962385.4425575,0.007728210036457861,-88155431.03300166,1004766632.395392,552411860.1651073,301429989.71861756,920808011.06719,368396150.9020828,619378021.3485725
2020-12-18,920808011.06719,3079827.6571639576,12609620.300764719,12552089.5224325,21083.65110180137,2469.8725902332803,-1232.6561208280957,0.0,0.0,0,0,0,2,71,40,987949036.0933123,1011689291.2211549,0.007682698316769854,-75212915.84713805,999819163.6572336,549307033.6332824,299945749.09717005,936477612.5904863,387170578.95720387,636531863.4933162
2020-12-21,936477612.5904863,28946724.283752397,18633769.091783192,18363750.221405514,20636.916481631648,2423.288134315269,-931.9691943546293,0.0,0.0,0,0,0,2,71,40,969315253.7261076,1040903385.9932126,0.007664472321908424,-56865916.9436723,1005109319.8596601,551020422.6161354,301532795.957898,984038960.3684802,433018537.75234485,682506164.4105822
2020-12-22,984038960.3684802,31736595.111631934,19133829.623350047,19020281.60480838,20357.7285819031,2375.453632844945,-632.0170522636546,0.0,0.0,0,0,0,2,71,40,950181453.137978,1073452779.7163914,0.007713034458083548,-38563752.34151113,1011817116.4271847,553417630.8704913,303545134.9281554,1034890770.8114609,481473139.9409696,731345635.8833054
2020-12-23,1034890770.8114609,5462951.186817752,-28784314.38146854,-29659279.675439544,20719.67391243945,2447.4143653251767,-1111.5200905825698,0.0,0.0,0,0,0,2,71,40,978965746.1300707,1079370252.7920036,0.007619349949642823,-67821564.84910595,1029167999.4610372,563532287.0370221,308750399.83831114,1011550023.8371724,448017736.8001503,702799623.9988613
2020-12-24,1011550023.8371724,-11696685.018310579,9196439.498136349,9559057.491847692,20629.759856671262,2424.4232099626947,-983.9902147237965,0.0,0.0,0,0,0,2,71,40,969769283.9850779,1069069229.4555426,0.007658227241311482,-60040080.89840114,1019419256.7203102,558198092.5594089,305825777.0160931,1009030588.9901366,450832496.4307277,703204811.9740436
2020-12-28,1009030588.9901366,-14222628.591529608,-11864270.802242316,-13042161.010576375,21219.325539204336,2454.083934931819,-1157.8987979575165,0.0,0.0,0,0,0,2,71,40,981633573.9727275,1053573922.3495892,0.007781882564589001,-70651452.07876372,1017603748.1611583,557883552.7792156,305281124.4483475,982923766.4559625,425040213.67674696,677642642.0076151
2020-12-29,982923766.4559625,-7955816.941925712,10202081.940502627,10349245.499823041,21986.40776818088,2428.5787467776513,-975.9635190866097,0.0,0.0,0,0,0,2,71,40,971431498.7110605,1044698361.4656153,0.00814787950261778,-59550316.418843985,1008064930.0883379,552604039.979722,302419479.02650136,985149497.661999,432545457.68227696,682730018.6354976
2020-12-30,985149497.661999,42790536.04440081,-15453202.083227681,-15808190.564643247,22558.41257823462,2465.0770229131813,-1244.205705869468,0.0,0.0,0,0,0,2,71,40,986030809.1652726,1088381909.5009344,0.008236079900017878,-75917636.29034042,1037206359.3331034,567904720.1248153,311161907.799931,1012465494.081911,444560773.9570956,701303586.28198
2020-12-31,1012465494.081911,6091630.900769357,1447944.0826896722,2345765.6369483406,23355.170501518347,2550.0126726634244,-20.01548068168637,1197928.396517082,0.0,0,0,0,2,73,43,1020005069.0653698,1020005069.0653696,0.008242960388668195,-1221283.5670181513,1020005069.0653697,561002787.9859533,306001520.7196109,1018786315.4955435,457783527.50959015,712784794.7759326
2021-01-04,1018786315.4955435,2344008.81134884,6564545.506231942,6523306.742549451,23346.867247562528,2533.601303413473,-1.6037793053587617,0.0,0.0,0,0,0,2,73,43,1013440521.3653892,1021897917.4465852,0.008293404528367174,5773605.499291539,1017669219.4059873,559506635.7712631,305300765.8217962,1027674054.9434009,468167419.17213774,722373289.1216047
2021-01-05,1027674054.9434009,25145500.27875852,-43743697.38088423,-43205061.96459366,24681.74769673374,2642.923096753813,-637.0726275379008,0.0,0.0,0,0,0,2,73,43,1057169238.7015251,1047923404.214535,0.008404925952762047,-38872228.12095666,1052546321.45803,579131622.6640913,315763896.437409,1009053181.9440476,429921559.2799562,693289285.5066385
2021-01-06,1009053181.9440476,25131603.132229842,-28406457.521925885,-29546720.579839613,25005.70159760955,2713.9392200219104,-1113.5418474748587,0.0,0.0,0,0,0,2,73,43,1085575688.0087643,1073698248.1393555,0.008292422789655148,-67944926.28660154,1079636968.07406,594097268.4374682,323891090.42221797,1005754922.2501266,411657653.8126584,681863831.8279086
2021-01-07,1005754922.2501266,90924000.35291138,-22640207.711456984,-21783823.652173236,25096.252928149046,2770.539684131749,-1508.3281798927187,0.0,0.0,0,0,0,2,73,43,1108215873.6526995,1166047202.4965136,0.008152428844350777,-92033583.8578608,1137131538.0746064,623976562.7199383,341139461.42238194,1074014880.850157,450038318.13021874,732875419.4277751
2021-01-08,1074014880.850157,47748242.731927395,5770701.4771944415,5593422.692960072,25534.67220041178,2756.02210540982,-1393.945108250671,0.0,0.0,0,0,0,2,73,43,1102408842.163928,1212562568.178645,0.008338541601411904,-85054277.79156637,1157485705.1712866,633863294.6938396,347245711.55138594,1127509652.4640756,493646357.770236,780263940.9126897
2021-01-11,1127509652.4640756,-40320524.14895507,-5580214.357918385,-5857551.168692058,25808.022867686363,2769.972724566123,-1496.7804965684566,0.0,0.0,0,0,0,2,73,43,1107989089.8264492,1172912085.3859692,0.008385360756415373,-91328979.45163465,1140450587.6062093,625624748.294427,342135176.2818628,1081584379.1265626,455959630.83213556,739449202.8446999
2021-01-12,1081584379.1265626,49410899.736999154,-36227150.976305716,-36187523.04601318,26203.631147656164,2860.5405571272213,-2094.791885643499,0.0,0.0,0,0,0,2,73,43,1144216222.8508885,1222559734.2275763,0.008244339684026266,-127817809.97146773,1183387978.5392323,648904800.4121606,355016393.56176966,1094742690.00478,445837889.5926194,739726296.4430103
2021-01-13,1094742690.00478,-3084646.6303210137,10265517.846047446,9851349.046410708,25882.00157580131,2834.87669688289,-1912.9803124212488,0.0,0.0,0,0,0,2,73,43,1133950678.753156,1218621901.6717527,0.008216865814246545,-116724222.45282197,1176286290.2124543,644840679.043885,352885887.06373626,1101898601.1153152,457057922.0714302,749012714.051579
2021-01-14,1101898601.1153152,24809735.120774996,-45325664.19515763,-45419484.47786821,33266.310463736474,2948.190920552469,-2638.704495291657,0.0,0.0,0,0,0,2,73,43,1179276368.2209876,1242355103.748265,0.010155271562858075,-161005698.01779604,1210815735.9846263,664371686.4033625,363244720.79538786,1081349715.2168941,416978028.81353164,718104994.4215063
2021-01-15,1081349715.2168941,-43530229.24059624,33519444.894324284,34057867.68946005,29577.5605511787,2864.3922934770494,-2052.135462881512,0.0,0.0,0,0,0,2,73,43,1145756917.3908198,1196524398.5028412,0.00929335152754073,-125215045.19277024,1171140657.9468305,642858174.8429563,351342197.3840491,1071310165.5669016,428451990.72394526,719967968.1828525
2021-01-19,1071310165.5669016,32685133.223736938,-15769648.551778922,-15086958.067317879,32580.83454779191,2903.816428153125,-2315.2759989385067,0.0,0.0,0,0,0,2,73,43,1161526571.26125,1229464147.3056445,0.010098004408516438,-141271077.90133262,1195495359.2834473,655824008.2047861,358648607.7850342,1088193657.944741,432369649.73995495,729545050.1597068
2021-01-20,1088193657.944741,-12871421.676833497,1959681.5924328812,2100266.8033765103,31269.022232485113,2898.917262260995,-2272.3145452048707,0.0,0.0,0,0,0,2,73,43,1159566904.904398,1215900349.9014559,0.009707803798197164,-138649701.06334805,1187733627.402927,651845158.9466834,356320088.22087806,1077251275.440825,425406116.4941416,720931187.2199469
2021-01-21,1077251275.440825,-13334337.281517696,28727374.281281427,28257744.36850505,33771.7182228382,2512.883624386329,-1761.5013601231913,0.0,0.0,0,0,0,2,73,43,1130797630.9738479,1201945107.902426,0.010751542298290267,-109334567.18006015,1166371369.438137,639725566.2677609,349911410.8314411,1092611292.1046302,452885725.83686936,742699881.2731891
2021-01-22,1092611292.1046302,40915361.2507555,1735492.5965269129,1134288.819616921,30629.01545749027,2509.026856100487,-1730.855424548893,0.0,0.0,0,0,0,2,73,43,1129062085.245219,1242663922.5981107,0.009766022355007765,-107432405.66165543,1185863003.9216647,649384606.2230933,355758901.1764994,1135232295.1078868,485847688.8847935,779473393.9313874
2021-01-25,1135232295.1078868,16808332.910085183,223102.51155891462,-1725354.2746466808,29207.880724283987,2508.531111082319,-1714.4770532487178,0.0,0.0,0,0,0,2,73,43,1128838999.9870434,1258650339.747003,0.009314735813400251,-106415817.09819627,1193744669.8670232,653314284.9328637,358123400.96010697,1152235316.7028646,498921031.77000093,794111915.7427577
2021-01-26,1152235316.7028646,-11682938.224073524,5930167.716206632,3704897.2610626044,29356.112842467606,2431.241375945138,-1623.530763551575,0.0,28850.22691549694,1,0,0,3,72,43,1094058619.175312,1247195214.834303,0.009659629235638682,-100770874.97906327,1170626917.0048075,640016389.4611692,351188075.1014422,1146425147.565852,506408758.1046827,795237072.4644097
2021-01-27,1146425147.565852,-66395974.70907155,-158034082.5078027,-156766798.91533586,30169.80278123774,2844.6175842810553,-4156.813581699197,0.0,27985.210555325677,0,1,0,2,73,43,1280077912.9264748,1179946054.1997292,0.008484740570529187,-258009118.86408806,1230011983.563102,679009887.4278748,369003595.06893057,921935623.1396437,242925735.71176887,552932028.070713
2021-01-28,921935623.1396437,21675547.227198713,113756521.75371169,114608685.74967282,29227.460606687986,2266.6842254767917,-2297.0016080546106,0.0,0.0,0,0,0,2,73,43,1165723315.9594927,1202412250.4318175,0.009026057619639562,-145073785.77187014,1184067783.195655,650320057.3958023,355220334.95869654,1057338434.3425648,407018376.94676256,702118099.3838682
2021-01-29,1057338434.3425648,16922523.246464312,-21234883.501978897,-20260872.907517325,23291.418551112933,2047.5506996137099,-20.438122130866844,1267537.3476092687,0.0,0,0,0,2,51,43,1053026074.0870507,1053026074.0870498,0.007962680967487135,-1290828.7661600113,1053026074.0870502,579164340.7478776,315907822.22611505,1051737272.4334673,472572931.6855897,735829450.2073522
2021-02-01,1051737272.4334673,23179885.379687607,-7792961.016587022,-6230293.148700051,24743.727578502458,2357.375563040735,-147.78833481221835,0.0,0.0,0,0,0,2,51,43,1060819003.3683307,1076272522.1262994,0.008397042190964597,-9173069.057310104,1068545762.747315,587313831.542074,320563728.8241945,1067101662.6562175,479787831.1141435,746537933.8320229
2021-02-02,1067101662.6562175,28859389.7372528,-14459430.9575886,-11869125.6191443,24300.962316264853,2389.50767703999,-403.801059951642,0.0,0.0,0,0,0,2,51,43,1075278454.6679955,1106540834.5395293,0.008135889262801696,-25063514.065963984,1090909644.6037624,599218745.035281,327272893.3811287,1081479306.1801825,482260561.1449015,754206412.7990537
2021-02-03,1081479306.1801825,20727106.38232301,-36900728.28897815,-37300225.70982542,25347.81224897946,2471.5092262835055,-1012.987941999584,0.0,0.0,0,0,0,2,51,43,1112179151.8275774,1128155450.1026318,0.008204804410006867,-62875113.64135349,1120167300.9651046,615692608.0739312,336050190.28953135,1065281794.9825627,449589186.90863144,729231604.6930313
2021-02-04,1065281794.9825627,14099322.126854843,-12341915.216045031,-12812910.164731843,24594.392146075792,2497.9307026089805,-1193.0780509770477,0.0,0.0,0,0,0,2,51,43,1124068816.1740413,1141067727.9066982,0.007876725201507954,-74053120.40547192,1132568272.0403697,622487576.828887,339770481.6121109,1067015912.3538779,444528335.5249909,727245430.7417669
2021-02-05,1067015912.3538779,18338359.2978029,-11621091.703799281,-11236003.628533438,25616.549082416997,2523.7554189125867,-1405.8106708487971,0.0,0.0,0,0,0,2,51,43,1135689938.510664,1160964777.451483,0.008120136805793786,-87257214.05268395,1148327357.9810734,630948175.91607,344498207.394322,1073708681.3435471,442760505.4274771,729210473.9492252
2021-02-08,1073708681.3435471,58369913.11106526,-47061332.857813135,-46564843.25042463,27436.450678500794,2299.79408338219,-2145.7462471576637,0.0,0.0,0,0,0,2,51,43,1182751242.882269,1220510640.7560782,0.008350971773397201,-135520815.6099577,1201630941.8191736,659953033.0537002,360489282.54575205,1084989979.1939569,425036946.14025664,724500696.6482048
2021-02-09,1084989979.1939569,27137627.82261655,-44162.48481823063,413129.716776076,18214.749186515084,2574.5077189531116,-2184.4188496733823,0.0,23767.71797968534,1,0,0,3,50,43,1158528473.5289001,1247626080.3201783,0.005660033272356043,-135584618.25558925,1203077276.924539,659465062.1387146,360923183.0773617,1112041852.1534584,452576790.0147438,751118669.0760967
2021-02-10,1112041852.1534584,-23243206.973449808,-37462227.967461415,-36366010.39937365,27179.50046406815,2710.1029893090918,-2782.353657759925,0.0,23555.678982609566,0,1,0,2,51,43,1219546345.1890912,1223983495.2733717,0.008023163863893526,-172697813.2402712,1221764920.2312315,671859777.3750703,366529476.06936944,1051285609.7824321,379425832.40736175,684756133.7130626
2021-02-11,1051285609.7824321,21748819.43436747,65026303.152661495,63642860.04813779,49542.03559596903,2564.9582749298584,-1743.8181681372262,0.0,0.0,0,0,0,2,51,43,1154231223.7184362,1246248180.0803137,0.015451958366792168,-108236989.74644852,1200239701.899375,657831412.1356093,360071910.5698125,1138012011.4739718,480180599.3383626,777940100.9041593
2021-02-12,1138012011.4739718,29307826.76567389,-17197482.40968322,-16420313.359072143,49526.11340965779,2603.1749343752535,-2045.7132085695246,0.0,0.0,0,0,0,2,51,43,1171428720.468864,1277048132.3174198,0.015220218282116723,-126975302.60086703,1224238426.3931417,670690649.2200141,367271527.9179425,1150073387.1782784,479382737.95826435,782801859.2603359
2021-02-16,1150073387.1782784,20899271.898056734,-42082262.31232169,-41180153.55694386,49465.42743865656,2696.3658008323987,-2733.519259401718,0.0,0.0,0,0,0,2,51,43,1213364610.3745794,1298507643.9890952,0.01467617707460494,-169666712.65252042,1255936127.1818373,688636294.1096476,376780838.1545512,1128840894.1831162,440204600.07346857,752060056.0285649
2021-02-17,1128840894.1831162,21435407.45619636,-1762233.7561637699,-1169575.615116447,50821.86011056141,2700.2819481662655,-2750.8443614232733,0.0,0.0,0,0,0,2,51,43,1215126876.6748192,1319205309.8355172,0.015056756616122711,-170742063.81247902,1267166093.2551682,694339390.461325,380149827.97655046,1148463195.460625,454123804.9992999,768313367.4840745
2021-02-18,1148463195.460625,-70693292.3012073,26159763.10249927,25994428.987468787,41046.92694751198,2311.183354495478,-2245.957214936634,0.0,0.0,0,0,0,2,51,43,1188608582.3119597,1245738548.6993883,0.012432094064441141,-141849929.36441898,1217173565.505674,668017211.8684349,365152069.65170217,1103888684.5611088,435871472.6926739,738736614.9094067
2021-02-19,1103888684.5611088,48968801.75340751,-23858769.151137464,-24084050.66748286,40145.41258928893,2357.573389278529,-2641.657496584623,0.0,0.0,0,0,0,2,51,43,1212466314.4861004,1295800097.850871,0.011919793861052208,-166841526.10008144,1254133206.1684856,687689918.808548,376239961.8505457,1128958287.6666822,441268368.85813427,752718325.8161366
2021-02-22,1128958287.6666822,-108743715.79328492,-20818472.87730242,-21131152.130128864,40010.15283837681,2334.3088794056725,-2954.0846322505536,0.0,32783.09071028782,1,0,0,3,50,43,1200501709.4086316,1185897071.9999497,0.01199802958124142,-186573766.24740338,1193199390.7042906,656624780.8225769,357959817.2112872,999322685.9767934,342697905.1542165,641362868.7655063
2021-02-23,999322685.9767934,-79143392.60556887,11996470.555338638,9912867.629350945,40294.816315621945,2377.0026403066145,-2760.671095152132,0.0,33953.28190197646,0,1,0,2,51,43,1222458500.7291157,1106459690.2590065,0.011866360997098839,-174358174.43066096,1164459095.494061,643352472.7834864,349337728.6482183,932101132.1598907,288748659.3764043,582763403.5116724
2021-02-24,932101132.1598907,34504601.81935646,-60615064.354898095,-58665079.58715218,41823.575610665495,2494.346604441934,-3724.0639982547787,0.0,0.0,0,0,0,2,51,43,1282806825.1415658,1141152888.043777,0.011737143055953107,-235204041.99503863,1211979856.5926714,670130269.553414,363593956.9778014,905947616.3313446,235817346.77793062,542353659.3535433
2021-02-25,905947616.3313446,-74975841.07157926,48052455.39624554,46608145.433769055,39511.356606741385,2400.9010259024535,-2965.283744355465,0.0,0.0,0,0,0,2,51,43,1234749099.0355475,1066265797.8902756,0.011519820819903584,-187281078.59087145,1150507448.4629116,636991179.1832331,345152234.5388735,878984154.9166857,241992975.73345256,533831920.3778122
2021-02-26,878984154.9166857,7008247.095631656,14517566.192344235,14924847.87485728,13633.889274355246,1750.9916048423975,-23.70275915931344,1483382.4786825278,0.0,0,0,0,0,44,44,900509968.2046615,900509968.2046614,0.005450467304158024,-1497016.3679566383,900509968.2046614,495280482.51256377,270152990.4613984,899014679.1255504,403734196.6129866,628861688.6641519
2021-03-01,899014679.1255504,69962242.04776439,-32281315.897148173,-32281315.897148173,13998.891118402746,1813.7608771007094,-552.1099309388139,0.0,0.0,0,0,0,0,44,44,932791308.2232219,971551707.2864469,0.005402709864679596,-34870100.90139878,952171507.7548344,522725319.2885783,285651452.3264503,936682868.0359943,413957548.747416,651031415.709544
2021-03-02,936682868.0359943,-42942089.689043306,484766.5571721869,484766.5571721869,14000.29028643489,1812.8182527166814,-527.407950651452,0.0,0.0,0,0,0,0,44,44,932306529.9685788,927521520.4444548,0.005406059424775696,-33309975.830618024,929914025.2065167,511572339.1016873,278974207.56195503,894212830.0241388,382640490.9224515,615238622.4621837
2021-03-03,894212830.0241388,-52003915.72558738,-11622111.451034648,-11622111.451034648,14045.560104026285,1835.0653084799114,-701.1400062733317,0.0,0.0,0,0,0,0,44,44,943747872.9325256,874855283.9994127,0.005357788645115152,-44282526.71199989,909301578.4659691,501838182.8796109,272790473.5397907,830573891.2127149,328735708.333104,557783417.6729243
2021-03-04,830573891.2127149,-70109774.28136903,15572068.246058263,15572068.246058263,13819.978191356175,1804.7863021542096,-433.8777423500524,0.0,0.0,0,0,0,0,44,44,928175812.5364504,803425169.9792161,0.005360182932684254,-27402804.78000331,865800491.2578332,479309036.25573915,259740147.37734997,776023736.1077726,296714699.85203344,516283588.7304226
2021-03-05,776023736.1077726,-14977798.178049952,-14224526.279370531,-14224526.279370531,13916.135653329007,1832.028258623152,-658.1404007184348,0.0,0.0,0,0,0,0,44,44,942185961.5776209,788374257.6653367,0.005317218722734827,-41566762.150637984,865280109.6214788,479749352.8896204,259584032.88644361,746808669.4025567,267059316.51293623,487224636.51611304
2021-03-08,746808669.4025567,-14079431.572557053,-6843583.022591405,-6843583.022591405,14274.606104326022,1845.3352431940273,-743.143452431667,0.0,0.0,0,0,0,0,44,44,949029553.6426425,772806756.1443565,0.005414855815430599,-46935375.94305265,860918154.8934995,477910555.1288819,258275446.46804982,725872482.3930947,247961927.2642128,467597035.92504483
2021-03-09,725872482.3930947,105211157.66657972,-10232102.77934496,-10232102.77934496,14493.273462031395,1865.2164426909408,-932.1934701124605,0.0,0.0,0,0,0,0,44,44,959254170.5267694,879712421.0666018,0.0054392032963131096,-58875377.059734344,919483295.7966856,507704356.42468125,275844988.7390057,820837977.02984,313133620.60515875,544992988.2908343
2021-03-10,820837977.02984,12401048.462165454,-17132025.35985191,-17132025.35985191,14272.323344829718,1898.5286762873122,-1204.955578909448,0.0,0.0,0,0,0,0,44,44,976386176.3763318,892195185.4241422,0.005262299414364433,-76102457.61533356,934290680.9002371,515964649.2689351,280287204.2700711,816093421.381906,300128772.11297095,535806217.11183494
2021-03-11,816093421.381906,65514737.20206549,-21606581.158710923,-21606581.158710923,11775.508812021651,1940.541540679172,-1557.8581578455717,0.0,0.0,0,0,0,0,44,44,997992792.3492882,958380843.4645898,0.004247709206745572,-98391041.54814136,978186817.906939,538993048.5709339,293456045.3720817,859990184.5998313,320997136.0288974,566534139.2277496
2021-03-12,859990184.5998313,800042.9583306371,-16546097.768749256,-16546097.768749256,12073.042586131132,1972.6376679825064,-1809.8768911170312,0.0,0.0,0,0,0,0,44,44,1014499372.1052889,958540070.9226391,0.004284177448023233,-114308014.17581248,986519721.5139639,543984829.3622465,295955916.4541892,844232219.5076035,300247390.145357,548276303.0534143
2021-03-15,844232219.5076035,5768001.92741677,-12620909.815900633,-12620909.815900633,12498.04213469316,1997.1782995426704,-2005.0003727883916,0.0,0.0,0,0,0,0,44,44,1027120268.3362304,963998416.0688834,0.004380494969471952,-126631602.49189842,995559342.2025568,549135684.51809,298667802.660767,837366805.7549118,288231121.2368218,538699003.0941448
2021-03-16,837366805.7549118,-51235358.956784904,34132006.193407826,34132006.193407826,12195.365340262695,1930.8105476174242,-1543.9654701137258,0.0,0.0,0,0,0,0,44,44,992988281.631818,917764866.2649561,0.004421332661932083,-97513608.63876164,955376573.9483871,527337701.05578446,286612972.18451613,820251644.471272,292913943.4154875,533638672.28675586
2021-03-17,820251644.471272,24144032.78621617,-19090868.934982646,-19090868.934982646,12353.29943203171,1967.9317042712414,-1839.345070944344,0.0,0.0,0,0,0,0,44,44,1012079162.1966382,941461617.3985057,0.0043941106206347984,-116169162.37543225,976770389.7975719,538989153.0086179,293031116.93927157,825292583.6097068,286303430.6010889,532261466.6704352
2021-03-18,825292583.6097068,-59647941.53827582,34863765.921931475,34863765.921931475,11953.122736724104,1900.1410315981002,-1254.3600648590048,0.0,0.0,0,0,0,0,44,44,977215387.6790228,879719195.8090892,0.004403455204937978,-79222740.93846345,928467291.744056,513094415.2559791,278540187.5232168,800497100.6515925,287402685.3956134,521956913.1283757
2021-03-19,800497100.6515925,26995441.83351496,-2290636.48928449,-2290636.48928449,12095.90281881878,1904.5950322594936,-1316.6861320435091,0.0,0.0,0,0,0,0,44,44,979506016.5905966,908348934.2220678,0.004445633759281765,-83159124.12906373,943927475.4063323,520939038.5326959,283178242.62189966,825190398.0019044,304251359.4692085,542012155.3800046
2021-03-22,825190398.0019044,-8966281.251168072,15486721.37087964,15486721.37087964,11821.393010411539,1874.481987867531,-1075.8114159660174,0.0,0.0,0,0,0,0,44,44,964019308.0461587,899645000.8948803,0.004414539675946392,-67945984.16627479,931832154.4705195,514117042.63756764,279549646.3411558,831699815.3991774,317582772.7616098,552150169.0580215
2021-03-23,831699815.3991774,-48526132.93341902,33877342.030877694,33877342.030877694,11377.866961660084,1808.6093868446223,-518.0013192578126,0.0,0.0,0,0,0,0,44,44,930141970.3772342,849755519.4249047,0.004403663351022015,-32715872.79523027,889948744.9010694,491481470.9693965,266984623.47032082,817040937.2377421,325559466.2683456,550056313.7674212
2021-03-24,817040937.2377421,-73189716.30976665,1488451.7945794163,1488451.7945794163,11162.196713815889,1759.1376118369838,-485.9130248594187,0.0,23954.150568699646,1,0,0,1,43,44,904699343.2304486,775993800.050604,0.004441686453120525,-30689243.67533171,840346571.6405263,465408252.98178554,252103971.49215788,745305829.5998592,279897576.6180737,493201858.10770136
2021-03-25,745305829.5998592,30124914.42198109,-12015289.510827934,-12482174.53835825,11527.386713835951,1829.9860161273668,-667.7835862336822,0.0,24421.043657627302,0,1,0,0,44,44,941135665.4369315,805555311.5269787,0.004409416590385328,-42175805.44633782,873345488.481955,483729527.5128241,262003646.5445865,763380668.2830708,279651140.7702467,501377021.73848426
2021-03-26,763380668.2830708,1005147.7249032479,-11460820.443004198,-11460820.443004197,12028.988130508738,1851.8895032226849,-857.0453456501693,0.0,0.0,0,0,0,0,44,44,952400315.943095,807042146.3021133,0.004546865067652797,-54129179.72527385,879721231.1226041,487480631.3584568,263916369.33678123,752913961.420997,265433330.06254023,488997592.08421576
2021-03-29,752913961.420997,-29456928.91354151,10064281.018648272,10064281.018648272,11852.13463748192,1832.320133321448,-665.1121193895409,0.0,0.0,0,0,0,0,44,44,942336068.565316,775516542.6160688,0.0045278628419578,-42007081.22460258,858926305.5906924,476579956.223612,257677891.6772077,733510628.5994802,256930672.37586814,475832736.92227244
2021-03-30,733510628.5994802,36011793.217433564,-11627219.13320758,-11627219.13320758,12109.652438001529,1853.1052351744959,-850.8811248464614,0.0,0.0,0,0,0,0,44,44,953025549.5183121,811622953.5478867,0.00457435257625985,-53739860.51661861,882324251.5330994,488813403.24246526,264697275.45992982,757884095.2553785,269070692.0129132,493186819.79544866
2021-03-31,757884095.2553785,45191885.89334559,3672151.585100517,3672151.585100517,13595.888102008641,1344.5802212230408,-27.689859108174378,1766466.4831376343,0.0,0,0,0,0,45,45,806748132.7338246,806748132.7338247,0.0060669737159936964,-1780062.3712397814,806748132.7338247,443711473.0036036,242024439.8201474,804969387.2529471,361257914.2493435,562944947.4327997
2021-04-01,804969387.2529471,7635427.067074327,-1652448.1384982746,-1652448.1384982746,13873.912217663492,1571.8900383396424,-77.59362561200797,0.0,0.0,0,0,0,0,45,45,808400591.1461016,815839142.3079586,0.00617838291196423,-4900650.038653135,812119866.72703,446479962.9208201,243635960.018109,810939986.5657182,364460023.64489806,567304026.5476092
2021-04-05,810939986.5657182,6076676.043728044,-5526606.008370039,-5526606.008370041,14065.097157069044,1582.6361981709777,-154.49217611893266,0.0,0.0,0,0,0,0,45,45,813927187.6307883,821233392.1009042,0.0062209925574346564,-9757400.59698522,817580289.8658463,449486504.31446254,245274086.95975387,811477419.6479411,361990915.33347857,566203332.6881872
2021-04-06,811477419.6479411,2332487.597767001,-913276.6904304151,-913276.690430415,14120.299546036033,1584.4120613345085,-180.83297029312402,0.0,0.0,0,0,0,0,45,45,814840488.6863185,824303539.9584553,0.006238408507127885,-11421029.702723622,819572014.322387,450528031.5955094,245871604.2967161,812883913.8348228,362355882.23931336,567012309.5381067
2021-04-07,812883913.8348228,-31757218.9225031,8559133.470769307,8559133.470769309,14735.94350556733,1567.5624356212547,-50.9582312688609,0.0,0.0,0,0,0,0,45,45,806174966.8909309,792889507.0460378,0.006580382522249606,-3218414.6064543724,799532236.9684844,440074866.8287887,239859671.09054533,789672609.0437877,349597742.214999,549812937.9532424
2021-04-08,789672609.0437877,17073696.632934347,413023.649337915,413023.649337915,15946.685681856405,1565.336503126738,-53.39126872753859,0.0,0.0,0,0,0,0,45,45,805030201.6080365,810515462.7705384,0.007131169531281093,-3372080.1301603317,807772832.1892874,444137926.17504555,242331849.6567862,807144894.5856125,363006968.410567,564813044.9288263
2021-04-09,807144894.5856125,-10558885.314868562,3174689.4387309803,3174689.438730981,14927.784617350166,1558.9981290429348,-5.211359677782854,0.0,0.0,0,0,0,0,45,45,801770466.3649378,800074909.4308228,0.006702669514144966,-329138.50596523285,800922687.8978803,440549867.267187,240276806.36936408,799747324.711627,359197457.44444,559470518.342263
2021-04-12,799747324.711627,-29409605.263692196,8585925.085941885,8585925.085941888,14517.481465806983,1542.3032767292805,-8.852055787497457,0.0,0.0,0,0,0,0,45,45,793184542.3179156,768286660.1074139,0.006589000477011021,10622466.944996953,780735601.2126647,430027027.72222817,234220680.36379942,778910660.5036318,348883632.78140366,544689980.1398324
2021-04-13,778910660.5036318,17447275.064022157,-4117170.6890769675,-4117170.6890769685,14838.390721681995,1550.3088798780036,-4.821571940868992,0.0,0.0,0,0,0,0,45,45,797301709.6515447,786440040.1588125,0.006699873580027974,5785886.329042792,791870874.9051785,435800522.93516654,237561262.47155356,792227471.9751632,356426949.0399967,554666209.5036097
2021-04-14,792227471.9751632,-13421500.554436496,-3283851.4501269325,-3283851.4501269334,24200.677357973535,1556.6941421318152,-2.388549363070527,0.0,0.0,0,0,0,0,45,45,800585558.8106477,772631660.0575571,0.010882339498870564,2866259.2356846333,786608609.4341024,433333582.6575836,235982582.8302307,775499473.5988345,342165890.9412509,539516890.7686038
2021-04-15,775499473.5988345,-12322180.734127775,-4076736.7325736545,-4076736.7325736536,20672.021013221693,1564.6211272547407,-3.541991844687065,0.0,0.0,0,0,0,0,45,45,804662294.0167236,759303588.8592054,0.009248510362789711,-223704.7480854988,781982941.4379644,431224585.4198184,234594882.43138933,759081445.1902553,327856859.7704369,524486562.75886595
2021-04-16,759081445.1902553,-10882612.191605983,-1740944.703098784,-1740944.7030987844,21036.13300236988,1568.0063326190852,-29.9787960900718,0.0,0.0,0,0,0,0,45,45,806403256.7755295,748330249.8103421,0.00939109287719702,-1893397.6477940083,777366753.2929358,429003539.4852444,233210025.98788074,746438390.1900846,317434850.7048402,513228364.20220387
2021-04-19,746438390.1900846,-35117065.22433267,2156368.4941520933,2156368.494152094,18908.79130703624,1563.8133644726147,-0.6122861363839108,0.0,0.0,0,0,0,0,45,45,804246873.1573446,712724041.3049362,0.008464024042529637,734743.3636606932,758485457.2311404,419455072.2734374,227545637.1693421,713460347.8696752,294005275.5962378,485914710.70033306
2021-04-20,713460347.8696752,-17519413.048760116,-1861472.467480857,-1861472.4674808565,20115.9500012308,1567.4328716133957,-10.888583151504795,0.0,0.0,0,0,0,0,45,45,806108333.9726033,694747046.391949,0.00898358408572068,-687699.9885160923,750427690.1822762,415519261.7897682,225128307.05468288,694060902.9477215,278541641.15795326,468932595.89303863
2021-04-21,694060902.9477215,37891453.162351705,-7291152.382417987,-7291152.382417987,15201.80211851966,1569.9659351550208,-135.01198615362128,0.0,5988.439679101839,1,0,0,1,44,45,807411052.3654392,733167086.2955599,0.006778020621137254,-8527072.809702396,770289069.3304995,425515087.2835217,231086720.79914984,724641448.4398065,299126361.15628475,493554727.6406566
2021-04-22,724641448.4398065,1097227.5260343715,3625355.576609578,3652926.2418585503,18147.4929858856,1562.916681358961,-72.75363179376066,0.0,0.0,0,0,1,1,44,45,803785721.8417512,733940850.2680179,0.00812790933875913,-4594966.218553305,768863286.0548846,424620929.11952984,230658985.81646535,729347374.2125142,304726445.0929843,498688388.3960488
2021-04-23,729347374.2125142,30919845.180317767,2259824.1195947104,2099911.8421177105,21079.68143836896,1570.424060574292,-48.74741061003129,0.0,6120.781291329867,0,1,0,0,45,45,807646659.7239214,765578626.8776989,0.009396046187335031,-3078783.828001976,786612643.3008101,433688654.63660115,235983792.99024302,762501364.7263469,328812710.0897457,526517571.73610383
2021-04-26,762501364.7263469,39107304.30055926,-4149434.176188935,-4149434.1761889374,21172.683098590634,1578.4923815590191,-117.88073827446958,0.0,0.0,0,0,0,0,45,45,811796081.9446383,804883161.4270588,0.009389261767849268,-7445099.259440184,808339621.6858485,444759614.94015616,242501886.50575453,797439522.779262,352679907.8391058,554937636.2735074
2021-04-27,797439522.779262,727627.2904330258,1450643.587555896,1450643.5875558974,21087.20058988975,1575.6717317933394,-91.78801935924312,0.0,0.0,0,0,0,0,45,45,810345462.065146,805393844.5214553,0.009368093693045223,-5797138.064794302,807869653.2933006,444452099.7499076,242360895.98799017,799598190.3403734,355146090.5904658,557237294.3523833
2021-04-28,799598190.3403734,2068127.551862286,-2845265.318097285,-2845265.3180972845,18253.3900504428,1581.2041487168165,-139.10204845971555,0.0,0.0,0,0,0,0,45,45,813190705.0543627,807588191.7183858,0.008080786434616362,-8785392.534297824,810389448.3863742,445854259.4459052,243116834.51591226,798804241.2861882,352949981.84028304,555687406.770276
2021-04-29,798804241.2861882,-22872107.756687842,-3397452.705365015,-3397452.705365015,16754.842872084977,1360.433134629396,-182.81531831581273,0.0,0.0,0,0,0,0,45,45,816259880.7776376,784270339.3015655,0.007389489029160969,-11752413.320302248,800265110.0396016,440945549.0586827,240079533.01188046,772519103.5990796,331573554.5403969,532439570.58719915
2021-04-30,772519103.5990796,2025202.6008525828,2205236.530474076,2205236.5304740756,13316.49836405735,1078.8188093477866,-17.54758674052854,1135252.8155609628,0.0,0,0,0,0,44,44,776749542.7304064,776749542.7304068,0.006171795601203878,-1148569.3139255047,776749542.7304065,427212248.50172365,233024862.81912196,775602034.6877038,348389786.1859802,542577171.8685819
2021-05-03,775602034.6877038,-14309765.570221169,-9167693.50688425,-9167693.50688425,13822.414771057922,1309.8620394978086,-172.17658531492154,0.0,0.0,0,0,0,0,44,44,785917223.6986853,763179247.9660723,0.006331543790531098,-11068494.770244956,774548235.8323789,426569979.1011237,232364470.74971366,752111890.8812815,325541911.7801578,519747420.13156784
2021-05-04,752111890.8812815,-28087031.973486613,12240726.862014564,12240726.862014564,13583.235390423462,1289.460869684935,-2.4952827706495926,0.0,0.0,0,0,0,0,44,44,773676521.810961,734006248.0408344,0.00632042540092389,2245754.493584633,753841384.9258977,415604518.5534969,226152415.47776932,736253289.500006,320648770.94650906,510100874.02223665
2021-05-05,736253289.500006,-8925927.157507285,1049423.2475039652,1049423.2475039652,13689.457666434744,1287.711825925614,-3.4879004730335876,0.0,0.0,0,0,0,0,44,44,772627095.5553684,725223985.706606,0.006378503664014125,3139110.4257302284,748925540.6309872,413094125.093262,224677662.18929616,728364380.3562617,315270255.2629997,503686718.1669656
2021-05-06,728364380.3562617,-19660145.208310828,-3313347.8253037217,-3313347.8253037217,13580.109387248936,1292.552485626494,-0.45005512587401614,0.0,0.0,0,0,0,0,44,44,775531491.3758965,704972257.5999733,0.006303856688960708,405049.6132866144,740251874.4879348,408902511.81276226,222075562.34638044,705378599.3156904,296476087.50292814,483303036.9693099
2021-05-07,705378599.3156904,17070425.042924553,-6725995.220048586,-6725995.220048586,13991.485519242942,1303.7624641671027,-108.2516197284505,0.0,0.0,0,0,0,0,44,44,782257478.5002617,722668070.349876,0.006438973004878437,-6959032.696828961,752462774.4250689,415344261.1375475,225738832.32752064,715710233.1638916,300365972.02634406,489971400.83637094
2021-05-10,715710233.1638916,-43923071.55989836,5669160.518794372,5669160.518794372,13389.687484065957,1294.3138650297215,-1.9810679338237975,0.0,0.0,0,0,0,0,44,44,776588319.017833,677570286.802478,0.006207004890776698,-127354.36717438698,727079302.9101555,402369067.4059694,218123790.87304667,677444224.7681006,275075157.36213124,459320433.895054
2021-05-11,677444224.7681006,7567537.098318289,1972232.569548267,1972232.569548267,13383.886271073941,1291.0268197955288,-2.3134336536917424,0.0,0.0,0,0,0,0,44,44,774616091.8773173,684888520.2613735,0.006220112269949743,2082090.288322568,729752306.0693455,403606957.6285386,218925691.82080364,686971899.2630823,283364941.63454366,468046207.4422786
2021-05-12,686971899.2630823,-36797417.80662324,3660859.4661501786,3660859.4661501786,13168.019719503533,1284.9253929366214,-7.095611861290934,0.0,0.0,0,0,0,0,44,44,770955235.7619729,647436122.2277279,0.006148848699802932,6386050.6751618385,709195678.9948504,393145601.28552383,212758703.69845513,653823450.7326708,260677849.44714695,441064747.0342157
2021-05-13,653823450.7326708,-15695200.507526152,1523187.3649007059,1523187.3649007059,12692.849078184841,1282.386757260129,-8.197852531856036,0.0,0.0,0,0,0,0,44,44,769432054.3560774,632260677.4622967,0.005938699385185618,7378067.27867043,700846365.9091871,388894785.6723974,210253909.77275613,639640018.9298719,250745233.25747454,429386109.1571158
2021-05-14,639640018.9298719,38823367.168676935,-12278600.017331539,-12278600.017331539,13327.659198012418,1302.8510766393226,-93.57389459065834,0.0,0.0,0,0,0,0,44,44,781710645.9835937,672186923.0742759,0.006137766366540142,-6015464.652256608,726948784.5289347,402559924.56364703,218084635.3586804,666172667.6992013,263612743.1355543,448088032.340521
2021-05-17,666172667.6992013,305671.9627767902,-7912742.777968029,-7912742.777968029,13151.35761539145,1316.0390247313985,-219.87038079566292,0.0,0.0,0,0,0,0,44,44,789623414.8388392,672686970.0061159,0.005995881900877045,-14134524.479721189,731155192.4224775,405058766.95318073,219346557.72674325,658553541.6950387,253494774.74185795,439206983.96829545
2021-05-18,658553541.6950387,6749336.342095504,-1593600.269296567,-1593600.269296567,13213.408134779833,1318.6949867266896,-248.594860103111,0.0,0.0,0,0,0,0,44,44,791216992.0360138,679677162.5091885,0.006012038386941292,-15981098.149485707,735447077.2726011,407284388.23810124,220634123.18178034,663697134.4598294,256412746.2217282,443063011.2780491
2021-05-19,663697134.4598294,-17912597.952386975,17047521.625573497,17047521.625573497,13006.69435073705,1290.2824291255477,-1.2655487477473422,0.0,0.0,0,0,0,0,44,44,774169457.4753286,661680057.5656927,0.006048301080664318,1138993.8729726076,717924757.5205107,397670851.63402176,215377427.2561532,662820340.4555457,265149488.8215239,447442913.19939244
2021-05-20,662820340.4555457,14781925.553193295,-11166990.68801264,-11166990.68801264,12747.128161697245,1308.8940821008136,-169.6441496815488,0.0,0.0,0,0,0,0,44,44,785336449.2604883,677328223.5292356,0.005843312305868658,-10905695.336670995,731332336.3948619,404932990.66045535,219399700.91845858,666423667.442497,261490676.78204167,447023966.52403843
2021-05-21,666423667.442497,-1064264.5566293842,1024772.4538970047,1024772.4538970047,12788.365405182009,1306.9375069254343,-150.9265534351786,0.0,0.0,0,0,0,0,44,44,784162504.1552607,676073808.2666209,0.0058709916904595965,-9702421.292261481,730118156.2109408,404267203.3132334,219035446.86328223,666372542.9853129,262105339.67207956,447337096.12203074
2021-05-24,666372542.9853129,12528230.517609425,8852670.102665184,8852670.102665184,12939.17710288888,1292.1830612349297,-21.749666752623188,0.0,0.0,0,0,0,0,44,44,775309836.740958,689138697.2911533,0.006008054504532663,-1398192.8626686335,732224267.0160556,404877625.3450757,219667280.10481668,687741774.8618791,282864149.5168034,468074494.75706244
2021-05-25,687741774.8618791,-747247.8386287926,4835672.611206379,4835672.611206379,12551.843619394258,1284.123581857258,-5.140305317318308,0.0,0.0,0,0,0,0,44,44,770474149.1143548,687191373.0052509,0.005864783014687836,4626274.785586476,728832761.0598029,402940087.9856192,218649828.31794086,691818926.7741139,288878838.7884947,473169098.45617306
2021-05-26,691818926.7741139,30592061.56462974,-4245834.786078989,-4245834.786078989,13144.868227453197,1291.2000159199633,-0.09025739232593115,0.0,0.0,0,0,0,0,44,44,774720009.551978,718070777.0313438,0.006108210067556875,81231.65309333801,746395393.2916609,411933697.12342936,223918617.98749825,718153299.7941957,306219602.6707663,494234681.80669737
2021-05-27,718153299.7941957,16652419.038478168,529527.0447098284,529527.0447098284,16104.651347144572,1289.9755526624624,-0.26777131383299835,0.0,0.0,0,0,0,0,44,44,773985331.5974776,735078147.0435869,0.007490677469307922,240994.18244969845,754531739.3205322,415965136.24013996,226359521.79615965,735320430.9338179,319355294.6936779,508960909.13765824
2021-05-28,735320430.9338179,-8142233.782330576,-965164.7599441493,-965164.7599441493,16919.583381022057,1008.629211654921,-15.4361012053339,993443.4046046614,0.0,0,0,0,0,46,44,726213032.3915431,726213032.3915429,0.008387414911997761,-1010362.9879854918,726213032.391543,399417167.8153486,217863909.7174629,725203662.5966679,325786494.78131926,507339752.879205
2021-06-01,725203662.5966679,18706919.216344252,-4242724.163791405,-4242724.163791405,16653.479657624684,1217.4262414573127,-96.44965158297539,0.0,0.0,0,0,0,0,46,44,730455744.8743876,745851538.9141829,0.008207550859601842,-6200334.744619846,738153641.8942852,405599608.190862,221446092.56828555,739652325.146153,334052716.955291,518206232.5778674
2021-06-02,739652325.146153,8336410.991176607,-5528690.299621978,-5528690.299621979,17082.735057938637,1226.640762751728,-167.08907797314856,0.0,0.0,0,0,0,0,46,44,735984457.6510369,753184403.829495,0.00835586207959543,-10741440.726845264,744584430.7402658,409091438.25268483,223375329.22207975,742444022.6543344,333352584.4016496,519068693.4322547
2021-06-03,742444022.6543344,-20015529.380050562,3508174.759895103,3508174.759895103,17003.765620317714,1219.9689534103497,-106.69053241985824,0.0,0.0,0,0,0,0,46,44,731981372.0462099,732778341.3526924,0.008362720496837912,-6858677.084133744,732379856.6994512,402788996.952036,219713957.00983536,725920777.5469797,323131780.59494364,506206820.5371443
2021-06-04,725920777.5469797,7216330.230517183,-1679404.7590112933,-1679404.7590112928,17998.765429338186,1222.7679706795664,-124.370242997063,0.0,0.0,0,0,0,0,46,44,733660782.4077399,739434934.1600102,0.008831813979884598,-7995229.90695405,736547858.283875,404956968.2623245,220964357.4851625,731440802.6507839,326483834.3884594,510476445.1656214
2021-06-07,731440802.6507839,22821368.75213308,-7952173.333402393,-7952173.333402397,17397.691747574736,1236.021582723406,-255.91163374868634,0.0,0.0,0,0,0,0,46,44,741612949.6340437,762744062.5473255,0.00844533396054846,-16451462.169558406,752178506.0906847,413169900.5270445,225653551.8272054,746293580.4877161,333123679.9606716,520640028.66051066
2021-06-08,746293580.4877161,4360487.767679336,-16225655.663348459,-16225655.663348462,18165.266238409236,1262.937600325922,-532.5558394750227,0.0,0.0,0,0,0,0,46,44,757762560.1955533,768645979.8634886,0.00863000653415722,-34235732.53768003,763204270.029521,419490263.02453816,228961281.0088563,734410977.7075694,314920714.6830312,505449696.69871306
2021-06-09,734410977.7075694,5833354.226059722,-4033303.2295529507,-4033303.22955295,17956.4112703513,1269.3447770216183,-564.7156355607422,0.0,0.0,0,0,0,0,46,44,761606866.212971,772496220.2931392,0.00848772292386191,-36303148.00033343,767051543.2530551,421606114.9371761,230115462.97591653,736193776.9219472,314587661.98477113,506078313.94603074
2021-06-10,736193776.9219472,-21876650.26964737,-6136356.95027396,-6136356.950273961,17679.516150694646,1249.0795391053496,-664.4503539518587,0.0,18295.50636206102,1,0,0,1,45,44,749447723.4632099,750859460.290704,0.008492421305703666,-42714665.611190915,750153591.8769569,412549182.11163896,225046077.56308708,708145379.3086983,295596197.19705933,483099301.7456112
2021-06-11,708145379.3086983,9389617.710208714,-1275350.8259397335,-1266225.0917202001,46890.06629745331,1281.682434366246,-675.7161574277616,0.0,18286.38348754865,0,1,0,0,46,44,769009460.6197476,759633365.5778241,0.021950866317664262,-43438895.834641814,764321413.0987859,420611179.5803803,229296423.92963576,716195075.7094592,295583896.12907887,486898651.7798234
2021-06-14,716195075.7094592,9837563.905522313,2716283.3928377973,2716283.3928377973,40637.45394157468,1276.4807310685294,-639.6829487039989,0.0,0.0,0,0,0,0,46,44,765888438.6411177,769830760.8277062,0.0191013242671783,-41122475.27382851,767859599.734412,422224221.79926187,230357879.92032358,728708922.3516601,306484700.55239826,498351042.4313365
2021-06-15,728708922.3516601,-13035840.267936116,9197194.054503154,9197194.054503156,40568.75288658199,1260.8756428238905,-503.5181842448987,0.0,0.0,0,0,0,0,46,44,756525385.6943344,757198733.5153699,0.019305037630383496,-32369026.1300292,756862059.6048522,416257299.0871428,227058617.88145566,724830464.7427993,308573165.65565646,497771846.8613436
2021-06-16,724830464.7427993,-655703.7219755637,2550822.7375429524,2550822.737542953,32943.77955844669,1256.6242601469917,-474.0417652994564,0.0,0.0,0,0,0,0,46,44,753974556.0881951,757166753.4623448,0.01572965631966701,-30474113.48353648,755570654.77527,415484055.19204473,226671196.43258098,726693422.5613031,311209367.3692584,500022226.1287222
2021-06-17,726693422.5613031,-4550917.2171731265,5052230.663006985,5052230.6630069865,40492.407751922816,2080.339787244165,-421.49446761329375,0.0,0.0,0,0,0,0,46,44,748922323.4078995,752443911.6561826,0.01946432404946851,-25289668.056797624,750683117.5320411,412787674.9364155,225204935.25961232,727155902.4447047,314368227.50828916,501950967.18509233
2021-06-18,727155902.4447047,-13771161.272870423,12543098.959148915,12543098.959148915,41948.389246733284,2045.497824722692,-201.71965348963738,0.0,0.0,0,0,0,0,46,44,736379216.9001691,737989070.9511147,0.020507667492836484,-12103179.209378242,737184143.9256419,405411032.8078294,221155243.17769256,725887735.5199076,320476702.7120782,504732492.34221506
2021-06-21,725887735.5199076,1358677.1128752509,-1259204.0338683054,-1259204.0338683056,39853.68146991016,2048.6093467865635,-226.47153174196683,0.0,0.0,0,0,0,0,46,44,737499364.8431628,739535646.8219626,0.019454017200704683,-13588291.904518008,738517505.8325627,406133721.1584395,221555251.7497688,725949177.0552596,319815455.89682007,504393925.3054908
2021-06-22,725949177.0552596,12883094.887214426,1690130.7783699147,1690130.778369915,39799.05724740363,2043.91450142213,-193.33805584148564,0.0,0.0,0,0,0,0,46,44,735809220.5119667,752082887.0140857,0.019471977531208842,-11600283.35048914,743946053.7630262,408763487.9071114,223183816.12890786,740484454.2400421,331720966.3329307,517300638.11113423
2021-06-23,740484454.2400421,15194723.382530872,3444872.3524446515,3444872.3524446506,39260.45996019118,2034.345413904521,-138.01315233987967,0.0,0.0,0,0,0,0,46,44,732364349.0056275,767365578.6554502,0.0192988170503644,-8280789.14039278,749864963.8305389,411550699.3655508,224959489.14916167,759086685.847319,347535986.4817682,534127196.6981573
2021-06-24,759086685.847319,11787146.7679998,-8293434.479710704,-8293434.479710704,41689.77887766857,2057.3827082308894,-271.16943850711584,0.0,0.0,0,0,0,0,46,44,740657774.9631202,778808874.6671574,0.020263502123781797,-16270166.31042695,759733324.8151388,416899551.1557254,227919997.44454163,762540494.5700002,345640943.41427475,534620497.12545854
2021-06-25,762540494.5700002,-7692493.460543262,-6913315.570659481,-6913315.570659481,44462.325120096124,2076.5863790756057,-384.7706402149419,0.0,0.0,0,0,0,0,46,44,747571096.4672182,770976461.6265738,0.021411257228745064,-23086238.412896514,759273779.046896,417015444.3468089,227782133.7140688,747891915.0294162,330876470.6826073,520109781.31534743
2021-06-28,747891915.0294162,18825185.298502028,5493661.645733167,5493661.645733168,59233.017310628384,2061.326213418572,-295.7676360846639,0.0,0.0,0,0,0,0,46,44,742077436.830686,789897587.1214206,0.028735392256228273,-17746058.165079832,765987511.9760532,420097627.82956094,229796253.59281597,772153294.5149181,352055666.68535715,542357040.9221021
2021-06-29,772153294.5149181,11260675.627161713,6065142.545124588,6065142.545124587,57640.65032725318,2044.4786093442342,-197.41270380943416,0.0,0.0,0,0,0,0,46,44,736012299.3639243,801266234.2654432,0.028193325214462092,-11844762.22856605,768639266.8146837,421120248.3755381,230591780.0444051,789423319.1027827,368303070.7272446,558831539.0583776
2021-06-30,789423319.1027827,818604.7286161991,-3258876.829521127,-3258876.829521127,27192.49324055948,1748.8502790508564,-16.835190793147223,1017750.3835755766,0.0,0,0,0,0,56,45,786982625.5728854,786983047.0018777,0.012439026286603568,-1044942.8768160343,786982836.2873815,432840549.422335,236094850.88621446,785939836.1401498,353099286.7178148,549844985.2539353
2021-07-01,785939836.1401498,-10157564.535039421,462789.6388321734,462789.6388321734,24874.17800105745,2184.777295709887,-20.379676637448867,0.0,0.0,0,0,0,0,56,45,786519826.4555593,777442967.6641885,0.011385223587731957,-1222780.598246932,781981397.0598738,430316689.8527149,234594419.11796215,776222351.4635607,345905661.6108458,541627932.3455986
2021-07-02,776222351.4635607,-11401797.161856024,7073395.9502376225,7073395.9502376225,25115.212243393966,2165.1257945602997,0.0,0.0,0.0,0,0,0,0,56,45,779445286.0417079,765494935.8667074,0.011599885931105652,6373899.172991395,772470110.9542077,425207319.7791892,231741033.2862623,771871000.1654934,346663680.38630414,540129966.8792311
2021-07-06,771871000.1654934,-12725678.327013386,10495259.953659276,10495259.953659276,24770.698659942922,2135.97235885528,0.0,0.0,0.0,0,0,0,0,56,45,768950049.1879008,752769248.7827199,0.011596919106770727,16846562.310759544,760859648.9853103,418877326.9520502,228257894.6955931,769617947.0658382,350740620.113788,541360052.3702451
2021-07-07,769617947.0658382,-21983936.145029068,11164315.878238333,11164315.878238333,25154.02339203667,2104.9603300091594,0.0,0.0,0.0,0,0,0,0,56,45,757785718.8032974,729830593.6860003,0.011949880020744716,28942579.08965504,743808156.2446489,409793364.0624893,223142446.87339467,758775277.7359854,348981913.6734961,535632830.86259073
2021-07-08,758775277.7359854,-10653598.802819997,7381904.029069503,7381904.029069503,24505.253930903236,2084.3572774471536,0.0,0.0,0.0,0,0,0,0,56,45,750368619.8809752,718709556.3611134,0.011756743527633805,36769521.3471905,734539088.1210444,404787975.0545709,220361726.4363133,755481162.0655813,350693187.0110104,535119435.62926805
2021-07-09,755481162.0655813,13726095.93547286,-10270677.978372615,-10270677.978372615,24674.352576937115,2112.8768960773928,0.0,0.0,0.0,0,0,0,0,56,45,760635682.5878613,732544903.36245,0.011678083386091095,26367002.30765462,746590292.9751556,411326930.6169709,223977087.89254668,758914018.5470006,347587087.93002975,534936930.654454
2021-07-12,758914018.5470006,-6308616.199821884,5788909.93170015,5788909.93170015,24595.030038000852,2096.796591109523,0.0,0.0,0.0,0,0,0,0,56,45,754846772.7994283,726207782.0372812,0.011729812105897379,32161935.211559772,740527277.4183547,408005977.34914875,222158183.22550642,758371814.0454321,350365836.69628334,536213630.81992567
2021-07-13,758371814.0454321,-23341088.544193175,6238538.75830993,6238538.75830993,24064.090272603742,2079.4673531273947,0.0,0.0,0.0,0,0,0,0,56,45,748608247.1258621,701930965.4401566,0.011572237590752647,39314234.72911978,725269606.2830093,400065215.4977978,217580881.88490278,741247279.6366295,341182064.1388317,523666397.7517267
2021-07-14,741247279.6366295,-25935343.246376388,10846930.607480802,10846930.607480802,21871.217738138293,2049.336953539657,0.0,0.0,0.0,0,0,0,0,56,45,737761303.2742764,675172718.8664787,0.010672338533866715,50964276.913517,706467011.0703776,390121570.6989026,211940103.32111326,726139045.1169492,336017474.4180466,514198941.795836
2021-07-15,726139045.1169492,-6425908.694417683,3161247.2005478917,3161247.2005478917,21708.26334964606,2040.5556732142888,0.0,0.0,0.0,0,0,0,0,56,45,734600042.3571439,668666061.0009742,0.010638407780098032,54186614.35875559,701633051.679059,387546527.95738673,210489915.5037177,722854715.915403,335308187.9580163,512364800.41168535
2021-07-16,722854715.915403,-21538161.351984534,4944769.577270892,4944769.577270892,22225.149902225494,2026.8201794222518,0.0,0.0,0.0,0,0,0,0,56,45,729655264.5920106,647094646.4065976,0.010965526260233312,59144452.584189534,688374955.499304,380670240.9792526,206512486.6497912,706241125.8109666,325570884.83171403,499728639.1611754
2021-07-19,706241125.8109666,-7223183.519960651,2091307.4402626392,2091307.4402626392,22246.04626620574,2021.0110414004794,0.0,0.0,0.0,0,0,0,0,56,45,727563974.9041725,639790716.557861,0.01100738482397905,61296287.127141476,683677345.7310168,378216871.610717,205103203.719305,701089024.6960438,322872153.08532685,495985820.9767388
2021-07-20,701089024.6960438,24023084.743197273,-13201161.964090306,-13201161.964090306,22306.065776411004,2057.6809131978866,0.0,0.0,0.0,0,0,0,0,56,45,740765128.7512392,664269795.8187181,0.010840391060314926,47618845.59065628,702517462.2849786,388296987.5800513,210755238.6854936,711890699.0902876,323593711.51023626,501135460.404794
2021-07-21,711890699.0902876,30155040.679050054,-6705174.473439819,-6705174.473439819,21792.21479511898,2076.306415249617,0.0,0.0,0.0,0,0,0,0,56,45,747470309.4898622,695037566.2094401,0.010495664144301683,40281206.87166262,721253937.8496511,398000484.3993187,216376181.35489532,735320849.3875179,337320364.98819923,518944668.0326226
2021-07-22,735320849.3875179,-15711271.886245921,7080465.977605289,7080465.977605289,19849.93796933894,2056.6384841824406,0.0,0.0,0.0,0,0,0,0,56,45,740389854.3056786,678509314.7867612,0.009651641803848537,48160878.754146814,709449584.5462198,391744284.9883939,212834875.36386594,726672250.1793922,334927965.1909983,513837374.81552625
2021-07-23,726672250.1793922,-9398687.313566426,17621155.672119256,17621155.672119256,19604.63998326,2007.69077251764,0.0,0.0,0.0,0,0,0,0,56,45,722768678.1063503,669001376.0360441,0.009764770676649485,65873737.861917615,695885027.0711973,384080947.4409161,208765508.12135917,734877121.5887343,350796174.14781815,526111613.4673751
2021-07-26,734877121.5887343,37018770.01954101,2595922.45493871,2595922.45493871,20011.8194630261,2000.479889870425,0.0,0.0,0.0,0,0,0,0,56,45,720172760.353353,705464414.0973113,0.010003509440088546,69007388.14643967,712818587.2253321,392417931.6303337,213845576.16759965,774473802.7236408,382055871.0933071,560628226.5560411
2021-07-27,774473802.7236408,-28948279.327747058,4031544.9285639822,4031544.9285639822,19409.221365952508,1989.2811705489248,0.0,0.0,0.0,0,0,0,0,56,45,716141221.3976129,676354636.2882298,0.009756901967054114,73183022.81486201,696247928.8429214,383931025.49134135,208874378.6528764,749539648.3842624,365608622.8929211,540665269.7313861
2021-07-28,749539648.3842624,26208720.40076064,-20402744.855288472,-20402744.855288472,20511.801345081236,2045.9554739250934,0.0,0.0,0.0,0,0,0,0,56,45,736543970.6130337,702648855.7567296,0.010025536531217887,52676256.371659875,719596413.1848817,396625405.12309253,215878923.9554645,755327158.0838634,358701752.96077085,539448234.1283989
2021-07-29,755327158.0838634,-897032.5703742043,3576064.6235365667,3576064.6235365667,35029.93714523598,2036.0219082615736,0.0,0.0,0.0,0,0,0,0,56,45,732967886.9741665,701462080.5308847,0.017205088512601396,56509079.66899574,717214983.7525256,395255886.2249712,215164495.12575766,757973196.2217888,362717309.9968176,542808701.0960311
2021-07-30,757973196.2217888,-662792.3357459139,3196747.2615124555,3196747.2615124555,13895.318304724813,1478.7639050091361,-16.411685841446022,1022632.2085233128,0.0,0,0,0,0,46,44,760507151.1475556,760507151.1475555,0.006577603619049166,-1036527.5268281698,760507151.1475556,418278933.13115555,228152145.34426668,759472085.9729465,341193152.841791,531319940.6286799
2021-08-02,759472085.9729465,-5047177.635472846,-4186805.872997244,-4186805.872997243,14799.4742668293,2124.1498676921847,-84.07570045879484,0.0,0.0,0,0,0,0,46,44,764693952.3691864,755267845.0177373,0.006967245810630307,-5044542.02752769,759980898.6934619,418225146.96519023,227994269.60803857,750225343.0643768,332000196.0991866,522231073.4563383
2021-08-03,750225343.0643768,1244089.4409875218,-634413.8305700809,-634413.8305700802,14895.014857378748,2069.503134221474,-102.17146722818018,0.0,20307.245743968695,1,0,0,1,45,44,745021128.3197305,756930104.4478837,0.007197386952971252,-6130288.03369081,750975616.3838072,412738864.60789007,225292684.91514215,750801783.7458599,338062919.1379698,525509098.8307177
2021-08-04,750801783.7458599,-3376095.750200965,-1377314.5229033737,-985425.152659427,14284.532738107488,2128.649399184633,-122.27367003415029,0.0,19915.359407069594,0,1,0,0,46,44,766313783.7064679,753350593.7826594,0.0067106084936199885,-7336420.202049017,759832188.7445636,418231783.5576052,227949656.62336907,746016179.9563396,327784396.3987344,518066523.3329705
2021-08-05,746016179.9563396,23209252.222555097,-6980506.829219253,-6980506.829219248,14671.810235187562,2147.5827838682712,-245.88960090997614,0.0,0.0,0,0,0,0,46,44,773129802.1925776,776983629.5940388,0.0068317786608255385,-14753376.05459857,775056715.8933082,426184848.056283,232517014.76799244,762232155.2326232,336047307.1763402,529715140.4646308
2021-08-06,762232155.2326232,12344670.924718492,768855.7576872988,768855.7576872971,15314.110631988879,2145.447063558629,-233.6059049143652,0.0,0.0,0,0,0,0,46,44,772360942.8811064,789346722.099259,0.007137957814063952,-14016354.294861913,780853832.4901826,429044963.3891467,234256149.7470548,775332279.6455557,346287316.25640905,541076129.8985009
2021-08-09,775332279.6455557,22132976.221273195,-4660734.882402405,-4660734.882402405,14696.232777761681,2158.3935981690925,-303.210098448666,0.0,0.0,0,0,0,0,46,44,777021695.3408734,810982430.6585687,0.006808875262708385,-18192605.906919956,794002062.999721,435852116.2669042,238200618.89991632,792791679.9351485,356939563.6682443,554591061.0352322
2021-08-10,792791679.9351485,-2270786.799483066,6150228.930768729,6150228.9307687245,14633.28673050548,2141.309602766658,-198.94135169270237,0.0,0.0,0,0,0,0,46,44,770871456.9959968,808592969.8812658,0.006833802413064738,-11936481.101562142,789732213.4386313,433409679.5691155,236919664.0315894,796658431.1479547,363248751.5788392,559738767.1163653
2021-08-11,796658431.1479547,-4658718.076779563,4459263.044500001,4459263.0445,14548.66020643003,2128.9028188549905,-118.14356839728951,0.0,0.0,0,0,0,0,46,44,766405014.7877966,803533041.559306,0.006833877092734032,-7088614.103837371,784969028.1735513,430804764.8261655,235490708.45206538,796446438.214719,365641673.38855356,560955729.7626537
2021-08-12,796446438.214719,-11279095.28893827,3359247.7231070623,3359247.723107061,15449.046166041277,2119.5715975882945,-57.106059696976345,0.0,0.0,0,0,0,0,46,44,763045775.131786,791937505.1845404,0.0072887588150452745,-3426363.5818185806,777491640.1581632,426898108.8356709,233247492.04744896,788513204.0682597,361615095.2325888,555265712.0208107
2021-08-13,788513204.0682597,-19593737.362602707,-1123936.19888698,-1123936.1988869805,14797.321010836458,2122.693666541187,-68.04522456076344,0.0,0.0,0,0,0,0,46,44,764169719.9548273,771863446.659405,0.006971011052644201,-4082713.4736458063,768016583.3071162,422216777.6512995,230404974.99213484,767782787.8342012,345566010.18290174,537377812.8420664
2021-08-16,767782787.8342012,-16417617.302966319,13438132.638535937,13438132.638535935,14343.222684724273,2029.374360703393,0.0,0.0,20156.806320688574,1,0,0,1,45,44,730574769.8532214,754880746.4665555,0.007067805212515266,9888056.674209952,742727758.1598885,407892617.57260525,222818327.44796655,764770832.5151261,356878214.94252086,541952505.0671595
2021-08-17,764770832.5151261,-19221852.81129217,1448480.3889717078,1090277.4706895438,14715.800665488223,2082.3369892073442,0.0,0.0,20515.00923897074,0,1,0,0,46,44,749641316.1146439,735398961.8238336,0.007066964060937081,11563267.459067583,742520138.9692388,408742135.29035157,222756041.6907716,746964311.6198903,338222176.32953876,524208269.92911875
2021-08-18,746964311.6198903,-2822833.084303435,10394933.60019294,10394933.600192934,14191.978466058703,1847.9078821780392,-6.11654233585603,0.0,0.0,0,0,0,0,46,44,739163152.8712157,732502667.7482321,0.006912022370075164,22019552.409081697,735832910.3097239,404874612.7984227,220749873.09291714,754524061.9486537,349649449.150231,533774188.85573655
2021-08-19,754524061.9486537,-9593939.403019825,11079885.808144009,11079885.808144005,13720.416538445415,1819.8103548315537,-9.02399440958391,0.0,0.0,0,0,0,0,46,44,727924141.9326216,723509908.0627373,0.006785528421583176,32486379.874502063,725717024.9976795,399254719.5954708,217715107.49930385,755998098.7235998,356743379.128129,538282991.224296
2021-08-20,755998098.7235998,21890199.897747934,-12032631.315090386,-12032631.315090382,14759.735768322327,1849.7311308912444,-5.7141056088445605,0.0,0.0,0,0,0,0,46,44,739892452.3564978,745270127.3786486,0.007181455709776409,20570780.19184041,742581289.8675733,408285267.5516115,222774386.96027198,765842751.5875143,357557484.0359028,543068364.6272423
2021-08-23,765842751.5875143,28693513.632079635,-14375287.243767954,-14375287.243767953,15084.426648201785,1885.2996317711084,-1.5289330414214075,0.0,0.0,0,0,0,0,46,44,754119852.7084434,774641734.6000606,0.007200968882929189,5504158.9491170645,764380793.654252,419896389.46254814,229314238.0962756,780147777.3198764,360251387.8573283,550833539.2236009
2021-08-24,780147777.3198764,28835167.25382017,-10755384.165005019,-10755384.165005017,15330.144573704303,1912.1880974840626,-98.32159884674155,0.0,0.0,0,0,0,0,46,44,764875238.993625,804211514.2615463,0.007215362408377753,-5999283.997428298,784543376.6275856,430515450.2634741,235363012.98827568,798214044.1306165,367698593.86714244,562851031.1423409
2021-08-25,798214044.1306165,4822983.485364361,547391.500027662,547391.5000276614,22256.188710635128,1910.8196539592516,-88.94456977026283,0.0,0.0,0,0,0,0,46,44,764327861.5837007,808989289.2183647,0.010482710808457469,-5427126.291066885,786658575.4010327,431545680.77970135,235997572.6203098,803563984.802382,372018304.02268064,567566412.1820722
2021-08-26,803563984.802382,-14695255.87598758,5167490.196078849,5167490.196078846,15593.82969192199,1897.900916439684,-0.0025365687203407297,0.0,0.0,0,0,0,0,46,44,759160366.5758735,794011493.6453881,0.007394720452033575,9131.647393226624,776585930.1106308,426250983.3841091,232975779.0331892,794022523.1911613,367771539.8070522,561046744.1579721
2021-08-27,794022523.1911613,32793884.593565665,-11010416.82539663,-11010416.825396627,15382.40629708964,1711.4905974401831,-192.48198854221724,0.0,0.0,0,0,0,0,46,44,770170768.8480823,827737766.4625502,0.007190179750959342,-11947157.90951693,798954267.6553162,437985672.2700622,239686280.29659486,815792127.5616422,377806455.29157996,576105847.2650473
2021-08-30,815792127.5616422,-2449846.4203114742,3329191.410017067,3329191.4100170666,15399.82688956317,1703.640365316132,-124.77494576517319,0.0,0.0,0,0,0,0,46,44,766638164.3922594,824400724.5305724,0.0072314919054905285,-7744651.806114197,795519444.4614159,436091630.4503209,238655833.33842477,816657651.5898777,380566021.1395568,578001818.2514529
2021-08-31,816657651.5898777,6073990.9757174235,-11060243.15394935,-11060243.15394935,18151.58312943484,1352.7856656860758,-14.80602689352062,933664.4314540236,0.0,0,0,0,0,51,45,811671399.4116457,811671399.4116458,0.008050757894553435,-951816.0145834684,811671399.4116457,446419269.67640513,243501419.8234937,810720921.3767011,364301651.700296,567219501.5532074
2021-09-01,810720921.3767011,-720359.3200870311,-14262486.406103902,-14262486.406103902,18134.28310868156,1835.408621917665,-245.38999577954345,0.0,0.0,0,0,0,0,51,45,825933879.8629493,810951044.553718,0.007904194365060601,-15231103.18631649,818442462.2083336,450517925.09731424,245532738.66250008,795721531.3860276,345203606.28871334,550188792.7235274
2021-09-02,795721531.3860276,8418911.124612877,-10694905.98981034,-10694905.98981034,17783.45634935037,1859.165234546946,-417.4968716340928,0.0,0.0,0,0,0,0,51,45,836624355.5461257,819341351.9934934,0.007652232741404062,-25913598.929012656,827982853.7698095,455822644.66221106,248394856.13094282,793429194.7328436,337606550.0706326,545034338.6019008
2021-09-03,793429194.7328436,3318491.455186397,1935722.242693369,1935722.242693369,17909.467719016193,1854.8636342215277,-386.5755621527574,0.0,0.0,0,0,0,0,51,45,834688635.3996874,822659844.2000722,0.0077243274981915995,-23994345.2370677,828674239.7998798,456071551.66992426,248602271.93996394,798666967.2510766,342595415.5811523,550064695.3111126
2021-09-07,798666967.2510766,-10661459.83624111,-8967432.717601717,-8967432.717601717,17574.741201210076,1874.7912284867894,-530.0819695533329,0.0,0.0,0,0,0,0,51,45,843656052.8190552,811922139.4455498,0.007499391264122894,-32901639.489517212,827789096.1323025,456077350.70710397,248336728.83969074,779021844.6652915,322944493.9581876,530685115.8256008
2021-09-08,779021844.6652915,-24011813.740158003,17690930.808912516,17690930.808912516,17504.732029760504,1835.4780455526802,-245.3218186629729,0.0,0.0,0,0,0,0,51,45,825965120.4987061,787910328.5052353,0.007629503200944978,-15226871.503219008,806937724.5019708,444767118.2759206,242081317.3505912,772685047.1582432,327917928.88232255,530603729.807652
2021-09-09,772685047.1582432,18588798.176305015,-3456833.213137369,-3456833.213137369,18262.722948057995,1842.1848594966636,-301.2837694111203,0.0,0.0,0,0,0,0,51,45,828983186.7734985,806499121.2929461,0.007930896990673512,-18700371.894483328,817741154.0332223,450319736.35528606,245322346.2099667,787800290.2995529,337480553.94426686,542477944.0895863
2021-09-10,787800290.2995529,-12404132.917452168,17921438.76810999,17921438.76810999,17672.34352617677,1802.3594688633325,-8.035572339767285,0.0,0.0,0,0,0,0,51,45,811061760.9884995,793798683.4691529,0.007844092737980594,-498759.66246831417,802430222.2288263,441768199.1638381,240729066.6686479,793301718.1305811,351533518.96674305,552572651.4619333
2021-09-13,793301718.1305811,5762888.729169179,-860597.8590621538,-860597.8590621538,17743.497235038994,1804.2718678729643,-22.157669598702327,0.0,0.0,0,0,0,0,51,45,811922340.5428339,799561569.1337174,0.007867327557883658,-1375303.6302642822,805741954.8382757,443467094.4462795,241722586.45148268,798188047.6176515,354720953.17137194,556465461.1661688
2021-09-14,798188047.6176515,-12524759.575015772,16513166.457513794,16513166.457513794,18296.72887054643,1767.575998685483,-8.467340137030614,0.0,0.0,0,0,0,0,51,45,795409199.4084674,786916945.5246239,0.008281048796387103,15241212.246655107,791163072.4665456,435351996.2036962,237348921.73996368,802159916.8799375,366807920.67624134,564810995.1399739
2021-09-15,802159916.8799375,11243035.273469323,-2687.5911808811306,-2687.5911808811306,19565.1273861181,1767.4469965586184,-8.455952025163107,0.0,0.0,0,0,0,0,51,45,795351148.4513782,798159985.7895463,0.00885576876668469,15220713.645293593,796755567.1204622,438145340.9828,239026670.13613865,813382458.4258844,375237117.44308436,574355788.2897457
2021-09-16,813382458.4258844,1911643.6365615882,5995773.5241771825,5995773.5241771825,19723.539686103013,1754.1230537790168,-11.776962011296087,0.0,0.0,0,0,0,0,51,45,789355374.2005575,800071620.4266042,0.0089952821239588,21198531.620332956,794713497.3135808,436824517.3668183,238414049.1940742,821271894.3930289,384447377.02621055,582857845.1989546
2021-09-17,821271894.3930289,-4621893.413865161,-6416849.663623586,-6416849.663623586,19893.631371845928,1768.3827261429522,-8.20195541643156,0.0,0.0,0,0,0,0,51,45,795772226.7643285,795449737.9345914,0.008999694954151122,14763519.749576807,795610982.3494599,437594102.51294637,238683294.70483795,810215017.864939,372620915.3519926,571531723.160101
2021-09-20,810215017.864939,-39795922.22891933,23999735.127313912,23999735.127313912,18299.780275688685,1715.0499597040898,-21.52595158845047,0.0,0.0,0,0,0,0,51,45,771772481.8668404,755653818.123847,0.008536091988292208,38746712.85921085,763713149.9953437,420445199.09101385,229113944.9986031,794402224.507066,373957025.41605216,565288279.5084629
2021-09-21,794402224.507066,6782811.486102271,-10640458.119496334,-10640458.119496334,18506.70104195116,1738.6954286739315,-15.605247629894412,0.0,0.0,0,0,0,0,51,45,782412942.903269,762436625.43882,0.008515212376702852,28089445.733809948,772424784.1710446,425333039.2306857,231727435.25131336,790527794.262811,365194755.03212523,558800359.0114976
2021-09-22,790527794.262811,18696754.75900035,-8157961.325503558,-8157961.325503558,18491.239708397363,1752.732555090926,-11.062705069518353,0.0,1841.2553513328996,1,0,0,1,50,45,788729649.7909167,781133386.076115,0.008439959492822042,19912869.125133038,784931517.9335158,431902241.4563037,235479455.38005474,801047996.871098,369145755.4147943,565568541.4910433
2021-09-23,801047996.871098,24081825.97763798,-4993298.748140384,-5126079.950856996,19133.663496405017,1768.2155041362023,-8.277895044038162,0.0,1974.0369581471682,0,1,0,0,51,45,795696976.861291,805215205.3208724,0.008656711108639248,14900211.079268694,800456091.0910817,440012894.3886054,240136827.3273245,820117176.3377502,380104281.9491448,579980349.0104257
2021-09-24,820117176.3377502,-16626030.719784813,16897023.647400107,16897023.647400107,18495.556015631402,1730.6665692227898,-17.655834810567363,0.0,0.0,0,0,0,0,51,45,778799956.1502554,788589171.0503286,0.008549564124965985,31780502.65902126,783694563.600292,430787279.60765874,235108369.08008757,820371386.7200843,389584107.11242557,585263017.6399968
2021-09-27,820371386.7200843,10411387.549238024,-9669649.750667708,-9669649.750667708,20255.872752661,1752.1547027476568,-12.273507941480345,0.0,0.0,0,0,0,0,51,45,788469616.2364455,799000554.3512373,0.009248440321346777,22092314.29466462,793735085.2938414,436291023.458743,238120525.5881524,821094608.5270967,384803585.0683538,582974082.9389443
2021-09-28,821094608.5270967,-32467018.128176507,15953348.366562437,15953348.366562437,20205.150121306626,1682.1351804226285,-21.117575515939063,0.0,15555.424978198824,1,0,0,1,50,45,756960831.1901828,766533542.2616928,0.00960928722326831,38011635.928690314,761747186.7259378,418721634.922478,228524156.01778135,804546839.207988,385825204.28551,576022683.1902066
2021-09-29,804546839.207988,-11874587.265593288,17596044.511456978,17847343.542145107,22496.234107083535,1677.0420318247948,-30.90108366593301,0.0,15304.125947510696,0,1,0,0,51,45,754668914.3211576,754608545.4951177,0.01073138713529097,55621950.59867942,754638729.9081376,415052810.6701267,226391618.97244126,810232142.2347453,395179331.5646186,583840523.2623041
2021-09-30,810232142.2347453,1869788.9056192825,-5527074.604002244,-5527074.604002244,17709.45156891133,1344.2914275606036,-15.659720071513387,988986.8387427527,0.0,0,0,0,0,58,46,806574856.5363622,806574856.5363622,0.007904291229937013,-1006696.2903115749,806574856.5363622,443616171.0949992,241972456.96090865,805569488.877758,361953317.78275883,563597031.9168494
2021-10-01,805569488.877758,15351676.793701736,7327641.00634754,7327641.00634754,15012.348979414466,1776.0889316186397,-3.5040299740370773,0.0,0.0,0,0,0,0,58,46,799240019.2283878,821926540.3755611,0.0067619807599309575,6307253.95326674,810583279.8019745,445253640.8624066,243174983.94059235,828235566.9137295,382981926.05132294,585060582.9731371
2021-10-04,828235566.9137295,-13213551.79931254,17040829.358818542,17040829.358818542,14605.003095444798,1738.205158180953,-12.96403728223297,0.0,0.0,0,0,0,0,58,46,782192321.1814288,808712972.3621209,0.006721877691689312,23335267.108019352,795452646.7717748,436835939.4449588,238635794.03153244,832049964.7112612,395214025.26630235,593414170.6797287
2021-10-05,832049964.7112612,20859319.611858834,-3729348.5825334447,-3729348.5825334447,14368.568913623794,1746.4911512921628,-10.885155721137325,0.0,0.0,0,0,0,0,58,46,785921018.0814732,829572286.8736258,0.006581685296483993,19593280.298047185,807746652.4775496,443169377.1428484,242323995.74326485,849167302.7776685,405997925.6348201,606843307.0344036
2021-10-06,849167302.7776685,-11695628.978312997,-6464967.354963578,-6464967.354963578,14171.131873093056,1760.2453112983726,-7.286530156337353,0.0,107.4117711476937,1,0,0,1,57,46,792110390.0842677,817876673.6193403,0.006440525889037729,13115754.281407237,804993531.851804,442102285.4301154,241498059.5555412,830994180.8595287,388891895.42941326,589496121.3039875
2021-10-07,830994180.8595287,16083258.992930774,-4445877.612318476,-4445067.651454838,16378.287789098771,1770.3788295799266,-4.808414287475612,0.0,106.601826815267,0,1,0,0,58,46,796670473.3109668,833959931.6330689,0.007401031921731684,8655145.717456102,815315202.4720179,447491124.90155727,244594560.74160534,842616842.9209403,395125718.019383,598022282.1793349
2021-10-08,842616842.9209403,-2084487.8667073238,4553608.793924161,4553608.793924161,15991.578555431104,1760.2507495456528,-7.3302976625904765,0.0,0.0,0,0,0,0,58,46,792112837.2955437,831875436.4769388,0.007267863881124336,13194535.792662859,811994136.8862412,445602710.3078978,243598241.06587234,845071725.1900536,399469014.8821558,601473484.1241813
2021-10-11,845071725.1900536,8737169.540734291,1366032.604526255,1366032.604526255,14062.804524118272,1757.2214710977694,-8.082372908938394,0.0,0.0,0,0,0,0,58,46,790749661.9939963,840612593.294701,0.006402291233253813,14548271.23608911,815681127.6443486,447378046.9218741,244704338.29330456,855162613.6698883,407784566.74801415,610458275.3765837
2021-10-12,855162613.6698883,2232141.732058618,-11109860.876338976,-11109860.876338976,14288.301482827363,1781.9169214436683,-1.9032588798230885,0.0,0.0,0,0,0,0,58,46,801862614.6496508,842844740.2404436,0.006414800291026494,3425865.9836815596,822353677.4450471,451269969.4550061,246706103.23351413,846272386.2377877,395002416.7827816,599566283.0042737
2021-10-13,846272386.2377877,8315460.724610564,-16594707.153960787,-16594707.153960787,15038.63883804578,1818.7943422549884,-212.3785203922327,0.0,0.0,0,0,0,0,58,46,818457454.0147446,851160216.2284276,0.0066147726496226,-13182115.058828235,834808835.1215861,458327290.2615303,250442650.5364758,837979707.5854213,379652417.32389104,587537057.0489455
2021-10-14,837979707.5854213,8659259.600220174,-6034543.873640011,-6034543.873640011,15028.592832206432,1832.2189944881245,-309.81785096244334,0.0,0.0,0,0,0,0,58,46,824498547.519656,859819468.227183,0.006561919891636116,-19230073.508013725,842159007.8734195,462304431.3126925,252647702.36202586,840590917.1203128,378286485.8076203,587943214.758287
2021-10-15,840590917.1203128,5766562.406423878,1840993.4621422263,1840993.4621422263,15296.095220430772,1828.1016911125566,-280.3793691497002,0.0,0.0,0,0,0,0,58,46,822645761.0006505,865586034.2891572,0.006693761203676494,-17402857.395498633,844115897.6449039,463190236.87248445,253234769.29347116,848184724.6159805,384994487.74349606,594949955.3225093
2021-10-18,848184724.6159805,17027808.019785292,11584544.145091182,11584544.145091182,15001.87654787793,1802.363761844782,-93.95607787833141,0.0,0.0,0,0,0,0,58,46,811063692.8301518,882613831.4622744,0.006658756402213943,-5831756.557965398,846838762.146213,463972565.71461415,254051628.64386392,876783783.311993,412811217.59737885,622732154.6681291
2021-10-19,876783783.311993,10715261.187631467,-16414134.359490963,-16414134.359490963,15306.334752727935,1838.8354721927494,-358.62528731089253,0.0,0.0,0,0,0,0,58,46,827475962.4867373,893329104.3970914,0.006659142695121339,-22259500.591710567,860402533.4419143,471575064.845294,258120760.0325743,871071084.0155658,399496019.17027175,612950323.9829915
2021-10-20,871071084.0155658,12509391.002308706,-1399616.287126071,-1399616.287126071,15360.993104150497,1841.9195316409782,-381.39825886965264,0.0,0.0,0,0,0,0,58,46,828863789.2384402,905838493.1157607,0.006671732544348576,-23672995.37811637,867351141.1771004,475118760.0504722,260205342.3531301,882166958.2589171,407048198.2084449,621961615.905787
2021-10-21,882166958.2589171,-10797083.509310223,-1574913.0547687681,-1574913.0547687681,22031.650986007608,1845.414856722999,-407.1031085663419,0.0,0.0,0,0,0,0,58,46,830436685.5253496,895041398.8514181,0.00955087184033204,-25268468.807566047,862739042.1883838,472891355.37045944,258821712.65651512,869774368.3556002,396883012.9851408,610952655.6990851
2021-10-22,869774368.3556002,-16704056.760219615,9235407.230015248,9235407.230015248,21088.113263567146,1824.8930992256235,-258.62711783777036,0.0,0.0,0,0,0,0,58,46,821201894.6515306,878337348.3710283,0.009244645956528933,-16052717.658896089,849769621.5112795,465944905.4882163,254930886.45338383,862286196.9781137,396341291.4898974,607355310.5247298
2021-10-25,862286196.9781137,33480553.962008275,-9634654.556961207,-9634654.556961207,16003.48576748486,1846.3028930660532,-414.084756459047,0.0,0.0,0,0,0,0,58,46,830836301.8797239,911817905.3672651,0.006934284001866565,-25701812.46987188,871327103.6234945,477205366.90573347,261398131.08704835,886117525.1155298,408912158.2097963,624719394.0284815
2021-10-26,886117525.1155298,-8686435.52596072,3091197.7679766314,3091197.7679766314,15723.521193615115,1839.4141635642122,-364.51233730734896,0.0,0.0,0,0,0,0,58,46,827736373.6038954,903131467.531291,0.006838490865221054,-22624903.694938898,865433920.5675932,474103778.9639914,259630176.17027795,880508038.7381784,406404259.77418697,620877862.5679004
2021-10-27,880508038.7381784,-32158868.307458997,17017574.56583427,17017574.56583427,15832.80802486093,1801.5937616328606,-90.57178862281091,0.0,0.0,0,0,0,0,58,46,810717192.7347872,870972609.4133929,0.007030578529761774,-5621697.224864125,840844901.07409,460958310.1737844,252253470.322227,865352623.2105018,404394313.0367174,613099152.8882748
2021-10-28,865352623.2105018,26931890.54087565,-18716233.04235791,-18716233.04235791,14270.265594258775,1843.1969323974624,-391.7245410664298,0.0,0.0,0,0,0,0,58,46,829438619.578858,897867947.4751347,0.006193701972234647,-24313937.031709433,863653283.5269964,473298572.74244106,259095985.0580989,873555461.9158167,400256889.1733756,614459476.8577178
2021-10-29,873555461.9158167,9827432.159877926,11002416.865431607,11002416.865431607,17310.09767871497,1739.0825490521904,-16.879851750497917,1048785.802352607,0.0,0,0,0,0,52,46,894385310.9411263,894385310.9411265,0.006967506161052759,-1066095.9000314474,894385310.9411263,491911921.0176195,268315593.2823379,893320937.2437923,401409016.2261728,625005343.9614544
2021-11-01,893320937.2437923,40564336.48913055,-26254709.809299104,-26254709.809299104,18256.349099146417,2045.8667015533706,-440.434856385082,0.0,0.0,0,0,0,0,52,46,920640015.6990167,934949643.4880815,0.007138822518704616,-27337335.913556814,927794829.593549,509929415.58172536,278338448.8780647,907613913.0063698,397684497.4246445,629275464.1283052
2021-11-02,907613913.0063698,20006417.189395066,14284551.574628286,14284551.574628286,18219.38796213602,2014.1232463742733,-210.56220631371826,0.0,0.0,0,0,0,0,52,46,906355460.8684229,954956040.7053515,0.007236652670558737,-13069378.322920442,930655750.7868872,510645648.43686473,279196725.23606616,941888465.9434711,431242817.50660634,662691740.7074049
2021-11-03,941888465.9434711,9408323.886171663,-22033295.22231671,-22033295.22231671,18177.056693774517,2063.0861278932935,-565.807480795361,0.0,0.0,0,0,0,0,52,46,928388757.551982,964364402.5655167,0.007048491654523758,-35119085.01488447,946376580.0587494,519607727.9069738,283912974.0176248,929246814.8292793,409639086.9223055,645333840.8116546
2021-11-04,929246814.8292793,-7417880.013741195,9469684.276050184,9469684.276050184,27723.525612530422,2042.0423921492888,-413.66252256306575,0.0,0.0,0,0,0,0,52,46,918919076.4671799,956946500.4147178,0.010861096995484367,-25675604.84874201,937932788.4409488,514912348.0438334,281379836.5322846,931272523.9458454,416360175.902012,649892687.4135607
2021-11-05,931272523.9458454,5226871.377888749,5695729.873586908,5695729.873586908,27221.92768317454,2029.3852170737662,-322.31039721698227,0.0,0.0,0,0,0,0,52,46,913223347.6831946,962173376.2003472,0.010731103175148466,-20005472.930709243,937698361.9417709,514510348.3550452,281309508.5825313,942169610.3444577,427659261.98941255,660860101.7619264
2021-11-08,942169610.3444577,46582995.31190039,-6774648.62574583,-6774648.62574583,26041.60648296174,2044.4399906412666,-429.3521253568687,0.0,0.0,0,0,0,0,52,46,919997995.7885699,1008601357.6876591,0.010190216040449661,-26649442.263529778,964299676.7381146,528149738.1584858,289289903.02143437,981953530.5119946,453803792.35350883,692663627.4905603
2021-11-09,981953530.5119946,-11338963.570905674,2396916.4706877936,2396916.4706877936,25645.260278696147,2039.0854805109113,-391.12210049628845,0.0,0.0,0,0,0,0,52,46,917588466.22991,997262382.3202331,0.010061475312852699,-24276544.168735147,957425424.2750716,524592135.4490313,287227627.2825215,972987486.1148779,448395350.66584665,685759858.8323565
2021-11-10,972987486.1148779,-54290827.318147786,12780509.879868174,12780509.879868174,23911.143767929578,2010.6843318438905,-185.57271229645943,0.0,0.0,0,0,0,0,52,46,904807949.3297507,942971563.8133003,0.009513634095313988,-11518306.280469894,923889756.5715255,507185275.7522502,277166926.9714576,931455082.64445,424269806.89219975,654288155.6729923
2021-11-11,931455082.64445,25937175.197230782,-19186436.516897183,-19186436.516897183,31559.751802232535,2053.3208542252783,-495.16653086615196,0.0,0.0,0,0,0,0,52,46,923994384.401375,968908735.9026046,0.012296081924961542,-30734474.329623222,946451560.1519898,519425499.29606366,283935468.04559696,938175819.7273047,418750320.43124104,654240351.6817077
2021-11-12,938175819.7273047,10341239.114100449,-8455444.077871794,-8455444.077871794,31486.895052421813,2072.110698265517,-630.5476186204088,0.0,0.0,0,0,0,0,52,46,932449814.2194827,979167566.2656097,0.012156452868576282,-39137438.39712882,955808690.2425462,524526835.8322472,286742607.07276386,940031569.4315605,415504733.5993133,653288962.3587966
2021-11-15,940031569.4315605,-19958668.033596504,7884847.407237263,7884847.407237263,33653.09820542494,2052.8380999462906,-504.0455892167713,0.0,787.8249417713414,1,0,0,1,51,46,923777144.9758307,959208896.1782675,0.01311475978794642,-31285588.29621339,941493020.577049,516935367.5373161,282447906.1731147,927924856.6745648,410989489.13724875,645476950.5014501
2021-11-16,927924856.6745648,-4620056.906174831,3911315.80583405,3918575.3647338524,33453.861672896004,2045.8809220691694,-441.5568024327995,0.0,780.5652794482385,0,1,0,0,52,46,920646414.9311261,954588855.0913765,0.013081450171229442,-27406973.94410479,937617635.0112513,514841138.25218195,281285290.5033754,927183485.4713914,412342347.2192095,645898194.968016
2021-11-17,927183485.4713914,-17946807.325737234,28737835.292270485,28737835.292270485,32814.41816080021,1982.0190563497333,-0.7220334601432085,0.0,0.0,0,0,0,0,52,46,891908575.35738,936642038.7915062,0.013244844667128167,1299660.2282577753,914275307.0744431,501733082.30509055,274282592.12233293,937943680.3167869,436210598.01169634,663661088.194454
2021-11-18,937943680.3167869,-13135920.117223375,31032891.772971634,31032891.772971634,31062.770575347327,1913.0570469431323,-17.970236468144655,0.0,0.0,0,0,0,0,52,46,860875671.1244096,923463163.5592993,0.012989793743989985,32346425.64266038,892169417.3418545,489128492.2271477,267650825.2025563,955811484.2887702,466682992.0616225,688160659.0862138
2021-11-19,955811484.2887702,-5431494.4804940345,10114271.659984734,10114271.659984734,30441.44828986294,1890.4053983435326,-23.573414894055855,0.0,0.0,0,0,0,0,52,46,850682429.2545896,918031673.2106705,0.012882505865265615,42432146.80930054,884357051.23263,484712647.07904446,265307115.369789,960465686.8519545,475753039.77291,695158571.4821655
2021-11-22,960465686.8519545,-22076624.38501046,17159753.25861212,17159753.25861212,29697.842865264098,1852.2725703555527,-33.09115164249274,0.0,0.0,0,0,0,0,52,46,833522656.6599987,895955044.926204,0.012826554078728685,59564072.95648694,864738850.7931013,474045558.2295506,259421655.2379304,955520937.0641096,481475378.83455896,696099281.8261791
2021-11-23,955520937.0641096,10778100.326188363,17913737.68779611,17913737.68779611,29632.19633646911,1812.464283154779,-43.0277750350215,0.0,0.0,0,0,0,0,52,46,815608927.4196506,906733147.8187188,0.013079296121583702,77449995.0630387,861171037.6191847,471365965.1805749,258351311.2857554,984184912.3182657,512818947.1376908,725833601.0325103
2021-11-24,984184912.3182657,3425932.4601551318,-4764652.074280404,-4764652.074280404,29466.166961147264,1823.0523774127817,-40.3653557116425,0.0,0.0,0,0,0,0,52,46,820373569.8357517,910159086.2562227,0.012930475207943165,72657640.2809565,865266328.0459871,473651842.5147812,259579898.41379613,982818509.224201,509166666.7094198,723238610.8104048
2021-11-26,982818509.224201,-39431906.44915634,14417099.69544369,14417099.69544369,24915.0940893665,1790.8413022751934,-48.36196578116886,0.0,77.88410423649357,1,0,0,1,51,46,805878586.023837,870727171.0861907,0.01113000646465451,87051538.40610397,838302878.5550139,459445368.57869875,251490863.56650415,957780451.9716312,498335083.3929324,706289588.405127
2021-11-29,957780451.9716312,19004977.11146025,11799358.421567053,11796543.334612181,27557.132338264397,1764.1794744067718,-54.90277490075733,0.0,80.69919119136452,0,1,0,0,52,46,793880763.4830472,889732154.8517658,0.012496294277556242,98824994.82136321,841806459.1674066,460597267.7578556,252541937.75022197,988558858.9498285,527961591.1919729,736016921.1996065
2021-11-30,988558858.9498285,-21850236.72058933,15161586.867491268,15161586.867491268,28115.831640410328,1863.9387181154314,-21.26313133396387,1291545.6248601244,23273.154065937666,1,0,0,1,66,47,958597055.0307932,981870209.0967301,0.010558867604931861,-1342934.6105661392,970233632.0637617,533046668.78342044,291070089.6191285,980529117.1617508,447482448.37833035,689459027.5426223
2021-12-01,980529117.1617508,-51645474.29387745,50756943.413111076,51233544.27124746,26750.186901377307,2068.081478675903,-27.457696494961045,0.0,22796.555640135743,0,1,0,0,67,47,930636665.4041563,930167185.8475131,0.010347827076331329,49423853.69092989,930401925.6258347,511732796.0831251,279120577.6877504,979593080.1622251,467860284.0791,700472502.4744747
2021-12-02,979593080.1622251,13652773.942233525,-13041753.38295488,-13041753.382954879,31787.691062635236,2097.063153998254,-20.271313169553874,0.0,0.0,0,0,0,0,67,47,943678419.2992142,943683949.3252441,0.012126555560152368,36488363.70519698,943681184.3122292,519024513.1210753,283104355.29366875,980174389.8222818,461149876.70120656,697070034.5286131
2021-12-03,980174389.8222818,-43817524.385113865,54183410.513679355,54183410.51367935,32488.920080661337,1976.6555623815298,-50.35630731512758,0.0,0.0,0,0,0,0,67,47,889495003.0716883,899866433.8635371,0.01314904658109186,90641353.16722965,894680718.4676127,491815109.38739073,268404215.5402838,990509713.3300217,498694603.942631,722105497.7897379
2021-12-06,990509713.3300217,4263591.383855263,-19186864.310066644,-19186864.31006664,31617.330399791816,2019.2930422636603,-39.68043885597613,0.0,0.0,0,0,0,0,67,47,908681869.0186471,904130033.1326536,0.012526098882348761,71424789.94075704,906405951.0756503,498637068.9887575,271921785.3226951,975556802.686014,476919733.69725657,703635017.3633189
2021-12-07,975556802.686014,47228666.22915023,-48837461.02787961,-48837461.02787961,32940.2052532301,2127.8207414242934,-12.531326871355969,0.0,0.0,0,0,0,0,67,47,957519333.640932,951358679.3135906,0.012384579062306163,22556388.368440747,954439006.4772613,525095469.9206772,286331701.94317836,973917182.9714459,448821713.05076873,687585481.0282676
2021-12-08,973917182.9714459,12969692.706235748,-24562020.607950963,-24562020.607950963,30323.15482197802,2182.403005951803,-32.76773402788527,0.0,0.0,0,0,0,0,67,47,982081352.6783113,964328391.2683637,0.011115510651069072,-2033859.3534549475,973204871.9733375,535706503.6205843,291961461.59200126,962296681.5501807,426590177.92959636,670335219.9581795
2021-12-09,962296681.5501807,-42075501.98071057,32651378.447116014,32651378.447116014,30188.809785246558,2109.1395774026246,-17.26764117259986,0.0,0.0,0,0,0,0,67,47,949112809.831181,921760615.0961211,0.011450663619872384,31081754.110679746,935436712.4636511,515173996.72338456,280631013.73909533,952844461.078737,437670464.35535246,672213447.3396417
2021-12-10,952844461.078737,2182584.9440539717,12977340.046845589,12977340.046845585,28322.06092251072,2080.1082413284425,-24.462716369159615,0.0,0.0,0,0,0,0,67,47,936048708.5977991,923943174.5442268,0.010892533517168552,44032889.464487314,929995941.571013,511800406.2153964,278998782.4713039,967978119.654239,456177713.43884265,688979337.1829352
2021-12-13,967978119.654239,-36030832.66839932,22329770.984758876,22329770.984758873,26224.703560554324,2030.4865001185863,-36.854721696889065,0.0,0.0,0,0,0,0,67,47,913718925.0533638,887912334.2126377,0.010332382336557368,66338499.054400325,900815629.6330007,496093761.06916857,270244688.8899002,954252826.8988165,458159065.8296479,684008138.0089163
2021-12-14,954252826.8988165,-7652976.476098653,11493003.303750746,11493003.303750739,26078.308266341595,2004.9464947097265,-43.316273901992304,0.0,0.0,0,0,0,0,67,47,902225922.6193769,880097482.3946161,0.010405587714246581,77969293.02358615,891161702.5069965,490692147.38446707,267348510.75209895,958068737.048423,467376589.663956,690720226.2963241
2021-12-15,958068737.048423,19148963.129040055,-11241751.364469903,-11241751.3644699,27414.026562195606,2029.9281601325238,-37.05672563863681,0.0,0.0,0,0,0,0,67,47,913467672.0596356,899246428.6368847,0.010803939607559668,66702106.149546266,906357050.3482602,498851908.7771118,271907115.10447806,965950527.6578654,467098618.8807536,694043412.5533874
2021-12-16,965950527.6578654,-25895756.41300622,19706775.733201575,19706775.73320157,26641.976386261205,1986.1353308675934,-47.99123158392304,0.0,0.0,0,0,0,0,67,47,893760898.890417,873350688.150613,0.010731182703294772,86384216.85106146,883555793.520515,486465941.7047783,265066738.0561545,959736843.1457736,473270901.44099534,694670105.0896192
2021-12-17,959736843.1457736,13720099.055712426,-27563653.09396472,-27563653.09396471,28617.520476727565,2047.387892370488,-32.663274738839924,0.0,0.0,0,0,0,0,67,47,921324551.5667195,887070777.0571328,0.011182061038211526,58793894.529911876,904197664.3119261,498165059.73429906,271259299.29357785,945866686.3116623,447701626.57736325,674607387.0180845
2021-12-20,945866686.3116623,-21416541.682190523,28981570.008272316,28981570.008272316,26786.887147007717,1939.5530264343925,-48.73951645474122,0.0,19544.122115771937,1,0,0,1,66,47,872798861.8954766,865654254.0099472,0.011048684632768944,87731129.6185342,869226557.9527118,478253222.0711298,260767967.38581353,953387274.4419913,475134052.37086153,692619307.0561779
2021-12-21,953387274.4419913,40461938.56235658,-34200841.26842373,-34387270.969371565,26848.876310957672,2059.4005615622964,-29.714229571948447,0.0,19730.552356747205,0,1,0,0,67,47,926730252.7030334,906116179.0777493,0.010429783039619903,53485613.22950721,916423215.8903913,504548120.58034736,274926964.7671174,959603821.9935884,455055701.4132411,684676857.2264711
2021-12-22,959603821.9935884,7878062.766364067,5722830.750220737,5722830.7502207365,27840.994269615403,2046.6831806094742,-32.879242409411134,0.0,0.0,0,0,0,0,67,47,921007431.2742633,913994238.1789635,0.010882385523420275,59182636.33694005,917500834.7266134,504800788.92701983,275250250.417984,973178888.3198417,468378099.3928219,697928637.9018577
2021-12-23,973178888.3198417,11793589.340376135,-17766171.13675387,-17766171.136753865,31014.877075129054,2086.1635472575,-22.993041828209755,0.0,0.0,0,0,0,0,67,47,938773596.2658749,925787816.3556113,0.011893555369961915,41387475.290777564,932280706.3107431,513079032.9686653,279684211.8932229,967177354.8168943,454098321.848229,687493142.9236714
2021-12-27,967177354.8168943,16485913.242721582,21744412.59659143,21744412.596591428,31371.81637195025,2037.842629103569,-35.0569782841495,0.0,0.0,0,0,0,0,67,47,917029183.0966059,942273747.9283663,0.012315697365012127,63102560.9114691,929651465.5124861,510677191.9110733,278895439.65374583,1005378311.6254863,494701119.7144129,726482871.9717405
2021-12-28,1005378311.6254863,-27529571.991256014,14968703.120192492,14968703.12019249,31129.56811625083,2004.5788343302381,-43.35675251912792,0.0,0.0,0,0,0,0,67,47,902060475.4486071,914744158.6518762,0.01242338493577948,78042154.53443027,908402317.0502417,499304182.29755116,272520695.1150725,992788274.4083883,493484092.1108371,720267579.2933158
2021-12-29,992788274.4083883,-7454719.123430516,26184619.7139078,26184619.713907793,36579.32055758267,1913.3350835484152,-57.92248572360456,0.0,14875.069964244261,1,0,0,1,66,47,861000787.5967869,907206246.3058554,0.015294475441173098,104260474.30248821,884103516.9513211,485101797.85549986,265231055.08539632,1011468576.0209414,526366778.1654415,746237520.9355451
2021-12-30,1011468576.0209414,872615.9779470897,-35107165.34324406,-35598902.98096023,37895.44353902292,2025.4807990745614,-38.38994382838745,0.0,15366.807601960418,0,1,0,0,67,47,911466359.5835526,908078865.513406,0.01496748566812869,69101898.89109743,909772612.5484793,500459624.25341725,272931783.7645438,977182751.4953587,476723127.24194145,704250967.7308149
2021-12-31,977182751.4953587,-5159035.539369663,15473951.95259894,15473951.95259894,36371.942687002214,1920.1343542666982,-21.446522714489998,1318145.2813859703,0.0,0,0,0,1,86,47,987497667.9085876,987497667.9085879,0.013259676243137111,-1354517.2240730524,987497667.9085877,543123717.3497232,296249300.3725763,986145049.3723464,443021332.0226232,689895748.9997702
2022-01-03,986145049.3723464,11888496.165989984,-29756755.309542492,-29867642.622805748,34273.47815053953,2204.7898798665788,-502.16426162374063,0.0,25164.250211928433,1,0,0,2,85,47,992155445.9399605,999386168.7391464,0.012436007063898018,-31168816.238714933,995770807.3395534,547493175.9667747,298731242.201866,968219055.1260496,420725879.15927494,669487812.9241836
2022-01-04,968219055.1260496,4943565.33751861,35559248.60220001,38932961.857135914,34302.45583071404,2175.2464437523117,-2.4086665131481486,0.0,22233.63096393708,0,1,0,1,86,47,978860899.6885403,1004329733.255307,0.012615565810204803,4335599.723666668,991595316.4719236,544740703.2203889,297478594.9415771,1008667505.8167509,463926802.596362,711188910.8751738
2022-01-05,1008667505.8167509,-56243736.770068586,52139512.166592956,51919613.45052715,31191.601713375458,2059.193459041922,-31.35894932443605,0.0,0.0,0,0,0,1,86,47,926637056.5688647,948085980.8275769,0.012117987875850361,56446108.7839849,937361518.6982207,515012612.1775536,281208455.6094662,1004534117.4460715,489521505.2685179,723325661.8366053
2022-01-06,1004534117.4460715,8118500.020402595,5208835.246733574,5181541.491411001,34741.570810727586,2047.619883780979,-34.234566543688175,0.0,0.0,0,0,0,1,86,47,921428947.7014406,956204491.3637583,0.013573445378573478,61622219.77863872,938816719.5325994,515479807.1513717,281645015.85977983,1017828724.5277143,502348917.37634254,736183708.6679344
2022-01-07,1017828724.5277143,-5179103.765283582,2032580.3723773453,1259764.143782608,32658.719240944407,2043.037841307233,-35.358514162657194,0.0,0.0,0,0,0,1,86,47,919367028.5882548,951004216.9227842,0.012788297340610313,63645325.49278295,935185622.7555195,513561162.80717254,280555686.82665586,1014651550.0948943,501090387.28772175,734095863.2682384
2022-01-10,1014651550.0948943,-3426334.965034347,11243942.72903237,11983808.580413068,27989.908036385623,2017.9143984748969,-41.59070847780333,0.0,0.0,0,0,0,1,86,47,908061479.3137035,947577892.69081,0.011096569034856936,74863275.260046,927819686.0022568,509312916.96681356,278345905.800677,1022443144.2745459,513130227.30773234,744097238.4738688
2022-01-11,1022443144.2745459,23020935.663653247,-30725848.38989333,-31519995.382179104,28678.703157520362,2086.4075575956876,-24.50596875094632,0.0,0.0,0,0,0,1,86,47,938883400.9180593,970598809.093445,0.010996395427389593,44110743.75170338,954741105.0057521,524314722.548779,286422331.5017256,1014711614.7467371,490396892.1979581,728289283.2450116
2022-01-12,1014711614.7467371,11995482.00897107,14908828.674463017,15464161.853738446,27948.91422868994,2053.23283723273,-32.7742660702114,0.0,0.0,0,0,0,1,86,47,923954776.7547286,982594297.589562,0.01088972033638755,58993678.926380515,953274537.1721454,522835007.42380905,285982361.1516436,1041589996.9745138,518754989.5507047,755607635.8228703
2022-01-13,1041589996.9745138,-34048797.73976676,36492020.34336006,37220211.30436831,21337.74752307862,1972.0644750817555,-53.03687543590777,0.0,0.0,0,0,0,1,86,47,887429013.78679,948545506.04595,0.008656004017188749,95466375.784634,917987259.91637,503365080.6475245,275396177.974911,1044013800.8581837,540648720.2106593,768617622.8832728
2022-01-14,1044013800.8581837,12150388.828303363,-2319454.7620519446,-2000605.4795713804,21454.18571557338,1977.2889028172394,-51.73743197610377,0.0,0.0,0,0,0,1,86,47,889780006.2677577,960695903.1817328,0.00868024320978305,93127377.55698681,925237954.7247453,507107977.6757605,277571386.41742355,1053825206.2901905,546717228.61443,776253819.872767
2022-01-18,1053825206.2901905,-37531948.996847995,40469508.60683876,40465553.53659573,20970.574274449278,1887.1545773895086,-74.20992106294287,0.0,0.0,0,0,0,1,86,47,849219559.8252788,923163937.4126096,0.00888981730514424,133577857.91329718,886191748.6189442,485556852.300736,265857524.58568323,1056743608.2705631,571186755.9698272,790886083.6848799
2022-01-19,1056743608.2705631,-17093528.135982946,4189653.355528217,3155478.2790221684,20896.061233240856,1877.8458516012101,-76.52689315770526,0.0,0.0,0,0,0,1,86,47,845030633.2205446,906070429.7450056,0.008902141233977468,137748407.68386948,875550531.4827751,480026797.4024148,262665159.4448325,1043820638.7478335,563793841.3454187,781155479.3030009
2022-01-20,1043820638.7478335,-15474028.66341381,12879411.997753005,12313624.877953596,20603.83965061528,1849.207010980338,-83.72404936546987,0.0,0.0,0,0,0,1,86,47,832143154.9411521,890502129.3846762,0.008913589242641854,150703288.85784578,861322642.1629142,472268478.8285147,258396792.64887422,1041207183.7254837,568938704.896969,782810391.0766094
2022-01-21,1041207183.7254837,-41782148.07652596,35834819.48218491,35981478.829346895,21312.741004581127,1769.2073933325798,-103.62143500845855,0.0,0.0,0,0,0,1,86,47,796143326.9996608,848719959.3749126,0.009637192828788823,186518583.0152254,822431643.1872867,451022987.9436264,246729492.956186,1035240207.9760964,584217220.03247,788510715.0199103
2022-01-24,1035240207.9760964,10145963.466796799,-6360933.291253,-5362714.812427411,25597.4952361104,1783.4454752137551,-100.07427438003427,0.0,0.0,0,0,0,1,86,47,802550463.8461897,858865946.7723423,0.011482266474355735,180133693.8840617,830708205.3092661,455481625.8469425,249212461.59277982,1039001324.0276048,583519698.1806624,789788862.434825
2022-01-25,1039001324.0276048,25350.947269750613,12939147.962083105,13156720.665109154,25054.073713401012,1754.66573317802,-107.29437399822909,0.0,0.0,0,0,0,1,86,47,789599579.930109,858810895.6664319,0.011422836037504887,193129873.1968124,824205237.7982705,451582597.8956407,247261571.33948112,1051942416.2346035,600359818.3389628,804680844.8951224
2022-01-26,1051942416.2346035,-3634273.787139715,22963113.97764805,21375699.531142663,23533.4900615042,1702.9745599711055,-120.11114653747146,0.0,233.37101502428735,1,0,0,2,85,47,766338551.9869975,855047425.7965866,0.011055239750335904,216200063.76744866,810692988.891792,443663422.0452459,243207896.6675376,1071249072.4274487,627585650.3822029,828041175.7599112
2022-01-27,1071249072.4274487,-23746525.276224706,39256313.317126036,39556119.212554336,20128.04040322969,1616.2193207700705,-141.9097815059057,0.0,225.25541559224567,0,1,0,1,86,47,727298694.3465316,831300900.4619011,0.00996302427254213,255437606.7106303,779299797.4042163,426014833.4194348,233789939.22126487,1086739981.4820707,660725148.0626359,852950042.2608058
2022-01-28,1086739981.4820707,20025817.376172885,-21871010.20286949,-21496770.682270944,22625.784129343177,1664.8769733569052,-129.80516071881544,0.0,0.0,0,0,0,1,86,47,749194638.0106072,851222873.5773768,0.010872050964209144,233649289.29386783,800208755.793992,437564109.79752636,240062626.7381976,1084873697.9430573,647309588.1455309,844811071.2048597
2022-01-31,1084873697.9430573,33465097.802445225,-64451906.834746584,-64733184.068913616,41973.391906989884,2341.9708642461246,-24.09768952989446,1453745.2685692029,0.0,0,0,0,0,83,46,1053886888.9107561,1053886888.910756,0.014337801566289261,-1495718.6604762077,1053886888.9107561,579637788.9009159,316166066.67322683,1052393488.1234545,472755699.2225386,736227421.4502276
2022-02-01,1052393488.1234545,32317120.231334496,-34453355.409992926,-34453355.409992926,42687.84966837622,2418.533882222293,-579.8297192961888,0.0,0.0,0,0,0,0,83,46,1088340247.0000317,1086203995.9479945,0.014120240359552736,-35989430.85286689,1087272121.474013,598053073.0870081,326181636.44220394,1050216403.7992905,452163330.7122824,724034767.3570867
2022-02-02,1050216403.7992905,-5447702.671046478,55891557.862785876,55891557.862785876,51752.48071277439,2294.330426994435,-11.029004473018249,0.0,0.0,0,0,0,0,83,46,1032448692.1474956,1080756298.4588842,0.018045345205335562,19852208.051432848,1056602495.30319,579923682.2589698,316980748.590957,1100610789.8117397,520687107.5527699,783630041.2207828
2022-02-03,1100610789.8117397,-32325055.021035317,51369357.430274956,51369357.430274956,32819.04980233427,2138.3641824747438,-39.596170200956195,0.0,18815.44471069987,1,0,0,1,82,46,962263882.1136346,1048330351.364745,0.012278189120939188,71273106.36172116,1005297116.7391899,550761752.4752766,301589135.02175695,1119605556.4944785,568843804.0192019,818016421.4727216
2022-02-04,1119605556.4944785,15255287.72709798,-31360505.162000988,-33050954.95633595,38884.0448448864,2253.622856088667,-22.28389567485094,0.0,20505.89450503484,0,1,0,0,83,46,1014130285.2399002,1063329936.905494,0.01380321280992778,40111012.21473169,1038730111.0726972,570071569.7983435,311619033.3218091,1103443180.459186,533371610.66084254,791824147.137377
2022-02-07,1103443180.459186,6213722.987458588,-4016944.144438927,-4016944.1444389303,39336.921258624054,2262.54940206637,-20.0316604197214,0.0,0.0,0,0,0,0,83,46,1018147230.9298664,1069543633.6254486,0.013908883924549163,36056988.75549853,1043845432.2776575,572830077.685322,313153629.6832972,1105602864.8986888,532772787.21336675,792449235.2153916
2022-02-08,1105602864.8986888,10596839.804103892,-14990169.483411843,-14990169.483411843,39805.03967168252,2295.8608727083906,-11.682908231025403,0.0,0.0,0,0,0,0,83,46,1033137392.7187757,1080140495.3638635,0.013870192273358492,21029234.815845728,1056638944.0413196,579976341.6565986,316991683.21239585,1101172014.3576736,521195672.7010751,784180331.1452777
2022-02-09,1101172014.3576736,42798715.44355657,-55106036.812687,-55106036.812687,42980.36591785581,2418.3187462080905,-549.6704203195687,0.0,0.0,0,0,0,0,83,46,1088243435.7936406,1122939186.9872882,0.01421826332372398,-34117474.364662886,1105591311.3904643,607207827.4849143,331677393.4171393,1088823581.2709513,481615753.78603697,757146187.853812
2022-02-10,1088823581.2709513,-14464355.467855304,20191375.29331314,20191375.29331314,47345.34220670925,2373.4490263263674,-225.09838284760755,0.0,0.0,0,0,0,0,83,46,1068052061.8468653,1108474879.5171573,0.015958326193334104,-13971623.76295495,1088263470.6820114,597534338.4333489,326479041.2046034,1094505404.1048458,496971065.67149687,768026362.9002423
2022-02-11,1094505404.1048458,-29906590.74982746,32522951.784794748,32522951.784794748,44004.83400130008,2301.1757896476583,-10.475613568977911,0.0,0.0,0,0,0,0,83,46,1035529105.3414462,1078221655.8816514,0.01529820857642095,18856104.424160242,1056875380.6115488,580214145.5728467,317062614.18346465,1097080051.0059876,516865905.433141,780017436.822523
2022-02-14,1097080051.0059876,-11453117.316291478,22705950.022382308,22705950.022382308,43339.23613817962,2250.7181345683166,-23.128414030224217,0.0,0.0,0,0,0,0,83,46,1012823160.5557425,1066658399.2215369,0.015404589485477078,41631145.25440359,1039740779.8886397,570511547.9721069,311922233.9665919,1108291772.065661,537780224.093554,796369538.0990691
2022-02-15,1108291772.065661,29472187.572661802,-68929199.93662305,-68929199.93662305,47052.57783197129,2403.8941089317677,-440.52457906895813,0.0,0.0,0,0,0,0,83,46,1081752349.0192955,1096130612.0315962,0.015658785520425562,-27342904.907728434,1088941480.525446,598558357.7136877,326682444.1576338,1068789670.4933976,470231312.77970994,742107226.3357638
2022-02-16,1068789670.4933976,6770254.078354507,3001631.0055730147,3001631.0055730147,47502.34183664303,2397.2238411951166,-392.89839929085446,0.0,0.0,0,0,0,0,83,46,1078750728.5378025,1102900850.4328518,0.01585245099613598,-24386797.197363377,1090825789.4853272,599350431.1695538,327247736.84559816,1078516057.5609303,479165626.3913765,751268320.715332
2022-02-17,1078516057.5609303,-32800561.271777563,57696717.44727456,57696717.44727456,55680.03136015513,2269.0089179894403,-18.5720132903005,0.0,0.0,0,0,0,0,83,46,1021054013.0952482,1069926909.7825263,0.019631489649496122,33429623.922540903,1045490461.4388872,573797931.3742061,313647138.43166614,1103358784.1419718,529560852.76776576,789711645.7103057
2022-02-18,1103358784.1419718,-19217980.361570437,46691308.463015795,46691308.463015795,55740.4758572588,2165.250453024893,-44.481911164314475,0.0,0.0,0,0,0,0,83,46,974362703.8612018,1050708931.6717939,0.020594560145922505,80067440.09576607,1012535817.7664979,554986044.076309,303760745.3299493,1130778492.5361018,575792448.4597929,827017747.2061524
2022-02-22,1130778492.5361018,-27673530.979829002,26993072.654682454,26993072.654682454,49215.62016469911,2105.2658402996626,-59.451894355908095,0.0,0.0,0,0,0,0,83,46,947369628.1348481,1023035408.7501562,0.01870191183368797,107013409.84063458,985202518.4425021,539969740.6279935,295560755.5327506,1130050864.4047368,590081123.7767433,834490108.8719862
2022-02-23,1130050864.4047368,-22011960.088300984,32084790.405334305,32084790.4053343,46892.97202906864,2033.64848075566,-77.25179012122155,0.0,140.22099896574974,1,0,0,1,82,46,915141816.340047,1001023439.3105433,0.018446834828266565,139053222.21819878,958082627.8252952,524798404.7296499,287424788.34758854,1140078617.9254327,615280213.1957828,852653829.5778441
2022-02-24,1140078617.9254327,47549732.28342423,-62852243.455649205,-62864085.42417049,52873.03438665223,2173.6580320176663,-42.35088031366275,0.0,152.06296748703184,0,1,0,0,83,46,978146114.4079499,1048491497.0912606,0.019459559363189646,76231584.56459296,1013318805.7496052,555566708.5952001,303995641.72488153,1124725212.9630053,569158504.3678052,820729571.2381238
2022-02-25,1124725212.9630053,28234084.02654147,-9022293.585809236,-9022293.585809236,52069.21546470527,2193.707570755796,-37.31075865418897,0.0,0.0,0,0,0,0,83,46,987168406.8401082,1076725568.6107328,0.018988571187459027,67159365.57754016,1031946987.7254205,565331914.2047156,309584096.3176261,1143887090.5850852,578555176.3803695,834302994.267459
2022-02-28,1143887090.5850852,22361642.559383623,-28871321.863535903,-28871321.863535903,34784.85776425952,2527.5029306533625,-27.880523868436946,1695730.416828703,0.0,0,0,0,0,52,46,1137376318.794013,1137377411.2809327,0.01101003123435116,-1730515.274592638,1137376865.0374727,625557248.4584371,341213059.5112418,1135649395.6287467,510092147.17030966,794436336.117505
2022-03-01,1135649395.6287467,-9339115.224594925,7359515.072432128,7359515.072432128,36740.80081279573,2511.14844285015,-3.1540168598024048,0.0,0.0,0,0,0,0,52,46,1130016799.2825673,1127955824.328127,0.011704859875538053,5677230.347644329,1128986311.805347,620993995.866802,338695893.5416041,1133635562.6701972,512641566.8033953,794939669.1285932
2022-03-02,1133635562.6701972,35307105.611938156,18410872.723204244,18410872.723204248,37246.21705095651,2470.2353931341668,-13.455051220199662,0.0,0.0,0,0,0,0,52,46,1111605926.9103749,1163097202.5919292,0.012062402523898596,24219092.196359396,1137351564.751152,624256078.7210947,341205469.4253456,1187318751.5686305,563062672.8475357,846113282.1432848
2022-03-03,1187318751.5686305,-4015134.8563669208,50370154.76118018,50370154.76118019,36001.977377861724,2358.3017180208403,-41.56834122248503,0.0,0.0,0,0,0,0,52,46,1061235773.1093782,1158814755.2955928,0.0122128486284022,74823014.20047307,1110025264.2024856,608074420.7567117,333007579.26074564,1233640086.2294426,625565665.4727309,900632506.968697
2022-03-04,1233640086.2294426,7229336.61574889,63958957.88095968,63958957.88095968,38184.23377096619,2216.170699446751,-77.08117238932874,0.0,0.0,0,0,0,0,52,46,997276814.7510378,1166044086.1915886,0.01378386016221533,138746110.30079174,1081660450.4713132,590694065.9732084,324498135.14139396,1304792335.5819075,714098269.6086991,980294200.4405136
2022-03-07,1304792335.5819075,-27558107.26194688,12996021.172752647,12996021.172752654,36519.10442979248,2187.290646745639,-84.29971395720587,0.0,0.0,0,0,0,0,52,46,984280791.0355375,1138454245.265313,0.013356836498753357,151739485.12297058,1061367518.1504252,579897798.6269895,318410255.44512755,1290195833.3792162,710298034.7522267,971785577.9340887
2022-03-08,1290195833.3792162,-1078269.0846934833,-28653775.48912952,-28653775.48912952,38491.529645124334,2250.9657141449734,-68.36072550247695,0.0,0.0,0,0,0,0,52,46,1012934571.3652381,1137375991.3712895,0.013680005662723408,123049305.90445852,1075155281.3682637,588224369.2523937,322546584.4104791,1260427479.8807366,672203110.6283429,937880895.4702575
2022-03-09,1260427479.8807366,11739123.169532211,-72413734.22139747,-72413734.22139749,40907.06888997893,2411.8851154631875,-28.232836446726715,0.0,0.0,0,0,0,0,52,46,1085348301.9584343,1148892856.155873,0.013568496651092934,50819105.604108095,1117120579.0571537,612827704.6264986,335136173.7171461,1199714345.41226,586886640.7857615,864578171.6951139
2022-03-10,1199714345.41226,14827160.60255975,31937723.181927554,31937723.181927565,40151.36834039107,2340.8440850143397,-45.95498741124868,0.0,30.74008130109476,1,0,0,1,51,46,1053379838.2564529,1163720069.7480779,0.013722013729127151,82718977.34024763,1108549954.0022655,606943968.9139553,332564986.2006796,1246441341.9774232,639497373.0634679,913876355.7767437
2022-03-11,1246441341.9774232,-15526886.49727592,63118753.31852324,63120965.77392441,62017.71479776393,2200.6435868861136,-81.22205981674325,0.0,28.5276258999428,0,1,0,0,52,46,990289614.098751,1147771454.886109,0.022545300899185893,146199707.67013788,1069030534.49243,584029747.9511526,320709160.34772897,1293973281.9777741,709943534.0266216,973264121.6300452
2022-03-14,1293973281.9777741,-32289721.42451346,75081669.299429,75081669.29942901,54309.28001541069,2033.7954331770552,-123.01369454989114,0.0,0.0,0,0,0,0,52,46,915207944.9296749,1115286270.3828702,0.02136273063828154,221424650.18980408,1015247107.6562725,553383951.07462,304574132.29688174,1336712831.3544128,783328880.2797928,1032138699.0575311
2022-03-15,1336712831.3544128,7037728.53105073,-42714813.17645876,-42714813.17645877,55990.573491106035,2128.7172426416355,-99.25320673522141,0.0,0.0,0,0,0,0,52,46,957922759.1887358,1122323984.0121152,0.02104199557161456,178655772.12339854,1040123371.6004255,567957823.7596495,312037011.48012763,1300981785.5995498,733023961.8399003,988944774.1194222
2022-03-16,1300981785.5995498,16385722.740589276,-113804053.49095923,-113804053.49095923,53826.553956859934,2381.615128658145,-35.99996869665463,0.0,0.0,0,0,0,0,52,46,1071726807.896165,1138709684.6412446,0.01808068929665795,64799943.65397835,1105218246.268705,606195463.5291607,331565473.8806115,1203511973.910383,597316510.3812222,871946500.0297716
2022-03-17,1203511973.910383,35074458.58008712,-45810655.623850726,-45810655.623850726,56361.45430587845,10244.093439533493,124.4500496964062,0.0,0.0,0,0,0,0,52,46,1117537466.1309266,1173240277.198963,0.01815610139708652,19479138.213350534,1145388871.6649446,628571309.1390188,343616661.4994834,1192729783.9558027,564158474.8167839,849113122.4563193
2022-03-18,1192729783.9558027,10830182.001217997,-62533429.9949978,-62533429.99499782,59847.4287726755,10628.051039293136,-994.2581318659696,0.0,20647.147496197187,1,0,0,1,51,46,1159423749.7410693,1184070490.4787357,0.01858257118070488,-43124449.092981815,1171747120.1099024,643844747.5420047,351524136.0329707,1140955675.1786613,497110927.63665664,789431539.1456907
2022-03-21,1140955675.1786613,16897176.639492568,39530371.8456117,40403823.94110414,57719.17459583021,10446.948153892543,-84.4272368029415,0.0,19773.69540070477,0,1,0,0,52,46,1139667071.333732,1200967635.0406437,0.018232432415706892,-3661904.246874571,1170317353.1871877,642142030.1602805,351095205.9561563,1197316093.3146863,555174063.1544058,846220887.35853
2022-03-22,1197316093.3146863,3781205.612025544,-64787125.80723767,-64787125.807237685,59881.2037173549,11040.830078896795,-1579.272970333642,0.0,0.0,0,0,0,0,52,46,1204454190.4251049,1204748878.5808303,0.01789792713547642,-68498586.66507363,1204601534.5029676,662523476.772739,361380460.3508903,1136259753.4728653,473736276.7001263,774879293.1219751
2022-03-23,1136259753.4728653,3559774.051270445,-191433.3499322402,-191433.34993223983,58410.477533670404,11042.584914721016,-1584.8149688448486,0.0,0.0,0,0,0,0,52,46,1204645627.0604744,1208308646.200784,0.017455566549834597,-68738962.50411391,1206477136.630629,663470849.6683383,361943140.98918873,1139579141.466616,476108291.7982776,777636000.4774272
2022-03-24,1139579141.466616,9001619.65576569,-24257918.432455897,-24257918.432455905,59730.068935841926,11264.949196884156,-2145.2536195927332,0.0,0.0,0,0,0,0,52,46,1228903548.7509987,1217310257.5671806,0.017497569145078627,-93047144.94619083,1223106903.1590896,672998629.0170949,366932070.94772685,1124272232.3165672,451273603.29947233,757340161.3688403
2022-03-25,1124272232.3165672,10664549.321326265,39255314.853139,39255314.85313901,58161.108047772505,10905.108837825608,-1237.4792591452645,0.0,0.0,0,0,0,0,52,46,1189648236.8537028,1227807734.5748274,0.01760015965103552,-53673799.191842794,1208727985.714265,663846404.6998177,362618395.71427953,1174143603.0125632,510297198.3127456,811525207.2982837
2022-03-28,1174143603.0125632,1065271.350673385,-6669205.312827941,-6669205.312827945,47579.60120682421,10966.243174396659,-1392.115698622768,0.0,0.0,0,0,0,0,52,46,1196317437.2069082,1228873011.3171773,0.014317818918068855,-60380921.86797547,1212595224.2620428,666113483.9913669,363778567.2786128,1168501663.5766776,502388179.5853107,804723096.2980647
2022-03-29,1168501663.5766776,18746940.808066446,-66369108.41702948,-66369108.41702951,50239.323822914404,11574.626723095942,-2920.023006291072,0.0,0.0,0,0,0,0,52,46,1262686551.6104665,1247480856.9167573,0.014323552074884768,-126651600.27286577,1255083704.2636118,690676179.7123293,376525111.27908355,1120837911.2476084,430161731.53527915,744312799.9685249
2022-03-30,1120837911.2476084,-15035567.391305089,51668144.269997194,51668144.2699972,48100.84901933025,11101.00205179755,-1727.8001061910459,0.0,0.0,0,0,0,0,52,46,1211018405.6506417,1232363114.7747242,0.014298961573301105,-74940727.49744296,1221690760.212683,671396300.3888736,366507228.06380486,1157431760.4792268,486035460.09035325,790924532.415422
2022-03-31,1157431760.4792268,-20724467.553855818,38526257.55382584,38526257.553825855,51067.43997256492,10772.974212725969,-38.26481377809471,1608611.2299206494,0.0,0,0,0,0,88,47,1175233550.4791965,1175233550.4791968,0.015643085055414927,-1659678.6698932648,1175233550.4791965,646378452.7635581,352570065.14375895,1173584606.5187025,527206153.75514436,821014541.3749435
2022-04-01,1173584606.5187025,14653152.175182382,-26691106.487257406,-26691106.487257402,52512.66480250758,11017.642623698825,-654.6064381682972,0.0,0.0,0,0,0,0,88,47,1201924649.8580537,1189886707.9443052,0.015728572777948563,-28392568.402480364,1195905678.9011793,658049071.9434924,358771703.6703538,1161504502.5780103,503455430.6345179,802732798.9076566
2022-04-04,1161504502.5780103,13009346.977964617,-71280187.88306203,-71280187.88306202,63386.113863488594,11671.04437274253,-2299.2332083517963,0.0,0.0,0,0,0,0,88,47,1273204840.6628215,1202896053.2706935,0.017922489973393834,-99725777.71164417,1238050446.9667575,682685465.5165198,371415134.0900273,1103179647.3702137,420494181.85369396,731764513.2801864
2022-04-05,1103179647.3702137,-28490693.269344036,67097431.38754904,67097431.38754903,56393.79023849595,11055.827004851766,-753.3490655099415,0.0,0.0,0,0,0,0,88,47,1206090218.7111018,1174405372.8528285,0.016832708010478845,-32675381.154648066,1190247795.7819653,655428408.8265376,357074338.7345896,1141740294.1761198,486311885.3495822,784665955.4415302
2022-04-06,1141740294.1761198,-12683840.66525653,40249988.2970886,40249988.2970886,53351.17404856459,10686.868807372697,48.11829109768596,0.0,0.0,0,0,0,0,88,47,1165840233.5315669,1161721532.027309,0.016474317925452862,7531558.606594324,1163780882.779438,640182453.0662973,349134264.83383137,1169263825.6210017,529081372.5547044,820129560.7871704
2022-04-07,1169263825.6210017,19172475.57145627,39937846.16091881,39937846.16091881,51302.0333140471,10320.77191783801,303.01755903185574,0.0,0.0,0,0,0,0,88,47,1125902391.0368738,1180894009.9933376,0.016403493002664818,47428835.326725245,1153398200.5151057,632994219.8093965,346019460.1545317,1228333469.1095397,595339249.3001432,882314008.955008
2022-04-08,1228333469.1095397,3752690.4650335466,41309785.641441405,41309785.641441405,49971.71728480594,9942.098882179118,566.690119021483,0.0,0.0,0,0,0,0,88,47,1084592605.3286312,1184646650.521454,0.016586705583410487,88699322.97727561,1134619627.9250426,621539444.2289529,340385888.37751275,1273356482.287731,651817038.058778,932970593.9102182
2022-04-11,1273356482.287731,-19069922.260086276,-2757045.942741763,-2757045.942741764,50854.81508700452,9967.37175092683,548.8177161209429,0.0,0.0,0,0,0,0,88,47,1087349645.555654,1165576755.8769727,0.016837025244042875,85901903.39284325,1126463200.7163134,617599082.6359394,337938960.214894,1251489175.4592829,633890092.8233435,913550215.2443888
2022-04-12,1251489175.4592829,7891489.4506671885,12161078.03303269,12161078.033032687,50856.77687376697,9855.895193299357,626.2558079011759,0.0,0.0,0,0,0,0,88,47,1075188566.541748,1173468237.9728813,0.017028119758977382,98022648.19322753,1124328402.2573147,615923629.4557447,337298520.6771944,1271501368.31711,655577738.8613653,934202847.6399157
2022-04-13,1271501368.31711,32067196.128226824,-30656750.054437265,-30656750.054437254,54475.39204542829,10136.915398763154,431.71229024529265,0.0,0.0,0,0,0,0,88,47,1105845316.2287078,1205284980.525678,0.017734072612645816,67572358.47317624,1155565148.377193,633074840.0000318,346669544.5131579,1272867907.6265433,639793067.6265115,926198363.1133854
2022-04-14,1272867907.6265433,-10299781.436230415,39590021.112027265,39590021.11202726,51422.27585000866,9774.00685144787,698.0968785113083,0.0,0.0,0,0,0,0,88,47,1066255292.8852222,1192839387.5203722,0.01736171386864652,109267337.50611782,1129547340.2027972,618086434.7456597,338864202.0608391,1302117197.13022,684030762.3845602,963252995.0693808
2022-04-18,1302117197.13022,4432916.475212257,37787982.86278361,37787982.8627836,47873.749614700326,9427.617051027271,939.2812479471709,0.0,0.0,0,0,0,0,88,47,1028467314.6575205,1197272288.2573047,0.016757508591346164,147017934.46129632,1112869801.4574127,607858266.4615823,333860940.4372238,1344300589.6169,736442323.1553177,1010439649.1796762
2022-04-19,1344300589.6169,2986090.5851868573,-32215724.265159033,-32215724.265159026,49222.602624633975,9722.927852576793,733.2102909902491,0.0,0.0,0,0,0,0,88,47,1060683038.4629229,1200258383.4401772,0.0167063451590092,114763349.89412594,1130470710.95155,618269507.3989213,339141213.285465,1315032189.4724467,696762682.0735254,975890976.1869817
2022-04-20,1315032189.4724467,2192361.922241888,42871278.68977895,42871278.68977893,44925.84403576769,9329.941147483833,1006.8899460666929,0.0,0.0,0,0,0,0,88,47,1017811761.5436908,1202450738.769123,0.015890270150097988,157600165.47130847,1110131250.1564069,605956213.155388,333039375.046922,1360061241.071525,754105027.9161371,1027021866.0246031
2022-04-21,1360061241.071525,-55899142.02725387,51331424.3554775,51331424.35547749,48003.37863317302,8859.403103398516,1335.8670471217752,0.0,0.0,0,0,0,0,88,47,966480338.5525652,1146353286.5585768,0.017880566855424315,209092233.46253872,1056416812.5555711,576532423.2054138,316925043.7666713,1355455715.291266,778923292.0858521,1038530671.5245947
2022-04-22,1355455715.291266,-40671268.126825936,24917693.027382754,24917693.027382754,47760.41024747628,8630.990935139464,1494.8232331338618,0.0,0.0,0,0,0,0,88,47,941562647.4697596,1105682047.6388838,0.018260864250823718,233972332.14269137,1023622347.5543218,558889306.1506488,307086704.2662965,1339664505.5957434,780775199.4450946,1032577801.3294469
2022-04-25,1339664505.5957434,-5504371.394647384,-20848650.556401405,-20848650.556401398,44876.3608394025,8822.103543252771,1362.9414782794984,0.0,0.0,0,0,0,0,88,47,962411295.627575,1099936636.7705424,0.016786471621418494,213329970.51331282,1031173966.1990588,563707547.880908,309352189.8597176,1313276792.3288767,749569244.4479687,1003924602.4691591
2022-04-26,1313276792.3288767,-24599662.844432246,45521552.037757866,45521552.037757866,41533.800862059936,8404.822629635064,1653.5732240928573,0.0,0.0,0,0,0,0,88,47,916889741.4147344,1075336990.906806,0.016307487841745096,258820156.8145342,996113366.1607702,543901170.1511219,298834009.848231,1334167206.117194,790266035.9660721,1035333196.2689629
2022-04-27,1334167206.117194,13471620.16796381,5439290.80296887,5439290.80296887,55228.54609347252,8354.962482284862,1688.035811087253,0.0,0.0,0,0,0,0,88,47,911450452.612894,1088808587.6762023,0.021813886357346955,264214300.8658309,1000129520.1445482,545637282.7029188,300038856.04336447,1353032931.5403266,807395648.8374078,1052994075.4969621
2022-04-28,1353032931.5403266,31678209.523385964,-13527713.684155814,-13527713.684155814,63127.04344850175,8478.63528497019,1601.2696600288211,0.0,0.0,0,0,0,0,88,47,924942031.0876572,1120486788.331597,0.024569902629180976,250633512.00451112,1022714409.7096272,557604306.4091964,306814322.9128881,1371130380.241053,813526073.8318567,1064316057.328165
2022-04-29,1371130380.241053,-33929337.96746416,19208502.917662214,19208502.917662214,58327.53397491587,12433.75416425314,-41.94531185476972,1760987.1970756585,0.0,0,0,0,0,72,47,1356409545.1912515,1356409545.191251,0.015480510517941718,-1819314.731050253,1356409545.1912513,746025249.8551881,406922863.5573754,1354602622.2690532,608577372.4138651,947679758.7116778
2022-05-02,1354602622.2690532,13931462.198660513,-75024956.13637453,-75024956.13637453,58386.487120764774,13121.482897930504,-1801.068594653243,0.0,0.0,0,0,0,0,72,47,1431434497.9560552,1371569379.6845999,0.014683965905173119,-78118637.84038162,1401501938.8203275,772322694.3079665,420450581.64609826,1293462062.2585216,521139367.9505551,873011480.6124233
2022-05-03,1293462062.2585216,31965279.34801861,1215584.7525652295,1215584.7525652295,58964.43396209848,13110.34008798078,-1803.8518908704161,0.0,0.0,0,0,0,0,72,47,1430218918.6888123,1404823321.0472336,0.014841921015711365,-78239359.12209034,1417521119.868023,780271505.8684521,425256335.96040684,1326595268.4133403,546323762.5448883,901338932.4529335
2022-05-04,1326595268.4133403,42749167.07843876,-57296357.41509598,-57296357.41509598,69771.53896122453,13634.36605402322,-3165.2947305253815,0.0,129.89085213385783,1,0,0,1,71,47,1487385387.7116241,1449268068.5732718,0.01688718622191458,-137289891.9264021,1468326728.142448,808532633.4568052,440498018.44273436,1311988645.718193,503456012.2613878,871490627.2754587
2022-05-05,1311988645.718193,-57797396.70106708,111757643.61979939,111771289.73942007,85466.11419376858,31718.541825978824,-981.686714615734,0.0,116.24473251317656,0,1,0,0,72,47,1375743982.8135395,1392435281.5006807,0.022364481687089294,-26571971.222681522,1384089632.1571102,760832015.2192321,415226889.64713305,1365894047.1331105,605062031.9138784,950667157.4859774
2022-05-06,1365894047.1331105,-6669146.449372757,62952287.583805226,62952287.583805226,51116.65170594368,30267.141755868277,748.148489166837,0.0,0.0,0,0,0,0,72,47,1312791690.6159735,1385231077.6295273,0.014017452079930028,36894993.98630977,1349011384.1227503,740145276.5921738,404703415.23682505,1422157086.9060822,682011810.3139083,1017453671.6692572
2022-05-09,1422157086.9060822,-121620532.79799968,135204901.56775954,135204901.56775954,35988.22812203018,26615.12564358926,3551.274208834347,0.0,23195.79519268341,1,0,0,1,71,47,1154390991.7701366,1260550940.805902,0.011223027740423181,175131330.84662533,1207470966.2880192,661455032.7325165,362241289.88640577,1435712438.0523798,774257405.3198633,1073471148.1659741
2022-05-10,1435712438.0523798,5939455.565021067,1088351.6831535269,907416.5487557898,46046.250794981446,27128.996756276407,3566.148297441053,0.0,23376.73032708115,0,1,0,0,72,47,1176679377.3806634,1266805974.7743943,0.014087652596660298,175864847.54503822,1221742676.077529,669705306.9077976,366522802.8232587,1442701517.4644861,772996210.5566885,1076178714.6412275
2022-05-11,1442701517.4644861,-11401084.5087974,95735421.71443649,95735421.71443647,41902.287020779404,24382.34713509484,5514.694507597714,0.0,23396.38049516732,1,0,0,1,71,47,1057547586.5824267,1255013018.6416264,0.014263966481384293,271957537.36098313,1156280302.6120265,631017530.6351346,346884090.7836079,1527000453.0442522,895982922.4091176,1180116362.2606442
2022-05-12,1527000453.0442522,259631.53858717892,-60169838.74325677,-62137260.99736602,40673.11069521376,26354.372410778313,4314.5102823193765,0.0,25363.802749276554,0,1,0,0,72,47,1143081212.9976137,1254253838.839155,0.01280951841722511,212770370.08698297,1198667525.9183843,656487823.6090728,359600257.77551526,1467054877.808831,810567054.1997582,1107454620.0333157
2022-05-13,1467054877.808831,60561253.79925533,-115864420.26994379,-115864420.26994379,41186.52581245633,29025.691066596093,1900.3371604283684,0.0,0.0,0,0,0,0,72,47,1258945636.623445,1317995267.5857255,0.01177743411721211,93715257.22660446,1288470452.1045852,707182507.8834648,386541135.63137555,1411741450.840557,704558942.9570923,1025200315.2091815
2022-05-16,1411741450.840557,15165573.799411561,30923168.062521156,30923168.06252116,40447.28927401352,28312.740257389218,2539.4855866777893,0.0,0.0,0,0,0,0,72,47,1228022468.995195,1332554839.7688317,0.011857294557940075,125234905.64438415,1280288654.3820133,701545450.6407664,384086596.314604,1457820597.63906,756275146.9982936,1073734001.324456
2022-05-17,1457820597.63906,37265530.19807469,-64021920.85019408,-64021920.85019407,42898.27583600016,29788.801139242238,1240.713605752957,0.0,0.0,0,0,0,0,72,47,1292044386.7623138,1369835432.2630136,0.011952669319402443,61185876.44809103,1330939909.5126638,730072174.0944476,399281972.85379916,1431052338.2258496,700980164.131402,1031770365.3720505
2022-05-18,1431052338.2258496,-54147814.38165874,50525327.89952701,50525327.89952701,42030.311158319535,28623.91178906096,2297.3474416919757,0.0,0.0,0,0,0,0,72,47,1241519065.5496318,1314093974.9929552,0.012187418169286379,113293846.43960428,1277806520.2712936,700979213.4131284,383341956.08138806,1427418742.6917903,726439529.278662,1044076786.6104023
2022-05-19,1427418742.6917903,4139602.236210391,-39474272.55114107,-39474272.55114107,43659.87765405366,29534.01312566545,1489.761673850706,0.0,0.0,0,0,0,0,72,47,1280993340.3903086,1318572713.5147872,0.012269818632054947,73467698.98441839,1299783026.952548,713941180.4957893,389934908.0857644,1392071436.2740052,678130255.7782159,1002136528.1882408
2022-05-20,1392071436.2740052,2430847.2668286376,13174500.876219757,13174500.876219757,39780.44053767838,29230.267415698323,1761.0129947710552,0.0,0.0,0,0,0,0,72,47,1267818827.6688428,1320792527.5220528,0.011295745323404272,86844476.454463,1294305677.5954478,710543780.1811659,388291703.2786343,1407667995.2569263,697124215.0757604,1019376291.978292
2022-05-23,1407667995.2569263,42186582.05042292,12329955.760964243,12329955.760964246,40395.895792876734,28945.993647896183,1988.8411114306014,0.0,0.0,0,0,0,0,72,47,1255488881.1135693,1364064301.5403264,0.011583155139165373,98079835.63219404,1309776591.3269477,717662739.7191523,392932977.3980843,1462175072.0072796,744512332.2881273,1069242094.6091954
2022-05-24,1462175072.0072796,-17340246.745367203,87634698.18699458,87634698.18699458,37800.70667047033,26925.52688687469,3845.952252710402,0.0,0.0,0,0,0,0,72,47,1167854178.2258902,1342768323.9784358,0.011652357507545915,189663398.76380062,1255311251.1021628,686048334.462376,376593375.33064884,1532462494.221376,846414159.759,1155869118.890727
2022-05-25,1532462494.221376,40236693.583498605,-46546087.946631104,-46546087.94663111,39199.353626934106,27998.67287193695,2868.00613087969,0.0,0.0,0,0,0,0,72,47,1214400269.1442533,1384677981.7215085,0.011620359171725452,141435918.783108,1299539125.4328809,710489576.1736531,389861737.6298643,1526144767.1836193,815655191.0099661,1136283029.553755
2022-05-26,1526144767.1836193,38412387.80749743,-41071367.109585404,-41071367.109585404,46344.28047534235,28945.595867112846,2012.0863506599585,0.0,0.0,0,0,0,0,72,47,1255471627.9711597,1424213267.4041264,0.013288982880548613,99226176.19692945,1339842447.687643,732694805.2423794,401952734.3062929,1523470401.2832737,790775596.0408943,1121517666.9769807
2022-05-27,1523470401.2832737,42468205.70442067,-48356141.12412504,-48356141.12412503,48875.1073984634,30060.47374531826,1012.9227167664798,0.0,0.0,0,0,0,0,72,47,1303827776.9053702,1467581237.6005635,0.01349491012164856,49952353.15560722,1385704507.252967,758043642.4717519,415711352.17589,1517564664.152633,759521021.680881,1101853311.976743
2022-05-31,1517564664.152633,-24878340.484372195,19114254.49752331,19114254.49752331,38423.75867405024,34855.40221882225,-57.168970075827765,1509007.0102952553,0.0,0,0,0,0,49,46,1511800578.1657844,1511800578.1657846,0.009149720751820748,-1547430.7689697742,1511800578.1657844,831490317.9911814,453540173.4497353,1510287945.6300635,678797627.6388822,1056747772.1803282
2022-06-01,1510287945.6300635,19149405.888064273,54408673.77812709,54408673.77812709,37008.69081366427,33600.9801226013,1088.9312196398748,0.0,0.0,0,0,0,0,49,46,1457391908.9321046,1530108298.9245706,0.009141761122223863,53700717.68087053,1493750103.9283376,819744647.410774,448125031.17850125,1583843706.5167832,764099059.1060092,1135718675.338282
2022-06-02,1583843706.5167832,5475007.688370813,-84034791.17427155,-84034791.17427155,39330.51434993637,35538.4488542314,-1176.761096415183,0.0,0.0,0,0,0,0,49,46,1541426697.2919643,1537096772.569876,0.00918563639182592,-31852180.053343296,1539261734.9309201,846702202.3300583,461778520.479276,1505278954.2042904,658576751.874232,1043500433.7250144
2022-06-03,1505278954.2042904,-174785.14545873448,36469209.59815401,36469209.59815401,39579.91680421786,34697.631085200046,78.15111642308632,0.0,0.0,0,0,0,0,49,46,1504957492.8520503,1537679771.0809608,0.009467888705956431,3854027.6592206955,1521318631.9665055,835907190.6258552,456395589.58995163,1541568574.522383,705661383.8965278,1085172984.9324312
2022-06-06,1541568574.522383,-4979117.479021337,-15499609.148187522,-15499609.148187522,39139.8023110254,35054.98310068082,-465.00237821069913,0.0,0.0,0,0,0,0,49,46,1520457098.3427827,1533637238.630897,0.009267166332629086,-12586530.538033962,1527047168.4868398,839546439.160559,458114150.5460519,1521085298.0735855,681538858.9130265,1062971147.5275335
2022-06-07,1521085298.0735855,34955363.193884544,-44378873.2169392,-44378873.2169392,40628.637420337844,36078.16257350109,-2124.0594710154264,0.0,0.0,0,0,0,0,49,46,1564835967.0434208,1569114498.4781897,0.009346864322754781,-57493339.06507921,1566975232.7608051,861729414.7325736,470092569.8282415,1511655113.516213,649925698.7836393,1041562543.6879714
2022-06-08,1511655113.516213,-14396114.457826896,-28643787.086177,-28643787.086177,41578.85906712185,36738.56111843887,-3154.0454465901294,0.0,0.0,0,0,0,0,49,46,1593479759.353975,1553946291.817837,0.009393523310413628,-85372658.70469522,1573713025.585906,866530500.7606518,472113907.6757718,1468607217.6288135,602076716.8681617,996493309.9530418
2022-06-09,1468607217.6288135,-48865440.53970347,96439101.29512413,96439101.29512413,38486.50295657415,34515.10396307903,313.1902907544457,0.0,0.0,0,0,0,0,49,46,1497040653.8202953,1500697391.2413323,0.00925501991479643,15445000.639945269,1498869022.5308137,824286543.9564216,449660706.7592441,1516177220.1755314,691890676.2191098,1066516513.4162873
2022-06-10,1516177220.1755314,-32272255.881306604,89461276.48176745,89461276.48176745,36381.92898494947,32452.52467240157,2160.426917933076,0.0,0.0,0,0,0,0,49,46,1407579383.381273,1466788257.4146912,0.009304977459331025,106541601.43231606,1437183820.3979821,788970879.3680546,431155146.1193946,1573364471.7985976,784393592.430543,1142209325.679203
2022-06-13,1573364471.7985976,-76984660.39524016,113836044.75329083,113836044.75329083,35612.52719529269,29827.971339896416,4509.920712872253,0.0,0.0,0,0,0,0,49,46,1293743335.2244227,1387773194.7754788,0.009909623834376255,222407048.8539741,1340758264.999951,735066299.2611965,402227479.4999853,1610214581.5215056,875148282.2603091,1207987102.0215204
2022-06-14,1610214581.5215056,-10444733.053188968,-22438501.18445791,-22438501.18445791,35853.91217497163,30345.30345852792,4046.4628006538837,0.0,0.0,0,0,0,0,49,46,1316181836.7554278,1377743903.2024512,0.009806706051200603,199551590.1692326,1346962869.9789395,739290526.8272412,404088860.99368185,1577329885.137943,838039358.3107018,1173241024.1442611
2022-06-15,1577329885.137943,7659889.518456589,-72364332.87496603,-72364332.87496603,38243.883273012536,32013.70352184786,2578.757558199938,0.0,0.0,0,0,0,0,49,46,1388546176.8512325,1385415592.2883005,0.009915261161501564,127171605.60985994,1386980884.5697665,762917751.1274449,416094265.37092996,1512621790.3592405,749704039.2317957,1096527524.9883106
2022-06-16,1512621790.3592405,-63835945.02114934,80549246.72568282,80549246.72568282,35989.805694788454,57406.52080712923,8615.955361641656,0.0,0.0,0,0,0,0,49,46,1307996676.6181343,1319721809.6776066,0.00990547627660862,209577292.5804727,1313859243.1478705,722329455.4048419,394157772.94436115,1529365124.7342482,807035669.3294063,1135207351.789887
2022-06-17,1529365124.7342482,-38679166.47680427,-93105687.38118953,-93105687.38118953,38674.52329516234,61492.82578466031,4772.649143454162,0.0,0.0,0,0,0,0,49,46,1401102359.650488,1281450130.7013714,0.00993705298571588,116091465.65158772,1341276245.1759295,740693240.5704892,402382873.55277884,1397607861.8278873,656914621.2573981,995224988.2751085
2022-06-21,1397607861.8278873,49793493.770817935,-44146857.722296596,-44146857.722296596,39375.25399915667,63430.38235845692,2927.0990821536057,0.0,0.0,0,0,0,0,49,46,1445249218.293955,1332015415.218673,0.009808060271037124,71199707.40373635,1388632316.756314,766578619.2928548,416589695.0268942,1403281480.10385,636702860.8109951,986691785.0769557
2022-06-22,1403281480.10385,-41475605.8312301,-21393150.214386053,-21393150.214386053,39636.45115931004,64369.303900127845,2107.190264176119,0.0,0.0,0,0,0,0,49,46,1466642367.344685,1289117108.208196,0.00972910829187722,51255979.398878574,1377879737.7764406,762271987.2554545,413363921.3329322,1340439564.1012387,578167576.8457842,927075642.7683065
2022-06-23,1340439564.1012387,-19860501.13489421,-93462188.13661559,-93462188.13661559,42072.99322784978,68471.25584290597,-2397.5151717250233,0.0,0.0,0,0,0,0,49,46,1560104563.5092497,1268570256.7317417,0.009708501542971171,-41495454.89524078,1414337410.1204958,785173933.2357104,424301223.0361487,1227140875.577172,441966942.34146166,802839652.5410233
2022-06-24,1227140875.577172,27977710.40178191,-36368907.668156475,-36368907.668156475,38111.70158619137,68606.02938628488,-4524.337920203501,0.0,33298.111325273916,1,0,0,1,48,46,1563175353.1052248,1296984117.1167927,0.008777142336446065,-78305848.61890674,1430079735.1110086,793198635.2107656,429023920.5333026,1218742350.189352,425543714.97858644,789718429.6560495
2022-06-27,1218742350.189352,27571403.031668313,24135517.5759067,23875725.182972755,44378.01955063655,69019.5677633919,-3190.5959885492243,0.0,33557.90371820786,0,1,0,0,49,46,1572597746.5076632,1325593188.5216255,0.010159042306723357,-55221853.64796734,1449095467.5146444,803177621.0827053,434728640.2543933,1270437163.845433,467259542.76272774,835708523.5910397
2022-06-28,1270437163.845433,2420170.2288093297,77592662.18556054,77592662.18556054,42635.03210704062,65614.11168794181,946.0899311957209,0.0,0.0,0,0,0,0,49,46,1495005076.4341173,1327394362.9013133,0.010266594943706877,23012998.3263824,1411199719.6677153,780350113.6555636,423359915.90031457,1350473921.4293149,570123807.7737513,927114005.5290003
2022-06-29,1350473921.4293149,-32215441.61432,21126130.211442865,21126130.211442865,48197.74821641588,64686.90922234212,1845.6380397427981,0.0,0.0,0,0,0,0,49,46,1473878944.306529,1294442514.0142074,0.011772465727213145,44893898.264014006,1384160729.1603682,765774311.7955105,415248218.7481105,1339402944.8254836,573628633.029973,924154726.077373
2022-06-30,1339402944.8254836,-34412234.48237121,23156606.92693316,23156606.926933162,41201.32015401566,58290.91003574088,-103.99744629375459,1758754.4810841978,0.0,0,0,0,0,55,45,1328147317.2700453,1328147317.2700455,0.011167793709761962,-1799955.80123806,1328147317.2700453,730481024.4985249,398444195.1810136,1326405548.381397,595924523.8828721,927961353.2003834
2022-07-01,1326405548.381397,3777782.6123467055,-45771748.233753964,-45771748.23375397,44478.56242408707,60299.78068255272,-2749.5937460622017,0.0,0.0,0,0,0,0,55,45,1373919053.5265176,1331956226.7255652,0.011654458413377186,-47589122.52799964,1352937640.1260414,745164772.7393465,405881292.0378124,1284424654.384502,539259881.6451554,878543362.3466895
2022-07-05,1284424654.384502,-57717171.29207133,-94789971.93946932,-94789971.93946932,44731.80868192675,64435.2154293212,-8242.696540431058,0.0,0.0,0,0,0,0,55,45,1468144149.0225081,1274534834.85174,0.01096857630513688,-142662055.5074606,1371339491.937124,759076953.4196874,411401847.5811372,1131928971.8631682,372852018.44348085,720527124.282031
2022-07-06,1131928971.8631682,-13418393.741502581,22875130.95422101,22875130.954221014,41527.00580871799,63431.251556258656,-6760.104750542743,0.0,0.0,0,0,0,0,55,45,1445269022.8008301,1258345995.0602407,0.010343902661227023,-117001812.99016285,1351807508.9305353,748167205.6053092,405542252.6791606,1141400853.2168837,393233647.6115744,735858600.5377231
2022-07-07,1141400853.2168837,44309382.34098797,-78426282.0168986,-78426282.01689862,44088.210338504985,66855.86014652444,-11432.76047629202,0.0,0.0,0,0,0,0,55,45,1523298079.2878985,1305114565.8818424,0.01041933679144493,-197874700.55120802,1414206322.5848703,783268065.2568302,424261896.7754611,1107295288.4303045,324027223.1734743,683033391.6548434
2022-07-08,1107295288.4303045,674990.4842215953,-13197434.809318623,-13197434.809318623,44280.52454169802,67435.08082774094,-12279.166826854173,0.0,0.0,0,0,0,0,55,45,1536495512.5308058,1307252604.8146803,0.010374901003618568,-212524041.2340145,1421874058.672743,787761804.9629118,426562217.6018229,1094783719.4946668,307021914.531755,668221501.892844
2022-07-11,1094783719.4946668,-14595490.79344793,108285065.70930679,108285065.70930682,42984.626189794544,62682.570127982275,-5976.128105675774,0.0,0.0,0,0,0,0,55,45,1428210458.6122541,1291863296.2287245,0.010834863542003524,-103432986.44438839,1360036877.4204893,751428961.6408573,408011063.22614676,1188487016.2263584,437058054.5855011,780475953.0002117
2022-07-12,1188487016.2263584,-23655901.421211805,-18683099.865531106,-18683099.865531098,43890.69526991981,63502.55013292642,-6992.80711429937,0.0,0.0,0,0,0,0,55,45,1446893547.3325005,1267133478.145681,0.010920395855176273,-121029353.90133524,1357013512.7390907,750851433.7361703,407104053.8217272,1146160633.9873643,395309200.251194,739056580.165637
2022-07-13,1146160633.9873643,2951991.4355929764,-9453711.953755189,-9453711.953755194,46886.64190280772,63917.46316425453,-7615.354064267203,0.0,0.0,0,0,0,0,55,45,1456347261.9703562,1271416231.78577,0.011590086736712904,-131804204.95847082,1363881746.8780632,754758236.5375493,409164524.0634189,1139668328.9363992,384910092.39884996,730503804.8729804
2022-07-14,1139668328.9363992,-23501448.51095593,45531792.1812815,45531792.1812815,47462.95135112343,61919.12347554311,-4885.180714763905,0.0,0.0,0,0,0,0,55,45,1410815471.594653,1246202414.3339796,0.012111195851213117,-84551204.67860603,1328508942.9643164,734795245.0618908,398552682.8892949,1161708243.5981343,426912998.53624344,763155560.7088394
2022-07-15,1161708243.5981343,21771273.73707921,-36363368.52895538,-36363368.528955385,46909.20403379598,63515.07104093647,-7014.817844515657,0.0,0.0,0,0,0,0,55,45,1447178833.844122,1268479548.4496107,0.01166912689519443,-121410308.84738636,1357829191.1468663,751273537.2656393,407348757.3440599,1147125739.8554208,395852202.5897815,739776982.5113609
2022-07-18,1147125739.8554208,15432151.936860373,-19380789.345026944,-19380789.34502695,48465.85746698585,64365.67274708036,-8249.689021654842,0.0,0.0,0,0,0,0,55,45,1466559632.2119575,1285911715.8107364,0.011897033236759133,-142783079.22094917,1376235674.0113468,761445818.6162713,412870702.203404,1143184752.5735126,381738933.9572413,730314050.3701086
2022-07-19,1143184752.5735126,36421339.77734221,-90142399.6813366,-90142399.6813366,50871.56448291507,68321.92201335786,-13450.871479433252,0.0,0.0,0,0,0,0,55,45,1556702020.5575206,1322216365.94138,0.011764462929964265,-232803544.83634472,1439459193.2494502,797564697.6526012,431837757.97483504,1089467692.1555693,291902994.5029681,657629934.1807343
2022-07-20,1089467692.1555693,7995112.824662235,-79286590.43522267,-79286590.43522269,53094.22078527274,71801.72342137691,-18079.882560771,0.0,0.0,0,0,0,0,55,45,1635988634.9174485,1331044164.64526,0.011683406030300847,-312921044.32103646,1483516399.7813544,823557631.6365495,445054919.93440634,1018176842.1650842,194619210.52853477,573121922.2306778
2022-07-21,1018176842.1650842,-13269017.630673561,-12085917.795201149,-12085917.795201153,44426.69345789172,70731.62456834888,-18783.281485628424,0.0,36467.90545050556,1,0,0,1,54,45,1611606635.7345312,1317836268.6223316,0.00992401575558884,-325095256.4820304,1464721452.1784315,812941057.8759422,439416435.65352947,992792960.4833839,179851902.60744166,553376524.8298545
2022-07-22,992792960.4833839,-12955949.862869633,111938372.77724025,114009842.98199639,44226.825076466164,65818.77390148745,-12290.104772803532,0.0,0.0,0,0,1,1,54,45,1499668266.1098406,1304444508.409662,0.010616785983495414,-212713351.83698416,1402056387.2597513,776011606.9353677,420616916.1779254,1091784685.2418065,315773078.3064388,671167769.0638812
2022-07-25,1091784685.2418065,39806193.42961849,11616426.693136718,10864682.060388902,41474.3944811214,65308.9414502448,-11704.957819354458,0.0,0.0,0,0,1,1,54,45,1488051830.5119066,1345751639.3819847,0.010033778197139378,-202585808.4119041,1416901734.9469457,782853458.9990681,425070520.4840837,1143219434.9537115,360365975.95464337,718148914.4696279
2022-07-26,1143219434.9537115,-6540941.032491209,66657441.87820361,68236105.60697402,39067.04480368164,62383.42049332088,-7863.141645240099,0.0,0.0,0,0,1,1,54,45,1421394390.987058,1339389704.9222374,0.009894605057192356,-136092836.16761708,1380392047.9546475,761265743.5266767,414117614.38639426,1203351389.0334685,442085645.50679183,789233774.6470742
2022-07-27,1203351389.0334685,30403186.416829392,-75635466.70752603,-78183043.97055827,42510.41376422354,65702.97680258671,-12281.059876663017,0.0,0.0,0,0,1,1,54,45,1497029851.198178,1370633403.8866367,0.01022274134538587,-212556805.5576291,1433831627.5424075,791767306.3311126,430149488.26272225,1158130020.2459335,366362713.9148209,727980531.9832113
2022-07-28,1158130020.2459335,10581685.264895406,236385.27862244204,6617853.796061139,42571.79062844723,96875.80005466471,-16746.502839104305,0.0,0.0,0,0,1,1,54,45,1496793477.2394545,1381935237.093436,0.01023911772685337,-213029718.09461308,1439364357.1664453,794521852.4451953,431809307.1499336,1168985648.2960384,374463795.8508431,737176341.1461048
2022-07-29,1168985648.2960384,35828955.04974308,19588572.81152747,18544484.81399089,31602.834240603268,78905.98246347102,-139.72789904220977,1752157.579063967,0.0,0,0,0,2,53,45,1224403176.157309,1224403176.1573093,0.009291890570165816,-1783760.4133048058,1224403176.157309,673421746.88652,367320952.8471927,1222698181.998569,549276435.112049,855377229.1513762
2022-08-01,1222698181.998569,-18875645.722143665,5441583.320157272,5666611.217095995,32477.15242138137,78893.90321643032,212.4745005584532,0.0,0.0,0,0,0,2,53,45,1218961594.7602968,1205801560.820796,0.009591585921947301,3430081.623365164,1212381577.7905464,667138868.633288,363714473.3371639,1209310748.8218782,542171880.1885902,845596275.4847143
2022-08-02,1209310748.8218782,2304402.79895957,-57075298.0729976,-56379312.49456828,33269.015526693074,80783.29310177904,-4245.948120787736,0.0,27883.004216527683,1,0,0,3,52,45,1248153884.8343542,1208490762.428577,0.009595648209033919,-54012060.90048003,1228322323.6314654,676568856.0574505,368496697.08943963,1154555238.8730779,477986382.81562734,786058541.7836382
2022-08-03,1154555238.8730779,-17154991.425961263,-78523761.33525543,-80912448.80224694,34441.70340729131,87714.89414094681,-10402.140203405681,0.0,28573.93143666019,0,1,0,2,53,45,1355251583.2935987,1191137515.467337,0.00914886459419747,-132324044.99031961,1273194549.380468,704359853.8549138,381958364.8141404,1058890783.2309548,354530929.37604094,676932418.4168143
2022-08-04,1058890783.2309548,-22188384.434761014,-28704825.676687934,-25976810.709234677,36906.209810711596,87422.04496567903,-12633.805583797757,0.0,33229.52305713157,1,0,0,3,52,45,1350726875.0061996,1168640158.5939593,0.009836359798345762,-160712721.2073213,1259683516.8000793,697378102.1503496,377905055.0400238,1008002225.62602,310624123.47567034,630097170.5859962
2022-08-05,1008002225.62602,20033201.413157977,-26712371.430966035,-26167349.546225496,36959.211714338315,91246.09596285128,-14796.512619340363,0.0,32371.66103401859,0,1,0,2,53,45,1409810924.7479167,1189477913.532726,0.009437660031993917,-188224188.79726255,1299644419.1403213,720312755.8075565,389893325.74209636,1001330174.318807,281017418.5112505,611436848.5767107
2022-08-08,1001330174.318807,8986240.239314329,-41727156.39933341,-43785691.820334814,38322.53719282058,93946.7682888157,-18147.91225641689,0.0,0.0,0,0,0,2,53,45,1451538050.8143198,1199407769.9788418,0.009504479322244241,-230856834.35724664,1325472910.3965807,735313357.7390064,397641873.1189742,968626734.4776275,233313376.73862112,570984861.3586533
2022-08-09,968626734.4776275,10651182.737432238,86880138.76403543,89701762.90058072,36330.07601857712,88323.69336914105,-11411.770347312488,0.0,0.0,0,0,0,2,53,45,1364657923.3000333,1211289122.5473344,0.009583960304909508,-145167396.64425778,1287973522.923684,712219657.6268436,386392056.8771052,1066198637.8260984,353978980.1992549,679806580.9489932
2022-08-10,1066198637.8260984,12659783.527811192,-96583426.69184072,-99661864.13507007,39059.065345253206,94574.78733138766,-19061.36749173453,0.0,0.0,0,0,0,2,53,45,1461241349.3261614,1224712695.2088943,0.009622820713891913,-242476759.6121707,1342977022.2675278,744550578.6000719,402893106.68025833,982311449.0165632,237760870.41649127,579418342.3363049
2022-08-11,982311449.0165632,24949667.281491224,13881145.440318,15122144.610314231,34549.16462307315,93676.36886907497,-18005.286339389237,0.0,0.0,0,0,0,2,53,45,1447360205.702446,1250150224.311563,0.008593368268177555,-229042511.7378136,1348755215.0070045,746745617.7886245,404626564.50210136,1021183383.6562791,274437765.86765456,616556819.1541777
2022-08-12,1021183383.6562791,22545601.356994506,-76287589.71718779,-77995510.99781713,35404.44835062215,98613.87056953328,-23578.720769710977,0.0,0.0,0,0,0,2,53,45,1523647785.6236901,1267347315.126744,0.008365188809700327,-299941324.27900887,1395497550.375217,773931164.468793,418649265.1125651,967481025.997535,193549861.52874196,548831760.88497
2022-08-15,967481025.997535,-16569824.137900174,-8117087.343602856,-6344748.146350604,37038.77039368271,99139.22697702757,-24225.289948008292,0.0,0.0,0,0,0,2,53,45,1531764880.3317566,1250923308.2998073,0.008704963479015034,-308166232.55416906,1391344094.315782,772260291.1744788,417403228.2947346,942831989.6826673,170571698.5081885,525428761.38793266
2022-08-16,942831989.6826673,801249.9620368421,16165814.87415612,12977259.41179674,36911.1248540426,98092.9392792861,-22972.115676331367,0.0,0.0,0,0,0,2,53,45,1515599061.8258796,1251986936.4498115,0.008767493516027217,-292224793.0558053,1383792999.1378455,767676452.6602168,415137899.74135363,959837264.217609,192160811.55739224,544699364.4762554
2022-08-17,959837264.217609,2363143.7189096343,67351280.52865359,70478306.3253733,35440.258002325536,93733.81462304987,-17642.353983047604,0.0,0.0,0,0,0,2,53,45,1448247779.5836031,1253941952.5851607,0.008809606381378671,-224425704.37799072,1351094866.084382,747959822.0213711,405328459.8253146,1029592339.66781,281632517.64643884,624263879.8424954
2022-08-18,1029592339.66781,30609064.576258756,21977797.67223266,23718808.551213585,35241.60717891361,92311.36322611578,-15934.543204965805,0.0,0.0,0,0,0,2,53,45,1426269989.7597287,1284844863.2698183,0.008895215264640153,-202700902.96069574,1355557426.5147734,749092212.7453732,406667227.954432,1082220337.1291437,333128124.38377047,675553109.1747117
2022-08-19,1082220337.1291437,-9466467.551334003,106010272.60933338,105925439.22889522,32930.820323200984,85450.14274822263,-7504.960402688775,0.0,0.0,0,0,0,2,53,45,1320259716.2815514,1274200672.3197513,0.00897936608241117,-95469460.9529314,1297230194.3006513,714628082.9644032,389169058.2901954,1178809156.5491655,464181073.58476233,789640098.25897
2022-08-22,1178809156.5491655,3704279.533006054,56561585.19861484,56073771.86062403,30523.909974088165,79767.75076980838,-2997.793129472563,0.0,31235.03207160534,1,0,0,3,52,45,1232463102.0227904,1277147733.243692,0.008915972877919502,-38134470.904951334,1254805417.6332412,689025863.9177601,376441625.28997236,1239090032.296381,550064168.3786209,862648407.0064087
2022-08-23,1239090032.296381,28192379.199218016,-10227160.090513026,-8675773.800118389,31465.45933648648,82387.50635033085,-3873.451591909979,0.0,30249.746097192277,0,1,0,2,53,45,1272940012.27979,1306267125.354691,0.008898742479504488,-49273589.155038595,1289603568.8172405,708448785.0226097,386881070.6451721,1257072050.2544107,548623265.231801,870190979.6092386
2022-08-24,1257072050.2544107,18048112.61348247,-43350040.24785444,-42347402.21849118,33826.868550561325,85193.2169942754,-7373.982728407901,0.0,0.0,0,0,0,2,53,45,1316290047.9802208,1325539609.611094,0.009251511623056097,-93803313.85960579,1320914828.7956574,726271916.7968397,396274448.6386972,1231814114.985754,505542198.1889143,835539666.3470569
2022-08-25,1231814114.985754,8080437.512700905,-24574690.48376099,-25838890.59748003,34112.120481572645,86783.74519042889,-9304.223487508369,0.0,0.0,0,0,0,2,53,45,1340864732.5559828,1333643363.1628702,0.009158540063886297,-118357613.26865768,1337254047.8594265,735670260.5575124,401176214.35782796,1215363229.4159155,479692968.8584031,814187015.0580876
2022-08-26,1215363229.4159155,-18609905.54281524,74144243.4906388,76174278.20703033,31530.281241045595,81984.96500544377,-3395.9663969518306,0.0,0.0,0,0,0,2,53,45,1266720489.3544958,1314065609.623228,0.008960857065287296,-43199572.54073,1290393049.488862,708532549.2121558,387117914.8466586,1270944626.0811067,562412076.8689508,883826711.2344481
2022-08-29,1270944626.0811067,11289377.342251413,14163474.250291942,13905710.59329497,30538.431368336423,81068.27333683585,-2265.492585059187,0.0,0.0,0,0,0,2,53,45,1252557012.9296525,1325185926.190031,0.008777113679549977,-28818986.947749376,1288871469.5598416,707063585.4264035,386661440.86795247,1296445742.0230334,589382156.5966299,909784301.1550809
2022-08-30,1296445742.0230334,-43418730.777475536,16689632.335052954,16513748.320201052,30330.391595155117,79988.08393376581,-848.4009436176952,0.0,0.0,0,0,0,2,53,45,1235867391.2513173,1280478692.683799,0.008835042538989885,-10792379.494783401,1258173041.9675581,690879890.546345,377451912.5902674,1269765452.8720057,578885562.3256607,892313540.2817383
2022-08-31,1269765452.8720057,6410597.411019525,-11029212.128072161,-11483155.196577132,36435.18093740598,81883.11480280671,-113.76331321194121,1410730.6408394908,0.0,0,0,0,2,53,46,1265146838.1549535,1265146838.1549535,0.01036770178914176,-1447165.8217773438,1265146838.1549535,695830760.9852245,379544051.44648606,1263781441.6846657,567950680.6994412,884237390.2381797
2022-09-01,1263781441.6846657,-26359459.410782684,33306163.107403237,32132224.381734684,37111.48883627441,79727.46569676182,2110.0771659983666,0.0,0.0,0,0,0,2,53,46,1231840671.7096245,1236627007.89427,0.010845668833548712,34064025.99817991,1234233839.801947,678708953.4864548,370270151.9405841,1270772871.4353125,592063917.9488577,900502719.4947283
2022-09-02,1270772871.4353125,15024336.052565092,31981609.34490579,32769642.62931032,34977.28538245995,77652.85044368917,4041.2975288989087,0.0,72.54070487007807,1,0,0,3,52,46,1199786530.4604335,1252503089.4101217,0.010495052593108633,65240677.59657431,1226144809.9352775,673061731.4906604,367843442.98058325,1317825461.1546686,644763729.6640081,949982018.1740854
2022-09-06,1317825461.1546686,-21078665.117126852,32524644.255433135,31984082.664472472,32724.569385804218,75552.4238028159,6025.355793047709,0.0,71.71181702446519,0,1,0,2,53,46,1167333586.6529493,1231968326.2764728,0.010092098020299652,97270317.73529935,1199650956.4647112,658192157.5650029,359895286.93941337,1329320221.791368,671128064.2263651,969424934.8519547
2022-09-07,1329320221.791368,-2811760.014965112,-50004322.593325526,-51374153.53151188,33194.18936064034,78788.8150306978,2918.6865530742825,0.0,0.0,0,0,0,2,53,46,1217337914.6373909,1229353135.1683023,0.00981642650421354,47117809.82541442,1223345524.9028466,672539658.1832929,367003657.470854,1276552652.4953005,604012994.3120077,909548995.0244465
2022-09-08,1276552652.4953005,7989655.910325658,-49556763.98565736,-49117130.23357019,34913.70349467578,80368.95641938761,-211.9479566789308,0.0,25142.559891846344,1,0,0,3,52,46,1241752116.3510532,1237621645.9093883,0.010121934235165778,-2696157.7528061867,1239686881.130221,681931046.382663,371906064.33906627,1235005645.1650448,553074598.7823818,863099580.8259785
2022-09-09,1235005645.1650448,22776532.167873245,-62978221.872676715,-62797550.36241019,36508.42795292889,86121.64099194107,-5043.09558762279,0.0,25904.45564614472,0,1,0,2,53,46,1330634796.4420078,1258893995.2813845,0.009877266172655068,-64152452.70474219,1294764395.8616962,713913937.7529485,388429318.75850886,1194822621.1220467,480908683.3690982,806393302.3635378
2022-09-12,1194822621.1220467,19627190.793802086,-42686110.146409936,-42048141.46712044,37191.85550293987,88884.38052234593,-8319.970607603653,0.0,0.0,0,0,0,2,53,46,1373320900.7744436,1277563591.8481166,0.00974940960521899,-105837081.93418074,1325442246.3112803,731387168.1943622,397632673.89338404,1171807074.3238506,440419906.12948847,774174400.4304667
2022-09-13,1171807074.3238506,-38612684.63123876,104811268.18097028,105958303.81883545,35049.094374868284,82100.76277053745,-28.724559379605125,0.0,0.0,0,0,0,2,53,46,1268509639.3731108,1238336009.5345662,0.009946849108051051,-365400.7553589344,1253422824.4538383,690136894.1955748,376026847.3361515,1238052680.8174183,547915786.6218436,862025833.4812669
2022-09-14,1238052680.8174183,36488064.20943484,-8509293.849139944,-8794763.570250154,42257.51179787863,82651.50316965862,-726.9318537161364,0.0,0.0,0,0,0,2,53,46,1277018933.093438,1275236383.324495,0.011912669305838088,-9247189.658579826,1276127658.2089665,701914775.7591552,382838297.46268994,1266071118.2372313,564156342.4780761,883232820.7745414
2022-09-15,1266071118.2372313,-29607887.676266324,-15813313.551594911,-16008008.611400668,49171.17734117064,83674.97601853593,-1885.34485043202,0.0,0.0,0,0,0,2,53,46,1292832247.4966924,1244583931.2085493,0.013692127402528089,-23983185.376520395,1268708089.3526208,698995657.0511451,380612426.80578625,1220682535.463197,521686878.4120519,840070108.6574107
2022-09-16,1220682535.463197,-24971272.90034069,80545016.1042686,79930312.32322322,43065.640562038236,78461.92347004014,3654.69575854462,0.0,0.0,0,0,0,2,53,46,1212287229.5800192,1217213640.242883,0.012788743644280398,58999572.78367996,1214750434.911451,667989578.9347265,364425130.47343534,1276295329.6457915,608305750.711065,911870199.1723561
2022-09-19,1276295329.6457915,4520786.533533451,-2554093.284991847,-1155057.360437184,44944.54253314465,78627.22998516142,3483.801760480143,0.0,0.0,0,0,0,2,53,46,1214841321.6591463,1221976332.4427035,0.01331864089857802,56240745.90909648,1218408827.0509248,669946479.6084198,365522648.1152774,1278299189.3835456,608352709.7751259,912776541.2682682
2022-09-20,1278299189.3835456,-17463406.17026019,32075407.802584942,31763286.718726773,44841.3674158666,76551.23834347655,5507.562100107509,0.0,0.0,0,0,0,2,53,46,1182765914.3198092,1203955033.2341628,0.013648425334437813,88911316.41429162,1193360473.7769861,655818532.6044834,358008142.1330958,1292948408.448898,637129875.8444147,934940266.3158023
2022-09-21,1292948408.448898,-19476852.35566503,24700430.275987267,24356470.322745986,41689.09952986804,74952.57137774497,7042.303055227609,0.0,0.0,0,0,0,2,53,46,1158065480.5145144,1184442893.6875405,0.012959609005947217,113687403.58214974,1171254187.1010275,643530367.5762395,351376256.1303082,1298212292.1441233,654681924.5678838,946836036.0138152
2022-09-22,1298212292.1441233,-18309858.044521213,53359685.96819484,53489793.24654628,41952.76987599753,94513.71796330353,13914.461843192958,0.0,0.0,0,0,0,2,53,46,1104705794.3762748,1165125997.3801537,0.013671510760823314,168094169.9177673,1134915895.8782144,622693237.6579208,340474768.7634643,1333328595.4777274,710635357.8198066,992853826.7142632
2022-09-23,1333328595.4777274,-67539044.48697524,31190772.504603643,30536348.121360946,41109.72798219715,91845.17481289919,16669.234512777137,0.0,0.0,0,0,0,2,53,46,1073515030.2806399,1095565910.928455,0.013786022231772633,201373302.83891845,1084540470.6045475,595945986.8163058,325362141.18136424,1297047728.1766992,701101741.3603934,971685586.9953349
2022-09-26,1297047728.1766992,-30652845.793600228,28380714.398482587,28384379.31201582,38078.72298990211,89417.04697350947,19105.70854853918,0.0,0.0,0,0,0,2,53,46,1045134315.2747859,1063930300.6936888,0.013116343111134545,230807217.36490285,1054532307.9842373,579522869.755858,316359692.3952712,1294846040.8141136,715323171.0582557,978486348.4188424
2022-09-27,1294846040.8141136,10802033.459682152,-32477218.12506749,-31818624.357887372,37283.9481837755,92195.65258689581,16403.091243034247,0.0,0.0,0,0,0,2,53,46,1077611523.742938,1074975422.9558356,0.012455528778626004,198158149.244709,1076293473.3493867,592027312.8618402,322888042.004816,1273242170.9443746,681214858.0825343,950354128.9395585
2022-09-28,1273242170.9443746,40469143.01406282,-58730232.515603274,-58828939.20839016,42440.6215121229,97220.35017816961,11486.886359031261,0.0,0.0,0,0,0,2,53,46,1136341755.329255,1116170886.148461,0.013445447791309285,138767754.67286086,1126256320.7388582,619945248.1358918,337876896.22165745,1255047348.0578592,635102099.9219674,917170451.8362017
2022-09-29,1255047348.0578592,-16946100.610836484,62826442.52823287,63347991.92999335,39265.808222641645,91845.19923010262,16718.51094891217,0.0,0.0,0,0,0,2,53,46,1073515315.676524,1098919835.5224564,0.013167665848570358,201968588.64457655,1086217575.5994902,596784553.5835713,325865272.67984706,1300996987.877212,704212434.2936407,975131715.197365
2022-09-30,1300996987.877212,-3897874.44369178,12376357.08341259,12787120.343890538,44290.85363729491,112032.90136644871,-125.84949527098787,1221234.797132264,0.0,0,0,0,0,78,45,1309475470.516933,1309475470.5169332,0.01217640778191269,-1265525.6507697105,1309475470.516933,720211508.7843132,392842641.1550799,1308321851.9180346,588110343.1337214,915479210.7629547
2022-10-03,1308321851.9180346,59040808.6553347,-34931241.80178944,-34931241.80178944,44348.92992393365,115021.46258017322,-3788.3546028204732,0.0,0.0,0,0,0,0,78,45,1344406705.482544,1370482255.7918057,0.011875584008550169,-38095185.95015001,1357444480.6371748,745942575.5927145,407233344.19115245,1332498302.9496331,586555727.3569186,925264958.7584807
2022-10-04,1332498302.9496331,53983640.378928035,-107971455.2240337,-107971455.2240337,47630.574887105635,124258.16191116629,-14624.249140707096,0.0,0.0,0,0,0,0,78,45,1452368126.2344112,1425522346.09541,0.011806240201522102,-147059488.56576967,1438945236.1649108,792091024.3941759,431683570.84947324,1278572491.442411,486481467.04823506,846888920.5929377
2022-10-05,1278572491.442411,4884681.959542923,18721956.057048906,18721956.057048906,46577.653138889524,122656.39493208492,-12845.933967448023,0.0,0.0,0,0,0,0,78,45,1433646174.5308628,1431309541.4226596,0.011696020557852965,-129176989.61679578,1432477857.9767613,787921237.7149237,429743357.3930284,1302242362.2668285,514321124.5519048,872499004.8738002
2022-10-06,1302242362.2668285,-415498.9775606941,-11993368.930404717,-11993368.930404717,47832.06196453241,123682.49403754657,-13889.800412429562,0.0,0.0,0,0,0,0,78,45,1445639540.6985962,1429459632.924682,0.011911366438490213,-139673970.6277833,1437549586.811639,791056770.4407494,431264876.0434917,1289895454.9905238,498838684.5497744,858630578.9470321
2022-10-07,1289895454.9905238,-23737361.733221073,104147360.61998321,104147360.61998321,45992.46746427824,114772.10912654675,-3485.5291444716586,0.0,0.0,0,0,0,0,78,45,1341492184.596001,1405309475.1531122,0.012342441109432556,-35050013.743290424,1373400829.8745565,753775024.1670783,412020248.96236694,1370370747.9898038,616595723.8227255,958350499.0274369
2022-10-10,1370370747.9898038,-24480461.873059727,39077614.97059622,39077614.97059622,43741.84117110691,111413.13144673455,465.22629089517426,0.0,183.15735336257057,1,0,0,1,77,45,1302231406.520274,1379303792.7088742,0.01209236910026354,5620183.379941702,1340767599.614574,735495370.1333008,402230279.8843722,1385035854.4465535,649540484.3132527,982805574.5621812
2022-10-11,1385035854.4465535,-12217409.058839725,23914418.279024515,23908912.966204196,43676.42298382895,109383.26142735021,2456.8105930439438,0.0,188.66266618289077,0,1,0,0,78,45,1278505653.0469506,1367009407.5241816,0.012298351780225567,29679591.0569067,1322757530.285566,725304047.7951305,396827259.0856698,1396800838.6531086,671496790.8579781,999973579.5674388
2022-10-12,1396800838.6531086,-5556911.205874859,-27860887.620209496,-27860887.620209496,45022.84799059981,111766.91476916621,213.9916146651786,0.0,0.0,0,0,0,0,78,45,1306366536.2629817,1360752883.3790517,0.012407103846200395,2585133.5999820232,1333559709.8210168,732098181.7236574,400067912.94630504,1363449997.8854175,631351816.1617601,963382084.9391124
2022-10-13,1363449997.8854175,45721882.51362777,-10693902.116523013,-10693902.116523013,49541.891975805775,112681.83757408874,-872.4159864127521,0.0,0.0,0,0,0,0,78,45,1317060439.1776605,1407201334.5779371,0.013541581373764332,-8772898.187390804,1362130886.8777988,746918465.3977823,408639266.06333965,1398540245.812134,651621780.4143517,989900979.7487943
2022-10-14,1398540245.812134,-55650104.65171486,68285464.6573741,68285464.6573741,48616.68062520211,106839.63633776482,5052.589506570669,0.0,0.0,0,0,0,0,78,45,1248774970.1816669,1350088995.0980594,0.014015339386988705,61037994.03910875,1299431982.639863,712154739.8290149,389829594.79195887,1411238881.3630126,699084141.5339977,1021409286.5710537
2022-10-17,1411238881.3630126,23129453.886871763,-83308150.51825918,-83308150.51825918,52160.361479612475,113967.11170970541,-2346.4646254034824,0.0,0.0,0,0,0,0,78,45,1332083123.8796735,1374603758.0334208,0.014096515297011355,-23595733.66327524,1353343440.9565473,743275876.6722572,406003032.2869642,1351119645.0172298,607843768.3449726,945116612.7302656
2022-10-18,1351119645.0172298,13607030.558835072,-15653156.364915691,-15653156.364915691,52934.75915790906,115306.3268514731,-3949.4280609206107,0.0,0.0,0,0,0,0,78,45,1347736287.874361,1388735503.500355,0.014139645469443464,-39714919.048363686,1368235895.687358,751504762.2373971,410470768.70620733,1349131941.350782,597627179.1133848,938661172.6445746
2022-10-19,1349131941.350782,12712118.391202813,53872109.96895502,53872109.96895502,47688.09191657595,110697.26801558532,1061.923766437338,0.0,0.0,0,0,0,0,78,45,1293864171.6107376,1402839872.3600485,0.013268558993016379,12828609.258974552,1348352021.985393,738869219.5732334,404505606.5956179,1415780240.810805,676911021.2375717,1011274634.2151872
2022-10-20,1415780240.810805,-488925.6581053433,4414674.177887628,4414674.177887628,43852.03650595614,110319.56822404379,1362.6958123675915,0.0,0.0,0,0,0,0,78,45,1289449498.7225897,1403200040.2319226,0.012243002271731885,16462097.062158823,1346324769.4772563,737634859.6747575,403897430.8431769,1419773819.5581179,682138959.8833604,1015876388.714941
2022-10-21,1419773819.5581179,38053283.11077345,-36492225.126710355,-36492225.126710355,42721.498250875564,111372.409011192,-2090.4030932049113,0.0,24186.29538258434,1,0,0,1,77,45,1301755430.0009453,1442288782.9763064,0.011814615108080656,-21020813.227758884,1372022106.488626,751098824.7443602,411606631.9465878,1421377251.7544656,670278427.0101054,1009770619.8078778
2022-10-24,1421377251.7544656,-5021106.009446045,11417530.881917544,10813629.928545639,46571.94136571548,110395.5755017583,-983.5458657049828,0.0,0.0,0,0,1,1,77,45,1290337895.475097,1437617510.0390294,0.012993417422251586,-9890405.353457928,1363977702.7570632,746505746.1522864,409193310.82711893,1427836516.7152076,681330770.5629212,1018643205.8880887
2022-10-25,1427836516.7152076,23904212.467521533,-98640077.76795164,-100773867.40772977,48988.58793379079,118834.7824656149,-10918.240159744048,0.0,0.0,0,0,1,1,77,45,1388977976.8708234,1462844021.975108,0.012697027562593858,-109792359.14826417,1425910999.4229655,782404398.5550239,427773299.82688963,1353159579.3691497,570755180.8141258,925386279.54226
2022-10-26,1353159579.3691497,17115763.496966943,-2148532.322392764,-2138467.0505359904,56809.69622925246,119018.60125832848,-11279.88081309308,0.0,0.0,0,0,1,1,77,45,1391126508.2142289,1481498969.9177043,0.014701388063393455,-113428969.07020974,1436312739.0659666,787712694.9436947,430893821.71979,1368177739.5679398,580465044.624245,937283917.8481498
2022-10-27,1368177739.5679398,5378964.319285131,14354084.152721297,12612832.436340068,56954.99760643073,117770.61540502936,-9794.542081308075,0.0,232.76510634080984,1,0,1,2,76,45,1376539660.578265,1486346202.2121747,0.014895174999681236,-98492601.93494153,1431442931.3952198,784548448.7265232,429432879.4185659,1387961576.3505569,603413127.6240337,958528696.9319909
2022-10-28,1387961576.3505569,8267279.906040038,-39091134.37128879,-40179458.013626985,59771.05200146257,121135.1047219283,-13620.724117573987,0.0,234.0643449535434,0,1,1,1,77,45,1415864860.386175,1494045892.252946,0.015197480580637943,-136968175.48398423,1454955376.3195605,798270931.179089,436486612.8958681,1357185231.149566,558914299.970477,920698618.2536979
2022-10-31,1357185231.149566,10470418.21867619,5038350.543770556,4947765.016813907,50394.451975281285,117441.59777025002,-175.68173642072267,1716237.534377863,0.0,0,0,0,0,80,46,1372693999.9120133,1372693999.912013,0.013216348809176784,-1766631.9863536358,1372693999.912013,754981699.9516072,411808199.9736039,1371044633.8416932,616062933.8900859,959236433.8680892
2022-11-01,1371044633.8416932,6858038.804607945,940014.6918068161,940014.6918068161,46872.607064706084,117361.17423373392,-41.47646131030719,0.0,0.0,0,0,0,0,80,46,1371753984.5501368,1379212896.4648898,0.012301140534924721,-417081.7338466644,1375483440.5075133,756329419.4812634,412645032.152254,1378913134.4288156,622583714.9475522,966268102.2765616
2022-11-02,1378913134.4288156,-29712361.3870151,73297988.24362996,73297988.24362996,50857.84957700514,111090.12400742233,6011.184473385027,0.0,0.0,0,0,0,0,80,46,1298455994.8919494,1349829567.515766,0.014100459252949438,72618335.92008758,1324142781.2038577,726994190.3465263,397242834.3611573,1422565004.7443342,695570814.397808,1025322170.3831769
2022-11-03,1422565004.7443342,11749198.214801557,1121570.6153059183,1121570.6153059183,47674.195069485235,138021.96790969276,7605.152448663679,0.0,0.0,0,0,0,0,80,46,1297334424.216433,1361987164.2180068,0.013229210529413544,73400935.16136527,1329660794.2172198,729697118.3194315,398898238.2651659,1435533726.4997306,705836608.180299,1036635488.2345647
2022-11-04,1435533726.4997306,8801529.91341921,-7822642.132666012,-7822642.132666012,44118.38691399741,138854.21025599714,6685.258100025938,0.0,0.0,0,0,0,0,80,46,1305157067.6803908,1371945897.609137,0.01216912483741645,64522598.28443265,1338551482.644764,734533594.7064016,401565444.7934292,1436614035.3619258,702080440.6555243,1035048590.5684967
2022-11-07,1436614035.3619258,4506477.632619781,-1409121.8157105753,-1409121.8157105753,50028.81507380732,139004.12527872974,6499.191743564505,0.0,0.0,0,0,0,0,80,46,1306566190.6094701,1376934578.7797608,0.013784509009964039,62726783.58400059,1341750384.6946154,736203501.8777812,402525115.4083846,1439806865.6807837,703603363.8030026,1037281750.2723992
2022-11-08,1439806865.6807837,6669173.739668976,18629456.155845124,18629456.155845124,49233.60892024912,137022.1579504268,8666.413823017569,0.0,0.0,0,0,0,0,80,46,1287936732.6933067,1381412589.6808808,0.01376162257149497,83643672.28649664,1334674661.1870937,731734167.2282121,400402398.3561281,1465201950.539151,733467783.3109388,1064799552.1830229
2022-11-09,1465201950.539151,-48193929.31759223,83258775.63503325,83258775.63503325,42262.84185572033,128164.3495223734,17636.32764103927,0.0,0.0,0,0,0,0,80,46,1204677958.9570346,1330007966.9698532,0.012629618525793874,170216567.044883,1267342962.9634438,693905379.4295737,380202888.88903314,1500370334.6918995,806464955.2623259,1120167445.8028665
2022-11-10,1500370334.6918995,41993720.93477479,-171976785.16323972,-171976785.16323972,49312.34940848054,146460.7682524177,-220.28839714173267,0.0,0.0,0,0,0,0,80,46,1376654740.7537956,1372169455.1803317,0.012895350781512969,-1831497.066305399,1374412097.9670637,756038786.0212216,412323629.3901191,1370484198.5938816,614445412.57266,958160569.2037625
2022-11-11,1370484198.5938816,16939116.49204842,-91131410.27897978,-91131410.27897978,46659.91261003115,156156.13792874667,-11225.34119635205,0.0,0.0,0,0,0,0,80,46,1467786152.85506,1389573716.7346807,0.011444152478845414,-93328471.84034038,1428679934.7948704,787729275.0401882,428603980.4384611,1296390175.6910727,508660900.6508845,867786195.2526116
2022-11-14,1296390175.6910727,-5436281.082172279,36708835.212067366,36708835.212067366,49965.53945253907,152250.72575676042,-6699.402136096565,0.0,0.0,0,0,0,0,80,46,1431077317.8181138,1383312181.5793157,0.012569267906739503,-55699417.29780054,1407194749.6987147,775151240.740263,422158424.9096144,1327758315.6051357,552607074.8648727,905599890.6955214
2022-11-15,1327758315.6051357,17289735.95997133,-58553236.33989288,-58553236.33989288,45955.62555836793,158480.13944723547,-13695.96303047012,0.0,0.0,0,0,0,0,80,46,1489630553.5510385,1400318298.1901696,0.011106126389240724,-113869438.5905137,1444974425.870604,796968740.612854,433492327.7611812,1286593643.7760727,489624903.16321874,853101316.0148916
2022-11-16,1286593643.7760727,-29606790.83829042,87119053.94249286,87119053.94249286,41614.3605407686,149211.6402659162,-3213.9349341078278,0.0,0.0,0,0,0,0,80,46,1402511501.1939905,1370785229.616243,0.010681673399414464,-26720937.096508503,1386648365.4051166,763449757.7622578,415994509.62153494,1344210290.2250662,580760532.4628084,928215780.6035312
2022-11-17,1344210290.2250662,-5616666.3834604705,32218555.121762514,32218555.121762514,40970.62570691345,145783.9439079462,721.4882969303565,0.0,0.0,0,0,0,0,80,46,1370292945.3488417,1363807782.4155452,0.01076370224670026,6963425.922116041,1367050363.8821936,752039829.2085388,410115109.16465807,1370917713.7698662,618877884.5613275,960802604.6052082
2022-11-18,1370917713.7698662,655447.5741745443,33588394.811211474,33588394.811211474,42353.53110230199,142210.51178287712,4205.142458418314,0.0,0.0,0,0,0,0,80,46,1336704549.3951895,1364533377.288209,0.0114066127804589,40585825.33594084,1350618963.3416991,742144709.140609,405185689.0025097,1405265618.2783911,663120909.1377821,1000079929.2758814
2022-11-21,1405265618.2783911,-11297624.964156438,53022357.09079352,53022357.09079352,39890.11366011234,136569.5222853934,9771.596538405302,0.0,0.0,0,0,0,0,80,46,1283682193.8052645,1352640145.175392,0.011186912918898784,94310315.1159761,1318161169.4903283,723264694.4354273,395448350.84709847,1447096801.4101918,723832106.9747645,1051648450.5630933
2022-11-22,1447096801.4101918,31792058.673735134,1764925.575838603,1764925.575838603,40174.63127823459,136381.7539049058,10102.13181402519,0.0,0.0,0,0,0,0,80,46,1281917269.0800545,1383113143.1183245,0.011282215794271565,97500467.91016269,1332515206.0991895,730353466.5035975,399754561.82975686,1480760094.914206,750406628.4106085,1081005533.0844493
2022-11-23,1480760094.914206,-5141112.409096088,-33122983.620972928,-33122983.620972928,42789.932022875764,139905.67124392634,6675.0876123743055,0.0,0.0,0,0,0,0,80,46,1315040251.9011352,1378028770.8702173,0.011713995450683273,64424438.08189678,1346534511.3856764,739019268.287895,403960353.4157029,1442599789.7109704,703580521.4230754,1038639436.2952676
2022-11-25,1442599789.7109704,1948530.1395688578,12104688.12931986,12104688.12931986,43983.994934934395,138617.86679026773,7925.794470402819,0.0,0.0,0,0,0,0,80,46,1302935562.5194876,1380113420.5172293,0.012152740804739192,76495603.46769476,1341524491.5183585,735909023.8851535,402457347.4555075,1456755567.6461847,720846543.7610312,1054298220.1906772
2022-11-28,1456755567.6461847,-25193196.23787128,34404240.32005191,34404240.32005191,42023.8627063863,134957.6379370461,11630.58996060013,0.0,0.0,0,0,0,0,80,46,1268531322.645864,1353672245.082387,0.01192606781103703,112252342.78327203,1311101783.8641255,718977458.0643559,393330535.1592376,1466071176.0935566,747093718.0292008,1072740640.934319
2022-11-29,1466071176.0935566,15245554.553988608,-17170377.570158925,-17170377.570158925,41660.634481549176,136783.1267280694,9905.324830512574,0.0,0.0,0,0,0,0,80,46,1285689964.0236287,1368503702.121604,0.011665198323879947,95600990.32130098,1327096833.0726163,727832914.7374896,398129049.9217849,1464251380.8944635,736418466.156974,1066122330.9726787
2022-11-30,1464251380.8944635,32626933.17859988,-84785587.05578464,-84785587.05578464,45505.348414251144,150230.9762354494,-247.98322402331908,2016248.9390778309,0.0,0,0,0,0,83,46,1412092727.017279,1412092727.0172784,0.011601168333848349,-2061754.2874917984,1412092727.0172787,776650999.8595033,423627818.1051836,1410180955.722798,633529955.8632948,986553137.6176145
2022-12-01,1410180955.722798,-13495421.17561729,-15253623.695738576,-15253623.69573858,43557.01385339557,148474.91782208937,-1983.2690545403666,0.0,31759.6469605066,1,0,0,1,82,46,1395586694.933477,1397845667.161403,0.011235794267850806,-16489072.970774412,1396716181.04744,768137425.2703938,419014854.314232,1381503085.839396,613365660.5690022,962488231.525164
2022-12-02,1381503085.839396,2550387.239260317,-31991078.019390922,-31968852.42529301,45653.97507534429,155254.9221136382,-5844.894313516998,0.0,31737.421366408682,0,1,0,0,83,46,1459315194.8018212,1400579967.932249,0.011262427120383634,-48594964.26942539,1429947581.3670352,787939550.4236085,428984274.41011053,1352134413.6906238,564194863.2670152,923150139.2805133
2022-12-05,1352134413.6906238,-45214555.464041196,72379207.40989543,72379207.40989545,42387.561163342856,147554.57827867265,2694.00761602335,0.0,0.0,0,0,0,0,83,46,1386935983.8204217,1353255532.1834002,0.011002326132436126,26001145.891914368,1370095758.001911,754394678.1919765,411028727.40057325,1379406926.661209,625012248.4692326,968378199.2606359
2022-12-06,1379406926.661209,-22978954.982607987,65315633.219945356,65315633.21994538,40816.67260594493,140605.72100059284,9605.176710441436,0.0,0.0,0,0,0,0,83,46,1321620354.0525699,1328998669.840983,0.01111817179047145,92704118.38495755,1325309511.9467764,728735773.6760167,397592853.5840329,1421852999.1236515,693117225.4476348,1024260145.5396186
2022-12-07,1421852999.1236515,-10532058.90235354,14692517.569793824,14692517.56979383,43453.267154140645,139042.59994561807,11110.376283504322,0.0,0.0,0,0,0,0,83,46,1306927832.3870106,1318738490.7957456,0.011969426151801731,107231513.72819185,1312833161.5913782,721762972.4150395,393849948.4774135,1426120157.5001667,704357185.0851271,1032270209.0227532
2022-12-08,1426120157.5001667,-8623821.57828916,-33625021.8612148,-33625021.8612148,36979.054376887834,140134.6379110064,7759.873265511214,0.0,23360.44199254027,1,0,0,1,82,46,1317192419.0068488,1308916755.3797348,0.010106693132744487,74894219.18455863,1313054587.1932917,722386914.5469882,393916376.1579875,1383958869.07547,661571954.5284817,990042492.9174825
2022-12-09,1383958869.07547,-24277914.28271556,24533025.733403858,25773609.760060135,42454.65124845143,139875.900646216,10465.741963432749,0.0,22119.857965883988,0,1,0,0,83,46,1314760423.8286622,1283139564.0106225,0.011624683989905578,101009842.00632143,1298949993.9196424,715213018.1512542,389684998.1758927,1384299747.6595535,669086729.5082994,994614749.4836608
2022-12-12,1384299747.6595535,32346623.021209944,-23461837.62066175,-23461837.62066175,42950.18645910666,142371.97880376864,7972.4385274316755,0.0,0.0,0,0,0,0,83,46,1338222255.0745876,1316195795.4775193,0.011554184715315911,76945787.39612341,1327209025.2760534,730515625.391756,398162707.582816,1393291927.290974,662776301.8992178,995129219.7081579
2022-12-13,1393291927.290974,15753753.448620234,-10981510.122889664,-10981510.122889668,44685.071260057455,143540.28976064536,6642.7238515004565,0.0,0.0,0,0,0,0,83,46,1349203767.9851785,1333907405.4773436,0.011923051236095722,64112080.06810093,1341555586.731261,738237981.7648895,402466676.0193783,1398169668.5590565,659931686.794167,995702992.5396782
2022-12-14,1398169668.5590565,-7147893.026228251,-88552.34005261888,-88552.34005262001,44485.001859467804,143549.7113726366,6648.056184158718,0.0,0.0,0,0,0,0,83,46,1349292326.2179942,1326725193.2499743,0.011868888867319528,64163544.94094205,1338008759.7339842,736468996.1778917,401402627.9201953,1391038935.9584732,654569939.7805815,989636308.0382779
2022-12-15,1391038935.9584732,-14960597.889924336,79335569.10254635,79335569.10254636,83491.79279430401,152747.57567449697,17200.405140473402,0.0,0.0,0,0,0,0,83,46,1269956749.2567878,1308943988.6508677,0.02366777090915862,146386426.7274332,1289450368.9538279,708223021.9397533,386835110.68614835,1455500363.3591158,747277341.4193625,1068665252.6729674
2022-12-16,1455500363.3591158,-16843314.697921373,20188205.168492816,20188205.168492816,40649.3308342489,150280.94670425516,19646.1203009538,0.0,319.56434338367194,1,0,0,1,82,46,1249448979.5272946,1291603261.096605,0.01171217019671024,167201023.8379047,1270526120.3119497,697735509.1323397,381157836.0935849,1458974212.001515,761238702.8691752,1077816375.90793
2022-12-19,1458974212.001515,-12655815.55916392,54188027.35274384,54203244.6973722,40470.39910040588,143799.937627805,26122.193247955045,0.0,304.34699875531913,0,1,0,0,83,46,1195565301.2935288,1278149110.7685273,0.01218615466707086,222316538.28046846,1236857206.031028,678206868.0801904,371057161.8093084,1500635571.1798716,822428703.0996811,1129578409.370563
2022-12-20,1500635571.1798716,15474468.930553623,4774637.011278605,4774637.011278606,39927.99319316331,143225.65522340624,26749.90071529743,0.0,0.0,0,0,0,0,83,46,1190790666.9844398,1293186019.6366177,0.012071036453400954,227658729.49189305,1241988343.3105288,680533705.0044863,372596502.99315864,1521014724.6844494,840481019.6799631,1148418221.6912909
2022-12-21,1521014724.6844494,23914040.208418004,-17718774.78880461,-17718774.78880461,42483.76417033782,145356.83006241132,24605.624460213803,0.0,0.0,0,0,0,0,83,46,1208509441.6274383,1317757936.4657323,0.012655387351153626,209409569.87416005,1263133689.0465853,691992316.6046646,378940106.7139756,1527337468.794415,835345152.1897504,1148397362.0804393
2022-12-22,1527337468.794415,-21843338.637099486,34869173.68866442,34869173.68866442,39783.89951850215,141162.84285613394,28855.7801062214,0.0,0.0,0,0,0,0,83,46,1173640263.9309058,1294742412.6594708,0.012203231489937998,245581107.28699064,1234191338.2951884,675777682.3441395,370257401.4885565,1540493538.5694237,864715856.2252842,1170236137.0808673
2022-12-23,1540493538.5694237,27181599.27671937,17178550.64540475,17178550.64540475,32877.1226655402,139096.64506760408,30843.03861752786,0.0,0.0,0,0,0,0,83,46,1156461714.1879325,1322326865.687794,0.01023446259775711,262493945.6810882,1239394289.9378633,677520230.6783283,371818286.981359,1584990751.0525672,907470520.374239,1213172464.0712082
2022-12-27,1584990751.0525672,2844527.033636111,43610041.31138193,43610041.311381936,32774.63934881388,133851.3261318584,36071.934545765966,0.0,0.0,0,0,0,0,83,46,1112851672.2279222,1324417357.1346965,0.010602374476332258,306995187.62354016,1218634514.6813092,664959840.9520507,365590354.4043928,1631582468.0189142,966622627.0668635,1265992113.6145215
2022-12-28,1631582468.0189142,-33683111.100898564,8074772.677587856,8074772.677587858,30530.97543313528,132880.11088843574,37166.036679385325,0.0,0.0,0,0,0,0,83,46,1104776903.4604356,1289636903.4764655,0.00994875175386242,316306695.1437049,1197206903.4684505,653842296.9072471,359162071.04053515,1606113644.767738,952271347.860491,1246951573.727203
2022-12-29,1606113644.767738,17884013.980789755,-78582504.39558156,-78582504.39558156,38558.90727836622,142331.70680424524,27822.225903050137,0.0,0.0,0,0,0,0,83,46,1183358301.3747873,1308591694.1431136,0.01173034963635706,236784901.30255437,1245974997.7589505,682155413.9482145,373792499.3276851,1545546749.3783753,863391335.4301608,1171754250.0506902
2022-12-30,1545546749.3783753,6115610.317452784,-25132883.08224175,-25132883.08224176,32254.110648845763,183607.5731593564,-238.41964956506567,1744786.7556743969,0.0,0,0,0,1,57,46,1526529476.6135867,1526529476.6135867,0.007606456351791568,-1777040.866323471,1526529476.6135867,839591212.1374726,457958842.98407596,1524935804.900773,685344592.7633004,1066976961.916697
2023-01-03,1524935804.900773,-54218034.61474034,22149868.927558843,22366235.459132325,31991.997334096646,180943.43513819456,3014.798051630681,0.0,0.0,0,0,0,1,57,46,1504379599.3013866,1467177791.4576986,0.0076557266833604904,25657855.75855899,1485778695.3795426,818108327.6548406,445733608.61386275,1493019605.4494474,674911277.7946068,1047285996.8355846
2023-01-04,1493019605.4494474,18612558.456297796,-69596785.83446418,-70187549.19211689,33258.92628681375,189314.38177380495,-5874.919313274633,0.0,0.0,0,0,0,1,57,46,1573976384.2625818,1485790337.6290288,0.007606984185383744,-43788218.48403454,1529883360.9458053,843640499.6860318,458965008.2837416,1442185558.6074548,598545058.921423,983220550.3237132
2023-01-05,1442185558.6074548,2345118.1954010143,54681563.83732608,55302342.42992411,32559.976967180875,182737.40536295203,1325.9707742338728,0.0,0.0,0,0,0,1,57,46,1519294825.188516,1487894823.0101604,0.007715152789209748,11284857.653054237,1503594824.099338,827762153.3090949,451078447.2298014,1499363744.039352,671601590.730257,1048285296.8095505
2023-01-06,1499363744.039352,32584424.615901664,-5651068.751897437,-5715364.030182534,32953.002583556205,183417.10272978828,679.7241966410321,0.0,0.0,0,0,0,1,57,46,1524945888.7465076,1520479260.120849,0.0077793454952238255,5784886.779923677,1522712574.4336782,837603581.6541646,456813772.33010346,1526448243.727699,688844662.0735345,1069634471.3975956
2023-01-09,1526448243.727699,6870288.19615042,-40579836.9313438,-40640233.66674292,32586.342511104707,188297.956308739,-4622.042530055389,0.0,0.0,0,0,0,1,57,46,1565525733.7447124,1527156115.0851898,0.007493382606964327,-34450006.435195446,1546340924.414951,851446748.8947111,463902277.3244853,1492889784.5637732,641443035.669062,1028987507.2392879
2023-01-10,1492889784.5637732,2604424.5674479203,-42165810.62185914,-42737091.3358886,33380.004936086174,193369.56605041173,-10259.120055833677,0.0,0.0,0,0,0,1,57,46,1607691542.220513,1529760509.6038074,0.007474569257479357,-76465491.09938145,1568726025.9121604,864747590.0671058,470617807.7736481,1453478128.9504206,588730538.8833148,982860321.1767726
2023-01-11,1453478128.9504206,4771104.871235993,-58337199.88235389,-59409477.5545492,33914.205865439784,200386.2349305592,-18066.011616353626,0.0,0.0,0,0,0,1,57,46,1666028743.0716238,1534531622.4640234,0.007328273394040384,-134653502.73058605,1600280182.7678237,883441528.537493,480084054.8303471,1400060439.9567516,516618911.4192586,919976385.1264045
2023-01-12,1400060439.9567516,29504898.727649845,-41624039.22533028,-43893782.625606604,34802.61869737767,205392.68139088896,-23630.782699494324,0.0,0.0,0,0,0,1,57,46,1707652778.3076217,1564036554.227909,0.007336938100187343,-176130057.38753533,1635844666.2677655,903304972.0492637,490753399.8803296,1388088258.7390652,484783286.68980145,897334858.8587356
2023-01-13,1388088258.7390652,15844204.423418842,-28202292.447948627,-27475368.872931167,40059.68091381979,208784.7909536042,-27395.578752514903,0.0,0.0,0,0,0,1,57,46,1735855074.902945,1579880760.1206892,0.008308000672107638,-204190649.0870676,1657867917.511817,915726712.5010557,497360375.25354505,1375871500.2458227,460144787.74476695,878511124.9922776
2023-01-17,1375871500.2458227,-1529936.6590654966,-37002443.39266069,-36970427.72356113,38425.70689049268,213235.3613416128,-32340.890741805055,0.0,0.0,0,0,0,1,57,46,1772857507.6900833,1578350811.81743,0.0078028010827566096,-241050117.33022404,1675604159.7537565,926444955.2613825,502681247.92612696,1337481588.9578059,411036633.6964234,834800341.0316789
2023-01-18,1337481588.9578059,-34782729.03750926,48015432.35568617,48632658.50509185,42352.863641723656,207460.17255249573,-25880.235838503642,0.0,0.0,0,0,0,1,57,46,1724842081.267863,1543568107.152741,0.008839667745010615,-192896167.74039984,1634205094.2103019,903344651.168544,490261528.26309055,1350853519.349055,447508868.180511,860591991.0859644
2023-01-19,1350853519.349055,1285816.8332098308,47064977.96647693,47851675.344446324,37750.648513477165,201799.30068257957,-19546.382190652697,0.0,0.0,0,0,0,1,57,46,1677777095.7443106,1544853884.1759005,0.008100142444025174,-145687320.6756723,1611315489.9601054,889546599.7672683,483394646.9880316,1399348816.41872,509802216.6514517,915954169.4306884
2023-01-20,1399348816.41872,18904124.70801227,-76487131.87322465,-78143189.9126102,38686.266819020704,210999.00288098562,-29764.763467259374,0.0,0.0,0,0,0,1,57,46,1754264227.1860237,1563576291.6867585,0.007938972840589437,-221849168.7000699,1658920259.436391,917173341.0774968,497676077.8309173,1341908357.2261024,424735016.1486056,844232279.395185
2023-01-23,1341908357.2261024,9555141.494030895,-70062628.44859736,-71116828.43202348,39841.829191754245,219425.9818822691,-39145.86247276494,0.0,0.0,0,0,0,1,57,46,1824326870.1528146,1573131431.966058,0.007862109989001083,-291770403.5237138,1698729151.0594363,940580919.0373588,509618745.31783086,1281541308.5617537,340960389.524395,771922563.243923
2023-01-24,1281541308.5617537,1615783.82250403,25921520.281146403,26478203.668427553,37663.35061961195,216308.19854596764,-35648.92368985035,0.0,0.0,0,0,0,1,57,46,1798405345.8787146,1574747212.8416195,0.007539349376452928,-265706263.52683496,1686576279.360167,933208406.9740192,505972883.8080501,1309221608.5896406,376013201.61562145,803248724.7815905
2023-01-25,1309221608.5896406,-5631680.427194257,-1370912.7626443764,-1587199.3203883583,38623.73263108696,216473.08837330283,-35813.79776321956,0.0,0.0,0,0,0,1,57,46,1799776254.3738804,1569115530.2750187,0.007725706855727199,-266935138.6078477,1684445892.3244495,932211758.8809187,505333767.6973348,1302361050.957781,370149292.07686234,797027283.2604463
2023-01-26,1302361050.957781,20762784.085878745,-18256624.547580507,-16897303.435480874,43331.437556233235,213117.16820216973,-38250.99839461952,0.0,46158.050019369155,1,0,0,2,56,46,1771874839.5561457,1589878330.1609473,0.008803848427664103,-285100609.15244365,1680876584.8585465,929032034.4070805,504262975.45756394,1304952587.178311,375920552.7712306,800689611.7207472
2023-01-27,1304952587.178311,-4488968.833769228,-102081494.86574133,-111669173.7322075,51817.56597324828,231937.42846276073,-51937.716933983174,0.0,54391.815260174706,0,1,0,1,57,46,1928348135.0252624,1585389332.2390566,0.009673732357526301,-387113418.1414895,1756868733.6321595,974851773.5673429,527060620.0896478,1198455913.8090959,223604140.24175298,671395293.7194481
2023-01-30,1198455913.8090959,-34610346.18691892,86555794.91242726,86149319.34048267,44174.41715697439,221526.69018229627,-40213.55760459193,0.0,0.0,0,0,0,1,57,46,1841792343.317013,1550085567.7790022,0.008634409972554418,-299728379.6615548,1695938955.5480075,940059094.9398544,508781686.66440225,1250538501.250025,310479406.31017065,741756814.5856228
2023-01-31,1250538501.250025,28063805.505568307,-74762074.04084757,-73622993.63915728,25687.06254981113,144795.2279904125,-410.13230753470515,3031199.701683937,0.0,0,0,0,2,72,48,1203840232.714746,1203840232.7147458,0.007681536358922462,-3056886.7642338276,1203840232.714746,662112127.9931102,361152069.8144238,1200927731.0461948,538815603.0530846,839775661.231771
2023-02-01,1200927731.0461948,4903062.044479083,-55679571.66748973,-55140517.63260985,26928.781097425268,151492.24268893487,-7864.715562719428,0.0,0.0,0,0,0,2,72,48,1259519800.6470337,1208743290.6250887,0.007696870815443284,-58618997.98300195,1234131545.6360612,680041762.8503823,370239463.69081837,1150267920.169213,470226157.3188307,780028456.4783947
2023-02-02,1150267920.169213,-15853152.312263714,-84193841.13068368,-83150191.58386408,27611.798428535112,170950.23600462134,-20136.107844459362,0.0,0.0,0,0,0,2,72,48,1343713645.451172,1192890142.1720374,0.007397593578008985,-142696827.24420023,1268301893.8116047,701336629.1783609,380490568.14348143,1050344129.0559973,349007499.8776363,669853560.9125159
2023-02-03,1050344129.0559973,-11581140.823540855,55476384.539267674,55960071.03285162,22022.828922662015,163892.40730302082,-12289.599478857508,0.0,0.0,0,0,0,2,72,48,1288237262.6438317,1181308999.7929726,0.006154315390541764,-87091649.85017133,1234773131.2184021,681798428.7413926,370431939.36552066,1094368952.7506254,412570524.00923276,723937013.3851047
2023-02-06,1094368952.7506254,-9213780.748436848,9934130.747093512,9773741.99130868,22714.0064131268,162627.8835163219,-10869.595096113557,0.0,0.0,0,0,0,2,72,48,1278297774.3641021,1172095215.4082406,0.006396821204506416,-77028626.66537166,1225196494.8861713,676513136.1612908,367558948.46585137,1095218347.031289,418705210.86999834,727659398.5654378
2023-02-07,1095218347.031289,24490950.908814635,2799923.1094716936,2514929.3138315347,22898.812630312434,162271.67043122445,-10440.868813169564,0.0,0.0,0,0,0,2,72,48,1275497846.1842968,1196476731.1491702,0.006463023494373947,-73990408.91222525,1235987288.6667335,681768536.6425816,370796186.60002005,1122638153.038563,440869616.39598143,751841966.438543
2023-02-08,1122638153.038563,-11579703.989652632,38249739.75405168,38716159.78734825,22709.802309876894,157405.4542891879,-5025.186262479111,0.0,0.0,0,0,0,2,72,48,1237248112.3167608,1184897035.191449,0.006607832940029237,-35611556.19079685,1211072573.7541049,667398692.4928905,363321772.12623143,1149437859.2686787,482039166.7757882,786116087.1424472
2023-02-09,1149437859.2686787,-5721179.1750135375,57124109.43477326,58174676.292462744,24305.767754613662,149810.18427768233,2687.044134645635,0.0,0.0,0,0,0,2,72,48,1180123989.9336026,1179175859.8574975,0.007414539884197444,21640623.90318632,1179649924.89555,648831161.9444551,353894977.468665,1200968980.9890962,552137819.044641,847074003.5204312
2023-02-10,1200968980.9890962,15589519.92784147,41704066.925959006,40611946.533353254,22169.62850795585,144832.31373579626,7899.1152473456405,0.0,0.0,0,0,0,2,72,48,1138419933.2944684,1194765364.97679,0.007010652246546438,63475033.237598896,1166592649.1356292,640217321.232538,349977794.74068874,1258393129.643372,618175808.4108341,908415334.9026833
2023-02-13,1258393129.643372,2279933.988944012,-16800195.51660892,-16596864.65021991,21490.133355871447,146969.67243758263,5862.316500639175,0.0,0.0,0,0,0,2,72,48,1155220132.697156,1196743477.5307865,0.006696947005287218,47107900.45156479,1175981805.1139712,645751909.1918434,352794541.53419137,1244004209.9712896,598252300.7794462,891209668.4370983
2023-02-14,1244004209.9712896,942741.5747752902,-25201557.99535227,-27542772.03222825,21929.91714124179,150175.8699700719,2742.4113219033475,0.0,0.0,0,0,0,2,72,48,1180421685.3542767,1197686229.796848,0.006688093135528606,22037233.836723328,1189053957.5755625,653548063.055495,356716187.2726687,1219876381.9148633,566328318.8593683,863160194.6421946
2023-02-15,1219876381.9148633,2594821.6087349686,-69382534.06284755,-70730345.5238425,23360.376393095015,159002.8706073173,-6632.453226042072,0.0,0.0,0,0,0,2,72,48,1249804223.1142845,1200066946.1193016,0.006728842282640613,-47001637.03494382,1224935584.6167932,674958003.4641107,367480675.38503796,1153217679.501739,478259676.0376283,785737004.1167011
2023-02-16,1153217679.501739,-14311121.723798135,50586328.66998004,51793030.93712512,22248.34208619503,152567.1650898015,462.2879498143514,0.0,0.0,0,0,0,2,72,48,1199217891.5355577,1185755824.2233982,0.006678855617117619,3714813.8824367523,1192486857.879478,656204323.5165169,357746057.3638434,1189623667.5588746,533419344.0423577,831877610.1950312
2023-02-17,1189623667.5588746,-14878444.568764621,10145913.997687353,8136944.269936988,22113.710688674422,151276.3791877219,1755.5127042148208,0.0,0.0,0,0,0,2,72,48,1189071976.1480324,1170762224.7610967,0.006695083230968096,14106798.516011953,1179917100.4545646,649412149.034684,353975130.13636935,1185022055.1690006,535609906.1343167,831046925.0326313
2023-02-21,1185022055.1690006,-28935714.736573007,54733809.98677115,56748113.01119147,20381.85659340107,144313.0230406123,8583.339533544533,0.0,0.0,0,0,0,2,72,48,1134338172.371625,1141826504.4537654,0.006468501679956277,68973264.10883999,1138082338.4126952,625758077.8249288,341424701.52380854,1210952664.9251795,585194587.1002507,869527963.401371
2023-02-22,1210952664.9251795,-3821035.470329357,-13763082.515564142,-13757409.828365365,20367.22909403904,146063.99341960094,6887.09089765146,0.0,0.0,0,0,0,2,72,48,1148101258.3200073,1138005484.9969213,0.006386372648509339,55342694.713270664,1143053371.6584644,628931748.7452326,342916011.49753934,1193501130.7945092,564569382.0492766,850585119.2969699
2023-02-23,1193501130.7945092,15087584.55596492,13130067.402605964,12448873.365494,21351.877927569458,144393.5571186389,8537.432270761707,0.0,0.0,0,0,0,2,72,48,1134971191.325546,1153093064.4136746,0.006772573711714791,68604366.461478,1144032127.8696103,628764623.5010824,343209638.36088306,1221850361.864542,593085738.3634596,878640723.503659
2023-02-24,1221850361.864542,-3259340.0436421223,40719137.79797077,41375602.629899964,20672.197499859547,139213.17646412711,13621.161061459006,0.0,0.0,0,0,0,2,72,48,1094252042.0761085,1149833728.8917897,0.0068009844293549174,109455758.52958131,1122042885.4839492,615734044.8457799,336612865.64518476,1259442321.7588966,643708276.9131167,922829456.1137118
2023-02-27,1259442321.7588966,9477143.440621154,-11159467.814429188,-11635470.135472199,22877.92417634166,140325.8505027642,12221.258576144022,0.0,0.0,0,0,0,2,72,48,1105411513.8073328,1159310875.8946514,0.007450666652743494,98426243.56626058,1132361194.8509922,621451173.1158626,339708358.45529765,1257889666.5699909,636438493.4541283,918181308.1146932
2023-02-28,1257889666.5699909,-1294162.8105554846,-12929406.974081783,-12142450.40872566,26935.82980500737,157876.50173080742,-192.64397022530335,1340950.3493097394,0.0,0,0,0,0,61,47,1243666096.7853537,1243666096.7853537,0.007797027477767012,-1367886.1791145802,1243666096.7853537,684016353.2319446,373099829.0356061,1242455894.4639997,558439541.2320552,869356065.4283936
2023-03-01,1242455894.4639997,6447494.098999613,29337815.023495033,29337815.023495026,23395.131774501286,154489.54238331146,3497.4123372156355,0.0,0.0,0,0,0,0,61,47,1214328280.742186,1250113602.173523,0.006935725349057068,28104206.28119707,1232220941.4578545,676826884.7660365,369666282.43735635,1278375795.4094405,601548910.643404,908709512.9720842
2023-03-02,1278375795.4094405,861513.3633505229,-12339924.323266426,-12339924.323266428,23361.370912812297,155718.71579112957,1974.1154547716715,0.0,0.0,0,0,0,0,61,47,1226668220.674106,1250975106.6643434,0.006856045821412683,15898916.414268494,1238821663.6692247,680744242.8683176,371646499.10076743,1267031715.9098577,586287473.0415401,895385216.8090904
2023-03-03,1267031715.9098577,31064791.565316517,-42330266.26837235,-42330266.26837234,24931.198286854255,161092.3063724803,-3703.7201303688685,0.0,0.0,0,0,0,0,61,47,1268998474.706628,1282039914.484507,0.007072688866188319,-26298604.475991964,1275519194.5955677,701209521.0331151,382655758.3786703,1255898698.5947573,554689177.5616422,873242940.2160871
2023-03-06,1255898698.5947573,-9817481.528548757,22032674.454150975,22032674.454150967,28248.00209424483,158295.3811956268,-582.5964332766443,0.0,0.0,0,0,0,0,61,47,1246965803.7292264,1272222422.9261467,0.00815522023420007,-4136779.4078814983,1259594113.3276865,692145346.8503046,377878233.998306,1268243356.3030276,576098009.452723,890365122.3047216
2023-03-07,1268243356.3030276,-21400340.860651236,30089880.36798109,30089880.36798108,27307.45829416079,154475.63771909752,3238.7029310168077,0.0,0.0,0,0,0,0,61,47,1216875920.7631314,1250822074.813673,0.008078625616762,26083513.538390398,1233848997.788402,677768294.9323577,370154699.3365206,1277063302.6927135,599295007.7603558,906908603.3561928
2023-03-08,1277063302.6927135,-11258894.495646035,-137418.28635035208,-137418.2863503505,22366.720389696602,154493.0827980387,3238.443008519933,0.0,0.0,0,0,0,0,61,47,1217013343.7044623,1239563202.9874823,0.006616212864011227,26081420.202845097,1228288273.3459723,674994803.8582093,368486482.0037917,1265802354.716134,590807550.8579248,897315872.7123424
2023-03-09,1265802354.716134,-44460274.725147374,56657504.96401419,56657504.96401419,22040.298081582914,144640.22007032618,10297.924859197845,0.0,20638.744903483523,1,0,0,1,60,47,1139397794.8647137,1195020598.3211606,0.006963772744805034,82936307.59085512,1167209196.592937,640574488.0397042,350162758.9778811,1278111844.056945,637537356.0172409,927949085.079064
2023-03-10,1278111844.056945,-41409827.8776357,47005612.74756687,47991889.33138134,21751.90254226734,141167.88955955187,16148.552590237561,0.0,19652.46831966904,0,1,0,0,61,47,1112044644.2327936,1153610767.45343,0.0070417001294212226,130055457.10258436,1132827705.8431118,622016085.1331955,339848311.7529335,1283823540.9981642,661807455.8649687,943975229.2452307
2023-03-13,1283823540.9981642,-3186284.5727956095,-22659766.407362416,-22659766.407362416,20524.24413268581,144359.6169997422,13381.82008094773,0.0,0.0,0,0,0,0,61,47,1134704413.0984104,1150424482.9805434,0.006511588218460629,107532482.79332995,1142564448.0394769,628017444.674659,342769334.41184306,1258114707.210954,630097262.5362949,915345372.7991109
2023-03-14,1258114707.210954,8893093.253361372,-6517144.750812283,-6517144.750812289,20702.2622483093,145188.74248254165,12653.860263819297,0.0,0.0,0,0,0,0,61,47,1141221556.6313317,1158787147.7598498,0.006530558738647238,101682805.69140506,1150004352.1955907,632063253.9293619,345001305.6586772,1260627796.054001,628564542.1246392,915626490.3953239
2023-03-15,1260627796.054001,-41986843.86224202,6363817.317706388,6363817.317706387,21248.7857626748,144379.1253200673,13471.016846311004,0.0,0.0,0,0,0,0,61,47,1134857753.607516,1116734278.2087035,0.0067405477472804775,108249242.51499915,1125796015.9081097,619640895.6344306,337738804.77243286,1225141370.865869,605500475.2314384,887402566.0934362
2023-03-16,1225141370.865869,21022726.226181973,-23088585.0368527,-23088585.0368527,21400.107521990376,146660.53570499137,10622.304600865407,0.0,0.0,0,0,0,0,61,47,1152790236.982465,1137696307.1192937,0.006682949300544539,85357804.82838273,1145243272.0508795,630261147.874563,343572981.6152638,1223211394.7879822,592950246.9134192,879638413.1727184
2023-03-17,1223211394.7879822,-25538520.209933497,7109995.280747188,7109995.280747185,20685.375200102262,145755.98623611045,11524.10284514932,0.0,0.0,0,0,0,0,61,47,1145680241.1571999,1112157786.6207888,0.006499837218555161,92604397.86280704,1128919013.8889942,621743519.0023571,338675704.1666983,1204919464.5726771,583175945.57032,866243760.4059789
2023-03-20,1204919464.5726771,10819550.403885905,6587729.603745637,6587729.603745633,20729.568460670984,144917.8808691017,12360.902323079561,0.0,0.0,0,0,0,0,61,47,1139092513.3815854,1122977335.6299586,0.006551394691979364,99328679.38188934,1131034924.505772,622472087.9219652,339310477.3517316,1222463293.7950401,599991205.8730749,883152816.4433086
2023-03-21,1222463293.7950401,12282401.492457107,-52205052.172311015,-52205052.17231101,20972.39225298268,151559.52287914563,5881.2373512857475,0.0,0.0,0,0,0,0,61,47,1191297559.7487428,1135259727.72153,0.0063376787346615185,47259943.00140333,1163278643.7351365,641204199.8550053,348983593.1205409,1182677111.4831638,541472911.6281586,833693518.362623
2023-03-22,1182677111.4831638,-28660958.747341827,55762369.8230234,55762369.82302339,20192.827644825957,144465.3115710019,12837.632852728055,0.0,0.0,0,0,0,0,61,47,1135535200.1214123,1106598780.0217788,0.0064017548301101455,103159549.70942187,1121066990.0715957,617310255.0418684,336320097.0214787,1209915632.6756244,592605377.6337559,873595535.6541457
2023-03-23,1209915632.6756244,2400351.8649427984,-14068598.494300045,-14068598.494300045,20438.97723845589,154238.50745145624,11723.543536163494,0.0,0.0,0,0,0,0,61,47,1149603782.2468789,1108999131.5718012,0.006400493734861404,89227815.49722743,1129301456.90934,622130917.567014,338790437.07280195,1198392909.1200163,576261991.5530024,859602472.0472144
2023-03-24,1198392909.1200163,-53375.30981158468,6961601.940639337,6961601.9406393375,20527.727277561014,153304.49334545014,12685.338387954307,0.0,0.0,0,0,0,0,61,47,1142642186.4257154,1108732578.009538,0.006467450535008231,96548030.01402855,1125687382.2176266,619975800.4300991,337706214.665288,1205446597.8553,585470797.4252008,867740383.190012
2023-03-27,1205446597.8553,16498110.341445494,3646014.2176628616,3646014.217662864,20653.51472257503,152815.3207466371,13183.479326695055,0.0,0.0,0,0,0,0,61,47,1138996179.4780405,1125230691.3603575,0.006527910658606696,100339377.5393281,1132113435.419199,623006526.6835015,339634030.62575966,1225736067.699759,602729541.0162575,886102037.0739994
2023-03-28,1225736067.699759,22791323.660216402,6260045.774225839,6260045.7742258385,62824.08259038753,151975.42973620232,14039.66064404632,0.0,0.0,0,0,0,0,61,47,1132736122.2574086,1147868844.9362478,0.019966406374917374,106855768.11536312,1140302483.5968282,626788047.9112844,342090745.07904845,1254890628.1419911,628102580.2307067,912799883.0629427
2023-03-29,1254890628.1419911,15376642.797633661,-53288928.20647987,-53288928.20647985,67451.98380303133,159125.02923777106,7090.162679537727,0.0,0.0,0,0,0,0,61,47,1186025062.6417718,1162947707.5646996,0.02047403122747133,53963183.184642315,1174486385.1032357,646544445.6837065,352345915.5309707,1217077105.9412594,570532660.2575529,864731190.4102887
2023-03-30,1217077105.9412594,5112627.473793916,7703773.330826008,7703773.330826005,66593.24897359633,158039.6976166756,8115.439383245477,0.0,0.0,0,0,0,0,61,47,1177935634.4100046,1168060355.8231559,0.02035218982275069,61766557.67374992,1172997995.1165802,645395779.2787904,351899398.53497404,1229993068.6339056,584597289.3551153,878093670.0989316
2023-03-31,1229993068.6339056,17769805.64600716,-46487564.52049442,-46487564.52049441,34468.331056230294,161171.10405938872,-287.64984932321937,1908382.433603607,0.0,0,0,0,2,73,47,1201275309.759419,1201275309.7594185,0.01032952153385055,-1942850.7646596432,1201275309.7594187,660701420.3676803,360382592.9278256,1199493342.448969,538791922.0812886,839110749.5211432
2023-04-03,1199493342.448969,18723752.746452026,25259438.2739758,24613546.94690201,34614.665165219405,157782.13017884933,3080.1295884325064,0.0,0.0,0,0,0,2,73,47,1176015877.1094358,1219999072.0423772,0.010596183012518443,23442846.76185417,1198007474.5759065,657804531.143425,359402242.3727719,1243602781.0639987,585798249.9205737,884200538.6912267
2023-04-04,1243602781.0639987,-21187259.163112864,20748759.088310223,20302465.991362132,91186.84399564567,154998.33861658376,5815.441924126386,0.0,0.0,0,0,0,2,73,47,1155267120.1236055,1198811802.5450842,0.02841530176581168,44261291.60011625,1177039461.3343449,646283086.6733527,353111838.4003034,1243233907.9257412,596950821.2523885,890122069.5254378
2023-04-05,1243233907.9257412,-18221102.937627517,40628964.51749322,40848400.72749196,93415.69280862871,149547.2846938934,11183.877206881103,0.0,0.0,0,0,0,2,73,47,1114638146.786783,1180427935.3249083,0.030170911975381447,85120418.48789,1147533041.0558457,629498427.8672619,344259912.3167537,1265709084.974699,636210657.1074371,921449172.6579454
2023-04-06,1265709084.974699,3542034.411176175,-15063899.96094864,-14830378.637583425,93552.69512036622,151568.35822698675,9213.47143274003,0.0,0.0,0,0,0,2,73,47,1129702048.8967955,1183969994.0916157,0.029812259149410977,70123672.63819051,1156836021.4942055,634903113.1919426,347050806.4482616,1254254448.559466,619351335.3675233,907203642.1112043
2023-04-10,1254254448.559466,7626272.3162374785,-27677515.85827146,-27196074.1734915,99730.7183747054,155281.7593292004,5613.440116225147,0.0,0.0,0,0,0,2,73,47,1157379572.640003,1191379617.177682,0.0310209886744402,42723857.12137532,1174379594.9088426,645058776.0864214,352313878.47265273,1234264369.4985027,589205593.4120814,881950491.02585
2023-04-11,1234264369.4985027,12365758.928456062,-30793407.991963856,-30377043.403989322,102830.17639750172,159413.2060156384,1575.1560655739243,0.0,0.0,0,0,0,2,73,47,1188172964.0917146,1203745387.4339333,0.03115612341120663,11988502.824664116,1195959175.762824,657388236.0859977,358787752.7288472,1215894878.6206787,558506642.534681,857107125.8918314
2023-04-12,1215894878.6206787,-9136175.19620846,32259419.048369236,32978632.595141813,96766.11733916204,155085.06802291275,5822.124453080967,0.0,0.0,0,0,0,2,73,47,1155913550.481337,1194609204.0698946,0.03013703077327215,44312152.28560567,1175261377.2756157,645426366.1618748,352578413.1826847,1239082263.5479763,593655897.3861015,886503850.3652916
2023-04-13,1239082263.5479763,18223704.349795032,-34538414.0629028,-36191396.58188693,93517.53159034216,159718.97186140448,1293.013747788262,0.0,0.0,0,0,0,2,73,47,1190451964.184381,1212832916.8697946,0.028280277058964833,9841119.4334836,1201642440.5270877,660343818.472763,360492732.1581263,1222835048.2888875,562491229.8161246,862342316.1307611
2023-04-14,1222835048.2888875,-9838188.793875521,20941088.94489298,20092795.372758336,84439.06801015176,156868.24290392717,4054.4634954161197,0.0,306.5774469442592,1,0,0,3,72,47,1169204294.936103,1202994706.846249,0.02599893330473602,30858495.948198795,1186099500.8911762,651509965.1923932,355829850.2673529,1234014125.5008473,582504160.3084542,878184275.2334945
2023-04-17,1234014125.5008473,25570175.416847065,-8454984.323285492,-9441251.675546257,84519.29346074889,158041.19900310406,2953.5696143251153,0.0,287.54437954523223,0,1,0,2,73,47,1177946824.8678563,1228564910.15494,0.02583049166865653,22479599.60162878,1203255867.511398,660525274.9990919,360976760.2534194,1251205504.525186,590680229.5260942,890228744.2717667
2023-04-18,1251205504.525186,10767808.679017665,5796840.090223112,5922405.81151652,84354.44212281384,157263.45645704388,3725.282146952374,0.0,0.0,0,0,0,2,73,47,1172149986.0152338,1239332700.059432,0.025907605277929253,28353098.79287219,1205741343.037333,661478170.8194282,361722402.91119987,1267846787.5909083,606368616.7714801,906124384.6797085
2023-04-19,1267846787.5909083,-3487730.6856538113,17050084.56310621,16374472.050131347,86003.214322463,154975.90392068785,5975.324695631065,0.0,0.0,0,0,0,2,73,47,1155099904.9989157,1235844979.8940554,0.026803878194514897,45478158.35998273,1195472442.4464855,655491216.4731885,358641732.73394567,1281484089.4826543,625992873.0094658,922842356.7487087
2023-04-20,1281484089.4826543,-7996481.564476076,31936370.044971466,32220134.997477937,87463.34879133596,150691.1058566573,10181.064175369964,0.0,0.0,0,0,0,2,73,47,1123163521.9129736,1227848499.7489634,0.028034035071983626,77488014.86539507,1175506010.8309684,643911181.511133,352651803.2492905,1305497386.7843904,661586205.2732575,952845583.5351
2023-04-21,1305497386.7843904,631537.9013665082,-4868609.715569082,-5894367.356327009,81844.07037451856,151344.31276174242,9551.769132336802,0.0,0.0,0,0,0,2,73,47,1128032144.808018,1228480016.6156433,0.026119703654226254,72698454.28417015,1178256080.7118306,645529647.5963162,353476824.2135492,1301339366.9817076,655809719.3853914,947862542.7681584
2023-04-24,1301339366.9817076,-1133669.7780565678,10759501.912315283,11266492.365382513,80714.87547840952,149900.74572704537,10975.98144187585,0.0,0.0,0,0,0,2,73,47,1117272638.9593444,1227346359.101475,0.026007398873825634,83538125.13901281,1172309499.0304098,642018381.4631721,351692849.70912296,1311045360.9676569,669026979.5044848,959352511.258534
2023-04-25,1311045360.9676569,-34809732.77026811,32307840.398185205,32979146.26224357,78640.08109711357,145566.11220629263,15231.676170650662,0.0,0.0,0,0,0,2,73,47,1084964811.475473,1192536637.7864802,0.02609340772670844,115928190.72799659,1138750724.6309767,623623602.889262,341625217.389293,1308625626.3028538,685002023.4135919,967000408.9135609
2023-04-26,1308625626.3028538,-8570794.949562704,395597.71513151325,-121685.50012555985,78692.39808937389,145513.03408034638,15294.441598290012,0.0,0.0,0,0,0,2,73,47,1084569198.114383,1183965838.6706629,0.026120291228468838,116405897.99967027,1134267518.3925228,621362219.1019807,340280255.5177568,1300532544.1460118,679170325.0440311,960252288.628255
2023-04-27,1300532544.1460118,4975384.911135178,-40802396.01445541,-40424848.65644376,86855.98628915873,150987.35624707272,9943.176022733473,0.0,0.0,0,0,0,2,73,47,1125371599.3570638,1188941227.4119194,0.027784738020722174,75677449.64448309,1157156413.3844914,634846786.660099,347146924.0153474,1264779607.5886722,629932820.9285731,917632683.5733247
2023-04-28,1264779607.5886722,16858930.408729017,-602188.2625220974,-752593.8781156776,32252.471439624525,171872.376922763,-291.12726460327235,1934085.5258808073,0.0,0,0,0,2,65,47,1281036349.7348795,1281036349.734879,0.009063669208658904,-1966337.9973204136,1281036349.7348793,704569992.3541837,384310904.92046374,1279241592.9872167,574671600.633033,894930688.0667529
2023-05-01,1279241592.9872167,16143898.35728283,13902767.52655859,13764828.318868188,31515.893586498623,170007.09105825878,1586.718745594376,0.0,0.0,0,0,0,2,65,47,1267133597.949755,1297180236.6685083,0.008953848046880842,12076506.308963537,1282156917.3091316,704435138.5520536,384647075.1927395,1309428336.7872758,604993198.2352222,924781261.5945363
2023-05-02,1309428336.7872758,-40033954.75912184,38699750.48354244,40108027.206236094,30061.53860184612,164814.87250336868,6690.032035370914,0.0,0.0,0,0,0,2,65,47,1228433832.3232448,1257146279.5833793,0.008809716577243295,50917791.389715195,1242790055.953312,682816719.5928183,372837016.7859936,1308235575.877633,625418856.2848148,935398559.0916395
2023-05-03,1308235575.877633,14957065.402739327,-10048089.518897174,-9491701.203684501,33135.497754196,166162.99236746735,5388.004858171094,0.0,0.0,0,0,0,2,65,47,1238481930.6891975,1272103345.4615734,0.009631774914045271,41008070.802147865,1255292638.0753856,689570415.5721526,376587791.42261565,1313282967.2609468,623712551.6887941,936695175.8383311
2023-05-04,1313282967.2609468,762981.8675221215,2772712.034816636,1910441.1183132753,33081.33948813481,174372.30077881858,6075.496215441271,0.0,0.0,0,0,0,2,65,47,1235709218.1176121,1272866330.0736196,0.009637608946439877,43919249.75017786,1254287774.0956159,688929347.9536885,376286332.2286847,1316966027.6207917,628036679.6671032,940679695.392107
2023-05-05,1316966027.6207917,30338168.558443163,-48872917.755888715,-48735937.003108785,33658.717640100906,181267.55202184146,-745.0668515122449,0.0,0.0,0,0,0,2,65,47,1284573203.3043883,1303204502.618688,0.009432812641013108,-4806882.912982225,1293888852.9615383,711173086.6459885,388166655.8884615,1298578142.1908762,587405055.5448878,910411486.3024148
2023-05-08,1298578142.1908762,6272003.754465131,-10818873.4039092,-9328748.722730659,32670.730619410573,179091.31478312463,-2403.14076679749,0.0,26241.03489763146,1,0,0,3,64,47,1269151049.6441903,1309476494.7552538,0.009267189296565734,-15504133.979338646,1289313772.199722,708114438.5820706,386794131.6599166,1294149048.9499314,586034610.3678608,907354917.2900147
2023-05-09,1294149048.9499314,-1807417.4277164452,15241752.529300086,8376111.624588092,34457.083385394224,180679.4479714751,-22.73318582798004,0.0,26496.25193764046,0,1,0,2,65,47,1280405536.8057292,1307669096.4312112,0.009687985300101076,-146665.71501922607,1294037316.6184702,711038935.1495216,388211194.98554105,1307703087.4309776,596664152.281456,919491892.4454365
2023-05-10,1307703087.4309776,2052364.5004038778,-12045810.567141391,-9919593.373038292,34357.511746169774,182379.248356933,-1867.154687268437,0.0,0.0,0,0,0,2,65,47,1292451366.308974,1309721443.1251936,0.009569957176759441,-12046159.272699594,1301086404.717084,715165770.6739906,390325921.4151252,1297855795.9461637,582690025.272173,907529874.5310385
2023-05-11,1297855795.9461637,1648310.5436688296,20155816.57601741,19590791.541368525,35777.30432766728,179535.038449194,1192.2836521069446,0.0,0.0,0,0,0,2,65,47,1272295548.0651543,1311005227.794484,0.010123300028477854,8618917.967038155,1291650387.929819,709439971.3681673,387495116.3789457,1319804873.0836234,610364901.7154561,932309756.7046777
2023-05-12,1319804873.0836234,-2752496.1870993553,17258448.656545676,18324908.797996216,33839.67695653301,177099.6807266739,3600.0221250589652,0.0,0.0,0,0,0,2,65,47,1255037107.5118623,1308252729.550386,0.009706711962089729,26024256.325727463,1281644918.531124,703574314.6411552,384493475.5593372,1334457685.5789652,630883370.93781,949964210.019628
2023-05-15,1334457685.5789652,41853148.00892727,-42340413.42087715,-40312202.03518355,35298.749720227206,183062.77482369074,-2506.4675234652304,0.0,0.0,0,0,0,2,65,47,1297295254.6560762,1350105879.6331997,0.009795418470601487,-16170758.215904713,1323700567.144638,726715046.3051229,397110170.14339143,1334115677.7245953,607400631.4194725,937005507.5812039
2023-05-16,1334115677.7245953,-21546007.982956134,37051649.59696509,38146084.05963468,34668.32675133327,177834.37680000026,2908.705767552184,0.0,0.0,0,0,0,2,65,47,1260243615.118112,1328559862.3307528,0.00990332145369391,21026788.68110013,1294401738.7244325,710213050.1181219,388320521.6173297,1349767394.0944204,639554343.9762986,961446872.4770907
2023-05-17,1349767394.0944204,30347155.793606028,-41932155.84830919,-41704986.18447044,35729.99340464637,183751.46788845124,-3217.857126968764,0.0,0.0,0,0,0,2,65,47,1302175756.689812,1358907032.6074014,0.00987792742998878,-20760368.5610888,1330541394.6486068,730379485.1587939,399162418.39458203,1338327197.657074,607947712.49828,939164779.262492
2023-05-18,1338327197.657074,-4796021.39059692,-5408996.02797435,-4459859.547955934,46925.697170391235,184514.73752324053,-4035.539202630075,0.0,0.0,0,0,0,2,65,47,1307584754.1017046,1354110991.332494,0.012919430980171008,-26035736.791161776,1330847872.7170992,730803174.0636349,399254361.81512976,1328255733.7396529,597452559.676018,929001371.9245231
2023-05-19,1328255733.7396529,-12491942.940348782,15483165.607666314,17309093.70572715,42773.282021983156,182329.88763793674,-1614.3042412709794,0.0,0.0,0,0,0,2,65,47,1292101565.9381344,1341619049.1976645,0.011917315119677831,-10414866.072715998,1316860307.5678995,723035232.0808564,395058092.2703698,1331384898.7083452,608349666.6274887,936326806.4379754
2023-05-22,1331384898.7083452,16147774.536891028,-49983822.853909425,-49953859.81041684,36954.949947003486,189383.16082835422,-9339.513694993375,0.0,0.0,0,0,0,2,65,47,1342085391.6969984,1357766822.505853,0.009912768638439094,-60254927.06447339,1349926107.1014256,742067323.1355627,404977832.13042766,1297691939.088513,555624615.9529502,892714106.9580853
2023-05-23,1297691939.088513,-14970519.078152772,10711665.053775258,9151305.183359621,36177.649378321716,187871.6271894166,-7656.9087326598765,0.0,0.0,0,0,0,2,65,47,1331373735.9879918,1342796318.5932078,0.009782342421326905,-49399411.17845082,1337085027.2905998,735111200.4446995,401125508.1871799,1293577122.1332138,558465921.6885142,892451613.9460338
2023-05-24,1293577122.1332138,-14696436.009656396,39738689.305244274,39268782.98719348,38056.681993964616,182264.0562164946,-1475.377243864691,0.0,0.0,0,0,0,2,65,47,1291635044.0538988,1328099881.6104507,0.010607025243622573,-9518562.86364317,1309867462.8321748,719515483.6187823,392960238.8496524,1318762107.4257803,599246623.806998,925801868.5761279
2023-05-25,1318762107.4257803,6825583.906474446,26287392.277983706,27584728.717834115,37012.48197713531,178554.6135972765,2339.5774207448612,0.0,0.0,0,0,0,2,65,47,1265347655.4137707,1334925463.267455,0.010530302446730797,16912607.860806227,1300136559.340613,713335662.440995,390040967.80218387,1352018965.3192794,638683302.8782845,961977997.5170956
2023-05-26,1352018965.3192794,34165599.92048147,-1486795.452315801,-2761856.643874071,34054.55022465108,178764.41304376448,2154.2200891997527,0.0,0.0,0,0,0,2,65,47,1266834423.1447878,1369091039.8936079,0.009677379977125249,15572675.34361267,1317962731.519198,722323086.9168383,395388819.45575935,1384844633.8703535,662521546.9535152,989455814.4145942
2023-05-30,1384844633.8703535,12718509.81225058,-10045482.10074943,-9465277.791374076,34299.05445130576,180157.82972471262,784.8732125222841,0.0,0.0,0,0,0,2,65,47,1276709029.5452075,1381809580.2682061,0.009671475110400523,5673782.259197235,1329259304.9067068,728465103.9306138,398777791.47201204,1387664305.2303405,659199201.2997267,988886513.7583284
2023-05-31,1387664305.2303405,-14052101.594937641,-1794558.8545530457,-3064156.347342778,30402.927140147985,189226.23216828762,-332.74222019671083,2085476.7281786667,30844.34595046379,1,0,0,3,63,47,1340973298.8303847,1371817644.7808495,0.008162022152118685,-2146724.001269102,1356395471.805617,745246400.8443277,406918641.5416851,1369859814.2695284,624613413.4252007,962941172.7278433
2023-06-01,1369859814.2695284,27182261.650490843,-13161027.285997031,-11826126.380264489,31356.81352014274,195530.02893823382,-2353.169516165253,0.0,31525.894686197353,0,1,0,2,64,47,1385645874.3654366,1398999904.7397852,0.00814670838782744,-15181738.813969374,1392322889.5526109,765443738.4945772,417696866.8657833,1384011342.7852378,618567604.2906606,966314475.9194546
2023-06-02,1384011342.7852378,29633782.027196243,-24875306.52359981,-26410129.50307491,30655.489988964837,199040.2137805349,-6183.650594604993,0.0,0.0,0,0,0,2,64,47,1410521200.0195386,1428633682.7640388,0.007824041493225672,-39894519.96519351,1419577441.3917887,780314780.6968713,425873232.4175366,1388932019.3620312,608617238.66516,963058786.9444946
2023-06-05,1388932019.3620312,2934373.001869535,11765228.24596373,10477065.687440595,46552.27327057758,197380.00586400495,-4337.3657076529835,0.0,0.0,0,0,0,2,64,47,1398755947.0677516,1431568072.902097,0.011981231187999502,-27983004.56550312,1415162009.9849243,777518802.3458498,424548602.99547726,1403778110.9767501,626259308.6309004,979229507.9812729
2023-06-06,1403778110.9767501,28927538.02328788,-33422985.924020424,-32696856.406884868,48129.80094511646,202096.36508406996,-9495.465235591531,0.0,0.0,0,0,0,2,64,47,1432178965.1627007,1460495599.311147,0.01209815865314958,-61261066.0360744,1446337282.2369237,794777589.3765969,433901184.6710771,1399427134.174921,604649544.7983241,965525949.503844
2023-06-07,1399427134.174921,-14250047.74215075,-14725232.751742246,-15758204.829002922,34316.458155971886,204174.2560614768,-11752.877087465598,0.0,0.0,0,0,0,2,64,47,1446904176.813615,1446242550.6903923,0.008538177672108049,-75825013.46752,1446573363.7520037,795631890.7166826,433972009.1256011,1370609958.6018462,574978067.8851637,936637949.4762452
2023-06-08,1370609958.6018462,12396854.675990013,-933817.0096336007,-1052620.5789329824,29592.53486517329,204263.23403689725,-11872.379711959438,0.0,0.0,0,0,0,2,64,47,1447534729.395335,1458639401.8750112,0.0073596248401670405,-76595998.1416738,1453087065.635173,798920269.2873533,435926119.69055194,1382235794.5876625,583315525.3003092,946309674.8971105
2023-06-09,1382235794.5876625,-373447.49342529394,23919560.407000676,23803015.049810685,30038.533407881838,200808.63417678766,-8139.688048338662,0.0,0.0,0,0,0,2,64,47,1423053313.0638497,1458265985.4087245,0.007599063174629117,-52514116.440894604,1440659649.236287,791482490.2713361,432197894.7708861,1405944537.9139583,614462047.6426222,973746643.1430721
2023-06-12,1405944537.9139583,-5755441.550554149,-30086423.68891713,-31709927.516204547,28157.742952075518,205054.16635820502,-12777.58154077414,0.0,0.0,0,0,0,2,64,47,1453139761.5935788,1452510524.8720133,0.006975782874202501,-82436009.94047832,1452825143.2327962,799069559.696077,435847542.96983886,1370266791.5163524,571197231.8202754,934419248.5465136
2023-06-13,1370266791.5163524,17516574.005839564,-48870975.02551354,-47809240.84177678,27562.60083631373,211950.40330554338,-20327.051967656836,0.0,0.0,0,0,0,2,64,47,1502010732.086528,1470027098.6549184,0.006606168710451881,-131142270.75907636,1486018915.3707232,818109994.289688,445805674.61121696,1339076451.24718,520966456.957492,893270776.635963
2023-06-14,1339076451.24718,-7730602.671690642,12458564.242807554,13323833.8752628,27204.25403598536,209178.54285995994,-18361.03223503156,0.0,0.0,0,0,0,2,64,47,1482367626.5666454,1462235481.0483356,0.006606681957590921,-118458272.4840746,1472301553.8074903,810269158.2320775,441690466.1422471,1343968026.0748858,533698867.84280837,902277559.9326388
2023-06-15,1343968026.0748858,241222.85417641856,-24671446.080994062,-25696595.195243023,28919.87592590257,212239.03128935365,-22083.699091288312,0.0,0.0,0,0,0,2,64,47,1507022707.3800256,1462240151.7847776,0.006908426317891938,-142731268.81263542,1484631429.5824018,817666850.160202,445389428.8747205,1319699038.3043404,502032188.14413834,874309609.4296198
2023-06-16,1319699038.3043404,-21199360.824835602,8381027.605139007,8933060.202809613,28196.0328119597,211474.99267829946,-20799.183757034727,0.0,0.0,0,0,0,2,64,47,1498641680.3973978,1441040791.3552818,0.006773181304829214,-134188282.30344987,1469841235.87634,809852701.9580398,440952370.76290196,1307043184.8607533,497190482.90271354,866090814.0978513
2023-06-20,1307043184.8607533,-8749008.647289375,10595195.11109585,12725661.345225109,26491.06766879629,209434.35256970662,-19008.437015815427,0.0,938.2863905964454,1,0,0,3,63,47,1487107828.897325,1431717190.1876197,0.006412974348899831,-122855248.21711946,1459412509.5424724,804061646.2161024,437823752.8627417,1309052367.886054,504990721.6699517,871228615.0233123
2023-06-21,1309052367.886054,177306.78509008815,30129248.652804535,29589253.18270953,27792.5517565018,205323.7794298896,-14290.53319202546,0.0,941.7573199650861,0,1,0,2,64,47,1457920327.3128254,1431692701.5665627,0.006862733473770827,-92362512.55169058,1444806514.439694,795299273.5854883,433441954.33190817,1339521222.2611098,544221948.6756215,906079267.9292016
2023-06-22,1339521222.2611098,-4457349.310418512,10393991.248985058,11561030.446354868,27078.409957646625,203859.95717285143,-12656.984624017092,0.0,0.0,0,0,0,2,64,47,1447526323.1208384,1427235354.275287,0.006734404362150597,-81804568.48556828,1437380838.6980627,791066735.5050733,431214251.6094188,1345621988.7622674,554555253.257194,914407737.1528485
2023-06-23,1345621988.7622674,-25526075.241970766,38995750.23473844,39487883.27025879,25877.86876944037,198368.05801650262,-6597.892061630364,0.0,0.0,0,0,0,2,64,47,1408530589.4662907,1401709253.4300165,0.006614008120710036,-42643467.543751,1405119921.4481535,772986490.1973913,421535976.43444604,1359257556.0522203,586271065.8548291,937721579.6177742
2023-06-26,1359257556.0522203,-19334581.066951554,-4674870.704757924,-4912799.7575846715,41293.712722812015,199026.43513302298,-7297.91901138772,0.0,0.0,0,0,0,2,64,47,1413205456.5658436,1382374689.2769368,0.010519161606081514,-47167878.709148645,1397790072.92139,769555309.2889873,419337021.876417,1335398539.0839097,565843229.7949225,916061517.2074928
2023-06-27,1335398539.0839097,14033446.46318778,-32686850.211917996,-33878079.050410494,40153.66119336254,203628.93003942486,-12331.848792171908,0.0,0.0,0,0,0,2,64,47,1445885893.771064,1396408133.652117,0.009997551045960553,-79703151.97813082,1421147013.7115905,782867801.5443485,426344104.1134772,1316896278.7552335,534028477.21088505,890552174.6417563
2023-06-28,1316896278.7552335,22936755.06445791,-3609861.266916152,-4883781.554182953,39413.8417804635,204137.31951587106,-12866.875074187079,0.0,0.0,0,0,0,2,64,47,1449495759.8760073,1419344890.2497265,0.009788909656541951,-83161131.53873158,1434420325.062867,789684950.5252337,430326097.51886004,1336375029.1554368,546690078.630203,906048931.6365767
2023-06-29,1336375029.1554368,-15843528.064277872,-17430953.825852793,-17623001.051841613,27506.604724057033,206517.51133427484,-15538.491614756053,0.0,0.0,0,0,0,2,64,47,1466396530.1841998,1403501352.712865,0.006752864928981145,-100428312.05228329,1434948941.4485326,790794297.2334762,430484682.43455976,1303264019.6803014,512469722.44682527,872779337.2457416
2023-06-30,1303264019.6803014,26039205.8176394,-6497976.202856706,-5673167.766316867,33307.70760151203,186662.51851163962,-383.91836223578565,2443584.95198395,0.0,0,0,0,2,54,48,1322805249.295084,1322805249.2950842,0.009064656148691697,-2476892.6595857143,1322805249.295084,727542887.1122962,396841574.78852516,1320514635.235648,592971748.1233517,923673060.4471228
2023-07-03,1320514635.235648,2768453.6697984748,-25836554.237269323,-24541351.004610505,39796.647212273005,190308.3423449854,-4365.8809872171305,0.0,0.0,0,0,0,2,54,48,1348641796.145566,1325573712.1320431,0.010623126939536076,-28166974.111078262,1337107754.1388044,735985966.8766806,401132326.24164134,1297592680.4823227,561606713.6056421,896460354.2406814
2023-07-05,1297592680.4823227,-4581257.013112248,-1267105.728363331,-1205708.030023475,40915.26361836499,190487.14751267666,-4539.804581033361,0.0,0.0,0,0,0,2,54,48,1349908919.3811731,1320992464.290347,0.01091147313061959,-29289061.813118458,1335450691.83576,735220791.8869387,400635207.550728,1291889349.8201604,556668557.9332217,891254142.2694323
2023-07-06,1291889349.8201604,-21356006.562234327,32187398.887359753,33524844.178503547,40377.561343868896,185945.14698849237,421.075210608842,0.0,0.0,0,0,0,2,54,48,1317721514.0916784,1299636447.3988178,0.011031103255388978,3043917.185124159,1308678980.745248,720225566.0772079,392603694.2235744,1302866730.8061411,582641164.7289332,910263036.5825667
2023-07-07,1302866730.8061411,15517002.87866086,-38010047.925340384,-42504097.183544554,41984.73296995988,191308.7881036006,-5397.370068631244,0.0,0.0,0,0,0,2,54,48,1355731569.2381146,1315153443.4047577,0.011148596235521394,-34821742.378266096,1335442506.3214362,735507831.6226238,400632751.89643085,1280517612.4445267,545009780.8219029,879884860.5480958
2023-07-10,1280517612.4445267,43190613.18986449,-28858081.95789579,-39741787.13068706,43529.580512167195,194996.37672844453,-9827.236433122729,0.0,0.0,0,0,0,2,54,48,1384589657.2433932,1358321966.2669737,0.011317901229725487,-63515352.170990705,1371455811.7551835,754957388.7397614,411436743.526555,1294991783.2362783,540034394.496517,883555039.7097232
2023-07-11,1294991783.2362783,6330676.622334098,-34040213.511462085,-34932578.57286302,43019.566334625044,200184.43695850438,-15099.079980439989,0.0,0.0,0,0,0,2,54,48,1418629868.2098737,1364652646.0094607,0.010916902447576161,-97413419.22864509,1391641257.1096673,766752121.9653273,417492377.1329002,1267424312.1377938,500672190.1724665,849931935.0048935
2023-07-12,1267424312.1377938,10320818.726235593,-8410875.847159876,-10683924.608223934,40227.422767781914,201371.30830920555,-16380.313066893881,0.0,0.0,0,0,0,2,54,48,1427040767.545551,1374973466.7353525,0.01014818393822742,-105679439.14125085,1401007117.140452,771855596.9475034,420302135.14213556,1269479018.589344,497623421.6418406,849176883.4472084
2023-07-13,1269479018.589344,27365522.37892806,-25016681.764685705,-22438991.09380557,43473.50217980537,204901.43521584707,-20235.96310176365,0.0,0.0,0,0,0,2,54,48,1452057414.9154518,1402338986.3579462,0.010778128071224512,-130554600.65653968,1427198200.636699,786201971.0641221,428159460.1910097,1271969051.1735206,485767080.1093985,843809590.9825108
2023-07-14,1271969051.1735206,-21777153.25047568,38010703.357838325,38326811.24090084,44066.53149032826,199537.70051952393,-14322.511269900811,0.0,0.0,0,0,0,2,54,48,1414046696.5950515,1380561833.264882,0.011218831297946331,-92403298.5154891,1397304264.929967,769354467.2947359,419191279.4789901,1288343749.9386425,518989282.6439066,869152470.4596524
2023-07-17,1288343749.9386425,20714563.34611625,-9554876.740862675,-6258501.458245949,43486.48172548604,200886.0017796833,-15781.547314635582,0.0,0.0,0,0,0,2,54,48,1423601587.4150786,1401276384.350142,0.01099685021397101,-101816434.2879715,1412438985.8826103,777399572.3120592,423731695.7647831,1299645054.5166357,522245482.2045765,875913358.7518525
2023-07-18,1299645054.5166357,12667785.896160036,-7970465.934459359,-10954248.833274014,43630.458461203,202010.72492559196,-16995.04521790964,0.0,0.0,0,0,0,2,54,48,1431572066.4018328,1413944197.038647,0.010971829790945528,-109645453.01877189,1422758131.7202399,782957669.1802115,426827439.516072,1304483759.6995828,521526090.5193713,877656320.1835108
2023-07-19,1304483759.6995828,-5530963.0745126,-24976423.74794184,-40916014.27969258,44015.29558883272,205535.17398623365,-20844.532792708465,0.0,0.0,0,0,0,2,54,48,1456548477.0677974,1408413214.308691,0.010878804695796076,-134480856.7271514,1432480845.6882443,789067846.6975119,429744253.7064733,1274117048.2227333,485049201.52522135,844372794.5162599
2023-07-20,1274117048.2227333,-38805156.48919225,9292755.756684948,18680254.71021734,47528.97611939941,204223.86461734938,-19382.89588029687,0.0,0.0,0,0,0,2,54,48,1447255733.5087752,1369608059.6773121,0.01182267308176468,-125050941.16320562,1408431896.5930438,776578734.9719605,422529568.97791314,1244741959.4828436,468163224.5108831,822212390.5049305
2023-07-21,1244741959.4828436,-6539385.896343468,6284043.215272067,6920540.523373489,52437.31059573573,203337.11662919918,-18388.347793206853,0.0,0.0,0,0,0,2,54,48,1440971692.6478684,1363068681.3828335,0.013100487615947886,-118634501.89165711,1402020187.0153508,773058678.1400689,420606056.10460526,1244619128.2600124,471560450.1199435,824013072.1554072
2023-07-24,1244619128.2600124,-9793494.634581823,-14733016.437118733,-14230485.163197007,52809.29957147142,201824.53354275943,-20655.42883697968,0.0,25452.095581436995,1,0,0,3,53,48,1430252599.9093187,1353275186.9994793,0.013292300847371347,-133260831.20632052,1391763893.454399,767394576.7226654,417529168.03631973,1220195524.8978646,452800948.17519915,802666356.8615448
2023-07-25,1220195524.8978646,15988186.455819033,22919925.960438132,24554529.9150383,51755.07795256142,202127.07700022284,-17086.66656292077,0.0,25063.937203416855,0,1,0,2,54,48,1432396608.6629965,1369263376.7694223,0.013007450555410844,-110236558.4704566,1400829992.7162094,772034826.7912545,420248997.8148628,1259211858.709403,487177031.9181485,838962860.8945403
2023-07-26,1259211858.709403,2381438.3730860073,-36050436.60174364,-34980071.06436105,48469.43868863384,207214.1967118006,-22653.316651129302,0.0,0.0,0,0,0,2,54,48,1468447063.311973,1371644821.0493426,0.011882619648918949,-146150430.00728583,1420045942.1806579,783445324.2559276,426013782.65419734,1225678951.9221175,442233627.6661899,799665169.2679201
2023-07-27,1225678951.9221175,-20929574.886255212,34891092.83642646,38210771.335961394,35289.3205975669,212245.9244367847,-17993.654428979116,0.0,0.0,0,0,0,2,54,48,1433555962.4248123,1350715225.0531058,0.008861987775932674,-111110044.50141478,1392135593.738959,767745594.9907202,417640678.1216877,1239799432.821699,472053837.83097875,822158754.7000113
2023-07-28,1239799432.821699,40583839.76987241,-37978740.18064926,-41398667.2012189,37882.55410077557,217868.8835531439,-24118.7806948912,0.0,0.0,0,0,0,2,54,48,1471534673.154443,1391299086.394743,0.00926768476820517,-148932436.53792167,1431416879.7745929,789285173.5450187,429425063.9323779,1242560399.9596796,453275226.41466093,813135336.0273018
2023-07-31,1242560399.9596796,28979894.462991133,-30333143.31121348,-34696992.503796086,37734.90918722513,183767.6143173353,-328.60003428611793,1991356.211619395,0.0,0,0,0,1,65,48,1241207151.1114578,1241207151.1114569,0.010944641509063609,-2029091.1208062172,1241207151.1114573,682663933.1113015,372362145.3334372,1239361499.0049336,556697565.893632,866999353.6714964
2023-08-01,1239361499.0049336,-28526346.77303165,32204540.009674396,32919746.8820519,36791.172650807355,178999.5519247514,4405.125029856378,0.0,0.0,0,0,0,1,65,48,1209002602.118396,1212680816.7333941,0.010955164307407839,30322084.335531473,1210841709.4258952,665870984.8188673,363252512.82776856,1243186305.7458801,577315320.9270128,879933792.9181116
2023-08-02,1243186305.7458801,-27166063.66648764,31049394.44404481,31340840.66640287,32544.027566578665,174402.51683457664,8937.829203839045,0.0,0.0,0,0,0,1,65,48,1177953209.3892608,1185514749.9837854,0.00994593828564948,61522342.5120852,1181733979.686523,649764650.3127246,354520193.90595686,1247220432.841909,597455782.5291843,892700238.9359521
2023-08-03,1247220432.841909,-6945096.376015459,-9810251.741756415,-9208481.564809464,32243.130042873076,175854.97562463523,7534.566982010461,0.0,0.0,0,0,0,1,65,48,1187763437.614797,1178569665.4272919,0.009772591450317685,51863176.16680241,1183166551.5210445,650971447.641262,354949965.4563133,1230616231.1367009,579644783.4954388,875666265.6803875
2023-08-04,1230616231.1367009,8482943.730008224,15400695.986566696,15536344.655931983,30026.695402538706,173574.81854306674,9794.22869983843,0.0,0.0,0,0,0,1,65,48,1172362751.885629,1187052591.1570733,0.009220363174732186,67417253.0007999,1179707671.521351,648471973.354957,353912301.45640534,1254653213.205116,606181239.850159,900740911.7487106
2023-08-07,1254653213.205116,-3676172.9903497924,20191473.2656816,21153517.444091957,32339.21951420521,170568.79040760783,12749.542383951924,0.0,0.0,0,0,0,1,65,48,1152059372.3590772,1183376417.8895628,0.010105485276574115,87759756.37137079,1167717895.12432,641461916.1801138,350315368.537296,1271319492.5937252,629857576.4136114,921004124.0564291
2023-08-08,1271319492.5937252,-864925.471378175,-9303307.93423199,-8414164.494267195,33083.6253653241,171946.19573664386,11419.800772435749,0.0,0.0,0,0,0,1,65,48,1161362672.892904,1182511516.3260984,0.0102552849419976,78606659.23665142,1171937094.6095014,644036680.9493959,351581128.3828504,1261301541.559259,617264860.609863,909720413.1764085
2023-08-09,1261301541.559259,-19840113.874635417,8347495.257059741,8465178.204151522,33102.1100907073,170710.3028145829,12654.336979270023,0.0,0.0,0,0,0,1,65,48,1153015178.4849875,1162671398.029734,0.010335301611825033,87104422.80185866,1157843288.2573607,636572403.0529296,347352986.4772082,1249959185.4713864,613386782.4184568,902606198.9941783
2023-08-10,1249959185.4713864,2757111.305075946,15911745.08253684,14208011.266292732,33805.86481574166,168289.86278188217,14987.690631037689,0.0,0.0,0,0,0,1,65,48,1136666990.646859,1165428487.8646698,0.010706839763809081,103165748.12951374,1151047739.2557645,632357219.1602252,345314321.77672935,1268777513.5475965,636420294.3873713,923463191.7708671
2023-08-11,1268777513.5475965,-9739086.676872946,4978614.2726543415,5702618.029491486,33481.51236983001,167552.75017193722,15732.732482900408,0.0,0.0,0,0,0,1,65,48,1131688368.8911333,1155689416.345269,0.01065076286411698,108294143.28573895,1143688892.6182013,628428864.7536572,343106667.78546035,1264166845.1136627,635737980.3600055,921060177.3282024
2023-08-14,1264166845.1136627,17436980.83505439,22252753.848219592,22138075.238479827,33148.618727752655,164258.1064195809,19019.308512934374,0.0,0.0,0,0,0,1,65,48,1109435615.591916,1172906584.8176665,0.010756372496320199,130916846.36054254,1141171100.2047913,626057330.8819914,342351330.06143737,1304006708.5931416,677949377.7111502,961655378.5317042
2023-08-15,1304006708.5931416,-12118813.43115715,16559140.069117356,16252982.110893432,32955.155805088354,161806.39576464132,21446.821469162598,0.0,0.0,0,0,0,1,65,48,1092876219.048234,1160787775.507447,0.010855626541278227,147626304.56784964,1126831997.2778406,618059809.591332,338049599.1833522,1308597333.2925305,690537523.7011986,970547734.1091783
2023-08-16,1308597333.2925305,-31844468.30999562,9662120.75134381,9755496.724678567,32413.44274191968,160375.86686113194,22872.426374533738,0.0,0.0,0,0,0,1,65,48,1083214110.1314728,1128943308.5276158,0.01077242188589549,157439263.76352096,1106078709.3295443,607200060.1713457,331823612.7988633,1286565820.5843725,679365760.4130268,954742207.7855092
2023-08-17,1286565820.5843725,-29652437.42287425,7298474.871635799,6570043.07472746,33199.725732262465,159181.9660867715,23954.531118432657,0.0,0.0,0,0,0,1,65,48,1075150239.9856987,1099290872.4061444,0.01111649406670222,164887785.90125728,1087220556.1959214,597367790.0972457,326166166.8587764,1264361794.804607,666994004.7073612,938195627.9458306
2023-08-18,1264361794.804607,11768160.57551629,184032.83161239314,749394.0973093673,32679.804289106207,159154.3778721021,24003.126289245105,0.0,0.0,0,0,0,1,65,48,1074963903.0761118,1111059024.1984935,0.01094430195322126,165222284.2089529,1093011463.6373026,600253926.9724569,327903439.09119076,1276464465.9116077,676210538.9391508,948561026.8204169
2023-08-21,1276464465.9116077,20851324.67924331,1977828.578296594,-358522.4823036622,31808.83264242588,158861.5486760366,24312.448288180203,0.0,0.0,0,0,0,1,65,48,1072986069.8569075,1131910349.8442516,0.010672253883781027,167351460.49225378,1102448209.8505795,604873408.4181352,330734462.95517385,1299444984.3334696,694571575.9153345,968710521.3782958
2023-08-22,1299444984.3334696,716270.8351457701,14487893.686664108,11524584.49494094,31315.949124363513,156716.53760318563,26561.863504125005,0.0,0.0,0,0,0,1,65,48,1058498190.1903719,1131782825.994396,0.010650695286255774,182835006.91175914,1095140508.0923839,600495163.5557106,328542152.4277151,1314801111.3072624,714305947.7515519,986258958.8795474
2023-08-23,1314801111.3072624,24253135.17766144,-10692908.414070662,-10124277.860213267,31076.37423553433,154317.33110628757,25026.62340617927,0.0,26897.68673583355,1,0,0,2,64,48,1042293418.3539122,1156035975.363141,0.010733536764014782,172267388.64674067,1099164696.8585267,601697019.3469589,329749409.057558,1328482707.964394,726785688.6174352,998733298.906836
2023-08-24,1328482707.964394,-36584947.87434287,34140662.097757734,35964517.46048907,29900.491911950212,153165.58626820796,30004.383814726956,0.0,26361.553138339757,0,1,0,1,65,48,1034514278.734613,1119451028.7220762,0.010405054149149584,206531131.42068267,1076982653.7283444,590217040.8009028,323094796.11850333,1326165330.1128418,735948289.311939,1003070533.9943385
2023-08-25,1326165330.1128418,4345127.723863055,-13265997.870568704,-12575608.167877944,29206.668021777157,155129.69026289886,28099.495714127577,0.0,0.0,0,0,0,1,65,48,1047780271.9445326,1123796162.3404486,0.010034928858057743,193419090.95766592,1085788217.1424906,595283122.1684719,325736465.14274716,1317398482.4840915,722115360.3156196,991662017.3413444
2023-08-28,1317398482.4840915,8945708.04377456,-8153776.450495477,-8744889.480754307,35869.59695367564,156267.96110874074,26936.341005299102,0.0,0.0,0,0,0,1,65,48,1055468405.2372732,1132741872.1686068,0.01223443055163771,185412672.31181026,1094105138.70294,599825989.6133337,328231541.610882,1318337748.782531,718511759.1691973,990106207.171649
2023-08-29,1318337748.782531,33362403.63028775,-23458487.5148308,-22901124.41426377,36679.92464485809,159741.11902920026,23549.629511725147,0.0,0.0,0,0,0,1,65,48,1078926882.7488198,1166104284.70143,0.012238802353785692,162100700.27191305,1122515583.7251248,615204136.0000035,336754675.11753744,1328388275.721884,713184139.7218806,991633600.6043465
2023-08-30,1328388275.721884,15053228.608580587,-6301322.93351938,-6333191.1226983145,34546.729114344926,160646.91666547555,22655.799323985844,0.0,0.0,0,0,0,1,65,48,1085044840.5172834,1181157494.0055957,0.011462035500058268,155948140.66223526,1133101167.2614396,620802825.656584,339930350.17843187,1337288937.3838203,716486111.7272363,997358587.2053884
2023-08-31,1337288937.3838203,-3737184.724752208,5448480.086658082,6237982.5241705375,34788.346760158776,198246.42334818657,-334.79378925126616,2032548.9453576764,0.0,0,0,0,1,65,48,1339000232.7457254,1339000232.7457259,0.009353101311996119,-2067337.2921175957,1339000232.7457256,736450128.010149,401700069.82371765,1337130807.0831673,600680679.0730183,935430737.2594497
2023-09-01,1337130807.0831673,6556207.954775052,-17924591.850197386,-18220830.5304816,35559.879547497294,200900.2599589708,-3211.2880755370006,0.0,0.0,0,0,0,1,65,48,1356924832.7435176,1345556429.469318,0.009434241549855064,-19829566.161120415,1351240631.1064177,743466557.1903847,405372189.3319253,1325924552.280081,582457995.0896963,920552362.9481558
2023-09-05,1325924552.280081,-16055345.514291633,4439684.409746649,1945230.5868158417,35727.09147579828,200242.9411561829,-2466.075727641109,0.0,0.0,0,0,0,1,65,48,1352485156.0267513,1329501075.9528563,0.009509718368423244,-15227911.868795872,1340993115.9898038,738120815.7962394,402297934.7969411,1314470940.9494889,576350125.1532495,912173006.1525478
2023-09-06,1314470940.9494889,-2166191.3952193656,24355057.39854455,21949883.242626786,35087.86972668488,196635.75793964262,1349.9369839994592,0.0,0.0,0,0,0,1,65,48,1328121441.9938338,1327332609.8242002,0.009510902167683853,9292109.258887291,1327727025.909017,730269585.0542002,398318107.77270514,1336822704.778011,606553119.7238109,938504597.005306
2023-09-07,1336822704.778011,-22118004.090473503,19233815.03946813,20601436.9197635,34783.61449369753,193742.7116400807,4167.893411398659,0.0,0.0,0,0,0,1,65,48,1308581166.7997944,1305214599.6439936,0.009569220110629125,28689132.468518496,1306897883.221894,718877999.9509368,392069364.9665682,1334101642.7175636,615223642.7666268,942032277.7509954
2023-09-08,1334101642.7175636,1636926.6800152068,-4407490.089815584,-3813524.232415998,35242.87179150225,194324.43444952674,3551.214252074955,0.0,0.0,0,0,0,1,65,48,1312510251.4414566,1306851531.832779,0.00966654076111551,24444304.603192806,1309680891.6371179,720465958.3906317,392904267.49113536,1331493712.0846734,611027753.6940417,938589444.593538
2023-09-11,1331493712.0846734,2891158.3250419437,-29124461.52358135,-25313061.86196103,34861.36029047344,198636.4733426564,-731.5251719235682,0.0,0.0,0,0,0,1,65,48,1341634716.7609062,1309742684.0934675,0.009354326887776118,-4517136.567624092,1325688700.427187,729926086.0516387,397706610.12815607,1305423452.474014,575497366.4223753,907716842.345858
2023-09-12,1305423452.474014,-13662522.45520026,17282491.632295612,16726169.19276227,33946.41568331033,195191.3446605992,1889.3044575379897,0.0,0.0,0,0,0,1,65,48,1318365554.9308765,1296004702.6787593,0.009269591123861293,13004772.556666851,1307185128.804818,719510842.1489527,392155538.64144534,1309206555.8845444,589695713.7355917,917051017.243099
2023-09-13,1309206555.8845444,-16653690.094075983,33861369.40858345,34862263.183743045,35372.82491247235,190177.98260173906,6839.832350080926,0.0,0.0,0,0,0,1,65,48,1284504197.6852918,1279297798.3965268,0.009913721567774888,47081063.977612495,1281900998.0409093,705175708.9047192,384570299.41227275,1326575880.1890912,621400171.284372,942005580.7768185
2023-09-14,1326575880.1890912,17729954.109950457,-20576598.34845302,-22036271.593786255,34594.90342512619,193207.55242543353,3874.1046450651243,0.0,0.0,0,0,0,1,65,48,1304966582.9860427,1297027763.9492009,0.009543666018288096,26666877.097962618,1300997173.4676218,715746915.883113,390299152.04028654,1323891722.704234,608144806.8211209,933592570.6639473
2023-09-15,1323891722.704234,-25669727.915123064,4758253.168881213,5482446.893099991,32537.134111888543,192503.06848819918,4589.277391498572,0.0,0.0,0,0,0,1,65,48,1300208342.5094128,1271358038.5305822,0.009008839504654292,31589672.293298006,1285783190.5199976,707902012.3854694,385734957.15599924,1303144803.16976,595242790.7842906,917409846.0137608
2023-09-18,1303144803.16976,-13122892.714181168,49648937.864390165,49658631.2742802,31319.93338940235,185152.26820989946,11826.245763800505,0.0,0.0,0,0,0,1,65,48,1250559410.0481014,1258235159.8403428,0.009016105855979409,81404368.54623675,1254397284.944222,689726612.9745162,376319185.4832666,1339836506.9005532,650109893.9260371,963517321.4172866
2023-09-19,1339836506.9005532,-13120362.097162932,9113249.58828646,8179265.885668923,31499.903228107356,183802.99883568197,13241.999645329362,0.0,0.0,0,0,0,1,65,48,1241446145.9820921,1244648374.9412484,0.009134480137394721,91149519.5472002,1243047260.4616704,683595937.5299397,372914178.1385011,1335994939.4869297,652399001.95699,963080761.3484285
2023-09-20,1335994939.4869297,-22883457.150565658,16783349.632859327,18308263.000153042,30442.76556547065,181318.13177152094,15724.637174012178,0.0,0.0,0,0,0,1,65,48,1224662803.7100852,1221625968.8854096,0.008948908687655256,108238420.31824827,1223144386.2977474,672805333.334378,366943315.8893242,1330061431.9726033,657256098.6382253,963118116.0832791
2023-09-21,1330061431.9726033,-37989758.570122324,39748473.017536364,39755723.698127955,28883.43441701784,175433.15181219534,21523.632730864167,0.0,0.0,0,0,0,1,65,48,1184914346.1986928,1183636238.4519272,0.008775348550284851,148155024.53367305,1184275292.32531,651383363.4725896,355282587.697593,1331988219.7701433,680604856.2975537,976705632.0725503
2023-09-22,1331988219.7701433,-6173827.95134245,3233503.641198559,2256710.9593150537,30173.514529038814,174954.41280597137,22017.618726426885,0.0,0.0,0,0,0,1,65,48,1181680836.963409,1177462411.4002757,0.00919238502535717,151555310.54519463,1179571624.1818423,648869853.9390917,353871487.25455266,1329214693.9770026,680344840.0379109,975343206.72245
2023-09-25,1329214693.9770026,-2074370.703515683,2551839.9981978904,1989788.112307725,30055.827431254682,174576.59718335498,22415.57498024417,0.0,0.0,0,0,0,1,65,48,1179128986.6042738,1175367518.6701064,0.009176347963772861,154294588.77414727,1177248252.63719,647580575.6488087,353174475.791157,1329859099.6164172,682278523.9676085,976684623.8252602
2023-09-26,1329859099.6164172,-10180587.761996817,21249624.924023066,21459888.82118255,29558.447800561356,171394.27327010388,25526.996750716153,0.0,0.0,0,0,0,1,65,48,1157634866.364679,1165186937.2167265,0.009192053139880065,175711641.11391616,1161410901.7907028,638587194.2135854,348423270.5372108,1341095499.6006634,702508305.387078,992672229.0634526
2023-09-27,1341095499.6006634,20267259.481027886,-7106408.112346507,-7214479.491415788,29808.59338552571,172446.41778688304,24518.87149029622,0.0,0.0,0,0,0,1,65,48,1164741283.3635628,1185454195.5976298,0.009213285192227225,168772346.7783296,1175097739.4805963,645785933.9084764,352529321.84417886,1354423507.6652365,708637573.7567601,1001894185.8210576
2023-09-28,1354423507.6652365,18664379.638831265,-1118500.3403145752,-1012902.0948528457,25006.24939344891,172610.99742246995,24381.359599203213,0.0,0.0,0,0,0,1,65,48,1165852890.6583335,1204118578.501871,0.007721600086746984,167825802.21248865,1184985734.5801024,650785511.8229678,355495720.3740307,1372141373.0713813,721355861.2484136,1016645652.6973506
2023-09-29,1372141373.0713813,-1545881.171618192,-6901765.215376766,-7013356.249643385,30435.55680925191,201902.43231188288,-350.7694549837721,2135550.7861437267,0.0,0,0,0,3,57,46,1363693726.684387,1363693726.6843863,0.008034649010207355,-2165986.3429529667,1363693726.6843867,750031549.6764126,409108118.005316,1361729292.00429,611697742.3278775,952621173.9989741
2023-10-02,1361729292.00429,-10976555.737683063,45269745.64987127,45652225.65838174,29503.10401281213,195199.99760143773,6287.010426578961,0.0,0.0,0,0,0,3,57,46,1318423998.8089602,1352717190.0253065,0.008055919381175773,43275788.787159204,1335570594.4171333,733706497.1490147,400671178.32514,1396194465.8204937,662487968.671479,995523287.4953537
2023-10-03,1396194465.8204937,-54460327.65586672,26441619.400532085,23681314.013122607,28991.969761696462,191285.16533410066,10153.447338810072,0.0,0.0,0,0,0,3,57,46,1291982354.97704,1298256879.515634,0.008078368155729347,69889886.07976341,1295119617.246337,712158926.3720205,388535885.1739011,1368348204.2080703,656189277.8360498,979812319.0341692
2023-10-04,1368348204.2080703,10968057.635497192,-5225813.327460971,-3298694.0302443085,28997.320587164235,192058.87791971894,9419.307092243282,0.0,0.0,0,0,0,3,57,46,1297208181.0712726,1309224920.5414548,0.00804730926284959,64836530.654064655,1303216550.8063636,716468684.4567454,390964965.2419091,1374262929.3805313,657794244.9237859,983297964.1386223
2023-10-05,1374262929.3805313,3162097.388946904,12594659.032861399,12998262.514726825,28774.60022329737,190194.16721296232,11274.122651092164,0.0,0.0,0,0,0,3,57,46,1284613512.1325784,1312387007.676434,0.008063791936292483,77603903.52568221,1298500259.9045062,713480805.558882,389550077.97135186,1390192379.4919803,676711573.9330983,1000642301.5206285
2023-10-06,1390192379.4919803,30666677.77554259,-13599183.778188389,-14980257.042827925,64012.17853542577,192207.6028314671,9318.431869913924,0.0,0.0,0,0,0,3,57,46,1298212702.051185,1343053691.6517358,0.017750854106066742,64142169.65906334,1320633196.8514605,725227233.5282893,396189959.0554381,1407397387.3455005,682170153.8172112,1011207428.2900624
2023-10-09,1407397387.3455005,163831.05048451992,1841608.2099878844,5618560.880951119,28708.29218409119,191934.94455038544,9611.082722143212,0.0,0.0,0,0,0,3,57,46,1296371107.6573877,1343217525.962516,0.007972242766925519,66156592.35127258,1319794316.8099518,724715713.7878454,395938295.0429855,1409575664.341061,684859950.5532157,1013637369.2980757
2023-10-10,1409575664.341061,21651373.466345195,-47085659.44073155,-46328950.479683526,29696.615006330434,198906.2356656271,2795.550792205155,0.0,0.0,0,0,0,3,57,46,1343456751.2124906,1364868884.7116327,0.007957666960719326,19242797.040035486,1354162817.9620616,744254246.5416553,406248845.38861847,1384313383.538126,640059136.9964707,978064538.1495075
2023-10-11,1384313383.538126,7455501.468925119,-5879561.703755158,-6311150.771758524,28873.28885300169,199776.73817859686,1982.8437442932243,0.0,0.0,0,0,0,3,57,46,1349336317.904219,1372211812.3864207,0.007703330777626367,13648637.628022194,1360774065.14532,747853848.4678708,408232219.54359597,1386062209.596366,638208361.1284951,977829990.0527699
2023-10-12,1386062209.596366,-29989630.377074722,39716634.810885504,43256952.25443015,27401.856486205463,193896.46957422482,7778.115677242474,0.0,0.0,0,0,0,3,57,46,1309619681.927222,1342222201.3934362,0.0075324679914074225,53539610.780254126,1325920941.660329,728441454.9265256,397776282.49809873,1395963486.758942,667522031.8324163,998187204.2608432
2023-10-13,1395963486.758942,-14828031.842802873,7630839.215715394,9186136.28393751,27610.170624593808,189091.9355298012,8908.392109565486,0.0,24820.04383278311,1,0,0,4,56,46,1277168795.3232353,1327394147.675646,0.007782574598793079,61319716.241750956,1302281471.4994407,714999175.515882,390684441.4498322,1388911864.2450364,673912688.7291543,998227422.7952042
2023-10-16,1388911864.2450364,13985806.451854458,-18027788.51509308,-22359946.43358031,28328.092530840833,195744.43549154667,6310.095706679112,0.0,26904.66696402588,0,1,0,3,57,46,1322101252.8509717,1341379956.2214525,0.007713564516417743,43434693.20085049,1331740604.536212,731975364.9106545,399522181.36086357,1385016703.9535012,653041339.0428467,985494522.5926377
2023-10-17,1385016703.9535012,12289841.480996044,-22094265.89507905,-19328997.807777204,28586.144502206975,199015.6129095352,3125.4885304419436,0.0,0.0,0,0,0,3,57,46,1344195509.3326955,1353669814.4090824,0.007655889302816765,21513878.985833645,1348932661.870889,741676106.4020792,404679798.56126666,1375385834.496356,633709728.0942768,970706035.9350893
2023-10-18,1375385834.496356,-40322837.243213065,51115520.32583603,48113024.922042325,27041.700268372395,191447.67853080755,10576.877255138286,0.0,0.0,0,0,0,3,57,46,1293080005.0861297,1313346967.047931,0.00752854584273432,72804508.83077979,1303213486.0670304,716260743.2878217,390964045.8201091,1386353500.4344966,670092757.146675,995389454.6143875
2023-10-19,1386353500.4344966,-13741917.557543514,26610813.026497334,28353979.062764805,25154.87286171143,187461.34583651452,14486.942514501152,0.0,0.0,0,0,0,3,57,46,1266155431.5411863,1299478325.0607913,0.0071521663175217656,99718915.96979761,1282816878.3009887,704716210.7275537,384845063.4902966,1399399189.31894,694682978.5913862,1014554125.8286433
2023-10-20,1399399189.31894,-28098405.494014837,33815248.56165212,33037227.72629727,25211.005969776637,182454.8074979922,19425.226565731064,0.0,0.0,0,0,0,3,57,46,1232340163.213456,1271379892.8210819,0.0073648189193583295,133710928.55952549,1251860028.017269,687547022.1693072,375558008.40518063,1405292701.4146712,717745679.245364,1029734693.0094905
2023-10-23,1405292701.4146712,-4939085.617531525,18267678.491741363,19024409.78658033,25321.485810959926,179750.17859541872,22104.760981977914,0.0,0.0,0,0,0,3,57,46,1214072500.8320963,1266440830.2884994,0.007508394173904657,152155142.5145707,1240256665.560298,680831957.8217537,372076999.6680894,1418797827.7426474,737965869.9208937,1046720828.074558
2023-10-24,1418797827.7426474,20171602.662780523,-23894492.996996336,-22556163.658768866,25638.95701008213,183287.8897096345,18659.0235036603,0.0,0.0,0,0,0,3,57,46,1237966984.9055989,1286612425.3860734,0.007455792146454861,128436873.06534815,1262289705.145836,693043201.818198,378686911.5437508,1415251245.3646348,722208043.5464368,1036564333.820884
2023-10-25,1415251245.3646348,-43420506.02007646,28529668.960087355,30823724.946551293,24957.201254053212,179063.91557983603,22829.462855066995,0.0,0.0,0,0,0,3,57,46,1209437328.4942021,1243191920.9346702,0.007428737512712075,157143530.1687212,1226314624.714436,673629178.7819282,367894387.4143308,1400537344.4818263,726908165.6998981,1032642957.0674956
2023-10-26,1400537344.4818263,-11176029.598086553,169290.06390407437,476284.43513155007,23296.93287007761,179038.84875381066,22880.00446490154,0.0,0.0,0,0,0,3,57,46,1209268021.601723,1232015881.4877267,0.006935514446267392,157491426.52704692,1220641951.544725,670784376.8524485,366192585.4634175,1389709226.8679924,718924850.0155439,1023516641.4045749
2023-10-27,1389709226.8679924,-7977812.66147539,42102039.7639326,40797369.837742895,22529.0147659622,172805.40634346686,29022.55391003432,0.0,0.0,0,0,0,3,57,46,1167165971.5506203,1224038087.3340325,0.006948836338135689,199772837.62165117,1195602029.4423265,656159313.2986941,358680608.8326979,1424012752.9159372,767853439.617243,1065332144.0832393
2023-10-30,1424012752.9159372,15003057.806158872,-17974741.496250395,-17825926.381040033,23412.98188961471,175466.66624457744,26437.14309020486,0.0,0.0,0,0,0,3,57,46,1185140710.094707,1239041145.4891996,0.007111960131373551,181976510.7547562,1212090927.7919533,665302499.400712,363627278.337586,1421219560.0532906,755917060.6525786,1057592281.7157047
2023-10-31,1421219560.0532906,2167566.1072846423,-14493002.086153977,-15679407.972224051,29702.37856299646,208594.60225879628,-354.35460516219933,2158422.1130047175,0.0,0,0,0,1,67,46,1408894124.0744214,1408894124.0744212,0.007589538560751288,-2188124.4915676117,1408894124.0744214,774891768.2409317,422668237.2223264,1406914239.8305073,632022471.5895755,984246002.6081809
2023-11-01,1406914239.8305073,25593543.02516477,13566634.842964679,12938213.81575632,28629.416000245645,206585.9869516338,1679.1360008758747,0.0,0.0,0,0,0,1,67,46,1395327491.6057818,1434487681.9668562,0.007386502324430889,11558106.315780401,1414907586.786319,777220167.9734485,424472276.0358957,1446254053.405589,669033885.4321406,1021781777.3696934
2023-11-02,1446254053.405589,60232408.18031939,-50905256.60462524,-53293366.53238892,30519.97779559906,214122.79179400258,-6343.268357489932,0.0,0.0,0,0,0,1,67,46,1446232740.0720625,1494720095.1011956,0.007597111932252476,-39169410.09770799,1470476417.586629,807549845.7969177,441142925.27598864,1455758464.5269241,648208618.7300065,1014615539.2509356
2023-11-03,1455758464.5269241,58447446.38933343,-63880232.55559571,-63757817.14813858,31975.288993612376,223580.61678756785,-16659.84396014717,0.0,0.0,0,0,0,1,67,46,1510112983.9310398,1553167525.124035,0.007622677349436071,-102873822.05236673,1531640254.5275373,841325776.4603207,459492076.35826117,1450500623.8444955,609174847.3841748,991008547.4862344
2023-11-06,1450500623.8444955,-7782850.701240335,34912814.54019892,35411572.48992961,30337.642231928625,218411.57935044417,-10977.311991797274,0.0,0.0,0,0,0,1,67,46,1475200160.7159457,1545384680.8653562,0.007403436831374696,-67784430.82413411,1510292420.7906508,828906218.4311228,453087726.23719525,1477807684.3085806,648901465.8774579,1024719958.0713854
2023-11-07,1477807684.3085806,23199454.232228294,-4578959.020913696,-4637522.446012692,30992.609784439006,219089.51880367493,-11690.277945036007,0.0,0.0,0,0,0,1,67,46,1479779113.8709753,1568584151.9223402,0.007539868226151265,-72186965.0122292,1524181632.8966577,836079772.1418777,457254489.8689973,1496604586.1509695,660524814.0090919,1039350096.2819722
2023-11-08,1496604586.1509695,5172597.560930064,45536517.09220936,40532526.07101249,29604.535803703784,207313.26566476142,-4292.604901095456,0.0,34002.90805005931,1,0,0,2,66,46,1400239693.045293,1573756744.5505528,0.007611291796874253,-26506651.190297842,1486998218.797923,813511094.0512261,446099465.63937694,1547453114.0210187,733942019.9697926,1101353648.3816419
2023-11-09,1547453114.0210187,-31961876.066109132,52423270.36206903,55358619.03236791,29483.875148654377,204432.61773232595,3785.5223415653372,0.0,33022.053294256715,0,1,0,1,67,46,1380783159.16768,1541794869.6358871,0.0076870832201586855,26057132.752648592,1461289014.4017835,799683665.1592758,438386704.320535,1568060220.5286095,768376555.3693337,1129673516.2080746
2023-11-10,1568060220.5286095,30672523.0314584,2606713.987328166,3312277.8334201826,28611.298048502103,199666.30642550733,4186.01663185513,0.0,29585.992080331685,1,0,0,2,66,46,1348590437.3955467,1572467379.043733,0.007637654110430051,28813881.213534355,1460528908.2196398,797693975.9795972,438158672.4658919,1601485112.5803246,803791136.6007274,1163326440.1144328
2023-11-13,1601485112.5803246,8945975.248066919,-10163435.458402691,-9263831.125113156,28768.133363920297,205459.58916106407,2730.7227452220877,0.0,28965.682810974875,0,1,0,1,67,46,1387719551.5569055,1581413356.6364152,0.007462983424418967,18796561.91739869,1484566454.0966604,811669204.6261754,445369936.2289981,1600418108.8657203,788748904.2395449,1155048172.636722
2023-11-14,1600418108.8657203,65447512.14524541,-97310087.03780523,-97879516.59184335,30805.114883088532,219855.37624431596,-12686.104952711035,0.0,0.0,0,0,0,1,67,46,1484951884.5769935,1646860882.940198,0.007468148613495954,-78336154.08192062,1565906383.7585957,857200786.1081475,469771915.1275787,1568731898.1295688,711531112.0214213,1098959983.00199
2023-11-15,1568731898.1295688,2672187.526175499,-31395629.525253285,-31928458.10637882,31211.931323481727,224503.67331362964,-17741.954843471853,0.0,0.0,0,0,0,1,67,46,1516347512.0620387,1649533054.5533676,0.007410105656567799,-109555810.35420012,1582940283.307703,867287517.2569535,474882084.9923109,1540184005.9176376,672896488.6606841,1065301920.9253267
2023-11-16,1540184005.9176376,-15758412.820244614,37228617.98590561,37241314.41045851,30882.15804934681,218720.08181789966,-11657.742490297323,0.0,0.0,0,0,0,1,67,46,1477283854.6799977,1633609388.899641,0.007525687675083329,-71986059.9743917,1555446621.7898192,851587503.6289096,466633986.53694576,1561830391.264577,710242887.6356673,1095196404.727631
2023-11-17,1561830391.264577,24903163.442554276,-33615053.70962815,-33663522.42234958,32530.401671276268,218404.09196048512,-17079.037595780785,0.0,35749.32073096064,1,0,0,2,66,46,1475149589.226541,1658512546.051792,0.007938818332179999,-105462324.77669096,1566831067.6391664,857173013.2809103,470049320.2917499,1553251546.3294656,696078533.0485554,1083202226.0377157
2023-11-20,1553251546.3294656,32973005.384317067,-14962127.592943145,-17002131.75297016,33066.163655805896,220619.31753279307,-19474.823319140858,0.0,0.0,0,0,1,2,66,46,1490111713.1670825,1691485556.8403864,0.007988541269023215,-120256198.88320255,1590798635.0037346,869904903.1602213,477239590.5011204,1571430502.4513974,701525599.2911761,1094190911.950277
2023-11-21,1571430502.4513974,-34888219.5396363,41651070.63220804,43774646.25933884,32351.40138896684,219909.60808110138,-12708.299793652808,0.0,36857.55117372162,0,1,0,1,67,46,1485318178.4089398,1656597350.8643913,0.007841083930248332,-78473206.27298474,1570957764.6366656,859744791.2387798,471287329.3909997,1578331345.899694,718586554.6609142,1107044016.5086942
2023-11-22,1578331345.899694,16684487.86978819,-16341344.852639494,-15886736.299787788,32997.5315337573,222327.3914018136,-15315.042834574553,0.0,0.0,0,0,0,1,67,46,1501648422.226133,1673211224.1545515,0.007910714103466594,-94569732.76924253,1587429823.1903424,868797332.7064779,476228946.9571027,1578848503.7338762,710051171.0273983,1102619556.7767735
2023-11-24,1578848503.7338762,11800402.364981584,-16000469.244624848,-15941498.285164168,33888.086856309164,224696.3509218398,-17878.19805385364,0.0,0.0,0,0,0,1,67,46,1517648899.2844715,1685011655.103351,0.008038559691917621,-110397106.33597445,1601330277.1939113,876547583.5611792,480399083.1581734,1574821366.9202447,698273783.3590655,1094422283.7620714
2023-11-27,1574821366.9202447,-2141771.095870908,20161186.694523294,19917659.19787974,32515.172955131256,221611.0421712482,-14584.97597139385,0.0,0.0,0,0,0,1,67,46,1496810040.9315076,1682869868.541513,0.007820272408489868,-90061601.19557095,1589839954.7365103,869760479.4148304,476951986.4209531,1593015293.4121418,723254813.9973114,1116063306.9911888
2023-11-28,1593015293.4121418,-6522610.338986609,-24714901.90370753,-24085083.17559114,32749.244901819777,225270.22047090394,-18559.194636982284,0.0,0.0,0,0,0,1,67,46,1521524941.2668934,1676347262.9590847,0.007748626292539403,-114602231.03453898,1598936102.112989,875544298.1198392,479680830.63389665,1561951742.9503796,686407444.8305404,1082270912.316483
2023-11-29,1561951742.9503796,10615599.829822516,-22242369.610739507,-22491003.56959436,31856.56489657495,228510.3880726638,-22132.902178588745,0.0,0.0,0,0,0,1,67,46,1543409750.584596,1686962838.462061,0.007430537067958214,-136669721.85749483,1615186294.5233283,884763634.790894,484555888.35699844,1550499494.09046,665735859.299566,1065943605.7334616
2023-11-30,1550499494.09046,-8793769.757244587,11840377.253560117,11854627.081010245,34686.20859541078,230011.13115159766,-392.4625662230319,2388753.3083905536,0.0,0,0,0,1,61,47,1553546101.586776,1553546101.5867755,0.008037762819908433,-2423439.5169861317,1553546101.5867758,854450355.8727267,466063830.47603273,1551352280.7383747,696901924.865648,1085288450.262342
2023-12-01,1551352280.7383747,71167677.53387944,-67253668.10344775,-69036530.69172087,35453.44273845493,239968.41375711068,-11252.37508170103,0.0,0.0,0,0,0,1,61,47,1620799792.730954,1624713770.3351994,0.007874655119703868,-69482933.60913157,1622756781.5330768,892418380.403086,486827034.459923,1555459552.764743,663041172.3616571,1068632518.3048201
2023-12-04,1555459552.764743,17275645.113479644,-7037972.3013494,-4018219.743549249,36242.30943593549,241010.42100838915,-12360.96523413678,0.0,0.0,0,0,0,1,61,47,1627837740.3943732,1641989413.5296886,0.008015068746210448,-76328430.26225114,1634913576.962031,898848675.5007341,490474073.0886092,1565889632.7232118,667040957.2224777,1075415559.6346025
2023-12-05,1565889632.7232118,339142.4797401244,59403341.580026016,58144293.658535644,35600.53000344317,232215.4267738035,-2709.1712255614975,0.0,0.0,0,0,0,1,61,47,1568434402.224564,1642325532.3970933,0.008171327269449014,-16729016.144119024,1605379967.3108287,881111703.7666426,481613990.19324857,1625826022.5085225,744714318.7418799,1144212032.315274
2023-12-06,1625826022.5085225,-22385468.99090182,-3980589.1329915216,-1869929.7842418733,34716.483138472584,232804.40391273628,-3322.263760657102,0.0,0.0,0,0,0,1,61,47,1572412484.2136033,1619940084.1594076,0.00794825407157754,-20514836.257916927,1596176284.1865053,876708766.3039329,478852885.2559516,1599654730.0416427,722945963.7377098,1120801844.785691
2023-12-07,1599654730.0416427,12188880.792936975,-13563110.252444794,-10067344.078210002,34050.671739187885,234812.497041864,-5487.081777595617,0.0,0.0,0,0,0,1,61,47,1585975589.776192,1632128944.5919468,0.007729149114985733,-33882494.68155098,1609052267.1840694,883824913.0808443,482715680.1552208,1598475775.3256602,714650862.244816,1115760095.1704395
2023-12-08,1598475775.3256602,51621634.75280235,-1373466.228831755,-331210.1697754558,36958.25952902529,234988.3092036617,-5675.048660894249,0.0,0.0,0,0,0,1,61,47,1587163064.0397413,1683730167.7156923,0.008382864830904332,-35043182.12559056,1635446615.8777168,897081461.1408454,490633984.763315,1648916298.8506446,751834837.7097992,1158282314.0873296
2023-12-11,1648916298.8506446,-31492520.96645589,6790821.33188257,10530617.7213074,35698.297049166256,233982.89070905026,-4543.956311379513,0.0,0.0,0,0,0,1,61,47,1580372244.939176,1652237636.2894616,0.0081318733474685,-28058735.37043953,1616304940.6143188,887171082.5541182,484891482.18429565,1624408339.8534198,737237257.2993016,1139516857.6691241
2023-12-12,1624408339.8534198,12849766.811002605,36827034.991991475,35371059.872662686,35202.522797236204,227763.77568450064,1302.0582129624559,0.0,0.0,0,0,0,1,61,47,1538366965.2236443,1665087396.9411407,0.008237896739522532,8962542.192475796,1601727181.0823925,877781938.8023784,480518154.3247177,1674279004.9675138,796497066.1651354,1193760850.642796
2023-12-13,1674279004.9675138,71375696.49591947,-75945110.29254742,-72309170.06940578,34553.84251158864,239007.37718336115,-10815.954592908492,0.0,0.0,0,0,0,1,61,47,1614308738.9495313,1736463093.133641,0.007705702759353517,-66788055.80526686,1675385916.0415862,918408394.9682696,502615774.8124758,1669903228.7509646,751494833.782695,1167287453.938489
2023-12-14,1669903228.7509646,43976974.693929344,-84166678.81206106,-83564776.98066227,35779.82735984503,251398.11942732637,-24415.11956489288,0.0,0.0,0,0,0,1,61,47,1697998555.2314727,1780440061.1581564,0.0075858355767495335,-150762316.3526833,1739219308.1948147,954509581.8589809,521765792.45844436,1629904727.8053355,675395145.9463546,1108138935.3468912
2023-12-15,1629904727.8053355,-1335455.7805198608,17756355.648212187,20250591.208289623,33868.449954291675,248769.18860807308,-21508.30137031653,0.0,0.0,0,0,0,1,61,47,1680242174.463533,1779104597.8733985,0.007256478958122724,-132812838.65032506,1729673386.1684656,948848801.8074095,518902015.8505397,1646519020.1103113,697670218.3029017,1127617004.2597716
2023-12-18,1646519020.1103113,24559900.993491553,12797336.808785178,11512952.948051445,33597.335895199605,246874.47332180938,-19404.48374369875,0.0,0.0,0,0,0,1,61,47,1667444847.9521835,1803664515.5978172,0.007253637766266136,-119821855.02112436,1735554681.7750003,951149583.2851093,520666404.5325001,1684070130.5662708,732920547.2811615,1163403726.0337708
2023-12-19,1684070130.5662708,33197412.023652922,-54385029.200658776,-55258636.90940272,34812.93835399178,254926.4776346395,-28150.365534397908,0.0,0.0,0,0,0,1,61,47,1721829867.70113,1836675000.49179,0.007278685335020816,-173827300.040879,1779252434.0964599,975717710.4332864,533775730.2289379,1663074476.5630112,687356766.1297247,1129298746.3340733
2023-12-20,1663074476.5630112,-56477359.206003845,67138435.64847808,67404020.36854,33396.3504709013,244983.62773122327,-17246.356503936433,0.0,0.0,0,0,0,1,61,47,1654673658.222146,1780197668.514656,0.0072658956705953515,-106495511.85964179,1717435663.368401,941451514.5953078,515230699.0105203,1673929893.9262416,732478379.3309338,1158699194.9157214
2023-12-21,1673929893.9262416,52276930.12345268,-51731815.8097083,-60429112.45801784,36035.019602113694,252642.81182061037,-25592.99092913185,0.0,0.0,0,0,0,1,61,47,1706405483.21613,1832474594.7381792,0.007602300381917985,-158035621.51779532,1769440038.9771547,970040293.6493838,530832011.6931464,1674666023.0412753,704625729.3918915,1143834011.3481288
2023-12-22,1674666023.0412753,24051417.503891766,-27055221.379993565,-25806357.038679026,34579.897083834054,256648.48781036006,-29943.26278686599,0.0,0.0,0,0,0,1,61,47,1733460705.6609685,1856526002.9605727,0.007181450903113227,-184898363.69248295,1794993354.3107705,984169712.4384336,538498006.2932311,1671854344.4931133,687684632.0546796,1133356338.199882
2023-12-26,1671854344.4931133,27688890.292944018,-33538253.7692674,-30125691.04307047,34977.85067488846,261614.0111759173,-35343.546263237986,0.0,0.0,0,0,0,1,61,47,1766998949.781055,1884214885.7521472,0.007126221690465691,-218244882.58603215,1825606917.766601,1001153406.3723533,547682075.3299803,1666196273.6310277,665042867.2586744,1118514198.3010473
2023-12-27,1666196273.6310277,47102503.18803045,676452.6602259531,2350692.5049622497,36379.99431733979,261513.85865054053,-35199.78144189669,0.0,0.0,0,0,0,1,61,47,1766322497.4520562,1931295990.4640887,0.007414726344217792,-217357140.97912192,1848809243.9580724,1012720746.851639,554642773.1874217,1714165163.5621755,701444416.7105365,1159522390.374754
2023-12-28,1714165163.5621755,-25227639.31043352,-4809864.627712686,-6903070.005975521,36458.55115583192,262168.60946663667,-35947.966151405286,0.0,0.0,0,0,0,1,61,47,1770744829.418184,1906068350.5498188,0.007412179438870375,-221977149.47694516,1838406589.9840014,1007740536.4629099,551521976.9952004,1684317421.716189,676576885.253279,1132795444.7209885
2023-12-29,1684317421.716189,-77187140.1307997,42131032.43159164,42926646.57768634,32187.267500975795,244182.30010306975,-477.542501965399,2916617.204326726,0.0,0,0,0,0,49,49,1649261314.0169816,1649261314.016981,0.007025821925167632,-2948804.471827507,1649261314.0169811,907093722.7093396,494778394.20509434,1646556214.3027544,739462491.5934148,1151777820.09766
2024-01-02,1646556214.3027544,-48315209.712784186,5256700.307457627,5256700.307457627,31408.05127464613,243404.0177833297,401.08609935849324,0.0,0.0,0,0,0,0,49,49,1644004622.9268048,1600705474.7473185,0.00687765612163733,2760822.098834753,1622355048.8370616,893377755.5648711,486706514.65111846,1603710101.950036,710332346.385165,1117003587.2989175
2024-01-03,1603710101.950036,-44720625.844797224,37670169.01367841,37670169.01367841,32961.26171118835,237826.7412249472,5904.355587577389,0.0,0.0,0,0,0,0,49,49,1606334462.3073356,1555984848.0727346,0.007387038312670843,40641835.78447151,1581159655.190035,870896550.7103844,474347896.55701053,1596870414.9540186,725973864.2436342,1122522518.397008
2024-01-04,1596870414.9540186,10621597.907526016,-5599012.759127334,-5599012.759127334,31324.250594572848,238655.70681446,5121.802402987685,0.0,0.0,0,0,0,0,49,49,1611933479.4222438,1566606439.4259036,0.0069957788941067715,35255236.425919056,1589269959.4240737,875231653.6831491,476780987.8272221,1602105453.36104,726873799.677891,1125324465.533818
2024-01-05,1602105453.36104,-6092079.153014063,13509490.062205078,13509490.062205078,30999.940511509038,236655.5485505103,7115.342617523876,0.0,0.0,0,0,0,0,49,49,1598423967.6957545,1560514362.564737,0.0069818638919880455,48977501.7649827,1579469165.1302457,869655780.9499106,473840749.5390737,1609735635.220888,740079854.2709773,1135894885.6818142
2024-01-08,1609735635.220888,63497393.44645784,-53688174.21517552,-53688174.21517552,32384.062350742697,244604.3829286886,-728.6319608761188,0.0,0.0,0,0,0,0,49,49,1652112154.865439,1624011741.5032911,0.007056580518419412,-4499271.113471746,1638061948.184365,901636581.8354545,491418584.4553095,1619756346.1407871,718119764.3053327,1128337761.6854777
2024-01-09,1619756346.1407871,-3252599.189090939,4896179.885719483,4896179.885719483,31740.016218073557,239419.39292293089,84.1024566115617,0.0,30124.38368312353,1,0,0,1,48,49,1617091584.4700773,1620759154.5143754,0.007066022696698978,578907.9231388569,1618925369.4922264,890317263.969617,485677610.8476679,1621577565.9328938,731260301.9632767,1135899955.0852258
2024-01-10,1621577565.9328938,7142314.3260029545,25603879.94662822,26806852.33701994,34067.911769364095,239910.5733636109,3829.4212505315218,0.0,28921.41129273181,0,1,0,0,49,49,1620409125.908066,1627901465.9074848,0.007568735599472857,26359304.97497797,1624155295.9077754,893098104.249291,487246588.7723326,1654504510.8770769,761406406.6277859,1167257922.1047442
2024-01-11,1654504510.8770769,-29664872.09300369,48265896.97042394,48265896.97042394,33458.16465451571,232764.53926198176,10871.932488497125,0.0,0.0,0,0,0,0,49,49,1572143229.5368373,1598236595.833457,0.0076614770520458085,74835481.75638556,1585189912.6851473,871202117.8194155,475556973.8055442,1673315714.061593,802113596.2421776,1197758740.256049
2024-01-12,1673315714.061593,-33242410.60912878,31203419.689703118,31203419.689703118,38302.786941788196,228144.69805820266,15434.925297328768,0.0,0.0,0,0,0,0,49,49,1540939799.26741,1564994192.6871881,0.008948437379318311,106244227.66803741,1552966995.9772992,853530487.95202,465890098.79318976,1671481999.9785812,817951512.0265611,1205591901.1853914
2024-01-16,1671481999.9785812,-30228858.396321416,42560140.16327511,42560140.16327511,36978.72217978316,221843.43542405806,21647.98363062284,0.0,0.0,0,0,0,0,49,49,1498379676.4101481,1534765325.8335993,0.008884490489497262,149010977.18975568,1516572501.1218739,833205234.3814442,454971750.33656216,1684019794.4424098,850814560.0609655,1229048044.1058476
2024-01-17,1684019794.4424098,-20083604.958576173,25588350.479191113,25588350.479191113,35668.546440782346,218054.93629770077,25395.594295504405,0.0,0.0,0,0,0,0,49,49,1472791314.5810933,1514681721.3901672,0.00871859888875969,174807150.02641654,1493736517.9856303,820507824.7218697,448120955.3956891,1689732321.947177,869224497.2253072,1241611366.551488
2024-01-18,1689732321.947177,-7970371.932437708,20476547.85449234,20476547.85449234,35767.1864070553,215023.2688386788,28400.552148944782,0.0,0.0,0,0,0,0,49,49,1452314761.3869488,1506711358.3382714,0.00886597550949854,195491372.344553,1479513059.86261,812372268.0006526,443853917.95878303,1702446154.503812,890073886.5031595,1258592236.5450292
2024-01-19,1702446154.503812,33601120.654678844,15540592.456548087,15540592.456548087,37851.711248466345,212722.39848189647,30688.119564072018,0.0,0.0,0,0,0,0,49,49,1436774173.6113083,1540312481.6195474,0.009484173852594811,211237534.28424335,1488543327.615428,816110372.4882793,446562998.2846284,1751793426.4218366,935683053.9335573,1305230428.1372082
2024-01-22,1751793426.4218366,34679484.810526006,-17649785.612526726,-17649785.612526726,37585.92125183628,215335.54830486345,28176.350608501387,0.0,0.0,0,0,0,0,49,49,1454423966.036601,1574837428.435477,0.00930329255198793,193948111.26310706,1514630697.2360392,830036546.9198496,454389209.1708117,1769029051.5974975,938992504.6776478,1314639842.4266858
2024-01-23,1769029051.5974975,-3466470.3283719737,-21436627.82211476,-21436627.82211476,37660.02005384625,218509.3587350169,25091.98990432684,0.0,0.0,0,0,0,0,49,49,1475860584.3265681,1571370963.3015714,0.009186238431573098,172717330.12538552,1523615773.8140697,835600916.1233633,457084732.1442209,1744331894.7755961,908730978.6522329,1287247162.6313753
2024-01-24,1744331894.7755961,-23450767.890047487,15956554.791397883,15956554.791397883,37718.291437626365,216146.90169397858,27440.03315920416,0.0,0.0,0,0,0,0,49,49,1459904026.4508872,1547920194.0296104,0.009301012033342925,188879769.35589862,1503912110.2402487,824951256.4426687,451173633.0720746,1737043550.320362,912092293.8776934,1285869917.2482874
2024-01-25,1737043550.320362,12890167.5063109,-26606291.093037296,-26606291.093037296,36907.94138061079,220012.53313776027,23604.756729175726,0.0,0.0,0,0,0,0,49,49,1486013357.0280242,1560810357.7501278,0.008941278242339052,162480161.04212737,1523411857.389076,836006596.5459392,457023557.2167228,1723534136.082122,887527539.5361829,1266510578.8653994
2024-01-26,1723534136.082122,10874886.693338627,-8119781.247375347,-8119781.247375347,33683.253813729694,221214.71260425125,22455.62915797911,0.0,0.0,0,0,0,0,49,49,1494133143.2932541,1571685261.9669585,0.008115723439623027,154570296.3073132,1532909202.6301064,841161258.4797158,459872760.7890319,1726499228.616034,885337970.1363182,1266626467.827002
2024-01-29,1726499228.616034,52671923.525056414,-48382040.53462379,-48382040.53462379,33447.210712075794,228377.94058155612,15457.338064744572,0.0,0.0,0,0,0,0,49,49,1542515170.907321,1624357161.4644344,0.007806079371825345,106398502.93132019,1583436166.1858778,868843841.638305,475030849.8557633,1730999499.6744008,862155658.0360959,1255968649.8186374
2024-01-30,1730999499.6744008,-21791213.411122475,48522124.60345827,48522124.60345827,32734.3412737089,221193.97004792307,22537.192515168965,0.0,0.0,0,0,0,0,49,49,1493993043.475653,1602565949.8436115,0.007887829806168204,155131726.6818514,1548279496.6596322,848839400.5035987,464483848.99788964,1757941407.688026,909102007.1844273,1293457558.6901364
2024-01-31,1757941407.688026,-39278039.90359421,19680303.416486565,19680303.416486565,39397.25020647561,257371.43798613598,-386.4499252770121,2346914.466769398,0.0,0,0,0,2,47,48,1738343671.2009184,1738343671.2009187,0.008158921799699726,-2386311.716976404,1738343671.2009187,956089019.1605052,521503101.36027557,1736214344.4720032,780125325.311498,1214711243.1117277
2024-02-01,1736214344.4720032,41430539.001407966,-18059168.46343925,-19003918.401422836,40723.026449524514,260045.19958628019,-3276.011343820869,0.0,0.0,0,0,0,2,47,48,1756402848.9880087,1779774221.5508554,0.00834676938168011,-20229229.567332983,1768088535.269432,971864410.0841165,530426560.5808296,1759801761.1717649,787937351.0876484,1229375200.5909352
2024-02-02,1759801761.1717649,34518682.827339575,32048996.856021326,32304292.218560636,39705.5855895948,255300.16856116103,1748.6837010724396,0.0,0.0,0,0,0,2,47,48,1724353858.9496803,1814292906.7344294,0.008289488110613641,12036828.535106659,1769323382.8420548,970879384.3685114,530797014.8526164,1826586784.1217983,855707399.7532868,1295789769.2691817
2024-02-05,1826586784.1217983,-18734364.095359758,29754633.3881423,29470440.10486654,37271.09713561788,250894.82831930343,6103.300355468521,0.0,0.0,0,0,0,2,47,48,1694599215.665089,1795558537.0407977,0.007917857417133505,42011245.27664757,1745078876.3529434,957269398.9597261,523523662.905883,1837826780.44612,880557381.4863939,1314303117.540237
2024-02-06,1837826780.44612,37806688.718840376,-62155777.55370858,-63666779.1082339,38757.67289016999,260097.33597853448,-3210.2731026112865,0.0,0.0,0,0,0,2,47,48,1756754989.723685,1833262232.6851895,0.007942349571840856,-19823298.74682784,1795008611.2044373,985342055.0884029,538502583.3613311,1813695821.0012376,828353765.9128348,1275193237.6399064
2024-02-07,1813695821.0012376,24321440.78430588,27348624.73853837,23249171.50422142,38271.23378395015,256048.22515178108,1125.0235480122856,0.0,0.0,0,0,0,2,47,48,1729406398.7737558,1857583667.3498693,0.007966689710406507,7743947.940428734,1793495033.0618124,983217836.469594,538048509.9185437,1865584788.538998,882366952.0694039,1327536278.6204543
2024-02-08,1865584788.538998,76705026.52668422,-1927298.788317367,-1382359.9807431696,36282.15446295499,256333.56985266085,877.1211019693385,0.0,0.0,0,0,0,2,47,48,1731333680.0554953,1934288689.2527494,0.007544227757554582,6037544.870152235,1832811184.6541224,1002972276.3298359,549843355.3962367,1940583444.8138564,937611168.4840205,1390740089.4176197
2024-02-09,1940583444.8138564,66261876.03947415,-19311384.011622936,-19460242.88083705,38718.693627551336,259192.72484941097,-2114.241935484375,0.0,0.0,0,0,0,2,47,48,1750645045.8872035,2000550571.4375203,0.007962053609133832,-13055353.289440393,1875597808.6623619,1025331156.6255411,562679342.5987085,1987752296.6309938,962421140.0054528,1425072954.0322852
2024-02-12,1987752296.6309938,46507787.000289746,-64641084.23935091,-60675251.27111251,42588.339711972076,268763.19997041835,-12547.771046908327,0.0,0.0,0,0,0,2,47,48,1815286153.6463528,2047058359.1977954,0.008445942401705134,-77481948.14557457,1931172256.422074,1056350435.8933547,579351676.9266222,1969832626.4811444,913482190.5877898,1390480949.5545223
2024-02-13,1969832626.4811444,-74704388.20875177,79849868.40890393,82032404.30712356,38147.633133240124,256940.9810924193,375.6868345117262,0.0,0.0,0,0,0,2,47,48,1735436270.042607,1972353969.3651,0.007913369200027887,2585989.683063507,1853895119.7038536,1013719373.3540571,556168535.911156,1975197275.7160904,961477902.3620334,1419028739.8049345
2024-02-14,1975197275.7160904,84639882.01770084,-51741461.58877993,-52943077.30537622,39604.65902956766,264601.5928738085,-7925.196603591352,0.0,0.0,0,0,0,2,47,48,1787177737.9844475,2056993840.667678,0.007977761219610958,-48937749.18169618,1922085789.3260627,1050401781.5622537,576625736.7978188,2008312767.8822522,957910986.3199985,1431687031.0844336
2024-02-15,2008312767.8822522,21516156.253574345,-39152985.962235816,-41004631.62101367,38386.16128392566,270398.40849591466,-14230.456879384441,0.0,0.0,0,0,0,2,47,48,1826330714.0437012,2078510013.017082,0.007566547480120061,-87872461.00477529,1952420363.5303917,1067526717.4673808,585726109.0591174,1990893719.9639232,923367002.4965425,1405167610.9048057
2024-02-16,1990893719.9639232,-36766330.53139918,12887275.889666269,14227569.1495549,39496.31258538432,268490.376143356,-12108.343706310177,0.0,0.0,0,0,0,2,47,48,1813443441.1183522,2041743672.170354,0.007840703607480414,-74768503.16074896,1927593556.644353,1054468950.3780941,578278066.9933058,1967231551.042042,912762600.6639479,1388953484.048736
2024-02-20,1967231551.042042,-52996790.41956294,30307535.42483871,31663829.009168196,38412.09075701302,264003.175937811,-7164.910631571017,0.0,0.0,0,0,0,2,47,48,1783135897.516172,1988746899.8633456,0.007755075029215083,-44243015.90678501,1885941398.6897588,1032127494.220688,565782419.6069276,1944760722.2218668,912633228.0011789,1378978302.6149392
2024-02-21,1944760722.2218668,-75536427.4724768,16284251.702390628,15662893.995430028,40919.53870954553,261592.202267836,-4484.887086515428,0.0,0.0,0,0,0,2,47,48,1766851647.5876353,1913161612.3529606,0.008337448113173145,-27693985.43988943,1840006629.9702978,1008345897.3645307,552001988.9910893,1885724734.2282524,877378836.8637217,1333722745.237163
2024-02-22,1885724734.2282524,79704267.7142044,-12132228.150414245,-10038496.654940497,38665.075634967034,263388.44618210045,-6414.255659510356,0.0,0.0,0,0,0,2,47,48,1778983876.6520858,1992865862.3600392,0.007824369524238435,-39607753.6436317,1885924869.5060625,1031911628.5856355,565777460.8518187,1953515082.9069302,921603454.3212947,1387737622.0551114
2024-02-23,1953515082.9069302,-22625049.250988394,-16259548.165737445,-12734854.897306604,37481.50138755986,265795.76321358525,-9011.85564863475,0.0,0.0,0,0,0,2,47,48,1795243428.8347223,1970240826.1759267,0.007516162032844738,-55647822.18710995,1882742127.5053244,1031133235.1943983,564822638.2515973,1914849787.8963816,883716552.7019833,1350027149.6447845
2024-02-26,1914849787.8963816,92900494.93121868,-4995546.885554989,-5400219.362698467,38232.179676023334,266535.38465223496,-9785.462810268942,0.0,0.0,0,0,0,2,47,48,1800238995.7749453,2063141316.9990213,0.00764542081116492,-60424813.236652136,1931690156.3869834,1055857027.9822388,579507046.916095,2002973253.684211,947116225.7019722,1423466206.768116
2024-02-27,2002973253.684211,120276901.87628397,-52725433.267230436,-51274971.03551049,39752.481170921674,274341.6743392109,-18288.912019891817,0.0,0.0,0,0,0,2,47,48,1852964404.5425127,2183418217.2762628,0.007723242382017092,-112933247.46416903,2018191310.9093876,1101743875.6818194,605457393.2728163,2070741022.574413,968997146.8925936,1465283629.3015966
2024-02-28,2070741022.574413,-27628091.02585605,15855874.994415367,18778343.865201797,41101.8866364638,271916.51641402254,-15686.332867735531,0.0,0.0,0,0,0,2,47,48,1836584351.014036,2155790137.4588194,0.008056629242733806,-96862432.80248356,1996187244.2364278,1089922839.6689157,598856173.2709283,2059183934.8398821,969261095.1709664,1460327761.568954
2024-02-29,2059183934.8398821,-7695711.065897726,7374900.881398119,5826002.919655194,49951.08439896231,298161.29096331616,-436.3923023081652,2599736.913086032,45015.756047617906,1,0,0,3,50,49,2013847368.607764,2058863124.6553824,0.008929371045660833,-2694703.7535324097,2036355246.6315732,1118869991.7461748,610906573.9894719,2056466145.800511,937596154.0543361,1445559571.811039
2024-03-01,2056466145.800511,77306247.85409077,-15430192.396939628,-8097023.246105712,54264.21753666549,306984.79281862895,-2902.956042091541,0.0,44165.70301351863,0,1,0,2,51,49,2073443253.55922,2136169400.413492,0.00942158329130353,-17925629.076380014,2104806326.986356,1156075326.171139,631441898.0959067,2118547853.1738884,962472527.0027494,1487105955.0779817
2024-03-04,2118547853.1738884,10526506.816405397,40243132.40591076,41182728.78535994,48574.45245862515,301002.57502795174,3279.3598558921794,0.0,0.0,0,0,0,2,51,49,2033038030.207554,2146695886.4309123,0.008601316170814482,22573031.512833357,2089866958.3192332,1146585380.6699944,626960087.49577,2169573199.8786297,1022987819.2086353,1542613112.3828597
2024-03-05,2169573199.8786297,-64540470.586153775,43359298.960821934,47890214.76473645,47807.72429230862,294582.9872841554,9616.085303781998,0.0,0.0,0,0,0,2,51,49,1989678713.3639014,2082153193.5813665,0.008650030092613923,66191026.94763899,2035915953.4726338,1117441912.404512,610774786.0417901,2148648419.6015935,1031206507.1970816,1537873633.5598035
2024-03-06,2148648419.6015935,52953161.53824896,-44874697.99004999,-39350830.30746141,48443.93149383895,301179.78475560725,3133.944045873105,0.0,0.0,0,0,0,2,51,49,2034234943.940312,2135106357.8317919,0.008573156896027511,21572081.386507034,2084670650.886052,1144047072.6400414,625401195.2658155,2156982752.9471,1012935680.3070588,1531581557.6812847
2024-03-07,2156982752.9471,12413688.677955586,-19705776.145074006,-22835250.4506938,46525.19254175784,298488.64600424754,303.0763274410881,0.0,37882.296685638066,1,0,0,3,50,49,2016058397.0268126,2147520072.945271,0.00830782944568151,2086185.0454835892,2081789234.9860418,1141697537.3443615,624536770.4958125,2149905049.713086,1008207512.3687246,1525368279.2172737
2024-03-08,2149905049.713086,-9166542.428346457,29531494.56792598,25153352.6317637,52827.608943486106,299653.74023835524,4623.308969115128,0.0,39710.59291831324,0,1,0,2,51,49,2023927701.422287,2138353539.5804126,0.009396550680288832,31823924.07039094,2081140620.50135,1141766695.3217893,624342186.1504049,2170481740.7000113,1028715045.378222,1546139554.5496063
2024-03-11,2170481740.7000113,-57533632.50592146,-18733094.98266826,-16594092.57587196,60001.808204574736,302427.2810598947,1937.2957249517654,0.0,0.0,0,0,0,2,51,49,2042660810.1606398,2080819897.4264934,0.010574761529765763,13335113.976723433,2061740353.7935667,1133003217.4048152,618522106.13807,2094459375.9800017,961456158.5751865,1475937269.8419318
2024-03-12,2094459375.9800017,33237761.591198366,36251022.164136,28690712.529012624,59285.862840220354,297060.11628757074,7239.366151989998,0.0,0.0,0,0,0,2,51,49,2006409791.0605154,2114057672.826293,0.010637363671953688,49831201.04620266,2060233731.9434042,1130437355.5247278,618070119.5830213,2164193173.354935,1033755817.8302073,1546123053.771914
2024-03-13,2164193173.354935,7255430.262508337,-11122081.229013296,-23058699.49890186,49216.50261370182,298706.8032722802,5660.636396669319,0.0,0.0,0,0,0,2,51,49,2017531879.5125866,2121313078.2988002,0.00878198809191214,38964227.587016344,2069422478.9056935,1135587833.428476,620826743.671708,2160581673.3254857,1024993839.8970096,1539754929.6537776
2024-03-14,2160581673.3254857,-54634779.3035713,82123302.88093816,81570846.26829144,47094.623312540745,286519.19160032086,18613.356734393543,0.0,0.0,0,0,0,2,51,49,1935214052.0847187,2059900570.264594,0.00876082125088479,128122532.01494598,1997557311.1746564,1095539358.191564,599267193.3523968,2188328234.8278747,1092788876.6363106,1589061041.4754777
2024-03-15,2188328234.8278747,-10271246.778466452,-21526520.542209398,-24632481.546910234,47815.65501375225,289706.31191263004,15523.41739930702,0.0,0.0,0,0,0,2,51,49,1956740568.2654188,2049629300.7288482,0.008797096602443362,106853351.12333703,2003184934.4971335,1099429495.6618376,600955480.34914,2156787881.581497,1057358385.9196596,1555832401.232357
2024-03-18,2156787881.581497,-6737359.692151305,19931442.230882224,21019391.423279904,53773.71482646081,286755.3536869644,18457.989302148075,0.0,0.0,0,0,0,2,51,49,1936809143.1014478,2042875109.1669064,0.009995067096041641,127053081.23849535,1989842126.1341772,1091761520.2221608,596952637.8402531,2170233403.7483907,1078471883.5262299,1573280765.9081376
2024-03-19,2170233403.7483907,-11508535.333666725,16617710.760836737,13385234.014915032,53501.466404734616,284295.0096774878,20932.06168963848,0.0,0.0,0,0,0,2,51,49,1920191434.9698987,2031206052.6944356,0.010030524850250877,144083025.01471996,1975698743.8321671,1083858943.6645784,592709623.1496501,2175594304.780523,1091735361.1159444,1582884681.6308727
2024-03-20,2175594304.780523,86593828.43961143,-64255631.651031874,-61304831.04561044,55204.7742943553,293808.4123678595,11659.014296418058,0.0,0.0,0,0,0,2,51,49,1984447062.8973627,2117624043.5116243,0.010014738673326752,80253253.28318357,2051035553.2044935,1124740129.747115,615310665.961348,2198182764.2214723,1073442634.4743574,1582872098.2601242
2024-03-21,2198182764.2214723,15523235.113906672,754837.7909164883,8045965.44090397,49637.32791052415,293696.65611764695,11805.839189782406,0.0,0.0,0,0,0,2,51,49,1983692236.4418933,2133147297.1536114,0.009008170581864415,81263902.64477372,2058419766.7977524,1128394495.2209709,617525930.0393257,2214716702.2936926,1086322207.0727217,1597190772.2543669
2024-03-22,2214716702.2936926,-27741768.497304313,34298868.5309868,36651724.216998644,49929.2555901057,288618.5166182699,16825.836037398225,0.0,0.0,0,0,0,2,51,49,1949393358.0220857,2105405498.8181834,0.009220577231614029,115818374.25360155,2027399428.4201345,1111169382.1111715,608219828.5260403,2221529317.424441,1110359935.3132694,1613309488.8984005
2024-03-25,2221529317.424441,31466728.985481787,10593855.563640116,11882936.119663918,50484.975190237536,287050.03717321774,18401.926286282665,0.0,0.0,0,0,0,2,51,49,1938799500.607099,2136872237.972335,0.009374146765972697,126667179.02603745,2037835869.2897172,1115857909.6752136,611350760.7869152,2263844868.961832,1147986959.2866185,1652494108.1749167
2024-03-26,2263844868.961832,528403.9228237949,491510.0733990148,2253649.761588086,51017.529483459446,286977.2689272708,18510.296945984697,0.0,0.0,0,0,0,2,51,49,1938308007.7639303,2137400631.5747573,0.00947543452355291,127413133.85381436,2037854319.669344,1115842560.2228684,611356295.9008032,2265119252.994445,1149276692.7715764,1653762957.0936418
2024-03-27,2265119252.994445,-2007258.4324172644,-80180823.08036609,-79264904.02336793,54335.382351954155,298778.13000044983,6898.290882415252,0.0,0.0,0,0,0,2,51,49,2018013636.0255523,2135393380.694539,0.00969306514956365,47483455.404770374,2076703508.3600457,1139252435.9813004,623011052.5080137,2183182512.520192,1043930076.5388918,1560171460.0121784
2024-03-28,2183182512.520192,-8594293.161005348,-7544132.237290866,-8139389.98886463,54904.76745112406,320842.916232214,-496.9162722982919,3013531.9054034385,0.0,0,0,0,1,50,49,2167044087.121896,2167044087.121895,0.009121049451585454,-3068436.6728539467,2167044087.1218953,1191874247.9170423,650113226.1365685,2164295996.449001,972421748.5319586,1514182770.3124323
2024-04-01,2164295996.449001,-16618936.979932452,7163671.07391404,7591427.820373862,49834.89044084681,319782.29273512104,634.2448200792752,0.0,0.0,0,0,0,1,50,49,2159880401.212825,2150425156.9292426,0.008306274990333163,4365738.7232990265,2155152779.0710335,1185570409.596158,646545833.72131,2155111312.190097,969540902.5939388,1508565478.4687867
2024-04-02,2155111312.190097,-59766431.38728374,35255684.76101199,35900730.782044336,47893.22054145077,314562.4922775022,5795.701750086018,0.0,0.0,0,0,0,1,50,49,2124624713.3189645,2090658740.6027298,0.008115108182088557,39893931.740553856,2107641726.9608471,1160052099.1463718,632292518.0882541,2130873030.5373113,970820931.3909395,1498580512.449057
2024-04-03,2130873030.5373113,13197309.380033625,-55496580.27079188,-55066008.29018073,45225.8373467992,322779.0739988369,-2482.204399089939,0.0,0.0,0,0,0,1,50,49,2180121325.3204746,2103856039.5325747,0.007468071274636229,-15327505.723368406,2141988682.4265246,1180000407.4792862,642596604.7279574,2088848830.678806,908848423.1995199,1446252225.9508486
2024-04-04,2088848830.678806,-45378873.115416944,21077792.921943244,21065206.692049507,45331.57124537409,319470.63024025864,875.3316793142076,0.0,0.0,0,0,0,1,50,49,2157775363.7240734,2058477191.2935684,0.007563051243744534,6025227.620518446,2108126277.508821,1161951906.940614,632437883.2526463,2064822764.8760064,902870857.9353924,1432384881.6233602
2024-04-05,2064822764.8760064,21828537.018162217,15663991.801661747,16546574.390568804,44885.08162600342,317151.486745054,3190.9825863083115,0.0,0.0,0,0,0,1,50,49,2142111355.1260684,2080305710.1233633,0.00754331904674034,21964698.49084115,2111208532.6247158,1162709834.0686612,633362559.7874147,2102590751.0835357,939880917.0148745,1469228191.2961211
2024-04-08,2102590751.0835357,-5895264.366961489,-16034697.986880578,-16259400.46439669,45440.48797209099,319525.516026098,901.4331767293046,0.0,0.0,0,0,0,1,50,49,2158146074.472707,2074410454.4822083,0.007579920499102267,6204893.759513378,2116278264.4774575,1166046435.9623642,634883479.3432373,2080935775.1909244,914889339.2285602,1446052295.8476872
2024-04-09,2080935775.1909244,-6633850.067277119,-25882682.67823637,-26764492.572990146,45612.33940651039,323357.58540602156,-3104.4424456883953,0.0,0.0,0,0,0,1,50,49,2184028719.4402957,2067543429.0845263,0.007518418617934582,-19169798.978521824,2125786074.262411,1172094473.1032202,637735822.2787234,2048693883.2489648,876599410.1457446,1410958060.9702415
2024-04-10,2048693883.2489648,-24699331.527777527,70417799.81255966,69830211.34188251,43024.88157504479,312931.84000145737,7485.4679733116645,0.0,0.0,0,0,0,1,50,49,2113610926.8391116,2042844116.8932388,0.007328197053835132,51525209.75893307,2078227521.8661752,1144794307.2750432,623468256.5598525,2094689743.9601467,949895436.6851034,1471221487.4002943
2024-04-11,2094689743.9601467,44846367.587498024,-6328065.539508727,-5968397.120942814,38805.538134033544,313868.7469274211,6607.0544865811335,0.0,0.0,0,0,0,1,50,49,2119939003.6373656,2087690471.5375123,0.006589809284268331,45478768.93248963,2103814737.587439,1157904318.9755878,631144421.2762316,2133489716.271416,975585397.2958281,1502345294.9951844
2024-04-12,2133489716.271416,-78679015.65265718,73459021.32091624,75299670.93431248,38427.2006806477,302992.72956564475,17319.992146496126,0.0,0.0,0,0,0,1,50,49,2046479974.5521972,2009011463.520283,0.0067597984915832,119219831.21871138,2027745719.03624,1116196858.24573,608323715.710872,2128551607.4607065,1012354749.2149765,1520227891.7498345
2024-04-15,2128551607.4607065,-82730106.05178706,49237787.5969914,50393494.382909276,37617.42216122131,295702.8036260698,24547.2079199828,0.0,0.0,0,0,0,1,50,49,1997242200.8515034,1926054274.8114016,0.006780485597723734,168967396.77234817,1961648237.8314524,1080686228.9583013,588494471.3494357,2095341921.595296,1014655692.6369946,1506847450.24586
2024-04-16,2095341921.595296,-643929.4180577707,33155183.851610616,34437818.80300805,37165.56833298543,290793.9949657869,29405.04494253381,0.0,0.0,0,0,0,1,50,49,1964087020.4068155,1925410347.376153,0.006812124137505617,202405663.08436275,1944748683.8914843,1070578692.9660829,583424605.1674453,2128136209.5004241,1057557516.5343412,1544711604.3329787
2024-04-17,2128136209.5004241,-28119342.75257098,12737836.976287367,13094549.203442518,40915.11556392038,288908.08900388045,31296.141514118524,0.0,0.0,0,0,0,1,50,49,1951349194.0224571,1897291017.1920822,0.0075483371444392666,215422771.4164946,1924320105.6072698,1059727512.5047576,577296031.6821809,2113033992.8390949,1053306480.3343372,1535737961.156914
2024-04-18,2113033992.8390949,-23483005.786548056,6115544.806414175,6511255.855113113,36817.53324566875,288002.6463914016,32225.764141416475,0.0,0.0,0,0,0,1,50,49,1945233634.1633127,1873808010.8666346,0.006813737813114527,221821703.45908093,1909520822.5149736,1052022092.9656525,572856246.754492,2095949942.7362483,1043927849.7705958,1523093695.9817562
2024-04-19,2095949942.7362483,-42521422.21742619,3038791.6334231873,2234684.1908053383,35862.28569457421,287552.7354030509,32708.54449208774,0.0,0.0,0,0,0,1,50,49,1942194835.7429328,1831286592.9420462,0.006647336617548049,225144856.92450452,1886740714.3424895,1040480098.9583913,566022214.3027468,2056751711.1464458,1016271612.1880544,1490729496.843699
2024-04-22,2056751711.1464458,31557787.73521934,-1994419.284450593,-3012437.279972275,36380.86695163875,287848.0231023429,32485.362060669573,0.0,0.0,0,0,0,1,50,49,1944189274.237213,1862670087.9876041,0.006736541691769439,223608610.74265862,1903429681.1124086,1048924304.2680649,571028904.3337226,2086599032.1154258,1037674727.847361,1515570127.7817032
2024-04-23,2086599032.1154258,57872390.03811653,-49152550.54036457,-48931580.04883572,37215.27535660465,295125.3283017324,25385.717385695352,0.0,0.0,0,0,0,1,50,49,1993341804.6646094,1920542492.6886754,0.006721124845235401,174739163.64914584,1956942148.6766424,1078138164.5715518,587082644.6029927,2095602167.3835087,1017464002.8119569,1508519522.7805161
2024-04-24,2095602167.3835087,-27547951.256475188,909887.4015156891,167540.59913421713,35990.00662185066,294990.61411652603,25559.23622933285,0.0,0.0,0,0,0,1,50,49,1992431915.2335715,1892994556.3028102,0.006502808093368333,175933557.21911716,1942713235.7681909,1070978213.645774,582813970.7304572,2069248663.3722732,998270449.7264992,1486434692.6418161
2024-04-25,2069248663.3722732,-1497531.6174565572,14697458.875314882,15170731.298241029,35398.01881036922,292814.57792527764,27735.878147765758,0.0,0.0,0,0,0,1,50,49,1977734485.0487795,1891497014.156337,0.006443375927390279,190916178.4549842,1934615749.6025581,1066194599.0537181,580384724.8807675,2082733743.0673943,1016539144.0136762,1502349018.186627
2024-04-26,2082733743.0673943,49534009.73465267,-31279544.515578724,-31892911.244094003,38668.60934841987,297445.6841842857,23232.606264978283,0.0,0.0,0,0,0,1,50,49,2009014001.9951751,1941031026.1896975,0.00692912013137108,159918513.48742223,1975022514.0924363,1087961957.1459768,592506754.2277309,2101270217.967569,1013308260.8215923,1508763463.7398381
2024-04-29,2101270217.967569,20157.72357429593,-24490995.028212663,-24394508.94546904,38691.851445520835,301071.71560650354,19715.577376689507,0.0,0.0,0,0,0,1,50,49,2033505020.9820127,1941051169.5837946,0.006849782211828974,135709519.2276907,1987278095.2829037,1095314298.6905525,596183428.584871,2077081476.1044686,981767177.4139161,1480898047.5195975
2024-04-30,2077081476.1044686,-55309649.87964305,5841689.622370541,6217064.177344609,36881.026221782726,300199.44554070994,-445.1731454513465,2712044.0571821574,0.0,0,0,0,3,54,48,2027613515.8471966,2027613515.8471968,0.006548175643963485,-2748925.083404541,2027613515.8471966,1115187433.715958,608284054.754159,2025164345.0361876,909976911.3202295,1416880290.2820287
2024-05-01,2025164345.0361876,-1353266.6218777583,-18067304.72254894,-22313304.841789883,38654.856491825194,302874.4113570339,-3328.7921303100024,0.0,0.0,0,0,0,3,54,48,2045680827.1769643,2026260267.4958456,0.0068025022047358144,-20555148.660576344,2035970547.3364048,1120269315.0270507,610791164.2009214,2006004664.454496,885735349.4274452,1395213500.2535744
2024-05-02,2006004664.454496,74831981.29898871,-56621676.53525248,-69980396.10922772,40923.8520845249,311257.5653244828,-12456.478216070582,0.0,0.0,0,0,0,3,54,48,2102302505.0058877,2101092264.196086,0.0070078338941938784,-76918218.82993841,2101697384.600987,1155963817.550788,630509215.3802961,2024472846.453256,868509028.902468,1393963631.07296
2024-05-03,2024472846.453256,43239719.30056509,-45831495.49979795,-47586919.12331322,40351.05048199061,318043.17634966766,-19836.77785350278,0.0,0.0,0,0,0,3,54,48,2148134024.125335,2144331971.815222,0.006762323956686727,-122491252.61168098,2146232997.9702787,1180523200.191406,643869899.3910836,2022138925.6020372,841615725.4106312,1378269026.2109537
2024-05-06,2022138925.6020372,40022348.906726964,-19851907.561361298,-17267914.67334826,40077.502853179554,320982.35860116663,-23009.88143442226,0.0,0.0,0,0,0,3,54,48,2167985911.7527204,2184354320.600502,0.006654979143974381,-142085031.15595222,2176170116.176611,1196484353.6759415,652851034.8529832,2042567261.9217165,846082908.245775,1389716227.0687332
2024-05-07,2042567261.9217165,-27915547.838698238,33064668.83885188,34359632.952809565,39536.81537061965,316086.95414942724,-17613.38903548939,0.0,0.0,0,0,0,3,54,48,2134921266.3000712,2156438768.1095214,0.0066668751480892015,-108761922.00302196,2145680017.2047963,1179586071.9174018,643704005.1614388,2047975319.6716135,868389247.7542117,1404271314.5101748
2024-05-08,2047975319.6716135,-22292627.685022328,41110153.55297639,45260744.82258487,38983.510387953334,310000.3614164623,-10913.80436171809,0.0,0.0,0,0,0,3,54,48,2093811071.480796,2134146135.9608865,0.006702640907203703,-67392273.9317069,2113978603.7208414,1161679855.4344604,634193581.1162524,2067052948.5862343,905373093.1517739,1432859367.469982
2024-05-09,2067052948.5862343,42498530.701685354,-34130432.687464975,-33320307.09837598,40810.810062333534,314933.3491535639,-16399.212842176767,0.0,0.0,0,0,0,3,54,48,2127129562.7632835,2176644671.8655834,0.006906909611727799,-101264436.07519102,2151887117.3144336,1182300036.7953808,645566135.1943301,2075678769.9267037,893378733.1313229,1430112634.7323737
2024-05-10,2075678769.9267037,-53383122.84826356,30101532.980266646,35780479.11700273,39605.11965963072,310476.65239561384,-11482.504983219531,0.0,0.0,0,0,0,3,54,48,2097028046.1992679,2123261550.8217063,0.00679907123956139,-70903975.8826592,2110144798.510487,1159923801.565207,633043439.5531461,2052656569.0864594,892732767.5212524,1419613129.5333133
2024-05-13,2052656569.0864594,2779909.563443415,-109703827.91779053,-108006137.87335514,56701.08851235077,326718.9139223449,-29209.19383583239,0.0,0.0,0,0,0,3,54,48,2206731876.398577,2126041469.0415359,0.009250055288891565,-180365519.39793587,2166386672.7200565,1193529930.1799572,649916001.8160169,1945973459.3636866,752443529.1837294,1296057457.5476696
2024-05-14,1945973459.3636866,47822800.606224895,-130629615.5067731,-129888298.7334726,61021.763062258724,346059.35520328535,-50325.63374813871,0.0,0.0,0,0,0,3,54,48,2337361498.5587754,2173864253.0487885,0.009398561033865998,-310758630.34871244,2255612875.803782,1244674512.8298297,676683862.7411345,1863401356.4215312,618726843.5917015,1186717493.6803966
2024-05-15,1863401356.4215312,73191932.3584526,59996516.484629974,60877765.40189131,43685.27629092074,337176.53600914095,-40568.7146847028,0.0,0.0,0,0,0,3,54,48,2277364971.1686816,2247056193.5130744,0.006905656170104767,-250510073.52475142,2262210582.340878,1244973539.728873,678663174.7022634,1996842727.8096473,751869188.0807743,1318179553.107384
2024-05-16,1996842727.8096473,-42466680.5420753,52604919.05644689,51137272.01887519,40314.68688472029,322215.7639979467,-31987.838141678854,0.0,48434.827168715805,1,0,0,4,53,48,2176316604.86418,2204415745.64366,0.006668738935346707,-197523528.83369446,2190366175.25392,1203998917.8701692,657109852.576176,2007182444.735822,803183526.8656528,1350072592.159646
2024-05-17,2007182444.735822,-1132356.7645126747,47622632.196357846,44699945.11423063,39579.92935718916,321984.9499640243,-24242.93533137811,0.0,48830.86162289259,0,1,0,3,54,48,2174757635.779526,2203283395.47096,0.006551890810343438,-149699086.0942731,2189020515.625243,1203248139.6015978,656706154.687573,2053882051.3913198,850633911.789722,1397175896.7037468
2024-05-20,2053882051.3913198,53004183.56996321,5751309.395364062,4366564.976448563,56669.05054878566,321133.4353038398,-23272.495850698426,0.0,0.0,0,0,0,3,54,48,2169006317.2491994,2256287539.221217,0.009405624149327432,-143706663.91511893,2212646928.2352085,1214773779.980064,663794078.4705626,2112878736.2455513,898104956.2654874,1449084657.7749887
2024-05-21,2112878736.2455513,-26288933.507221658,15938979.522074345,12707163.356003571,56398.98341205923,318773.5804933667,-20652.166293806313,0.0,0.0,0,0,0,3,54,48,2153067335.4148593,2229998624.5423484,0.009430097096535606,-127526241.2653563,2191532979.978604,1203419856.7600448,657459893.9935812,2102770504.6911917,899350647.9311469,1445310610.6976104
2024-05-22,2102770504.6911917,-31556680.760018315,-33731420.6879399,-39142516.219254114,39305.86700252928,323767.7044596832,-26072.869867947244,0.0,0.0,0,0,0,3,54,48,2186798754.3243146,2198441950.763212,0.006470696991631818,-160998853.38698125,2192620352.543763,1205650113.9880974,657786105.7631289,2037740792.2108226,832090678.2227252,1379954686.4476938
2024-05-23,2037740792.2108226,-50476096.72045686,91761854.6165204,93389630.57088983,60110.79894112698,310181.8519122378,-11174.070219684587,0.0,0.0,0,0,0,3,54,48,2095036898.4691486,2147965843.7519665,0.01032912004300166,-68999404.44402146,2121501371.1105576,1165502530.4787362,636450411.3331672,2079265447.0896375,913762916.6109014,1442815035.7564702
2024-05-24,2079265447.0896375,49527106.49111141,-35006300.84772521,-40712414.55140286,41071.72956465068,315364.7290909296,-16801.3782859345,0.0,0.0,0,0,0,3,54,48,2130043198.3627517,2197492971.4483376,0.0069415599902571444,-103747790.44487858,2163768084.9055448,1188386202.37091,649130425.4716634,2094043744.354264,905657541.9833541,1444913318.8826008
2024-05-28,2094043744.354264,-10325254.26719497,-37605650.004079245,-35472148.60157491,41630.63236768235,320932.45536462485,-22849.793603797272,0.0,0.0,0,0,0,3,54,48,2167648854.245121,2187167705.117295,0.0069139554697778055,-141096495.6666727,2177408279.6812077,1197086582.55286,653222483.9043623,2046369292.112383,849282709.5595229,1393146808.2080207
2024-05-29,2046369292.112383,-36291934.625872314,66950000.23304048,65221100.59244086,41121.68925401116,311020.1374043718,-11965.997857246639,0.0,0.0,0,0,0,3,54,48,2100698864.269678,2150875759.677103,0.007047087225703172,-73889523.646806,2125787311.9733906,1167928599.200179,637736193.5920172,2077285290.1698442,909356690.969665,1439549096.577827
2024-05-30,2077285290.1698442,-4808774.91307194,-42118564.23459529,-44563041.72864086,41094.920695272755,317256.0238109708,-18745.09331970803,0.0,0.0,0,0,0,3,54,48,2142817421.6125605,2146067003.5302105,0.006904074654743545,-115750147.42872882,2144442212.5713854,1179361977.3663206,643332663.7714156,2030615367.031973,851253389.6656523,1387282703.2605572
2024-05-31,2030615367.031973,-21637417.85196864,-12465712.013810627,-6810285.858087411,45753.13346505344,295594.7284471058,-547.8020442909665,3336900.999377656,0.0,0,0,0,4,71,50,1996512237.1661932,1996512237.166194,0.008249950959878918,-3382654.1328430176,1996512237.1661935,1098081730.4414065,598953671.149858,1993424629.9597538,895342899.5183473,1394470958.8098958
2024-06-03,1993424629.9597538,-15140007.04378338,-31392668.813663054,-42118996.47641144,45394.965269208726,293614.73845339374,-5598.48809197167,0.0,44744.23007445509,1,0,0,5,70,50,1983138946.4019089,1981372238.8025005,0.008240566061478162,-34570423.8955369,1982255592.6022048,1090284743.6211977,594676677.7806615,1947089831.157325,856805087.5361273,1352413153.3766637
2024-06-04,1947089831.157325,-39485624.71790295,18482151.49383297,19971473.593140084,48014.26202312185,297454.2022468944,-2573.729522037522,0.0,44414.74258541587,0,1,0,4,71,50,2009071534.8758345,1941886598.361468,0.008603543491741377,-15892669.43282175,1975479066.6186514,1088193110.0531173,592643719.9855953,1926288809.4013712,838095699.348254,1333645089.4157758
2024-06-05,1926288809.4013712,55331706.83239878,-44185871.51078217,-53411239.73601566,48667.21246078097,303996.1640889759,-9689.512229787772,0.0,0.0,0,0,0,4,71,50,2053257393.4715068,1997218300.027227,0.008532878801064098,-59832322.51669979,2025237846.7493668,1115281793.0482588,607571354.02481,1937680284.1623864,822398491.1141276,1330108930.1375766
2024-06-06,1937680284.1623864,-22403201.360900465,-10032798.523198493,-4301806.401387889,47229.95270696299,305481.5763746816,-11274.257678752474,0.0,0.0,0,0,0,4,71,50,2063290196.9021647,1974815112.0331428,0.00824061637089865,-69618057.70756245,2019052654.4676538,1112690837.0789351,605715796.3402961,1905491261.6442764,792800424.5653412,1299775465.3039804
2024-06-07,1905491261.6442764,-40957114.71882083,80892271.81581056,80999586.38549988,46713.62852629307,293485.6722672793,1673.8498056002527,0.0,0.0,0,0,0,4,71,50,1982267204.8071396,1933857985.609564,0.008483672750415939,11521719.503175735,1958062595.2083519,1078144657.844533,587418778.5625055,1945674864.6348126,867530206.7902796,1358256086.072307
2024-06-10,1945674864.6348126,30450031.940581042,-8100000.507386103,-6627204.117582196,45028.912524790845,288095.1341449448,527.0117491811171,0.0,44216.88552012539,1,0,0,5,70,50,1945858316.9264562,1964308035.935255,0.008330723962744396,3627614.3347074986,1955083176.4308558,1074834504.0617507,586524952.9292567,1968224272.4158566,893389768.354106,1381699319.4866
2024-06-11,1968224272.4158566,-13528244.788836788,-8656688.497652248,-12349023.850630637,45611.083009545626,295856.688803001,-781.5684709631391,0.0,43766.566589925955,0,1,0,4,71,50,1998281575.404885,1950776113.2730227,0.008217055136541238,-4826151.793254375,1974528844.338954,1087178500.939721,592358653.3016862,1946245036.6001003,859066535.6603792,1353886383.2984142
2024-06-12,1946245036.6001003,32245590.301981602,-4323257.888823274,-5907102.131775052,45188.32293264127,296496.7715693957,-1441.2328462756884,0.0,0.0,0,0,0,4,71,50,2002604836.1159937,1983021731.7136407,0.008123318171597886,-8899551.023314714,1992813283.9148173,1096536883.7632084,597843985.1744452,1974417236.2290492,877880352.4658408,1376573251.054604
2024-06-13,1974417236.2290492,-16192031.377605565,27908047.921384245,30565354.019580185,57878.434199208124,292364.82873770996,2795.9712015529885,0.0,0.0,0,0,0,4,71,50,1974696779.466709,1966829683.4675183,0.010551613051874227,19245690.87111044,1970763231.4671135,1084116454.7068923,591228969.440134,1986370535.138568,902254080.4316757,1395141565.6984339
2024-06-14,1986370535.138568,-16262261.368200542,62487788.44177407,65415208.3246629,54770.73119398611,283071.0591819274,13405.71741789784,0.0,0.0,0,0,0,4,71,50,1911924602.3544817,1940264842.7153027,0.010312887446269318,92276448.76564479,1926094722.534892,1058643591.3851702,577828416.7604676,2032837768.2575474,974194176.8723772,1455009351.4970798
2024-06-17,2032837768.2575474,-655044.9886527695,8048968.1634967495,9439239.84174993,49251.9514581699,281876.3912873976,14612.46192972497,0.0,0.0,0,0,0,4,71,50,1903855550.9092522,1939599527.5363636,0.00931305030808312,100582911.94456959,1921727539.222808,1056056547.1568666,576518261.7668424,2040478928.3341503,984422381.1772838,1463960666.567308
2024-06-18,2040478928.3341503,17212669.361549154,29019331.05629231,29149501.13824859,49272.567981105356,277579.9189023131,18877.903923025824,0.0,0.0,0,0,0,4,71,50,1874836225.2313828,1956718149.2568731,0.009461159451945608,129943506.92713761,1915777187.244128,1051630404.8836331,574733156.1732384,2086958114.0068362,1035327709.123203,1512224957.8335977
2024-06-20,2086958114.0068362,-32137984.690164942,20559304.14482231,23320500.430250037,46974.69375453132,266600.30748896307,21893.173972205954,0.0,53599.42613926823,1,0,0,5,70,50,1800677498.9873676,1924580147.4870272,0.009391403936097007,150698711.85457253,1862628823.2371974,1021348286.567967,558788646.9711592,2075567352.823061,1054219066.2550939,1516778705.8519018
2024-06-21,2075567352.823061,-5283249.2295296015,-4399594.182438501,-5119369.560918314,51396.68322636351,275178.0457408727,21280.677089323584,0.0,53536.36654758262,0,1,0,4,71,50,1858613442.152236,1919296904.235956,0.009955166330910096,146482672.1253631,1888955173.194096,1037408258.7046597,566686551.9582288,2066076035.0841494,1028667776.3794897,1499389483.1259205
2024-06-24,2066076035.0841494,-11010977.478487527,-12787183.945290137,-10838403.511776846,51915.332527096805,277071.2590448553,19458.507734387284,0.0,0.0,0,0,0,4,71,50,1871400623.9427376,1908285943.3301501,0.009986915399429046,133940014.99769449,1889843283.6364439,1038491673.0153588,566952985.0909331,2042522488.0946238,1004030815.079265,1475569503.0036907
2024-06-25,2042522488.0946238,3869404.6891536633,12501564.72805057,-2961073.3828401915,52059.934093468255,275220.33586392016,21310.223547259142,0.0,0.0,0,0,0,4,71,50,1858899079.0058396,1912155346.392012,0.010082083791053237,146686051.1857226,1885527212.6989257,1035708560.2997549,565658163.8096777,2059137928.1371458,1023429367.8373909,1493479764.327468
2024-06-26,2059137928.1371458,-13737917.827910364,-3118260.204194171,1985148.3831145356,52778.434200350326,275682.0113628231,20892.622040637023,0.0,0.0,0,0,0,4,71,50,1862017337.5350153,1898417424.163588,0.010204113532733861,143811547.50725293,1880217380.8493018,1033209557.3014016,564065214.2547905,2042525546.3042445,1009315989.0028429,1478460332.049454
2024-06-27,2042525546.3042445,28085233.149493948,-5012318.075554185,-6235056.546823829,52544.84278866907,269543.7206677549,20193.144377752196,0.0,46471.67866245873,1,0,0,5,70,50,1820557963.234367,1926502657.5528939,0.010390299999190807,138996787.3038392,1873530310.3936305,1027793053.3585336,562059093.1180891,2065789181.7217786,1037996128.363245,1503730088.6036897
2024-06-28,2065789181.7217786,-1409668.6676573204,12475044.492497066,14092855.65386242,48214.184845342716,307489.8553256522,-540.7450940299766,3290863.5827500527,0.0,0,0,0,2,75,49,2076854557.5466194,2076854557.546618,0.008357401090631615,-3339077.7675950527,2076854557.5466187,1142270006.6506402,623056367.2639856,2073822428.8892546,931552422.2386143,1450766061.625269
2024-07-01,2073822428.8892546,23384733.05119244,22746771.805376533,23423103.759508066,46216.39567436538,304122.06793140207,2857.3875728558023,0.0,0.0,0,0,0,2,75,49,2054107775.8968995,2100239275.1660557,0.008099819609273815,19668442.184093475,2077173525.5314775,1141292151.5605836,623152057.6594433,2120214696.8056533,978922545.2450697,1497062639.1462102
2024-07-02,2120214696.8056533,-24673390.309905052,5267842.5817874335,5595372.253687335,46927.802240501784,303342.13657084346,3660.4656890266424,0.0,0.0,0,0,0,2,75,49,2048839946.8199558,2075565899.1328554,0.00824564594848034,25196322.142439604,2062202922.9764056,1133543458.8292007,618660876.8929217,2101069223.877555,967525765.0483541,1482408346.9846332
2024-07-03,2101069223.877555,26530392.278981034,-37513324.473495394,-36969433.005704224,55276.86500441708,308896.1931064693,-1953.9022550632483,0.0,0.0,0,0,0,2,75,49,2086353274.2650836,2102096277.4565058,0.009538016234858311,-12065262.638469458,2094224775.8607945,1151430051.6436515,628267432.7582383,2090337957.1088877,938907905.4652362,1462070524.3506494
2024-07-05,2090337957.1088877,-3550092.3568165787,-8861130.409795469,-10366205.338063471,55657.367975604066,310093.268857414,-3348.2215476625634,0.0,0.0,0,0,0,2,75,49,2094438588.9056108,2098546201.453863,0.009566598217466495,-20675124.479562998,2096492395.1797369,1152968127.0351489,628947718.553921,2078177822.0216095,925209694.9864607,1449230103.4676886
2024-07-08,2078177822.0216095,2409441.69322595,-12819058.72767479,-12378866.091644693,56394.176651134745,311991.20027168444,-5377.772118632524,0.0,0.0,0,0,0,2,75,49,2107257637.857531,2100919323.0353415,0.009634276905528098,-33207512.224832058,2104088480.4464364,1157407122.1160946,631226544.1339309,2068018424.2386625,910611302.1225679,1436791880.1047316
2024-07-09,2068018424.2386625,1874978.076196053,18028486.252277013,16460358.528300177,58067.232803571256,309321.98218038183,-2417.907797816874,0.0,0.0,0,0,0,2,75,49,2089229147.935037,2102794298.3019834,0.010005701782376088,-14930476.967651367,2096011723.1185102,1152467318.956007,628803516.9355531,2088170725.4087145,935703406.4527075,1459367208.4731615
2024-07-10,2088170725.4087145,27261029.16371557,-15063795.828300955,-16028919.213594642,56752.871107868974,311552.26077762427,-4774.150763638878,0.0,0.0,0,0,0,2,75,49,2104292943.3385506,2129791382.1150453,0.009709215469980211,-29480176.242023945,2117042162.726798,1163735728.5303264,635112648.8180394,2100617983.9830353,936882255.452709,1465505335.164996
2024-07-11,2100617983.9830353,16335496.106248077,-80976735.44642773,-81221939.72567925,58122.55836143109,323541.31525096635,-17836.21721785926,0.0,0.0,0,0,0,2,75,49,2185269671.4887033,2146056498.5584106,0.009575075004752503,-110137876.47391653,2165663085.0235567,1192095026.0862136,649698925.507067,2036224327.1825273,844129301.0963137,1386525401.6754603
2024-07-12,2036224327.1825273,31415543.636372,-58593709.52285457,-56800532.14803641,66631.01947204092,332216.4434474328,-27242.773770400523,0.0,0.0,0,0,0,2,75,49,2243863407.900109,2177202490.093797,0.010690119071188386,-168222959.8172245,2210532948.996953,1217459644.893482,663159884.6990858,2009284503.9462497,791824859.0527678,1346124619.2471638
2024-07-15,2009284503.9462497,42231687.59183852,521829.9594771464,-4756081.982606293,57077.532956387084,332139.1643763461,-27118.124996135775,0.0,0.0,0,0,0,2,75,49,2243341447.945302,2219434202.9458933,0.009159511532726943,-167453258.98128438,2231387825.4455976,1227860985.1200638,669416347.6336793,2052285965.0039892,824424979.8839254,1382869617.3703098
2024-07-16,2052285965.0039892,46048642.63989078,-100601227.3288516,-100073941.95249216,59667.508710027934,347033.73400887527,-43370.201076012905,0.0,0.0,0,0,0,2,75,49,2343942668.727863,2265482844.66506,0.009164175993804563,-267809131.85874176,2304712756.6964617,1269553511.7846239,691413827.0089384,1997977376.339251,728423864.5546272,1306563549.3303127
2024-07-17,1997977376.339251,-106120595.29481603,37219580.824639834,38229545.841349065,58167.49391034616,341523.1688936601,-37302.935678142094,0.0,0.0,0,0,0,2,75,49,2306723091.9646835,2159362222.576385,0.009077941726368784,-230344028.2012205,2233042657.2705345,1231857483.2335014,669912797.1811603,1929322414.60838,697464931.3748786,1259409617.4272199
2024-07-18,1929322414.60838,-61394953.45432536,85901948.41094208,88635066.5421182,55521.124543576305,328804.90796513564,-23351.319329466867,0.0,0.0,0,0,0,2,75,49,2220821141.978402,2097967283.9568865,0.009000096611959326,-144193395.51643348,2159394212.967644,1190738163.5827422,647818263.8902932,1954079342.0290887,763341178.4463465,1306261078.1387954
2024-07-19,1954079342.0290887,5257608.985134577,6351484.312735667,7535418.116763799,53525.07341453651,327864.5350762782,-22281.92993086808,0.0,0.0,0,0,0,2,75,49,2214469655.29944,2103224872.0908086,0.008701418140059177,-137589961.8372643,2158847263.695124,1190147114.612534,647654179.1085372,1965940492.8586898,775793378.2461557,1318286313.7501526
2024-07-22,1965940492.8586898,45641458.25687206,-13910078.614080315,-13499780.006816013,56740.037718416526,329923.8284921344,-24494.293570697162,0.0,0.0,0,0,0,2,75,49,2228378578.9337406,2148866344.907176,0.009166491623880096,-151251212.44341302,2188622461.9204583,1205730159.9069161,656586738.5761374,1997920561.9986844,792190402.0917683,1341333823.4225469
2024-07-23,1997920561.9986844,15815700.759004654,-23889213.903641295,-23454839.30874662,57166.81810806265,333460.7639558222,-28300.776467921827,0.0,0.0,0,0,0,2,75,49,2252267824.0918574,2164545963.1414604,0.009137481030792009,-174756081.10552073,2208406893.616659,1216816838.0129223,662522068.0849978,1990095042.0234275,773278204.0105052,1327572973.9384298
2024-07-24,1990095042.0234275,-86584623.0714931,73516482.019495,77181778.81126136,51161.393514623946,322556.59712433914,-16354.059817579267,0.0,0.0,0,0,0,2,75,49,2178618667.2563243,2077961357.6624522,0.00845402728897928,-100985618.0845375,2128290012.4593883,1173075939.5925102,638487003.7378165,1977281942.1152215,804206002.5227113,1338794938.3774052
2024-07-25,1977281942.1152215,747846.6662778072,-23323442.39745891,-24089561.840069797,53703.18105197145,326009.76475301007,-20090.268310541174,0.0,0.0,0,0,0,2,75,49,2201942125.911513,2078709188.5167933,0.008780042377683563,-124056545.31380486,2140325657.214153,1180259934.9026523,642097697.1642458,1954958562.699431,774698627.7967787,1312860865.535185
2024-07-26,1954958562.699431,47495004.231559895,-55186452.253206186,-54917304.40103716,52247.2104856948,334178.23290535226,-28986.328176525043,0.0,0.0,0,0,0,2,75,49,2257113768.216263,2126204200.9758584,0.008333206788116129,-178989333.50855947,2191658984.5960608,1208685180.7088435,657497695.3788182,1947520059.3720279,738834878.6631844,1290022363.9932098
2024-07-29,1947520059.3720279,-30704915.253404036,40108924.72503521,39257332.72029374,50729.465873333924,328239.8804280076,-22449.70029174669,0.0,0.0,0,0,0,2,75,49,2217004820.902115,2095499275.9992063,0.00823751375830073,-138625936.62142038,2156252048.4506607,1188976265.270436,646875614.5351982,1957179129.5579221,768202864.2874861,1310303515.022724
2024-07-30,1957179129.5579221,-54408373.63127206,13662197.951201204,14183016.406842154,50078.67657320789,317947.0885431071,-20204.819700533837,0.0,55857.60018549581,1,0,0,3,74,49,2147485025.807102,2041090912.83595,0.0083950869736934,-124763895.23485732,2094287969.321526,1154518235.951118,628286390.7964578,1916624759.869935,762106523.918817,1288338369.0734773
2024-07-31,1916624759.869935,84105142.56684503,-11803925.805120178,-13609721.060408121,45451.99289539715,290127.06844991527,-556.3631656777469,3360723.1718335003,29343.525562814422,1,0,0,1,72,50,1959582451.0688462,1988925976.6316597,0.008350104091521121,-3435518.6902914047,1974254213.850253,1085106229.4785688,592276264.1550759,1985780028.6466525,900673799.1680837,1393503764.4915767
2024-08-01,1985780028.6466525,-61438384.787351936,86259425.07928312,87931853.62173447,38990.28334090927,281452.74285794864,12064.854956046205,0.0,27671.09702036304,0,1,0,0,73,50,1900994135.6259196,1927487604.801499,0.007383769228780754,83046802.7567234,1914240870.2137094,1052170141.8881506,574272261.0641128,2010827925.1560364,958657783.2678858,1436555664.0919237
2024-08-02,2010827925.1560364,-86681609.63541175,79583173.6256658,79583173.62566578,37916.73231148301,269670.00991013326,23663.654632452995,0.0,0.0,0,0,0,0,73,50,1821410948.7363598,1840805995.5940347,0.007494203129504552,162885576.81994414,1831108472.1651974,1006624783.5194166,549332541.6495591,2003984906.0785215,997360122.5591049,1454652364.4289622
2024-08-05,2003984906.0785215,-60382651.90356263,54262874.157716766,54262874.15771675,36780.96394960667,261636.09283995198,31584.11302398209,0.0,0.0,0,0,0,0,73,50,1767148094.2285688,1780423362.8824248,0.007492947006028201,217404984.48630118,1773785728.5554967,975250268.9891768,532135718.56664896,1998121567.57459,1022871298.5854132,1465985849.007941
2024-08-06,1998121567.57459,43077259.61430846,14994077.389303297,14994077.3893033,36845.69477430163,259415.38144718172,33799.668764893795,0.0,0.0,0,0,0,0,73,50,1752148917.842128,1823500595.1097798,0.007570389699001451,232655463.77364755,1787824756.475954,981519824.1300833,536347426.9427862,2056449273.9336395,1074929449.8035562,1520101846.9908533
2024-08-07,2056449273.9336395,-77238206.74007164,37033431.92854873,37033431.92854872,36175.98359909895,253932.3749137113,39217.142450107465,0.0,0.0,0,0,0,0,73,50,1715115477.841202,1746262409.524011,0.007593281189478851,269945913.6145065,1730688943.6826065,951100245.7333634,519206683.1047819,2016501472.6558812,1065401226.9225178,1497294789.5510993
2024-08-08,2016501472.6558812,99053731.19559884,-26838866.356994823,-26838866.35699482,36792.24517675371,257906.01901717467,35355.29335317262,0.0,0.0,0,0,0,0,73,50,1741954349.8345757,1845316149.3192482,0.007603648318848979,243363395.93006015,1793635249.576912,983915342.2801847,538090574.8730736,2088972806.5616786,1105057464.281494,1550882231.688605
2024-08-09,2088972806.5616786,27242779.82690519,15273639.332088444,15273639.332088454,36986.768440272645,255597.43206460928,37611.44593594824,0.0,0.0,0,0,0,0,73,50,1726361642.4626517,1872558920.8462787,0.007712889530784513,258893318.10595345,1799460281.6544652,986048222.9503652,539838084.4963396,2131745447.8302326,1145697224.8798676,1591907363.333893
2024-08-12,2131745447.8302326,-2888016.9158838834,35947648.70616748,35947648.706167474,37088.37056196936,250275.18362100443,42888.23901727213,0.0,0.0,0,0,0,0,73,50,1690413998.190649,1869552579.2763793,0.007898546401414217,295215411.9735749,1779983288.7335143,974512344.2762895,533994986.62005424,2165061154.6725926,1190548810.3963032,1631066168.0525384
2024-08-13,2165061154.6725926,44062785.098710574,-62496008.95547626,-62496008.95547625,38550.78155982566,259528.06384540614,33845.945997689916,0.0,0.0,0,0,0,0,73,50,1752909999.706308,1913615373.166803,0.00791728118606345,232974006.86746407,1833262686.4365554,1004276843.203593,549978805.9309666,2146882754.04411,1142605910.840517,1596903948.1131434
2024-08-14,2146882754.04411,3290914.3980130237,30397743.136492424,30397743.13649242,37698.406113534395,254941.7309772395,38299.12016852376,0.0,579.3622598594997,1,0,0,1,72,50,1721932892.1539629,1916906302.8223157,0.007881507033584754,263626830.98792648,1819419597.4881392,995806443.3517678,545825879.2464417,2180826374.661388,1185019931.3096201,1635000495.414946
2024-08-15,2180826374.661388,72355347.54169622,-59743294.008138515,-59761226.666115865,38119.29784963643,258108.3186458257,29651.067765934367,0.0,39550.05052462328,1,1,0,1,72,50,1743320726.3132691,1989261630.8210194,0.007871728373751436,204099128.02555203,1866291178.5671444,1020311625.5992355,559887353.5701433,2193648518.232983,1173336892.6337476,1633761164.66284
2024-08-16,2193648518.232983,16195827.524256028,-15475156.61834858,-13882928.68838668,40516.09350889133,265930.9348814643,27454.464654553856,0.0,37360.52767682454,0,1,0,0,73,50,1796156408.205012,2005312205.9089212,0.008120558764577296,188979106.60878372,1900734307.0569668,1040174973.9387339,570220292.11709,2194584697.917241,1154409723.978507,1624364405.800151
2024-08-19,2194584697.917241,49076128.92426181,-51229365.163769245,-51229365.163769245,41149.06430534834,273118.41279596783,20048.619012719726,0.0,0.0,0,0,0,0,73,50,1844702225.2635725,2054388346.1778812,0.008030381785769687,138001966.43554688,1949545285.720727,1067007754.1235421,584863585.7162181,2192683479.645237,1125675725.521695,1607819893.929019
2024-08-20,2192683479.645237,-14865878.681398276,41066945.07310242,41066945.07310242,40362.16079989054,267038.22162015067,26051.46160165309,0.0,0.0,0,0,0,0,73,50,1803635267.9785035,2039522459.6582613,0.008056161989029023,179321724.21787977,1921578863.8183823,1050971195.3081163,576473659.1455146,2219137273.559363,1168166078.2512465,1642663614.4138484
2024-08-21,2219137273.559363,36604109.13021992,-44672961.70017049,-44672961.70017048,58398.31816657817,273652.3005185323,19595.569724589295,0.0,0.0,0,0,0,0,73,50,1848308221.1383045,2076126559.939847,0.01137439865252593,134883462.73139858,1962217390.5390759,1073524106.3264531,588665217.1617228,2211303270.5414886,1137779164.2150354,1622638053.379766
2024-08-22,2211303270.5414886,-38912065.0824556,48000587.88880066,48000587.88880066,38753.94185607427,266545.5484327159,26623.947508166577,0.0,0.0,0,0,0,0,73,50,1800307644.1984563,2037090685.6212747,0.007749463883656545,183262353.78470302,1918699164.9098654,1049364964.6648555,575609749.4729596,2220646208.9019184,1171281244.237063,1645036459.428959
2024-08-23,2220646208.9019184,53234606.6380297,-68624764.840803,-68624764.84080298,40363.23662700495,276705.82696597604,16691.021147627725,0.0,0.0,0,0,0,0,73,50,1868932414.7795756,2090325293.3297079,0.007774901366583426,114890394.13281035,1979628854.0546417,1083261047.7662997,593888656.2163925,2205509084.3106318,1122248036.544332,1611620428.0942392
2024-08-26,2205509084.3106318,-22138668.157988466,6837495.89862837,6837495.898628366,41375.7336936147,275693.494671494,17720.971696301265,0.0,0.0,0,0,0,0,73,50,1862094898.3440497,2068186616.4195194,0.007999197110172825,121979919.89805841,1965140757.3817844,1075675123.6080947,589542227.2145354,2190459950.7839456,1114784827.1758509,1600917723.5694103
2024-08-27,2190459950.7839456,-24335990.738140352,32089764.387928832,32089764.387928825,40839.50716885983,270942.42807961174,22419.59510994313,0.0,0.0,0,0,0,0,73,50,1830005142.751599,2043850624.1315455,0.008033978832804406,154322260.79501963,1936927883.4415722,1059964198.8583661,581078365.0324717,2198466246.9497547,1138502048.0913887,1617387881.917283
2024-08-28,2198466246.9497547,-50660104.644296855,48655176.74900522,48655176.74900521,37003.03501291908,263738.7601940702,29525.35495205869,0.0,0.0,0,0,0,0,73,50,1781349975.0443764,1993190515.2022202,0.007478088411188833,203233800.81723,1887270245.1232982,1032702621.3138679,566181073.5369895,2196717580.1345963,1164014958.8207283,1630536506.597607
2024-08-29,2196717580.1345963,14240429.895232795,-34457969.03230372,-34457969.03230371,35855.371859497725,268840.45400369016,24556.771727976557,0.0,0.0,0,0,0,0,73,50,1815807944.490215,2007430957.6701865,0.00710864489198116,169033227.95547915,1911619451.0802007,1046600122.7646111,573485835.3240602,2176757582.8513975,1130157460.0867863,1603271747.5273373
2024-08-30,2176757582.8513975,15530446.753175458,6274618.198742617,6274618.198742614,32498.866096476286,325509.41424421326,-475.14322660566006,2901490.1832688865,0.0,0,0,0,2,48,50,2198562647.8033166,2198562647.803316,0.005321473011661077,-2933989.0493659973,2198562647.803316,1209209456.2918239,659568794.3409948,2195953693.0249677,986744236.7331438,1536384898.6839728
2024-09-03,2195953693.0249677,-130189122.61293417,39342621.929966606,39394168.59372562,34166.181981789625,319655.03291170055,5331.62136342904,0.0,0.0,0,0,0,2,48,50,2159020860.1915984,2068373529.2033365,0.005696946120452369,36699496.95668173,2113697194.6974673,1164799640.3583136,634109158.4092401,2105398012.8142934,940598372.4559798,1471288854.4050531
2024-09-04,2105398012.8142934,6777149.483106685,-23408896.83264258,-22419106.325497627,35881.85839697356,323120.8525128917,1972.833303853119,0.0,0.0,0,0,0,2,48,50,2182429773.0701876,2075150651.495708,0.005918847507628395,13579732.110652447,2128790212.2829478,1173516594.7949834,638637063.6848843,2089055477.2921772,915538882.4971938,1450418413.607293
2024-09-05,2089055477.2921772,-23475980.044223253,27022148.522626888,27987725.606482647,34971.79443843183,319120.07463939633,5940.698153926807,0.0,0.0,0,0,0,2,48,50,2155407633.586917,2051674679.0351548,0.005841051039094677,40891994.94098759,2103541156.3110359,1159540959.8348637,631062346.8933108,2092891734.7489357,933350774.914072,1461829387.855625
2024-09-06,2092891734.7489357,-72290775.7893891,49245115.45276826,47332260.60077479,32425.081553028373,311822.34158250305,13137.429215279431,0.0,0.0,0,0,0,2,48,50,2106117128.8874502,1979383926.2427964,0.005542440730851686,90429723.08796549,2042750527.5651233,1126681120.2269342,612825158.269537,2070138609.1015596,943457488.8746254,1457313450.8320227
2024-09-09,2070138609.1015596,75833247.72512649,-14900958.901488343,-15841377.207525205,32147.93805488765,314028.5095082342,11015.194171188177,0.0,0.0,0,0,0,2,48,50,2121018075.4777546,2055217145.7495189,0.005456463494377673,75821604.23762417,2088117610.6136367,1150109709.0807061,626435283.184091,2131363793.6908224,981254084.6101162,1504928510.5067315
2024-09-10,2131363793.6908224,31267865.69536399,10014150.005470779,11293821.389483005,31963.255409241603,312545.86135076336,12512.603684366391,0.0,0.0,0,0,0,2,48,50,2111003941.581141,2086485025.3643188,0.00545085289547513,86128820.77192926,2098744483.47273,1154922438.815422,629623345.041819,2172938904.601283,1018016465.785861,1543315559.559464
2024-09-11,2172938904.601283,58060132.135414325,-50925787.53804401,-48352570.292750485,33485.61514830684,320085.7077617242,5156.578934099523,0.0,0.0,0,0,0,2,48,50,2161929733.4750605,2144545147.593527,0.005575954327624554,35494615.9899776,2153237440.5342937,1184715206.9408998,645971232.1602881,2180365005.8702006,995649798.9293008,1534393773.7099125
2024-09-12,2180365005.8702006,70975155.63225362,-4503353.888984763,-5143676.105999946,32550.3706246807,320752.4523521125,4568.435722610629,0.0,0.0,0,0,0,2,48,50,2166433074.0480394,2215358045.767896,0.005408952422882557,31446211.474948883,2190895559.9079676,1203769433.656386,657268667.9723903,2247129578.13092,1043360144.474534,1589860910.1585298
2024-09-13,2247129578.13092,77790635.08962628,-39265017.96240583,-38432707.13983006,37710.86159453871,326565.8556591342,-1219.6362554851776,0.0,0.0,0,0,0,2,48,50,2205698087.0035334,2293148685.974156,0.00615492675721407,-7531201.577610016,2249423386.488845,1234996597.594599,674827015.9466535,2285942830.6159496,1050946233.0213506,1611115814.6692963
2024-09-16,2285942830.6159496,-15502191.402171869,-6112100.556945717,-6836679.42069932,38942.69255141748,327470.78699065954,-2156.408757564377,0.0,0.0,0,0,0,2,48,50,2211810193.5579257,2277605327.5718822,0.006338414281362309,-13315731.607601643,2244707760.564904,1232944389.9603481,673412328.1694713,2264614910.3425136,1031670520.3821654,1591202582.1730423
2024-09-17,2264614910.3425136,-10698391.555278245,-66048275.333385795,-64277267.73095873,39755.08182340811,337249.6038548033,-12804.171397000002,0.0,0.0,0,0,0,2,48,50,2277858487.5746565,2266893697.6845474,0.006283019570572798,-79065209.31252146,2272376092.629602,1250080970.693534,681712827.7888806,2188152933.804484,938071963.11095,1506440106.0156033
2024-09-18,2188152933.804484,-2609571.3445505844,25625554.70749038,24577684.62821785,38588.55322463164,333455.5958209678,-8607.96180806087,0.0,0.0,0,0,0,2,48,50,2252232917.364886,2264284123.6553984,0.006168047298199021,-53153795.04119921,2258258520.5101423,1241740906.1233153,677477556.1530427,2211455176.248212,969714270.1248965,1533977620.095169
2024-09-19,2211455176.248212,55537594.02806994,-42401948.67707902,-42091283.036791906,38529.94762484961,307863.5107632776,-14083.466690074045,0.0,0.0,0,0,0,2,48,50,2294634862.8318825,2319675143.5920405,0.00604487509957357,-95122851.94046259,2307155003.2119617,1268309244.7475748,692146500.9635885,2224846071.695651,956536826.9480762,1532699570.7320626
2024-09-20,2224846071.695651,12726731.614451818,40099982.2967152,40360463.28164004,35989.66554073685,302483.42927173316,-8058.83897281327,0.0,0.0,0,0,0,2,48,50,2254534876.5595016,2332067978.4968643,0.005746763879934737,-54431182.555586815,2293301427.528183,1259377457.5920665,687990428.2584549,2277931220.5315766,1018553762.9395101,1589940792.2731218
2024-09-23,2277931220.5315766,-14653449.493355835,19187980.266125374,19580750.21355774,37390.09104657479,299909.0425858913,-5179.895226528878,0.0,0.0,0,0,0,2,48,50,2235346901.2613015,2317414520.3418245,0.006021630364920914,-34986159.12852526,2276380710.8015633,1249957700.4638467,682914213.240469,2282723090.3606586,1032765389.896812,1599808877.1201897
2024-09-24,2282723090.3606586,39487818.53088322,-46126752.385285996,-44983794.98572063,38755.00131730675,306079.69673978875,-11971.318548223735,0.0,0.0,0,0,0,2,48,50,2281339354.5822763,2356902337.2903147,0.006115618198672187,-80856935.78537607,2319120845.9362955,1273627390.6972616,695736253.7808887,2276339509.88313,1002712119.1858685,1580603256.1022415
2024-09-25,2276339509.88313,-15198728.808512695,53429806.78087989,52355700.703842156,37565.52477280474,298911.19642633863,-4022.755869407657,0.0,0.0,0,0,0,2,48,50,2227909538.581406,2341703606.0640597,0.006070079904061404,-27170583.73333502,2284806572.322733,1253798763.0904367,685441971.6968199,2314827910.7712817,1061029147.680845,1629385939.074462
2024-09-26,2314827910.7712817,17237779.641052715,-50432394.88744412,-52633083.91063491,34082.433171856355,305677.54279630346,-11440.889510413492,0.0,0.0,0,0,0,2,48,50,2278341933.8854914,2358873513.7249055,0.005385353163799933,-77274300.63318682,2318607723.8051987,1273220958.5968738,695582317.1415596,2281893449.7450047,1008672491.1481309,1586311132.603445
2024-09-27,2281893449.7450047,-9922904.120880086,-62637118.67093003,-60261651.883264706,34083.69773770233,314041.7709090712,-20676.145201276573,0.0,0.0,0,0,0,2,48,50,2340684006.775686,2348950605.402916,0.005242113480527029,-139651262.14745903,2344817306.089301,1289442853.3834348,703445191.8267903,2209592708.8811646,920149855.4977298,1506147517.0543742
2024-09-30,2209592708.8811646,-5980639.806519497,34604836.567003526,34310381.58010947,35021.8298319011,300294.1015069213,-418.1939379387507,2789552.610279393,0.0,0,0,0,1,52,51,2238216905.6416492,2238216905.641649,0.005632992364459865,-2824574.440111637,2238216905.6416492,1231019298.102907,671465071.6924948,2235692207.109106,1004672909.0061991,1564227135.4166112
2024-10-01,2235692207.109106,-42004275.64189023,30371501.25073102,28854012.978803,34416.60271500028,296219.25772215327,3654.237361704116,0.0,0.0,0,0,0,1,52,51,2207845399.1713285,2196212638.732283,0.005611795546033449,27812377.382948875,2202029018.951806,1211406779.4344692,660608705.6855417,2224324889.610316,1012918110.1758466,1563716183.9247742
2024-10-02,2224324889.610316,14864340.334139593,-53297356.13797974,-51744591.52979604,34611.58190969369,303369.98668748635,-3733.9195225660496,0.0,0.0,0,0,0,1,52,51,2261142757.9191527,2211076981.3263254,0.005510562941614694,-25219719.101759434,2236109869.622739,1231112072.7073271,670832960.8868216,2186156898.291731,955044825.5844038,1515323937.4049091
2024-10-03,2186156898.291731,-23882612.06427272,15244072.574322188,16695600.246812707,37099.078221060474,301324.7403186201,-1438.0772856306105,0.0,0.0,0,0,0,1,52,51,2245898685.604622,2187194352.0842915,0.005946692183929155,-9713092.360732079,2216546518.8444567,1220568193.7024593,664963955.653337,2177781146.3865924,957212952.684133,1512817190.7332554
2024-10-04,2177781146.3865924,56035681.88065392,-10594898.448853824,-11725586.56159851,38604.95826529155,302746.224055761,-2968.029509483343,0.0,0.0,0,0,0,1,52,51,2256493595.446666,2243230053.254386,0.006159018134839395,-20046728.394258976,2249861824.350526,1237755591.947596,674958547.3051578,2223483103.054673,985727511.1070771,1548524555.7495155
2024-10-07,2223483103.054673,-42450842.811250776,43976448.94221083,46513830.57861786,38010.55015834183,296846.05000624765,3178.4921245585288,0.0,0.0,0,0,0,1,52,51,2212517142.903709,2200779215.235029,0.00618471956291576,24191483.40044546,2206648179.0693693,1213949946.6798701,661994453.7208108,2225270723.1776056,1011320776.4977355,1563276269.4567947
2024-10-08,2225270723.1776056,40282975.500052474,33353800.240117915,34143900.114487134,37586.86183707509,292371.0806532016,7595.292265431181,0.0,0.0,0,0,0,1,52,51,2179163334.06113,2241062190.7968435,0.006209387818640424,57807721.25909567,2210112762.4289865,1214014547.9175498,663033828.728696,2299169878.428858,1085155330.511308,1636136049.700162
2024-10-09,2299169878.428858,-11450233.154284388,354045.8740618635,1375709.1340631938,36751.76363350414,292323.5821267371,7715.685064253517,0.0,0.0,0,0,0,1,52,51,2178809307.776922,2229312909.29766,0.006072415268668439,58724030.087341785,2204061108.537291,1210971019.6574917,661218332.5611873,2288336978.6521926,1077365958.994701,1627118646.0910053
2024-10-10,2288336978.6521926,-9350146.238341853,4802780.214092255,5429191.738577947,31509.280952831214,285928.81891072757,8376.365685279874,0.0,42860.03956575472,1,0,0,2,51,51,2131146476.3532488,2219962777.2038145,0.005322647349153403,63752466.10361004,2175554626.7785316,1194334637.2069283,652666388.0335594,2284009548.4920206,1089674911.2850924,1631343160.4584613
2024-10-11,2284009548.4920206,74816970.70771146,-31678988.140533693,-31714838.231028605,37732.207578438785,296075.1330573647,4271.785383828192,0.0,43945.725094740395,0,1,0,1,52,51,2206771178.0673146,2294553321.663985,0.006155416050038521,32512531.46254015,2250662249.8656497,1235669683.8361907,675198674.9596949,2327366200.044966,1091696516.2087755,1652167525.0852714
2024-10-14,2327366200.044966,38916586.49555331,-18228554.652891908,-16227678.140657717,37019.7697246298,293203.4514245198,1906.1485919517536,0.0,39632.39920359266,1,0,0,2,51,51,2185367339.8100853,2333469894.8750916,0.006098341847657013,14507684.843607426,2259418617.3425884,1238977675.6617985,677825585.2027766,2348272689.3187156,1109295013.656917,1670447104.1159391
2024-10-15,2348272689.3187156,9795518.394051239,41898052.10103653,38673891.618425526,37997.90580618712,293200.7932090293,7439.365380019547,0.0,41878.23616636694,0,1,0,1,52,51,2185347527.023821,2343265420.9486375,0.006259528940395508,56620962.72319317,2264306473.986229,1241420613.3443055,679291942.1958686,2400187023.8304195,1158766410.486114,1720895081.634551
2024-10-16,2400187023.8304195,53908278.03468596,-80550573.34566218,-79803918.75903717,42116.10302221515,304007.9945671685,-3504.6364212258763,0.0,0.0,0,0,0,1,52,51,2265898096.1528087,2397173702.691118,0.0066912969800981565,-23671090.27469635,2331535899.421963,1279062854.518622,699460769.826589,2373803115.774567,1094740261.2559452,1674342345.947978
2024-10-17,2373803115.774567,-37448299.5543056,29406253.405108076,29553273.293094307,37229.89074792287,293792.6093892087,781.984396561402,0.0,46733.26928633464,1,0,0,2,51,51,2189758579.29845,2359725428.1828384,0.006120656768266288,5951678.282496929,2274742003.7406445,1246858930.8352447,682422601.1221933,2365971681.059121,1119112750.2238765,1683549079.9369278
2024-10-18,2365971681.059121,41346403.41048596,-57826008.74662508,-64443381.50105444,38240.36480133412,307881.36377707875,-7649.313132473826,0.0,47183.348495724094,0,1,0,1,52,51,2294767928.7732577,2401071806.3753614,0.005999095226958148,-51665154.36567688,2347919867.5743093,1288698330.2258177,704375960.2722927,2349706884.060329,1061008553.8345113,1645330923.7880363
2024-10-21,2349706884.060329,3134898.7416001144,-11535067.776044667,-11104598.82873197,42619.90167040782,309428.98637406476,-9319.000929388838,0.0,0.0,0,0,0,1,52,51,2306303004.0302963,2404206690.519711,0.006652709802022727,-62942595.395496845,2355254847.2750034,1292942573.8390167,706576454.182501,2341564205.1096587,1048621631.270642,1634987750.9271579
2024-10-22,2341564205.1096587,-10675392.84233161,3734104.439170833,4381338.80540124,42586.88799864662,308864.2822200124,-8728.0235925267,0.0,0.0,0,0,0,1,52,51,2302094028.9690366,2393531333.4453216,0.006659710457777738,-58951003.626821995,2347812681.207179,1289011042.0520413,704343804.3621536,2334880466.077127,1045869424.0250857,1630536661.7149734
2024-10-23,2334880466.077127,-51932583.50512337,69816347.4938701,69690269.13045023,41727.32843930574,299497.2557620932,1461.5412171933076,0.0,0.0,0,0,0,1,52,51,2232277682.698831,2341598721.8031936,0.006729377063873439,11123780.934240818,2286938202.2510123,1255082985.2604477,686081460.6753037,2353023461.534414,1097940476.273966,1666942000.85911
2024-10-24,2353023461.534414,30797347.319635943,-19376723.573158585,-16222057.849573424,40884.12037026648,302096.9631210648,-1183.3883197599262,0.0,0.0,0,0,0,1,52,51,2251654383.511042,2372396067.8605876,0.006536652978840149,-7992866.700067043,2312025225.685815,1268595332.0184596,693607567.7057444,2364704114.735322,1096108782.7168624,1671096547.0295777
2024-10-25,2364704114.735322,-4104378.579462571,8828943.654032307,9068341.60027373,36314.45635128576,300912.41725798824,144.6158622424159,0.0,0.0,0,0,0,1,52,51,2242825470.245875,2368291694.9432387,0.005828899510861045,1100670.4103016853,2305558582.594557,1264920564.8095722,691667574.778367,2369693422.3866606,1104772857.5770884,1678025847.6082935
2024-10-28,2369693422.3866606,57017105.40772156,-93478654.93497527,-91657250.08619118,45960.277488960506,307906.69464749435,-13645.425955676561,0.0,41347.38823873904,1,0,0,2,51,51,2294956730.2918835,2425308793.0368977,0.0072095912213218155,-92164227.8432188,2360132761.6643906,1294814217.3467894,708039828.4993172,2333438826.462371,1038624609.1155815,1625398997.9630537
2024-10-29,2333438826.462371,4801506.348740101,56314009.87581978,57337832.11946751,45033.527712529314,305791.4024592614,-5276.929286567514,0.0,40547.853844270736,0,1,0,1,52,51,2279190577.33611,2430110309.9576125,0.00711308222213652,-35641548.65223837,2354650443.646861,1291284750.690236,706395133.0940583,2394769275.778547,1103484525.0883107,1688374142.6844885
2024-10-30,2394769275.778547,-51521568.21380977,51560888.98883712,52921932.72231488,43499.03655592039,298873.648419898,2125.392780133815,0.0,0.0,0,0,0,1,52,51,2227629677.663836,2378588746.5477123,0.007029738074128175,16176350.969305992,2303109212.105774,1262936089.936079,690932763.6317321,2395066096.5582185,1132130006.6221395,1704133332.9264865
2024-10-31,2395066096.5582185,-83212134.74579985,57108756.5274565,49104643.72386708,41483.364924036025,317835.83137726656,-525.7442446148823,3509509.656865532,0.0,0,0,0,1,50,51,2368962718.3398747,2368962718.3398747,0.006304029716060053,-3550993.021789074,2368962718.3398747,1302929495.0869312,710688815.5019624,2365729035.405218,1062799540.3182869,1655040219.9032557
2024-11-01,2365729035.405218,41969506.76076577,-29471263.06169235,-29402430.64408333,36671.494134788765,321789.89303670084,-4847.578516048458,0.0,0.0,0,0,0,1,50,51,2398433985.366714,2410932226.105043,0.005504315719786405,-32741618.4948864,2404683105.7358785,1322263252.1362748,721404931.7207636,2378507549.9246774,1056244297.7884026,1657102618.2039137
2024-11-04,2378507549.9246774,-30326169.821022775,3891413.0570144937,8194407.702513819,36740.66228943759,321267.7942157812,-4229.946768665969,0.0,0.0,0,0,0,1,50,51,2394542565.583462,2380606049.4349604,0.0055236597646259366,-28569996.936580658,2387574307.5092115,1313514282.0337787,716272292.2527634,2352353090.3458266,1038838808.312048,1636080798.0930634
2024-11-05,2352353090.3458266,64395564.27069148,-36658316.06805749,-34512707.02055009,37247.23488304017,326118.0360010046,-9615.989684734392,0.0,0.0,0,0,0,1,50,51,2430693436.0323324,2445001614.512534,0.005516534647735025,-64948523.19895649,2437847525.2724333,1340458434.4378333,731354257.58173,2380369593.359894,1039911158.9220605,1649015335.778164
2024-11-06,2380369593.359894,111093551.9667652,-21475803.267242353,-20804847.102199025,36261.22366205143,328999.371363296,-12754.111451452709,0.0,0.0,0,0,0,1,50,51,2452169227.5525165,2556095173.1907825,0.0053234664115606786,-86144092.35502768,2504132200.3716497,1374674561.5634506,751239660.1114949,2470267326.095667,1095592764.5322163,1719027665.9841719
2024-11-07,2470267326.095667,78933354.9017336,-19333397.95227604,-22998761.543232974,36972.663649774964,331593.268832809,-15575.180526617214,0.0,0.0,0,0,0,1,50,51,2471502624.840812,2635028527.8220415,0.005385452064723697,-105198217.44056654,2553265576.3314266,1400207919.407754,765979672.899428,2530146328.4697814,1129938409.0620275,1764166655.5703535
2024-11-08,2530146328.4697814,28309609.057511535,28955394.90655565,26707211.286610264,36863.393221503706,310746.2895368641,-10719.318956905829,0.0,0.0,0,0,0,1,50,51,2442547254.0015516,2663338146.687991,0.005433189281394718,-75963677.64736414,2552942700.3447714,1398598712.8724632,765882810.1034313,2587674496.011207,1189075783.1387439,1821791685.9077759
2024-11-11,2587674496.011207,50349096.1594737,-47475865.63540123,-50593033.20632166,38411.36218543174,316786.2743303074,-17381.773047962462,0.0,0.0,0,0,0,1,50,51,2490023117.006783,2713687234.4106236,0.005553398397111251,-123177919.23752928,2601855175.708703,1425428743.704691,780556552.7126108,2590808719.6743765,1165379975.9696856,1810252166.9617658
2024-11-12,2590808719.6743765,-63659350.86255904,47115630.79724445,40134901.49439653,37609.08353343898,310792.1187901929,-10672.802721502852,0.0,0.0,0,0,0,1,50,51,2442907483.9403806,2649861425.5598006,0.005542277045301509,-75634035.0342722,2546384454.7500906,1395337601.5720644,763915336.4250271,2574527509.841597,1179189908.2695327,1810612173.41657
2024-11-13,2574527509.841597,-47949449.21456983,21097287.690607764,19675838.127288602,41081.543511687596,308108.07315889344,-7659.188536384597,0.0,0.0,0,0,0,1,50,51,2421810182.0349703,2601911980.8114944,0.006106736099267906,-54277714.03737116,2511861081.423232,1377021049.8133645,753558324.4269696,2547934715.658746,1170913665.8453813,1794376391.2317762
2024-11-14,2547934715.658746,-97617635.83543792,27049290.741205424,30395938.142754324,35778.02646916957,304666.80398278334,-3804.883540328857,0.0,0.0,0,0,0,1,50,51,2394760904.668166,2504294334.1624217,0.005378444880987311,-26963741.624377728,2449527619.4152937,1344501854.9410553,734858285.8245881,2477631454.4584866,1133129599.5174313,1742773168.6338985
2024-11-15,2477631454.4584866,-48779145.77004857,77143554.73390262,75472435.18075208,35119.43059915432,294852.43023345567,6277.66597819859,0.0,0.0,0,0,0,1,50,51,2317617355.546813,2455515213.809788,0.005455169286438398,50445530.18195295,2386566284.678301,1309164010.1164908,715969885.4034902,2506261874.0879526,1197097863.9714618,1790291988.6844625
2024-11-18,2506261874.0879526,38300940.70564712,-13114136.03084342,-16563814.838197825,34471.49568173335,296520.83687630534,4678.870789598075,0.0,0.0,0,0,0,1,50,51,2330731468.8967233,2493816138.42209,0.0053243964871244,37598068.84498453,2412273803.6594067,1322673475.2745395,723682141.097822,2531715406.9747405,1209041931.700201,1808033265.8769186
2024-11-19,2531715406.9747405,95010200.93386155,-727383.6250084811,-2397367.023216192,37199.8443152297,296613.3764358536,4621.208275555089,0.0,0.0,0,0,0,1,50,51,2331458854.0809455,2588826315.0821395,0.005744018999109362,37134709.35713911,2460142584.5815425,1346644234.9948184,738042775.3744627,2626262259.02399,1279618024.0291717,1888219483.6495275
2024-11-20,2626262259.02399,-16264765.682586398,-14357634.314075476,-11551728.918259988,38106.61233288564,298439.9869318413,2867.223288607551,0.0,0.0,0,0,0,1,50,51,2345816491.1673117,2572561565.2743993,0.005848019438644313,23040187.14059639,2459189028.2208557,1346885338.6687932,737756708.4662567,2595903059.625216,1249017720.9564228,1858146351.1589594
2024-11-21,2595903059.625216,27407798.704990234,-61738599.29352852,-56325595.98874672,38937.90935278478,306294.50895836955,-5423.751912986726,0.0,0.0,0,0,0,1,50,51,2407555092.249193,2599969358.305971,0.005822357881707669,-38436037.17864609,2503762225.277582,1372258867.2512507,751128667.5832746,2561834191.8843703,1189575324.6331196,1810705524.3010957
2024-11-22,2561834191.8843703,84092294.63931043,-56433025.88030246,-54323257.09566144,39339.23745924115,313474.0433043508,-13350.175722345863,0.0,0.0,0,0,0,1,50,51,2463988113.3093076,2684061665.8949842,0.005747643590011518,-94607544.48906517,2574024889.602146,1410211850.4665384,772207466.8806438,2589754245.273501,1179542394.8069625,1817546778.392857
2024-11-25,2589754245.273501,-6680201.051016327,-92181789.63417839,-89544075.26083465,41614.10023451734,325201.6155148618,-26321.569644409148,0.0,0.0,0,0,0,1,50,51,2556169903.6102676,2677381448.991759,0.005860751299538959,-186530808.5036869,2616775676.301013,1436196333.3310199,785032702.8903039,2491149520.533942,1054953187.2029223,1706116817.6436384
2024-11-26,2491149520.533942,-21112331.604550745,54094148.49217576,56071904.397529475,40706.05872058447,318319.6392524349,-18651.85685041098,0.0,0.0,0,0,0,1,50,51,2502075767.0497065,2656269144.4759955,0.005856809506887843,-132178513.11314869,2579172455.7628508,1414690016.2339108,773751736.7288553,2524390299.145249,1109700282.911338,1750638562.4163938
2024-11-27,2524390299.145249,47047627.41577236,-30305795.088361252,-27862890.720775347,53871.39977769895,322175.2077012688,-22893.656318401772,0.0,0.0,0,0,0,1,50,51,2532381545.250148,2703316769.415887,0.007658286704998048,-162238509.3430047,2617849157.3330173,1435543655.929016,785354747.1999052,2541377541.624265,1105833885.695249,1756022794.42436
2024-11-29,2541377541.624265,54733977.67345257,-18922494.576213703,-20069633.78336347,37684.48809509506,327875.7148117914,-451.59991901751573,3162629.898642576,0.0,0,0,0,0,51,51,2577189024.721504,2577189024.7215047,0.0052640359648048075,-3200314.3867383003,2577189024.721504,1417453963.5968275,773156707.4164512,2574316134.4496593,1156862170.8528318,1801159427.0332081
2024-12-02,2574316134.4496593,-66848393.22683244,1200439.6893180306,1200439.6893180306,36817.5289304049,327628.0306373083,-241.1979395161565,0.0,0.0,0,0,0,0,51,51,2575242162.2146506,2510340640.1199436,0.005146820990049088,-1709276.7367286682,2542791401.1672974,1400157808.6943812,762837420.3501892,2508958750.215913,1108800941.5215316,1746121329.8657236
2024-12-03,2508958750.215913,-26297967.149525844,25730298.230199505,25730298.230199505,35894.76668274171,324354.5638562447,3027.4341092541167,0.0,0.0,0,0,0,0,51,51,2549511855.638605,2484027591.009112,0.005068466725192093,24327595.520792007,2516769723.3238583,1385860454.4438596,755030916.9971575,2508682568.527869,1122822114.0840096,1753651651.5307117
2024-12-04,2508682568.527869,24676432.418841403,5054071.954965682,5054071.954965682,36067.67861551303,323711.57321019727,3692.6361365616863,0.0,0.0,0,0,0,0,51,51,2544457780.691507,2508704036.268547,0.005102998524917923,29672968.95451355,2526580908.480027,1390513343.2745888,757974272.5440081,2538704409.4324074,1148191066.1578186,1780730136.8883991
2024-12-05,2538704409.4324074,-12348714.644510334,42783084.235752225,42783084.235752225,35108.786009991,318268.61216534226,9053.58190489836,0.0,0.0,0,0,0,0,51,51,2501674680.775616,2496351672.7875633,0.005052280802425569,72751997.4500761,2499013176.7815895,1374590322.4295757,749703953.0344769,2569430992.43171,1194840670.002134,1819727039.397233
2024-12-06,2569430992.43171,78524699.16196838,-48459199.32472574,-48459199.32472574,35655.723443255956,324428.2336829076,3059.40102272928,0.0,0.0,0,0,0,0,51,51,2550090919.778313,2574876364.041435,0.005033569720991763,24584472.504074574,2562483641.909874,1408746366.9438527,768745092.5729622,2599788324.180215,1191041957.2363622,1831043231.6072526
2024-12-09,2599788324.180215,-72108023.26691611,-37002348.169527754,-37002348.169527754,39303.49176000901,329135.7539234345,-1711.6356242119493,0.0,0.0,0,0,0,0,51,51,2587093262.280271,2502768350.5259542,0.0054691716142973735,-12129701.273942947,2544930806.4031124,1401820066.3155699,763479241.9209337,2490966073.3703103,1089146007.0547404,1727486831.4493766
2024-12-10,2490966073.3703103,-67561308.7649986,50414525.050330564,50414525.050330564,39098.01724483588,322721.906619349,4800.215136888402,0.0,0.0,0,0,0,0,51,51,2536678741.98615,2435207034.2884016,0.0055487066514068525,38573157.34999609,2485942888.1372757,1369805381.1679454,745782866.4411827,2474107713.760154,1104302332.5922084,1728324847.3189712
2024-12-11,2474107713.760154,12097592.036231074,9581015.298833098,9581015.298833098,39125.650514028064,321502.98503347434,6028.408905357301,0.0,0.0,0,0,0,0,51,51,2527097698.9530735,2447304623.8837967,0.005573680111728698,48442571.56090689,2487201161.418435,1369955465.6568713,746160348.4255306,2496074726.8386426,1126119261.1817713,1749914378.4131122
2024-12-12,2496074726.8386426,-47180390.2397821,15960560.952296477,15960560.952296477,45232.662388797486,319472.4490343774,8049.741375903396,0.0,0.0,0,0,0,0,51,51,2511137153.982006,2400124243.118116,0.0064846153202525484,64685421.770652294,2455630698.550061,1353372206.9741306,736689209.5650183,2465137187.0791783,1111764980.1050477,1728447977.5141602
2024-12-13,2465137187.0791783,7035275.723013496,7435781.207034554,7435781.207034554,42695.282006963935,318526.45165507175,9010.529260647007,0.0,0.0,0,0,0,0,51,51,2503701366.721088,2407159510.025592,0.006139031486265619,72406038.70162773,2455430438.3733397,1352900287.5227242,736629131.5120019,2479893085.708135,1126992798.185411,1743263954.1961331
2024-12-16,2479893085.708135,89542211.65999998,-1701300.9931486486,-1701300.9931486486,43914.04865582512,318742.8963330835,8834.106064008747,0.0,0.0,0,0,0,0,51,51,2505402678.6006565,2496701730.0262604,0.00630998667444823,70988352.30007029,2501052204.3134584,1375796236.086762,750315661.2940375,2568017659.3287277,1192221423.2419658,1817701998.0346904
2024-12-17,2568017659.3287277,-38769817.89690015,25128751.236213543,25128751.236213543,42565.28618731104,306720.08993322006,11988.09820464525,0.0,69185.71533172042,1,0,0,1,50,51,2410900270.21745,2457931909.664909,0.0063559257165166265,96332932.00161362,2434416089.9411793,1337753058.4814622,730324826.9823538,2554583549.8546605,1216830491.3731983,1824258722.8723068
2024-12-18,2554583549.8546605,-170109056.46299958,118144391.01398961,123090586.32263039,44521.52254745242,299862.1940024169,26716.6381453179,0.0,64239.52002307965,0,1,0,0,51,51,2356995411.3727093,2287822852.55249,0.006800076079803794,214687270.81059027,2322409131.9625998,1279054336.5499353,696722739.5887799,2502836702.195228,1223782365.6452928,1806113962.6064482
2024-12-19,2502836702.195228,4829323.381017246,25860913.29653879,25860913.29653879,38888.76146349638,280383.6801182494,28298.214865397502,0.0,0.0,0,0,0,0,51,51,2331134522.9230895,2292652178.916448,0.006005639738586891,240835871.19487238,2311893350.919769,1272503401.6060388,693568005.2759306,2533796732.0063043,1261293330.4002655,1840228726.7303736
2024-12-20,2533796732.0063043,72835114.87795481,-46919009.63373626,-46919009.63373627,40004.20717896125,286026.9911442517,22825.277684530756,0.0,0.0,0,0,0,0,51,51,2378053506.049206,2365415150.621805,0.006056009483298843,194257682.42153835,2371734328.3355055,1304769839.470213,711520298.5006516,2559981685.3121724,1255211845.8419595,1848461386.8115208
2024-12-23,2559981685.3121724,-18210398.895118743,-17173851.07209949,-17173851.072099485,38583.53717807438,281553.34897062415,20832.89440094457,0.0,52883.67715908072,1,0,0,1,50,51,2340859252.411656,2347204739.1864076,0.005933749912471933,177301228.9442091,2344031995.7990317,1289058960.5200987,703209598.7397095,2524808354.373988,1235749393.8538895,1821598755.6342788
2024-12-24,2524808354.373988,44526944.6622685,-20314189.7834634,-19540754.62801637,39043.15791507142,284371.49763452425,18465.039957458157,0.0,101104.35237543259,1,1,0,1,50,51,2364289587.7235274,2391731685.5088167,0.005944930317507839,157149276.23368645,2378010636.616172,1307219797.6942625,713403190.9848515,2549183798.280095,1241964000.5858326,1835780607.2952437
2024-12-26,2549183798.280095,89680445.81315213,-32022233.262096405,-32595263.233492974,40769.862197145936,288338.3168103621,14721.68389975282,0.0,98176.0024102076,1,1,0,1,50,51,2397270070.478761,2481412138.1601367,0.006122443429179984,125290926.80640697,2439341104.319449,1339534055.6836624,731802331.2958347,2607006124.9672537,1267472069.2835913,1875203793.6714191
2024-12-27,2607006124.9672537,-86499990.98905855,34707484.14220725,35424300.41844484,38010.991227911356,289924.1279421286,18825.328560977494,0.0,47892.045790774566,0,1,0,0,51,51,2410454643.3987594,2394912152.8622985,0.005676919447342767,160215562.22108507,2402683398.130529,1321864431.2352023,720805019.4391587,2555436464.5398865,1233572033.3046842,1834631445.1007278
2024-12-30,2555436464.5398865,-37850210.48447874,41418553.82955845,41418553.82955845,37502.82134575816,284942.3975239795,23723.880900034157,0.0,0.0,0,0,0,0,51,51,2369036099.506527,2357061935.7016277,0.005698948904698081,201905369.36199284,2363049017.6040773,1299976313.777365,708914705.2812232,2559275971.3420444,1259299657.5646794,1850361266.060821
2024-12-31,2559275971.3420444,-47511642.00232487,-17877653.91698187,-17877653.91698187,43543.57476478744,299959.14734945714,-395.3327093998424,2903035.625731232,0.0,0,0,0,3,57,51,2493886675.422738,2493886675.422737,0.006285645241946006,-2946579.20049572,2493886675.4227376,1371637671.4825058,748166002.6268213,2491239660.0368814,1119601988.5543756,1743073657.4100602
2025-01-02,2491239660.0368814,84907561.13452251,-62378565.92255364,-64408846.19180036,43407.93516767108,307461.905680769,-8730.090856668132,0.0,0.0,0,0,0,3,57,51,2556265266.6299505,2578794247.4876065,0.006113159250081757,-65069000.17392397,2567529757.058779,1411578141.8608868,770258927.1176336,2514023979.1285067,1102445837.2676198,1743765052.010873
2025-01-03,2514023979.1285067,122729629.43323176,-34390662.60927899,-36300935.265353605,43851.1694846062,311598.3382677299,-13309.973875132593,0.0,0.0,0,0,0,3,57,51,2590655930.1705027,2701523869.0075655,0.0060936000148114075,-99204774.22459078,2646089899.589034,1452577746.3030422,793826969.8767102,2602617383.1473675,1150039636.8443253,1808790413.2706573
2025-01-06,2602617383.1473675,31672309.58580693,-49435152.874228925,-48094808.170228116,44971.87104378322,317544.285029282,-19908.536966389373,0.0,0.0,0,0,0,3,57,51,2640091053.361236,2733196178.917512,0.006132316366569931,-148386610.92961025,2686643616.139374,1475326360.7377486,805993084.8418121,2585107203.735965,1109780842.9982162,1779114118.8941526
2025-01-07,2585107203.735965,-92673937.87767553,1849799.9297685623,1422809.9850592087,44631.87377269088,317321.79580193653,-19626.410362059596,0.0,0.0,0,0,0,3,57,51,2638241258.399472,2640522237.855102,0.006090221850262585,-146283803.94081688,2639381748.127287,1451602936.9836173,791814524.438186,2494536129.299725,1042933192.3161077,1702721604.861539
2025-01-08,2494536129.299725,-144586568.33252993,104766925.65082137,106236856.39549124,43151.68121950595,304720.6625292993,-5536.028927492766,0.0,0.0,0,0,0,3,57,51,2533474330.4976387,2495935662.346681,0.006131739742541914,-41262327.409883976,2514704996.42216,1384026214.735962,754411498.926648,2454972519.570399,1070946304.8344369,1700561020.6437507
2025-01-10,2454972519.570399,-86940177.90137792,58063259.70347147,60064063.95755329,41648.9978107083,297736.9437441621,2004.3683281361903,0.0,0.0,0,0,0,3,57,51,2475411079.6281376,2408995498.5182033,0.006057030016245774,17058453.856478214,2442203289.0731707,1344872198.517992,732660986.7219511,2426353693.6867537,1081481495.1687617,1693692706.9648027
2025-01-13,2426353693.6867537,-99950152.52219462,39845090.656461954,38307877.4790194,40242.30104339196,287034.3829013411,6710.885027372057,0.0,49136.92196088852,2,0,0,5,55,51,2386429049.5261617,2309045337.471446,0.006070672152812435,57113915.1265707,2347737193.498804,1293190049.22571,704321158.0496413,2366452997.8659453,1073262948.6402354,1662131839.8163042
2025-01-14,2366452997.8659453,25506210.06778076,9431948.458192028,10993234.175297068,40914.148096108656,291684.8286672116,7843.195878555766,0.0,48096.140816988715,0,2,0,3,57,51,2425093263.74587,2334551542.8812537,0.006073619326230831,66750603.22175121,2379822403.313562,1311165864.8440745,713946720.9940685,2401601674.1275506,1090435809.283476,1687654953.133482
2025-01-15,2401601674.1275506,143343379.90751058,-31116692.020872768,-30881014.057256844,42794.06854733184,295427.4764192403,4217.148922142901,0.0,0.0,0,0,0,3,57,51,2456209965.610312,2477894938.8210206,0.006272209987231878,35890629.12462044,2467052452.2156663,1356336724.3883486,740115735.6646999,2514085212.5709825,1157748488.1826339,1773969476.9062824
2025-01-16,2514085212.5709825,-5824347.95951397,4148129.431120727,3150332.037659788,42976.15993210678,294928.54695670976,4734.714325126637,0.0,0.0,0,0,0,3,57,51,2452061822.272876,2472070576.8177495,0.0063095544472111225,40295441.06490755,2462066199.545313,1353636190.8863,738619859.8635938,2512665681.143939,1159029490.257639,1774045821.2803452
2025-01-17,2512665681.143939,21257071.595891614,-3012546.2582798707,-2032727.5631566092,43967.64557233788,295290.8885719906,4410.784153432963,0.0,0.0,0,0,0,3,57,51,2455074362.261354,2493327650.2961235,0.006447198768945736,37538588.539855,2474201006.278739,1359854221.252437,742260301.8836217,2531165940.5087037,1171311719.2562666,1788905638.625082
2025-01-21,2531165940.5087037,151735295.48937342,-13724127.800557634,-11637401.522620251,46144.91798484955,296941.59500485234,2827.9904332848914,0.0,0.0,0,0,0,3,57,51,2468798480.4098577,2645062959.5920033,0.006728848306722859,24068003.687530994,2556930720.000931,1401905284.0209582,767079216.0002792,2669430732.8649726,1267525448.8440144,1902351516.8646934
2025-01-22,2669430732.8649726,34078585.455825,1390905.884381941,5372757.650908537,50419.310108083046,296707.065278542,3020.72194041069,0.0,0.0,0,0,0,3,57,51,2466848579.683028,2679141533.061789,0.007357951269648727,25708271.83328247,2572995056.372409,1409839957.1703558,771898516.9117227,2705149532.6822906,1295309575.5119348,1933251015.770568
2025-01-23,2705149532.6822906,24729275.37214816,-36981984.94965367,-40148886.256809734,50666.30237085676,301155.1728173194,-1479.1427364748836,0.0,0.0,0,0,0,3,57,51,2503830536.1255193,2703870823.161233,0.007284785687506309,-11024666.358819008,2603850679.6433764,1427116866.627964,781155203.8930129,2693145832.8324947,1266028966.2045307,1911990628.9394817
2025-01-24,2693145832.8324947,-17117184.433288276,-14537674.287320107,-18381225.114849616,51293.87389270622,302903.73039174575,-3396.289993498981,0.0,0.0,0,0,0,3,57,51,2518368197.25239,2686753642.922458,0.0073324443270530995,-25313962.684464455,2602560920.0874243,1427198869.9063315,780768276.0262272,2661739187.678392,1234540317.7720604,1880970911.6521647
2025-01-27,2661739187.678392,-238950871.6888039,3936404.6169884927,3400481.9312241008,46642.692240350494,302430.2724414642,-2834.2279245189243,0.0,0.0,0,0,0,3,57,51,2514431826.303167,2447802758.097086,0.0066779974031801964,-21124680.18274975,2481117292.2001266,1366280237.4152217,744335187.660038,2426977673.9588532,1060697436.5436316,1682642486.2988153
2025-01-28,2426977673.9588532,61583728.21118514,14816203.14839684,16964433.58539728,45042.92699162258,300648.2093729048,-812.2348942610959,0.0,0.0,0,0,0,3,57,51,2499615597.557638,2509386487.069166,0.006487178961768431,-6053924.677722454,2504501042.313402,1377231301.034583,751350312.6940206,2503632398.3659225,1126401097.3313394,1752282085.6719017
2025-01-29,2503632398.3659225,1418416.3561116992,7510181.0817943355,7519670.322723661,48273.902386807094,299744.9031112515,200.6688065679872,0.0,0.0,0,0,0,3,57,51,2492105430.024262,2510804902.271076,0.006973462940161951,1707819.6303658485,2501455166.147669,1375332854.5750475,750436549.8443006,2512812667.47336,1137479812.8983126,1762376117.6290593
2025-01-30,2512812667.47336,71673690.15027921,-44757912.16049743,-43970577.33020371,47757.6617615839,305128.2840308243,-5742.0525414786325,0.0,0.0,0,0,0,3,57,51,2536863331.4341054,2582478594.942836,0.006777171643870555,-42797907.14145565,2559670963.188471,1406678648.1659405,767901288.9565412,2539980074.0328693,1133301425.8669288,1772078785.0763283
2025-01-31,2539980074.0328693,-371116.5491965963,43219478.566576436,44214639.912314355,48930.43754890762,310656.8646693773,-487.02118636544617,3581041.1378451088,0.0,0,0,0,3,62,51,2582828436.05025,2582828436.0502496,0.006820026166563407,-3629971.5753946304,2582828436.05025,1420555639.8276374,774848530.815075,2579508634.318338,1158952994.4907005,1804660103.503263
2025-02-03,2579508634.318338,-8777610.866217192,48461791.621806435,48754828.39611019,51666.7025053129,304827.9872042614,5298.115535239927,0.0,0.0,0,0,0,3,62,51,2534366637.264067,2574050803.3906565,0.007339116854060221,45090344.98076534,2554208720.327362,1403822692.026884,766262616.0982085,2619451274.474161,1215628582.447277,1853188658.3759527
2025-02-04,2619451274.474161,60632254.51287477,-29379434.02687257,-29175260.915074177,53070.58570148723,308361.68074556463,1876.2330965062772,0.0,0.0,0,0,0,3,62,51,2563746075.4827547,2634683083.1275997,0.007452146308576152,15967941.246861935,2599214579.305177,1427794593.4267263,779764373.7915531,2650961262.288304,1223166668.8615775,1871196888.4967508
2025-02-05,2650961262.288304,28479706.891002826,-28489210.195307244,-28472957.212111052,51159.99812464872,311788.2997348364,-1645.1758503361566,0.0,0.0,0,0,0,3,62,51,2592235286.479009,2663162779.2368274,0.007104910353214837,-12262180.25095272,2627699032.8579183,1443461280.7529097,788309709.8573755,2651210742.1097593,1207749461.3568497,1862901032.2523837
2025-02-06,2651210742.1097593,-3678158.688617519,19724966.046980493,18241100.858268008,50594.43903024164,309415.82445638085,907.3764440763342,0.0,0.0,0,0,0,3,62,51,2572510318.805938,2659484602.313549,0.007080242950917003,7722352.71554327,2615997460.5597434,1436624246.2201686,784799238.167923,2667517278.229993,1230893032.0098243,1882718040.06207
2025-02-07,2667517278.229993,-5663144.725692114,39105659.6538039,39758312.28623653,48708.13816595629,304636.9016224356,5533.027098285639,0.0,0.0,0,0,0,3,62,51,2532777934.967132,2653821492.6941032,0.006923200608178,47089592.32583523,2593299713.830618,1423288753.6636653,777989914.1491853,2701221254.9486594,1277932501.2849941,1923231340.7994742
2025-02-10,2701221254.9486594,42378977.98196952,-29255027.648853526,-26056502.64012042,48774.44531215918,308155.63056796626,2126.2763823497007,0.0,0.0,0,0,0,3,62,51,2562032956.223276,2696200461.6249766,0.00685346387513334,18095969.211486816,2629116708.9241266,1442660002.273227,788735012.677238,2714606712.743414,1271946710.470187,1925871700.066176
2025-02-11,2714606712.743414,-129598836.48515223,11304158.478328727,12228299.69142795,48701.68976472159,306795.992123867,3485.250390190308,0.0,0.0,0,0,0,3,62,51,2550728802.877416,2566601627.5983977,0.0068735681721716745,29661705.448428154,2558665215.237907,1406869047.7628243,767599564.571372,2596573614.28934,1189704566.5265157,1828974049.717968
2025-02-12,2596573614.28934,41610713.907160446,-5914586.393749612,-8563491.85658814,48812.22714005864,307507.38628215925,2821.011870137106,0.0,0.0,0,0,0,3,62,51,2556643396.3412776,2608212317.91487,0.006873231439147265,24008611.66074133,2582427857.1280737,1419046098.3811007,774728357.1384221,2632531257.9737635,1213485159.5926628,1857802900.8353415
2025-02-13,2632531257.9737635,120423077.12683249,12615310.570037846,8156710.7292847065,53741.10044537489,305990.04345932795,4333.457668474196,0.0,0.0,0,0,0,3,62,51,2544028074.9505324,2728635413.7746634,0.007604788779978834,36880490.795525074,2636331744.362598,1445367275.9288256,790899523.3087794,2765826228.0713162,1320458952.1424906,1974926704.762537
2025-02-14,2765826228.0713162,-6263084.735461552,-82409495.54624751,-85848117.52734214,54396.16349697696,315902.0751491366,-6074.136641668051,0.0,0.0,0,0,0,3,62,51,2626437576.297672,2722372319.7627664,0.007455962036042798,-45273068.136656284,2674404948.030219,1468524352.8299932,802321484.4090657,2677409079.5646176,1208884726.7346244,1875087595.155552
2025-02-18,2677409079.5646176,-22376100.82332088,-31153525.173456125,-31787170.038908944,49912.50410805316,319649.15034811763,-10219.03061421794,0.0,0.0,0,0,0,3,62,51,2657591088.3446274,2699996228.871568,0.006761198725305574,-76166687.80783558,2678793658.608098,1472276383.72128,803638097.5824294,2624138971.1834664,1151862587.4621863,1820500873.601037
2025-02-19,2624138971.1834664,-8753924.982175674,-11293377.81064929,-10511390.734599318,49912.403714818975,321007.4943775097,-11699.406168426069,0.0,0.0,0,0,0,3,62,51,2668884479.813014,2691242298.8571835,0.006732575153868678,-87200542.87025642,2680063389.3350987,1473475918.6582,804019016.8005296,2604351064.075136,1130875145.4169362,1800332047.2746067
2025-02-20,2604351064.075136,-22412918.248219665,10068269.0981832,9853408.618134376,54799.53913040761,319796.50547112565,-10314.432080380306,0.0,0.0,0,0,0,3,62,51,2658816211.769174,2668829370.0223446,0.007419781028723256,-76877754.63637495,2663822790.8957596,1464852206.0363383,799146837.2687279,2592261097.4593606,1127408891.4230223,1793114260.1906328
2025-02-21,2592261097.4593606,-174177499.0532856,31125993.322888285,32014239.56309348,52986.287017786475,316052.73867266165,-6103.950266781546,0.0,0.0,0,0,0,3,62,51,2627690206.054462,2494651886.933485,0.007259251217077364,-45495281.49153948,2561171046.4939737,1411970033.5497098,768351313.9481921,2449466554.2303514,1037496520.6806417,1681115240.2821593
2025-02-24,2449466554.2303514,-110308201.79105127,85369462.59972729,83868921.9275167,52226.74872047736,305783.0504245489,4715.50041150388,0.0,0.0,0,0,0,3,62,51,2542307116.6937094,2384343669.8945293,0.007395498921398413,40131918.3957777,2463325393.2941194,1358778052.4817452,738997617.9882358,2424786086.841143,1066008034.3593979,1685788468.8529072
2025-02-25,2424786086.841143,-122096779.2125056,35270800.83795797,37332190.46723998,51302.869543280605,301540.7558958016,8890.273991389862,0.0,0.0,0,0,0,3,62,51,2507036307.67872,2262246899.2873516,0.007366878963424984,75661906.30970097,2384641603.483036,1317672617.125454,715392481.0449108,2338219236.62694,1020546619.5014858,1622826755.5820289
2025-02-26,2338219236.62694,62943812.85844832,13812536.852883369,12408177.846522225,51900.29799858207,299879.41409466224,10543.624632915275,0.0,0.0,0,0,0,3,62,51,2493223766.144998,2325190710.4409943,0.007493955229048194,89732975.59927893,2409207238.2929964,1329264807.453748,722762171.487899,2415234109.079001,1085969301.625253,1692471937.5911021
2025-02-27,2415234109.079001,-109233730.3552856,56754064.74551766,58097675.04542805,46363.04285061917,293053.16027795896,17243.254165325954,0.0,0.0,0,0,0,3,62,51,2436469692.842153,2215956981.1470127,0.006850360369864945,146751099.27936983,2326213336.994583,1284930153.139399,697864001.098375,2363018376.840826,1078088223.701427,1665154375.7424512
2025-02-28,2363018376.840826,65318143.61067329,42829359.24789501,43237112.66340138,49140.74771197747,297226.3405305104,-432.42252299315135,3173884.2683847616,0.0,0,0,0,3,72,50,2471165879.6993937,2471165879.699395,0.00715883515616681,-3223025.0160980225,2471165879.699394,1359141233.8346667,741349763.9098183,2468239648.6013045,1109098414.7666378,1726889884.6914864
2025-03-03,2468239648.6013045,-133100335.0237712,93289974.47370534,96576371.49656592,46783.706288386056,285999.3190467311,10612.244537505185,0.0,0.0,0,0,0,3,72,50,2377823437.801922,2338065529.557672,0.007083004564623173,90316974.78727818,2357944483.679797,1297863413.7299945,707383345.1039392,2428679115.9085345,1130815702.17854,1721295770.8045955
2025-03-04,2428679115.9085345,28875996.823560957,-16197767.980846422,-13675744.070594741,46987.220486677215,287896.2766480127,8738.286694182218,0.0,426.30518314469805,1,0,0,4,71,50,2393594909.775625,2366941533.828284,0.007066943243453608,74368397.39729548,2380268221.8019543,1309813856.3897586,714080466.5405862,2441606565.7889214,1131792709.3991628,1727526099.2483351
2025-03-05,2441606565.7889214,60997403.992998116,-44091850.15520926,-47307804.330701284,48143.176256450664,293250.5529032048,3603.250676653604,0.0,438.37046126504765,0,1,0,3,72,50,2438110832.4515877,2427797574.8744297,0.007108595401667975,30665963.20556259,2432954203.6630087,1338382643.4540837,729886261.0989026,2458760391.883572,1120377748.4294884,1728874130.7846694
2025-03-06,2458760391.883572,-155477595.27484554,13310434.469027836,17296142.950566374,47928.04343184801,291649.6066775894,5196.475007300955,0.0,0.0,0,0,0,3,72,50,2424800425.0330763,2272319983.823251,0.00711567659644811,44225319.21107197,2348560204.4281635,1295520123.4657354,704568061.328449,2316842149.116008,1021322025.6502724,1612274087.7875588
2025-03-07,2316842149.116008,1459411.8093376225,-64617176.16716832,-67151748.44845936,48849.13295726384,299421.55777896586,-2684.369723133919,0.0,0.0,0,0,0,3,72,50,2489417108.5549126,2273643260.269696,0.007064178921315176,-20007724.644476414,2381530184.4123044,1315235947.6338978,714459055.3236912,2253932272.813276,938696325.179378,1539473217.4895844
2025-03-10,2253932272.813276,-159540729.92573246,49873523.31384652,56089773.212615184,47174.09736453579,292973.56329879386,3568.881917407075,0.0,0.0,0,0,0,3,72,50,2435807916.571958,2113844428.9771566,0.006972091245656806,30373463.126868725,2274826172.774557,1259203482.2158766,682447851.8323671,2144514434.5492415,885310952.333365,1462066582.7168746
2025-03-11,2144514434.5492415,70516202.89903834,20397297.16533939,18096392.754314154,47154.19958037109,290520.2201374434,5994.867178576175,0.0,0.0,0,0,0,3,72,50,2415410606.223548,2184360634.213391,0.007028002528925917,51020146.20064831,2299885620.2184696,1270713340.420412,689965686.0655409,2235677295.501355,964963955.0809431,1545711609.4358144
2025-03-12,2235677295.501355,66863348.74546609,11226512.528496401,10796245.001922581,47010.30381912079,289169.92064993014,7343.299561661822,0.0,0.0,0,0,0,3,72,50,2404184097.782329,2251223979.98927,0.007039273485959036,62496166.48222828,2327704038.8857994,1284061224.3320162,698311211.6657398,2314016659.69171,1029955435.3596938,1615705448.0259702
2025-03-13,2314016659.69171,-54613832.5204433,50493573.53900654,52092310.485838614,43137.95160573114,283096.6658137153,13306.066755559172,0.0,0.0,0,0,0,3,72,50,2353690524.086317,2196610141.4347596,0.0065980053108688486,113243121.32390785,2275150332.760538,1255259692.584585,682545099.8281614,2310149665.4912367,1054889972.9066517,1627604565.6630754
2025-03-14,2310149665.4912367,192228829.53507048,-48889332.442964494,-50898746.36321862,43425.83442881945,288960.876731037,7591.294103554014,0.0,0.0,0,0,0,3,72,50,2402446088.294996,2388838978.4207945,0.006507242959807633,64606758.32811928,2395642533.357895,1317943571.0936973,718692760.0073684,2453742288.9197483,1135798717.826051,1735049528.9123797
2025-03-17,2453742288.9197483,59190836.31637791,-54598444.01253803,-56379089.83183217,44290.94254077393,295526.18841055915,1205.6172562660954,0.0,0.0,0,0,0,3,72,50,2457030665.769083,2448029817.8872933,0.006489434396085448,10260572.393754005,2452530241.828188,1349116654.2025483,735759072.5484563,2458587122.0867143,1109470467.884166,1722828049.538258
2025-03-18,2458587122.0867143,-79614484.34154876,33637524.684032835,38377388.87994752,42018.10912424139,285438.67149710393,5182.052927578537,0.0,50230.98536944431,1,0,0,4,71,50,2373162164.871996,2368415335.227653,0.0063739931087022075,44102578.10705137,2370788750.0498247,1304052483.268512,711236625.0149474,2412808534.059129,1108756050.7906172,1701571909.0441818
2025-03-19,2412808534.059129,73592350.23662083,-24849948.608404092,-27912915.307439998,43137.6920148735,294492.96921250015,2285.3387554725214,0.0,50428.290531042694,0,1,0,3,72,50,2448440390.681295,2442007678.168864,0.006342637208755272,19449691.535936356,2445224034.4250793,1345034036.7466044,733567210.3275238,2461754148.0127683,1116720111.2661638,1728186937.6852446
2025-03-20,2461754148.0127683,-46374829.047594965,32211595.036346026,32120097.042343218,42713.522294074624,290618.63008344057,6109.998933191895,0.0,0.0,0,0,0,3,72,50,2416228795.151007,2395548209.558443,0.006363995022626098,51999990.92078209,2405888502.354725,1323755690.934913,721766550.7064174,2447844929.1082416,1124089238.1733286,1726078378.401824
2025-03-21,2447844929.1082416,5690562.040453078,8249061.034485547,8575276.436678203,42997.256948623755,289626.4522595812,7109.07597966968,0.0,0.0,0,0,0,3,72,50,2407979741.650098,2401238780.6311707,0.006428215417999062,60502774.29506111,2404609261.1406345,1322703617.652822,721382778.3421904,2462038290.454471,1139334672.801649,1740655512.1122808
2025-03-24,2462038290.454471,124493476.87819698,-39830650.54700558,-46184407.97236906,43011.531818682895,294417.1947493787,2458.788012010418,0.0,0.0,0,0,0,3,72,50,2447810395.14495,2525732249.8324785,0.006325715212843896,20925855.42136526,2486771322.488714,1365776181.0016046,746031396.7466142,2546954981.236605,1181178800.2350006,1800923584.489991
2025-03-25,2546954981.236605,-14773275.410988986,22510970.865605976,23818799.170157656,41271.74394823551,285378.16629987146,5127.699240179773,0.0,52436.78176094057,1,0,0,4,71,50,2372659119.35228,2510958974.6320677,0.006262099641781192,43639993.53344488,2441809046.992174,1339537479.4637008,732542714.0976522,2554889474.0310526,1215351994.5673518,1822346759.9334004
2025-03-26,2554889474.0310526,-92343117.27672917,47146840.43941589,48220366.040805206,47080.50118810578,286370.8441472451,10689.546785535404,0.0,55400.03788695699,0,1,0,3,72,50,2380912330.092569,2418615850.3947883,0.007118691525722454,90974866.25987577,2399764090.2436786,1318927661.6264677,719929227.0731035,2509887777.0455966,1190960115.419129,1789958549.9724932
2025-03-27,2509887777.0455966,-39861255.98734642,768000.5109523435,3193608.94053049,46283.99947748908,286278.4697579454,10809.252494515575,0.0,0.0,0,0,0,3,72,50,2380144321.313172,2378754599.3185287,0.007000516591659109,91993638.25119638,2379449460.3158503,1308731946.2235837,713834838.094755,2471045325.2919774,1162313379.0683937,1757210487.1972222
2025-03-28,2471045325.2919774,-76840616.0677684,67897841.56872985,69911363.60088526,45756.37177143052,278047.1956172051,18816.780269813386,0.0,0.0,0,0,0,3,72,50,2311708785.7319593,2301913983.614245,0.007125592089878808,160142810.80692244,2306811384.6731024,1268991131.623149,692043415.4019307,2462353658.397054,1193362526.7739053,1770310242.9951234
2025-03-31,2462353658.397054,-43441581.51778416,50855290.81778264,55370430.35960468,38724.30171948509,297058.13061467325,-356.1009088920883,2615443.963313847,0.0,0,0,0,2,59,49,2469767367.6970525,2469767367.697053,0.005644559403185313,-2654168.2650341988,2469767367.697053,1358372052.233379,740930210.3091159,2467409901.4617248,1109037849.2283459,1726479691.1526089
2025-04-01,2467409901.4617248,20573853.38238595,24886301.715462647,18706169.798745185,37930.91958756263,294064.86382571264,2642.6826132736833,0.0,0.0,0,0,0,2,59,49,2444881084.9250937,2490341209.782337,0.005585192317008303,22490915.857648373,2467611147.3537154,1356049627.9231124,740283344.2061146,2513128833.1864247,1157079205.2633123,1772845488.98031
2025-04-02,2513128833.1864247,87732980.21464343,-42549498.796884455,-45270769.06664723,39643.8229169102,299182.6223593192,-2656.706012312928,0.0,0.0,0,0,0,2,59,49,2487430578.507042,2578074206.276767,0.00573755761202132,-19801535.495500088,2532752392.3919044,1390747725.1213043,759825717.7175713,2558569196.6976137,1167821471.5763094,1798743478.9800425
2025-04-03,2558569196.6976137,-201338395.4040164,172694037.98674962,177391655.29493678,37224.919050735516,278411.3657988615,17995.3382870072,0.0,0.0,0,0,0,2,59,49,2314736528.5817585,2376735799.1527243,0.005789415206781903,153151815.2085719,2345736163.8672414,1288604908.3627086,703720849.1601723,2530184021.065382,1241579112.7026734,1826463171.9052095
2025-04-04,2530184021.065382,-201981424.04745713,111289982.65234344,107477486.22382219,35095.37314086334,265025.6553722094,31102.614418106445,0.0,0.0,0,0,0,2,59,49,2203446557.367099,2174754382.8664346,0.005733896421707447,264703101.43069315,2189100470.116767,1204722562.9267383,656730141.03503,2439753612.566918,1235031049.6401796,1783023471.531888
2025-04-07,2439753612.566918,55153176.171592005,19811968.488601808,19585157.614991304,37733.72698009923,262642.71527744137,33460.88185802933,0.0,0.0,0,0,0,2,59,49,2183634584.292815,2229907560.8786054,0.006220885953422939,284773462.62152624,2206771072.5857105,1212567265.5074959,662031321.7757131,2514977127.097267,1302409861.5897713,1852945805.3215542
2025-04-08,2514977127.097267,-69902320.03198053,113976998.00911433,117070235.72353113,35076.41704915768,248933.817746905,46883.84916217857,0.0,0.0,0,0,0,2,59,49,2069657607.1336212,2160005246.426045,0.0061012556348319265,399011482.231307,2114831426.779833,1160898593.7465975,634449428.0339499,2559312546.324261,1398413952.5776637,1924863118.2903113
2025-04-09,2559312546.324261,288846177.5859185,-243139534.73800027,-246710486.9404927,36152.573102251,278178.0998699155,18345.465643380827,0.0,0.0,0,0,0,2,59,49,2312797135.177127,2448851414.1022186,0.0056273531815031475,156131622.49685812,2380824274.6396728,1306051994.0786927,714247282.3919019,2605279560.16459,1299227566.0858972,1891032277.772688
2025-04-10,2605279560.16459,-117006423.92033929,142300027.2425571,144245110.2505465,33861.57273207942,261062.56671609866,35096.58042759977,0.0,0.0,0,0,0,2,59,49,2170497090.480266,2331845000.4025884,0.005616301554613593,298694301.5114875,2251171045.441427,1234110377.244727,675351313.6324282,2630835461.0612197,1396725083.8164928,1955484147.4287915
2025-04-11,2630835461.0612197,41219609.66688486,-55669584.3165599,-56213978.38151208,41925.871614827265,267687.78304435493,28585.277583513507,0.0,0.0,0,0,0,2,59,49,2225579720.4611497,2373064602.382368,0.0067817448382439536,243278958.15756178,2299322161.4217587,1260940066.7339368,689796648.4265276,2616639833.600558,1355699766.866621,1926843185.1740303
2025-04-14,2616639833.600558,23863576.42595294,-38665535.23229964,-38841151.51332052,45579.89501591406,272338.3873643103,24071.533475479086,0.0,0.0,0,0,0,2,59,49,2264245252.9134345,2396928180.214267,0.007246901449662172,204864114.68492842,2330586716.5638504,1278505620.927597,699176014.9691551,2602088704.820035,1323583083.892438,1902912689.85088
2025-04-15,2602088704.820035,30775492.149658103,33802047.46076876,36758716.645924844,45919.63511642889,268272.7514107145,28072.70630054144,0.0,0.0,0,0,0,2,59,49,2230443198.795779,2427703675.429035,0.007411562262979643,238916649.36631012,2329073437.112407,1276058878.4959927,698722031.1337222,2666916670.2530565,1390857791.7570639,1968194639.1193342
2025-04-16,2666916670.2530565,-87564357.5326261,24357551.595420867,24074383.04548309,40883.459421237276,265267.13470302016,30964.661515551765,0.0,631.4241564950046,1,0,0,3,58,49,2205454237.715641,2340139315.2573647,0.00667347575839526,263529034.17490864,2272796776.4865026,1246671100.1290336,681839032.9459507,2603964581.228492,1357293481.0994582,1922125548.282541
2025-04-17,2603964581.228492,28567404.83812566,-32846127.793953456,-34425187.06083012,39950.31388122669,264227.69686975435,27130.3250957275,0.0,42808.81281922226,1,1,0,3,58,49,2196812260.348997,2368706715.3525376,0.00654681023810236,230896383.79342556,2282759487.850767,1251220356.9428334,684827846.3552301,2599894457.1679287,1348674100.2250953,1915066610.8126986
2025-04-21,2599894457.1679287,-96258533.18438332,10664407.878881563,13307390.54150999,37423.777095919446,261044.21677511928,28402.471467916286,0.0,91568.3062560604,1,1,0,3,58,49,2170344527.460576,2272448178.3500004,0.0062075673166484035,241723161.42907476,2221396352.905288,1219215402.8256729,666418905.8715864,2514460786.467318,1295245383.6416452,1848041880.5957317
2025-04-22,2514460786.467318,103424177.13905941,-69746726.4505396,-82398144.34569623,41592.844760699954,276674.43866892817,20229.201278140765,0.0,60861.217274587965,0,1,0,2,59,49,2300295563.991089,2375872367.9606895,0.006509347906524064,172163415.1331129,2338083965.975889,1284056761.187499,701425189.7927667,2548332686.7337494,1264275925.5462503,1846907496.9409828
2025-04-23,2548332686.7337494,115027565.52760841,-25756896.8234446,-25574231.07849008,41470.86215495316,279295.42625882087,17330.139339823065,0.0,0.0,0,0,0,2,59,49,2322086684.8308434,2490071337.002796,0.0064293510114462864,147490547.57296228,2406079010.9168196,1319143839.6999521,721823703.2750459,2637858510.141357,1318714670.4414048,1916034806.866311
2025-04-24,2637858510.141357,115894731.74047276,-88320776.81350385,-86815031.87832692,43749.54456184309,289918.45114790584,6982.160636831151,0.0,0.0,0,0,0,2,59,49,2410407446.033397,2605966071.806052,0.006534096991851599,59422643.717711926,2508186758.9197245,1374613751.7615323,752456027.6759173,2665685616.135549,1291071864.3740168,1913229588.459632
2025-04-25,2665685616.135549,-9128336.064361902,-22784740.051272616,-23215787.76066652,44015.88165663755,292658.950174644,4334.6695302778935,0.0,0.0,0,0,0,2,59,49,2433192195.4473867,2596837719.6252546,0.006512316382584811,36890804.51300335,2515014957.5363207,1379167088.5405297,754504487.2608962,2634025517.7579627,1254858429.217433,1879521030.4970665
2025-04-28,2634025517.7579627,23205092.715415683,770786.3344747089,3749730.6917740353,45089.18474595637,292566.24218338064,4454.8354247931575,0.0,0.0,0,0,0,2,59,49,2432421413.0719867,2620042814.6461444,0.006673229573342817,37913492.97696304,2526232113.8590655,1384737127.583132,757869634.1577196,2658253328.7007155,1273516201.1175835,1900383694.542996
2025-04-29,2658253328.7007155,12550479.050342256,-2023884.2822477552,-710005.3551015895,67665.29656591937,292809.6676764374,4243.975982958683,0.0,0.0,0,0,0,2,59,49,2434445273.984237,2632593313.6364255,0.01000618375941718,36118944.53581858,2533519293.8103313,1388481910.6043775,760055788.1430994,2669009311.8159037,1280527401.2115262,1908953523.6728044
2025-04-30,2669009311.8159037,-35397579.05163586,8928253.786334658,10728754.6889262,63077.250854008445,317838.83727122535,-411.39583105521314,3003227.0799923283,0.0,0,0,0,3,69,50,2642539986.5506034,2642539986.5506024,0.008593175665464314,-3066304.3308463097,2642539986.550603,1453396992.6028316,792761995.9651809,2639791109.661196,1186394117.0583646,1847029113.6960154
2025-05-01,2639791109.661196,7191742.160023762,3652444.7697439794,-4354297.273649893,63990.13450176811,317399.5298205832,98.65125944216489,0.0,0.0,0,0,0,3,69,50,2638887545.8524237,2649731721.26972,0.00872960594961435,839585.1867418289,2644309633.561072,1454099194.073157,793292890.0683216,2650888804.637542,1196789610.5643847,1857595914.56922
2025-05-02,2650888804.637542,138825609.03623998,-80053131.44763817,-79752818.32682127,65998.70660621727,327028.1417083916,-10594.072380372048,0.0,0.0,0,0,0,3,69,50,2718940670.092863,2788557313.6838007,0.008738526235449899,-78962030.16426373,2753748991.888332,1512821529.4488091,826124697.5664996,2709911717.588865,1197090188.1400557,1883787020.022365
2025-05-05,2709911717.588865,-37482896.88284361,37106586.899565056,44747296.95428973,63149.32725687449,322565.04535961326,-5581.623594235618,0.0,0.0,0,0,0,3,69,50,2681834095.368609,2751074421.713626,0.008476944137497118,-41602163.435296535,2716454258.5411177,1492318834.038989,814936277.5623353,2709789241.7000947,1217470407.6611056,1894852964.1377594
2025-05-06,2709789241.7000947,-28640254.58366028,82885547.23501472,86360772.22202638,63526.82023117724,312595.75390492927,4880.579987757366,0.0,0.0,0,0,0,3,69,50,2598948531.31119,2722434156.571581,0.008799579909989936,41536850.959637165,2660691343.9413853,1460293098.5362523,798207403.1824156,2764288483.865111,1303995385.3288586,1966081080.6826954
2025-05-07,2764288483.865111,7808765.466109684,-1003388.1742507726,502612.4010891909,59360.61882689022,312659.4009962075,4792.952640171919,0.0,474.2378827199997,1,0,0,4,68,50,2599477698.8137345,2730242940.000925,0.008220814045618679,40791086.29933548,2664860319.4073296,1462404044.6443515,799458095.8221989,2771351478.653897,1308947434.0095453,1971893382.831698
2025-05-08,2771351478.653897,86960951.36815178,-81811092.49246912,-84418592.20608227,65359.418539606966,316462.0768357529,-5476.56334708324,0.0,51205.109302410456,1,1,0,4,68,50,2631093479.465844,2817203878.6942835,0.008942818207673627,-40819105.69254589,2724148679.080064,1493629013.5133243,817244603.7240192,2776695758.5152264,1283066745.001902,1959451154.7912073
2025-05-09,2776695758.5152264,-5581609.959809298,-18252164.28396953,-14312698.680296386,63276.80955948503,324557.89337544783,-7898.7471641930115,0.0,49057.13920207309,0,1,0,3,69,50,2698402808.6642313,2811622299.99369,0.008441901768065172,-58872649.67100382,2755012554.3289604,1512426417.597692,826503766.298688,2753066309.4688973,1240639891.8712053,1926562543.1702094
2025-05-12,2753066309.4688973,128378911.77266651,-124207005.56073752,-125615228.23543234,76747.36011695866,339497.23479207983,-24530.993838016544,0.0,0.0,0,0,0,3,69,50,2822609804.2759523,2940001173.9456773,0.009788476466088254,-182839705.62496805,2881305489.110815,1581783234.769205,864391646.7332445,2757476434.561663,1175693199.792458,1893084787.8284187
2025-05-13,2757476434.561663,65184180.87616332,-15933604.199868476,-20441609.01981158,53282.35081320914,333671.1994145261,-26642.28034269044,0.0,64371.77119320733,1,0,0,4,68,50,2774171634.8551826,3005185359.670166,0.006914368978383925,-198576002.55421448,2889678497.2626743,1583547830.3740964,866903549.1788023,2806916386.035023,1223368555.6609268,1940012836.856221
2025-05-14,2806916386.035023,30066868.20342547,10729708.826979347,15154446.395193364,53683.61356605369,340091.385135457,-25177.326268780445,0.0,64129.04111914663,0,1,0,3,69,50,2827549622.373315,3035252240.6128335,0.006834928989701651,-187657090.20209026,2931400931.4930744,1607077946.865203,879420279.4479223,2847910064.4696097,1240832117.6044068,1968489785.0216875
2025-05-15,2847910064.4696097,-10053781.961244723,-584030.831645101,-2457596.645968674,47212.79842495533,340161.6359310496,-25219.767328375667,0.0,0.0,0,0,0,3,69,50,2828133693.653068,3025198459.9593563,0.006009831667833776,-187973421.0810609,2926666076.8062124,1604739723.0857596,877999823.0418637,2837539980.746898,1232800257.6611385,1959540157.7050345
2025-05-16,2837539980.746898,96919523.79341139,-34603358.5570323,-39122905.12026023,47776.224270228005,344323.6463490141,-29826.537319916555,0.0,0.0,0,0,0,3,69,50,2862737013.5252905,3122117964.690062,0.006008040786150311,-222309594.93105507,2992427489.1076765,1639350595.2301025,897728246.7323029,2900122866.8680363,1260772271.6379337,2002394620.1357334
2025-05-19,2900122866.8680363,-17262787.19821559,35344007.98960234,34212717.46492161,47506.93879517989,339896.7163624335,-25048.730580890966,0.0,0.0,0,0,0,3,69,50,2825931129.110302,3104855193.745902,0.006051986826603664,-186698613.02527428,2965393161.428102,1623993137.1695662,889617948.4284306,2918471428.7064095,1294478291.5368433,2028853480.277979
2025-05-20,2918471428.7064095,28203672.858489737,-19416517.115570433,-17691849.882941473,49149.04414617413,342232.0894081295,-27618.13171150838,0.0,0.0,0,0,0,3,69,50,2845347625.5641255,3133058864.3108354,0.006218451388383413,-205849428.90565252,2989203244.9374804,1636869003.7469463,896760973.4812441,2927524049.3628793,1290655045.615933,2030763075.8816352
2025-05-21,2927524049.3628793,-95672574.97411992,92653062.44980976,91298889.83220465,47469.90537343901,331087.98684023885,-15151.337572836948,0.0,0.0,0,0,0,3,69,50,2752694578.8103004,3037386291.078564,0.006208159112887811,-112929224.14536858,2895040434.9444323,1585154946.4127312,868512130.4833297,2924773003.582463,1339618057.1697316,2056260873.099133
2025-05-22,2924773003.582463,121826751.11327603,46297692.89686158,45399723.635077864,46662.38855440208,325452.7706002615,-8903.60382421394,0.0,0.0,0,0,0,3,69,50,2705842896.4455924,3159213049.7323484,0.006208217003896007,-66362264.52830267,2932527973.08897,1601556131.3667648,879758391.926691,3093167334.370822,1491611203.0040572,2213408942.444131
2025-05-23,3093167334.370822,42491672.65734305,50715144.42027957,53999244.5189572,45781.09977424093,319257.56680440163,-2062.9932946622325,0.0,0.0,0,0,0,3,69,50,2654335428.3968725,3201704717.886525,0.0062091609607459455,-15376347.537855148,2928020073.141699,1596726807.990693,878406021.9425097,3186645564.9221797,1589918756.9314866,2308239542.97967
2025-05-27,3186645564.9221797,88186138.60076596,-60761927.801309265,-64891469.29102517,48538.2612789379,326565.20334284677,-10179.172514574335,0.0,0.0,0,0,0,3,69,50,2715091759.894338,3289890846.264638,0.00643579503224512,-75869608.80428076,3002491303.079488,1637000239.534461,900747390.9238464,3214337623.4911857,1577337383.9567246,2313590232.5673394
2025-05-28,3214337623.4911857,-48746452.5167628,28083952.45260522,21691484.11527456,49209.75695301586,323187.32773259,-6375.398913503213,0.0,0.0,0,0,0,3,69,50,2687007805.628924,3241144414.8887324,0.006593026066382861,-47518501.21865749,2964076110.258828,1616388445.4108603,889222833.0776484,3193942725.598894,1577554280.1880338,2304719892.521246
2025-05-29,3193942725.598894,-78961909.57880613,-738602.1550819057,136619.8994588492,55104.77964485194,323276.16410781874,-6425.23259719309,0.0,0.0,0,0,0,3,69,50,2687746399.0488396,3162077041.4868,0.00738080076273826,-47889932.40143919,2924911720.26782,1596843180.0863519,877473516.080346,3114503960.0168715,1517660779.9305196,2237030443.9365253
2025-05-30,3114503960.0168715,-45427277.8049889,900463.4176509397,880229.1564136847,48723.93310861519,369250.0289048855,-633.0514645496385,4669672.07595698,0.0,0,0,0,5,56,51,3069977145.6295333,3069977145.6295333,0.005713598208401176,-4718396.009065628,3069977145.6295333,1688487430.0962434,920993143.6888599,3065627366.597908,1377139936.5016646,2144634222.909048
2025-06-02,3065627366.597908,18697499.08939621,14929774.364031514,12911899.70498313,46953.8621228939,367336.12946750905,1237.6333306121992,0.0,0.0,0,0,0,5,56,51,3054064817.7437243,3088674636.5669813,0.005534718931319099,10533049.622231483,3071369727.1553526,1688388104.4648626,921410918.1466057,3099576259.952011,1411188155.4871485,2178165341.8054056
2025-06-03,3099576259.952011,50054943.42827466,-106033176.65747982,-104630547.64426066,49222.727584610824,380089.565513581,-12770.086697668394,0.0,0.0,0,0,0,5,56,51,3160098004.2699575,3138729574.4126253,0.005607478599244772,-95180770.41740417,3149413789.3412914,1732711794.8841436,944824136.8023874,3043916123.474037,1311204328.5898936,2099091986.67165
2025-06-04,3043916123.474037,60665340.92466298,-45981892.25908042,-41931062.91781116,48660.594985055744,385550.7726050443,-18896.570476203597,0.0,0.0,0,0,0,5,56,51,3205502959.302909,3199394915.0939784,0.005464919052337928,-140844003.5493436,3202448937.1984434,1761499616.5643673,960734681.159533,3058917565.7467637,1297417949.1823964,2098182884.5872307
2025-06-05,3058917565.7467637,-29714740.884005375,49691607.18109618,42912385.66398889,48083.791560962956,379537.0595703753,-12186.874259477712,0.0,0.0,0,0,0,5,56,51,3155504421.3703265,3169680193.66455,0.005485704550028631,-90833845.41225624,3162592307.517438,1739071374.8272352,948777692.2552314,3079213698.4376044,1340142323.6103692,2130436006.182373
2025-06-06,3079213698.4376044,129392456.67493209,-62566069.48243551,-64082349.10380185,49674.69345895995,387062.3406400022,-20538.53155407454,0.0,0.0,0,0,0,5,56,51,3218070268.6004806,3299072633.6999307,0.00555702273493324,-153082222.7632885,3258571451.1502056,1790189239.005127,977571435.3450617,3146356934.745728,1356167695.740601,2168785499.400666
2025-06-09,3146356934.745728,22391269.551490195,-32385325.454212602,-28166798.029613595,50079.04070952043,390957.57007818826,-24841.1076659439,0.0,0.0,0,0,0,5,56,51,3250455547.994175,3321463912.8403873,0.0055464393803362575,-185151113.03809118,3285959730.417281,1805502642.6083493,985787919.1251843,3136678916.2647085,1331176273.6563592,2150890997.1395245
2025-06-10,3136678916.2647085,-22761878.14556211,-42446788.30138673,-54204673.7003827,47764.35502118246,388065.60361397656,-30502.260308281333,0.0,66490.88959293628,1,0,0,6,55,51,3226411485.012276,3298702034.137975,0.00532950241700502,-227346039.56482983,3262556759.5751257,1792598954.0381765,978767027.8725376,3071713557.916451,1279114603.8782744,2092946530.0439134
2025-06-11,3071713557.916451,66040426.25750975,9297447.059080973,6280110.902564905,50023.73700675018,394892.5592061397,-29222.453535672583,0.0,66057.35568847763,0,1,0,5,56,51,3283171392.9378824,3364742457.2385273,0.005485106674956576,-217807107.09818077,3323956925.088205,1826137032.1909966,997187077.5264614,3147301020.246017,1321163988.0550203,2150113942.719556
2025-06-12,3147301020.246017,-31166613.643369623,34290334.61352374,34490493.500177145,60610.89833897911,390768.1970693304,-24580.90421325927,0.0,0.0,0,0,0,5,56,51,3248881084.17919,3333575838.7396407,0.006716134828168129,-183211708.42180824,3291228461.4594154,1808058284.9386673,987368538.4378246,3150730317.6106887,1342672032.6720214,2163361779.172864
2025-06-13,3150730317.6106887,-98747111.98370273,82658899.13925627,68413337.11681807,56792.49108385661,380823.80604541535,-13449.322143396166,0.0,0.0,0,0,0,5,56,51,3166202544.4884415,3234828707.1327696,0.006457355934407439,-100243394.85761118,3200515625.8106055,1758567940.129725,960154687.7431816,3134952686.7590604,1376384746.6293354,2174797999.0158787
2025-06-16,3134952686.7590604,118145802.50814033,-7822821.322442982,-10712947.888534302,58771.39953088895,381764.7145521491,-14457.482717084316,0.0,0.0,0,0,0,5,56,51,3174025340.387383,3352974531.7036195,0.006665890017291971,-107757635.15839243,3263499936.045501,1790451235.0421197,979049980.8136504,3245584203.777062,1455132968.7349422,2266534222.9634113
2025-06-17,3245584203.777062,-106064965.89089969,116257657.80878048,135933892.9241344,57214.717446414565,367781.50404233014,1035.1888200648582,0.0,0.0,0,0,0,5,56,51,3057767701.0447774,3246909563.3599234,0.006736057246491147,8810117.617573261,3152338632.2023506,1729057701.153414,945701589.6607052,3256088497.670359,1527030796.5169451,2310386908.009654
2025-06-18,3256088497.670359,50729923.71865337,-2779283.696384539,2927378.4337108103,56638.78957673147,368115.7891768061,745.3029609126472,0.0,0.0,0,0,0,5,56,51,3060546976.989612,3297639494.9803905,0.006662196137135959,6343003.922660828,3179093235.9850016,1742573966.8419814,953727970.7955004,3304351359.995189,1561777393.1532078,2350623389.199689
2025-06-20,3304351359.995189,-42263759.264259174,20938160.287509516,22420312.032565594,57303.69062248533,365597.3923608189,3242.1452332340496,0.0,0.0,0,0,0,5,56,51,3039608804.8474555,3255375731.938591,0.006786836711091189,27592725.38922596,3147492268.3930235,1725726574.4388843,944247680.517907,3283337296.865411,1557610722.4265265,2339089616.3475037
2025-06-23,3283337296.865411,-8329976.032948456,54881277.13586722,54479594.87093915,53974.31347049133,351176.3251799713,9753.148865870566,0.0,65016.75844568944,1,0,0,6,55,51,2919710786.715697,3246764084.633685,0.006655026565570904,83005522.26272821,3083237435.674691,1687604257.1731303,924971230.7024074,3330130536.370459,1642526279.1973288,2405159305.6680517
2025-06-24,3330130536.370459,138763980.8882674,-98191601.08837152,-88520336.4313004,59199.03743216695,370891.09038772085,-2005.835265736137,0.0,65969.77445678446,0,1,0,5,56,51,3083621074.817079,3385528072.320474,0.0069112426457405484,-14950324.962008476,3234574573.5687766,1771468340.5252423,970372372.0706329,3370946632.613588,1599478292.0883455,2400574260.542955
2025-06-25,3370946632.613588,-60147257.0218339,23248544.821396418,25036111.343174383,59775.584406760805,368094.8090971317,1011.362039354322,0.0,0.0,0,0,0,5,56,51,3060372546.765991,3325380808.3236003,0.007031565620719619,8607336.505143166,3192876677.544796,1749456966.1106973,957863003.2634388,3334357250.99988,1584900284.8891826,2376494247.736441
2025-06-26,3334357250.99988,71301784.70916866,-52792809.41931485,-59113656.73080927,60685.25487863044,374444.60749986354,-5886.8378470428615,0.0,0.0,0,0,0,5,56,51,3113165327.9434385,3396682593.310951,0.007017517367360283,-43877052.27609587,3254923960.627195,1783120246.7107692,976477188.1881584,3353174098.804508,1570053852.093739,2376696910.6163497
2025-06-27,3353174098.804508,-10390719.654391674,17126324.536266882,19633766.343970194,52014.60756451142,372302.0064460402,-3489.6913434250528,0.0,0.0,0,0,0,5,56,51,3095351554.7476783,3385867810.893167,0.006049477221578642,-26010121.81434822,3240609682.8204226,1775072419.1475952,972182904.8461268,3360226501.3939214,1585154082.2463262,2388043596.5477943
2025-06-30,3360226501.3939214,59271852.779938474,-13372887.57541427,-7411039.786567979,63292.757287484055,409681.2019547575,-593.8079905239676,4362605.3087302465,0.0,0,0,0,9,71,52,3406125466.598446,3406125466.598445,0.006689534148678634,-4425898.066017151,3406125466.5984454,1873369006.629145,1021837639.9795336,3402108655.926392,1528739649.2972472,2380271015.9468584
2025-07-01,3402108655.926392,-109191188.65511076,-93467787.08712667,-93054056.93927403,65237.20695487328,420923.3001876542,-13087.937684697481,0.0,0.0,0,0,0,9,71,52,3499593257.911213,3296934289.0743237,0.0067108926017796725,-97549846.0971241,3398263773.4927683,1874111549.641945,1019479132.0478305,3199792278.3397026,1325680728.6977577,2180313146.291872
2025-07-02,3199792278.3397026,139064481.75401074,-62660175.889671326,-72584935.20926903,67789.95413511158,428459.9239031088,-21449.219520320534,0.0,0.0,0,0,0,9,71,52,3562253408.894207,3435998753.4075756,0.006850827464353738,-159869959.1576686,3499126081.1508913,1927675711.020156,1049737824.3452673,3276535804.95429,1348860093.934134,2226797980.6090226
2025-07-03,3276535804.95429,80459442.5779685,-54312211.08644993,-59142744.66694378,70741.00266239459,434992.48177166336,-28690.99505892412,0.0,0.0,0,0,0,9,71,52,3616565668.309441,3516458221.3481708,0.007041697370966429,-213845925.90502453,3566511944.828806,1964084255.829875,1069953583.4486418,3303018596.929859,1338934341.0999842,2233065013.4812174
2025-07-07,3303018596.929859,6130001.184242298,63883419.77834619,64691888.27818096,67168.30920552372,427308.61772802536,-20074.467077120647,0.0,0.0,0,0,0,9,71,52,3552681348.316147,3522588206.6797934,0.006806293315737235,-149623357.09655142,3537634777.49797,1946451456.1647923,1061290433.249391,3373372083.733893,1426920627.5691006,2312081650.484502
2025-07-08,3373372083.733893,11775129.359784944,-68660248.26395042,-74714161.77388723,70294.37547014409,435566.91273585684,-29241.177871383665,0.0,0.0,0,0,0,9,71,52,3621341537.7577014,3534363337.818608,0.006988011184639903,-217946667.36435032,3577852437.7881546,1969993295.7819624,1073355731.3364463,3316822996.1891217,1346829700.4071593,2243467264.8526754
2025-07-09,3316822996.1891217,51096180.81806259,-81264013.99710023,-87637896.5679496,72094.11698300285,437267.8740845373,-40108.26234392068,0.0,67122.10978884934,1,0,0,10,70,52,3635483479.6866846,3585459517.0485597,0.007139045537931532,-298943570.26524734,3610471498.3676224,1987009923.1681452,1083141449.5102866,3286913106.395053,1299903183.2269077,2203771656.8847666
2025-07-10,3286913106.395053,43420757.15620512,-40573890.72856591,-45539611.54369783,72373.08116793227,442148.00943068083,-45508.35049450501,0.0,0.0,0,0,1,10,70,52,3676057353.234298,3628880274.2347293,0.007087568750126354,-339192674.4932051,3652468813.7345138,2010037274.5289717,1095740644.1203542,3290084239.4004602,1280046964.8714886,2194343595.280106
2025-07-11,3290084239.4004602,-12809942.246445298,55660727.77089522,61127104.09984957,74617.9264255565,443594.1166173951,-38006.54658259982,0.0,68683.09120814377,0,1,0,9,71,52,3688080415.2947397,3616070331.9763436,0.007283586714053135,-283278608.069067,3652075373.635542,2010441707.5825076,1095622612.0906625,3333197311.4773116,1322755603.894804,2237574699.386649
2025-07-14,3333197311.4773116,152059532.02070063,10495698.083411768,3343236.2636029273,91280.98898734144,442331.71799035906,-36556.20438368874,0.0,0.0,0,0,0,9,71,52,3677584722.3216925,3768129864.694464,0.008935526579710544,-272468604.1020279,3722857293.5080786,2045307882.8701239,1116857188.0524235,3496067036.106043,1450759153.235919,2379209848.0536194
2025-07-15,3496067036.106043,16241409.440320838,93261428.55293857,88492852.18422893,90603.43767737951,431114.43897547864,-24001.34323515271,0.0,0.0,0,0,0,9,71,52,3584323280.1656423,3784371269.929844,0.009099970905065598,-178891999.268219,3684347275.047743,2021389801.5321536,1105304182.5143228,3605886383.757365,1584496582.2252116,2500582201.2430425
2025-07-16,3605886383.757365,181525256.72037467,-26649246.741936173,-31192142.61792648,93747.3249408824,434319.7487432929,-27534.743112573706,0.0,0.0,0,0,0,9,71,52,3610972506.872643,3965896545.3865676,0.009346245897603555,-205227898.97570467,3788434526.1296053,2074765888.4084349,1136530357.8388815,3761075431.4164934,1686309543.0080585,2624545073.577612
2025-07-17,3761075431.4164934,86904178.76321435,-61728607.555210255,-66781738.31583637,96381.07337080383,441744.32869797194,-35775.016971129124,0.0,0.0,0,0,0,9,71,52,3672701116.1956096,4052800710.7769337,0.00944732100863973,-266646089.2258072,3862750913.486272,2115010512.5529163,1158825274.0458815,3786560590.8628535,1671550078.3099372,2627735316.816972
2025-07-18,3786560590.8628535,-73455746.52570245,67617464.40919395,52563640.61893203,96068.45209369891,424303.2507356498,-26671.81229166971,0.0,77389.21712901593,1,0,0,10,70,52,3527694463.391084,3979344967.5367723,0.009803752312632615,-198796116.45965004,3753519715.463928,2053144580.9015183,1126055914.6391785,3780946482.5155663,1727801901.614048,2654890567.8763876
2025-07-21,3780946482.5155663,-158428119.15475374,14621059.757443635,6306419.486117416,95150.94257399821,431187.48996673466,-24679.211746558856,0.0,71857.25763144101,0,1,0,9,71,52,3584930632.517886,3820916850.296129,0.00955509125223456,-183944435.37807846,3702923741.4070077,2030708402.3293982,1110877122.4221022,3637378923.196271,1606670520.8668728,2526501800.774169
2025-07-22,3637378923.196271,-54645048.98172878,-88295560.46803018,-115388291.90954444,101753.97991472951,441679.0146323419,-36484.64616705018,0.0,0.0,0,0,0,9,71,52,3672158089.3220115,3766271810.701133,0.009975450914224089,-271935250.9345355,3719214950.011572,2043215379.4718866,1115764485.0034716,3494741754.1350627,1451526374.663176,2378977269.131591
2025-07-23,3494741754.1350627,161030457.52844533,-60818969.61537007,-36233369.07044387,106022.55141202151,448994.18572756054,-44604.38416300201,0.0,0.0,0,0,0,9,71,52,3732977063.7857227,3927302256.7364926,0.010224578896721195,-332455037.2397666,3830139660.2611074,2101718683.31984,1149041898.0783322,3595251609.2982907,1493532925.9784508,2446209711.2199583
2025-07-24,3595251609.2982907,-60088970.38449787,98794948.91258527,87444229.25943115,97929.48959561842,437111.34872758214,-31308.278474696825,0.0,0.0,0,0,0,9,71,52,3634182114.132323,3867213286.7196164,0.009700839183960324,-233353628.38283348,3750697700.4259696,2057057955.919601,1125209310.127791,3634265461.407036,1577207505.4874349,2509056151.279245
2025-07-25,3634265461.407036,-31341522.46014561,-32564408.10283798,-21478390.27603834,100955.23893413894,441028.1212851254,-35636.43676759418,0.0,0.0,0,0,0,9,71,52,3666746504.910973,3835871768.903957,0.00991175309436135,-265613193.29883862,3751309136.907465,2058991893.6992812,1125392741.0722394,3570663967.2896357,1511672073.5903544,2445271226.2173963
2025-07-28,3570663967.2896357,-75061197.12440577,16570325.218402214,21272909.790657297,85507.79387475483,439035.0841523991,-33370.33302645105,0.0,0.0,0,0,0,9,71,52,3650176219.280916,3760810566.6688957,0.00843323827280206,-248722979.07913828,3705493392.974906,2035255507.4514987,1111648017.8924718,3512493252.3408833,1477237744.8893845,2400845234.4484115
2025-07-29,3512493252.3408833,-125687810.40659828,76796966.85612375,85920318.10804689,83199.84038459817,429785.69581843604,-23023.490155063857,0.0,103.28614590891303,1,0,0,10,70,52,3573275992.9477367,3635122758.993547,0.008382207978776026,-171603653.32966852,3604199375.970642,1980763487.6327076,1081259812.7911925,3463925867.8695416,1483162380.236834,2382666055.078349
2025-07-30,3463925867.8695416,32985476.38186609,39978175.69289901,50260020.25322627,82794.96792976295,415319.03377246717,-17627.08687892146,0.0,80514.87765944836,1,1,0,10,70,52,3452998895.1059628,3668108224.1031013,0.008631971616602558,-131382014.00438356,3560553559.6045322,1952926724.5575643,1068166067.8813596,3537123902.0456114,1584197177.4880471,2468957834.164252
2025-07-31,3537123902.0456114,-479449.7078281812,109741705.82486191,102293640.46609946,110036.59724439596,438579.2240234512,-498.9264119288972,3608669.5786239617,0.0,0,0,0,5,68,52,3646386158.162643,3646386158.162645,0.010863680721063015,-3718706.1758675575,3646386158.162644,2005512386.9894543,1093915847.4487932,3643105532.284389,1637593145.2949347,2549189684.835596
2025-08-01,3643105532.284389,-115996634.93237264,76875496.4075069,76551061.62411109,101393.85458071601,420319.5576499885,8626.802787984572,0.0,73868.13179741925,1,0,0,6,67,52,3494573689.4687266,3530389533.577532,0.010445276274774184,73419598.19561338,3512481611.5231295,1930969490.2350008,1053744483.4569387,3604238078.133583,1673268587.8985822,2550493594.6766443
2025-08-04,3604238078.133583,226268791.9731691,-78147223.74846795,-83096299.88819908,106703.11259022525,438614.8913924674,-600.9779012804146,0.0,73961.78777946597,0,1,0,5,68,52,3646682699.7988057,3756658319.852551,0.010533716172948201,-4479338.394636631,3701670509.8256783,2033169389.9027796,1110501152.9477034,3752616995.3714056,1719447605.468626,2642115842.4237022
2025-08-05,3752616995.3714056,54079560.68321244,-3044300.758359791,-819065.573245852,110668.10301696516,438981.0539238087,-965.5038401599419,0.0,0.0,0,0,0,5,68,52,3649727007.2187333,3810737889.107477,0.010916026597964056,-7196301.914235592,3730232448.163105,2047602574.4424891,1119069734.4489315,3803979602.743325,1756377028.300836,2684909868.2943935
2025-08-06,3803979602.743325,-52133255.507872224,91939465.8144547,58593021.77024903,109857.01034270323,427922.78115316614,9995.880248091375,0.0,0.0,0,0,0,5,68,52,3557787556.9316354,3758604634.779213,0.01111604419615241,85071321.26035213,3658196095.855424,2006987425.774294,1097458828.756627,3844113874.7009664,1837126448.9266725,2746655045.9443393
2025-08-07,3844113874.7009664,-30367625.96975152,-36988389.43199503,-42393305.11087615,114504.7288982974,432371.6610314245,5687.747652138784,0.0,0.0,0,0,0,5,68,52,3594775934.672352,3728236991.5733953,0.011467113153227512,48406362.99692583,3661506463.1228733,2010492028.2950544,1098451938.936862,3777081413.979005,1766589385.6839504,2678629475.042143
2025-08-08,3777081413.979005,22296504.482944366,48946609.08007176,47728138.70810208,111314.64593218388,426482.1660795836,11477.364901134444,0.0,0.0,0,0,0,5,68,52,3545810156.7817574,3750533511.609838,0.011301584338614855,97679701.28625059,3648171834.195798,2001376424.9369867,1094451550.2587392,3848651172.427069,1847274747.4900825,2754199622.16833
2025-08-11,3848651172.427069,11198843.721106438,-628097.1625939128,-377322.34857980214,111064.9908646103,426557.7129465469,11441.973040497953,0.0,0.0,0,0,0,5,68,52,3546438260.0636697,3761732360.0330324,0.011274240175420922,97378493.9616847,3654085310.0483513,2004364568.027359,1096225593.0145054,3859548853.680704,1855184285.653345,2763323260.6661987
2025-08-12,3859548853.680704,71121018.60397273,-67512666.20200485,-52799744.78982893,111443.70955031854,434510.12736227096,3547.4411532405616,0.0,1395.610716289411,1,0,0,6,67,52,3612555331.4184194,3832853378.224188,0.01110563901656898,30190988.538217545,3722704354.8213034,2041979943.9815726,1116811306.4463909,3863482424.3309207,1821502480.349348,2746671117.88453
2025-08-13,3863482424.3309207,19947988.244797222,-164591021.93110985,-162928547.91213557,133139.6660683505,454471.9086791877,-17991.284343272047,0.0,1405.2091760128176,0,1,0,5,68,52,3778519333.1295056,3852801375.0359874,0.01268493702397139,-134096529.26662397,3815660354.0827465,2096756143.6978483,1144698106.224824,3719141326.393699,1622385182.6958508,2574443220.168875
2025-08-14,3719141326.393699,-68311405.85646161,26747898.235903952,20355786.7359096,134898.06181828878,451254.7297305444,-14362.144796183442,0.0,0.0,0,0,0,5,68,52,3751771425.0114546,3784489962.6704545,0.012944099400841222,-107047041.95913124,3768130693.840955,2071653918.17105,1130439208.1522863,3677879813.2962575,1606225895.1252074,2547440605.1439714
2025-08-15,3677879813.2962575,-58599261.002439044,-35446503.25224644,-35786317.11506202,137033.7144761546,455518.15839373163,-19077.651096833397,0.0,0.0,0,0,0,5,68,52,3787217945.0749054,3725890688.098525,0.013025956764798736,-142193672.77142906,3756554316.586715,2067638055.547103,1126966294.9760146,3584133455.834393,1516495400.28729,2457167160.8583784
2025-08-18,3584133455.834393,21741591.50600741,-31486596.639671102,-26215382.73861268,145074.96844061624,458648.20830217155,-23263.01350852673,0.0,0.0,0,0,0,5,68,52,3813241454.7062764,3747632296.2927365,0.013696218626324773,-173388920.5604477,3780436875.4995065,2080880510.485067,1134131062.6498518,3574678760.9270825,1493798250.4420156,2440547698.2772307
2025-08-19,3574678760.9270825,-184444401.79474765,88710054.94024861,86444988.60300325,138212.51760712854,447978.3530582342,-11321.210332480183,0.0,0.0,0,0,0,5,68,52,3724531341.8236566,3563187893.4740834,0.013359132135589388,-84381691.91910696,3643859617.64887,2008156375.915618,1093157885.294661,3479242858.6977024,1471086482.7820845,2386084973.4030414
2025-08-20,3479242858.6977024,4706877.985626021,37094988.80958219,43209464.64844873,137348.2897933613,443516.6591674808,-6304.140719326108,0.0,0.0,0,0,0,5,68,52,3687436427.258501,3567894761.4465413,0.013409148957822503,-46987384.243424416,3627665594.352521,1998204618.5391855,1088299678.3057563,3521344589.7215652,1523139971.1823797,2433044911.4158087
2025-08-21,3521344589.7215652,33523790.299769003,43394629.12796732,53853665.69724896,137479.74143723593,438297.2473458368,-441.8139623608517,0.0,0.0,0,0,0,5,68,52,3644041779.3187356,3601418552.7298083,0.01358181654181192,-3293023.3219442368,3622730166.024272,1993567171.9780726,1086819049.8072815,3598563384.8412476,1604996212.863175,2511744335.033966
2025-08-22,3598563384.8412476,138936042.53091577,-157136216.5647044,-159463426.81307814,136133.73029900333,457197.2358579596,-21483.77638492143,0.0,0.0,0,0,0,5,68,52,3801177942.4680247,3740354602.927506,0.012892883113969987,-160127525.8503461,3770766272.6977654,2075442033.4722838,1131229881.8093295,3580662790.536633,1505220757.0643492,2449432908.7273035
2025-08-25,3580662790.536633,8153373.963210655,-8663661.882777492,-4997158.108071475,137360.4591250643,458197.9739751063,-22606.119368244705,0.0,0.0,0,0,0,5,68,52,3809498166.9985747,3748507957.3249826,0.012980650762193074,-168492815.1670413,3779003062.1617785,2079976439.430818,1133700918.6485336,3580450734.012548,1500474294.58173,2446749815.3640146
2025-08-26,3580450734.012548,65263758.02725014,-6895547.064685641,-3850757.9979586406,139090.6973387222,459018.703163453,-23491.492974457462,0.0,0.0,0,0,0,5,68,52,3816321781.4975314,3813771727.37932,0.013120657509726918,-175091873.1015463,3815046754.438426,2098339466.2940893,1144514026.3315277,3639115381.4879627,1540775915.1938734,2494601355.156435
2025-08-27,3639115381.4879627,-40968875.67715581,-25381347.283464376,-35870133.91116674,139928.13251931555,462071.50796813774,-26857.162941450657,0.0,0.0,0,0,0,5,68,52,3841703068.5572653,3772802842.3807907,0.013112446955946391,-200177611.98596764,3807252955.469028,2095711631.162377,1142175886.6407084,3573060444.7398496,1477348813.5774724,2430884558.099141
2025-08-28,3573060444.7398496,95885864.61269556,-15648977.443404881,-13116032.204823993,150111.6676284516,463953.73198907316,-28918.48387040926,0.0,0.0,0,0,0,5,68,52,3857352044.250955,3868688714.927792,0.014009662516229171,-215541494.68628025,3863020379.5893736,2124377792.0072346,1158906113.876812,3653582255.4896307,1529204463.4823961,2494676141.6128187
2025-08-29,3653582255.4896307,-74122790.89478272,41408148.242024556,44823683.804676816,114999.63480832352,435509.91009954613,-781.1587272906418,5707301.438165024,0.0,0,0,0,4,62,53,3620867612.836873,3620867612.8368726,0.011433687435636613,-5822301.072973728,3620867612.836873,1991477187.0602798,1086260283.8510618,3615480040.515271,1624002853.4549913,2529219756.6642094
2025-09-02,3615480040.515271,-43464406.723698,11914358.614630125,26899470.12909237,118212.94983701811,433836.230952849,753.0076798530374,0.0,0.0,0,0,0,4,62,53,3606952497.5294604,3577403203.457617,0.011798509121058625,6408575.998749256,3592177850.493539,1976436550.1232424,1077653355.1480615,3584246368.6949987,1607809818.5717564,2506593013.546937
2025-09-03,3584246368.6949987,-44032544.197803296,-1540731.3194269794,7206342.416479617,117987.35827203216,434019.3293139388,609.1723319420921,0.0,0.0,0,0,0,4,62,53,3608474793.3722396,3533370660.441266,0.011771025546845199,5184445.378230572,3570922726.9067526,1965885103.1219883,1071276818.0720258,3538989734.3211427,1573104631.1991544,2467712916.249117
2025-09-04,3538989734.3211427,-4379958.052841576,-28315088.681992922,-908206.9844052659,128987.60832284256,437425.0072114526,-3062.354130883421,0.0,0.0,0,0,0,4,62,53,3636789898.293832,3528990699.711278,0.01276827650066015,-22824999.73329258,3582890299.002555,1973284644.415969,1074867089.7007663,3506600062.631066,1533315418.215097,2431732972.9302998
2025-09-05,3506600062.631066,54704975.38985205,-86280897.90826905,-79266934.2717719,123054.26754041213,447802.6818600686,-14596.607283324323,0.0,0.0,0,0,0,4,62,53,3723070796.0652356,3583695674.2922463,0.011898655368403621,-108794588.44713783,3653383235.178741,2012845157.392632,1096014970.5536222,3475334291.9196854,1462489134.5270534,2379319321.366063
2025-09-08,3475334291.9196854,52816493.84616075,52176701.17402259,53492337.48509393,123830.69940419946,441526.9830484773,-7554.724310318721,0.0,0.0,0,0,0,4,62,53,3670894085.391498,3636512160.4167533,0.012143922093235079,-56308504.176288605,3653703122.9041257,2010396265.7216377,1096110936.8712378,3580637628.4992027,1570241362.777565,2484526691.627965
2025-09-09,3580637628.4992027,42572152.96513604,23207645.982995547,22597639.22616457,122633.79619075014,438735.6170977846,-4399.261963082196,0.0,0.0,0,0,0,4,62,53,3647686423.907678,3679084323.8107624,0.012103059720077358,-32789530.159618855,3663385373.8592205,2014077008.124994,1099015612.157766,3646729130.006278,1632652121.881284,2547713517.8485117
2025-09-10,3646729130.006278,10239819.916309197,34291208.13506496,30514382.923598304,119310.6900204294,434449.5886821811,213.46334474054217,0.0,0.0,0,0,0,4,62,53,3612052007.519288,3689324138.0506907,0.011891259682291605,1816709.3169407845,3650688072.7849894,2005946636.768459,1095206421.8354967,3691575510.419658,1685628873.651199,2596369088.5841618
2025-09-11,3691575510.419658,116607416.10755816,-73991673.45801277,-87378947.08931974,122844.0353026863,443349.14688501036,-9641.640515978892,0.0,0.0,0,0,0,4,62,53,3686043715.441195,3805931568.1592093,0.01199764737561551,-71863159.12530851,3745987641.8002024,2057296006.6721609,1123796292.5400608,3734502116.54027,1677206109.868109,2610705824.000209
2025-09-12,3734502116.54027,101448072.2917006,86633393.64458536,93565135.13841273,113153.16545207848,432907.6149440021,1773.1471344750714,0.0,178.38375187371415,1,0,0,5,61,53,3599231902.5367384,3907379637.016926,0.011317731300958435,15090613.91042614,3753305769.776832,2056614480.0152528,1125991730.9330497,3922904931.68943,1866290451.6741774,2796913200.7563806
2025-09-15,3922904931.68943,77307281.17462166,-12954565.840482695,-11452566.100248773,116941.80481718712,434469.9462361724,288.298337208178,0.0,177.82931433903414,0,1,0,4,62,53,3612221262.0097475,3984686924.519581,0.011654615451425729,2453602.8698568344,3798454093.264664,2079838109.7328193,1139536227.9793992,3987575285.6340113,1907737175.901192,2848039057.654612
2025-09-16,3987575285.6340113,19272319.385885898,-29531399.734606624,-34410037.52862161,120026.87837300534,438021.91468305135,-3590.709529107956,0.0,0.0,0,0,0,4,62,53,3641752639.3971934,4003959230.7977843,0.011865077201244032,-26763052.390866756,3822855935.097489,2093515599.5186043,1146856780.5292466,3977630609.6120715,1884115010.0934672,2830773829.0828247
2025-09-17,3977630609.6120715,59652064.20483437,10393849.693346225,13699268.272757404,118130.93273449119,436771.77137714275,-2153.7656431723913,0.0,0.0,0,0,0,4,62,53,3631358838.2395244,4063611304.203647,0.011711080529026946,-16052911.626129627,3847485071.2215858,2105310477.522769,1154245521.3664756,4047993010.5832515,1942682533.0604825,2893747489.216776
2025-09-18,4047993010.5832515,117584501.36889642,-99183160.78031176,-96538801.42560337,118923.24419336766,422642.4834917144,-14592.815282988406,0.0,0.0,0,0,0,4,62,53,3729198383.7504206,4180978779.4969835,0.011480313864814115,-114703351.56934118,3955088581.623702,2164004209.999372,1186526574.4871106,4066683477.595851,1902679267.596479,2880156903.1087403
2025-09-19,4066683477.595851,193264280.0234878,56250224.95522074,53442393.56896892,160340.35862078515,416267.45704389876,-7394.750613687449,0.0,0.0,0,0,0,4,62,53,3672948150.387342,4374162319.528766,0.015715585066833942,-58124677.31282711,4023555234.9580536,2195425024.998394,1207066570.487416,4316446514.922369,2121021489.923975,3109379944.4349527
2025-09-22,4316446514.922369,66857081.09293507,-38177250.7351176,-52221203.54913861,119386.54934804609,421625.0806447354,-12241.58567960588,0.0,0.0,0,0,0,4,62,53,3711125404.20794,4441019395.43363,0.011581165572191047,-96012436.70279121,4076072399.820785,2223592470.1207895,1222821719.9462354,4345416342.225804,2121823872.1050148,3122594622.2795687
2025-09-23,4345416342.225804,36004401.7998786,48144553.20483801,55744140.85653757,120699.5493434646,416155.321151805,-6066.347768855302,0.0,0.0,0,0,0,4,62,53,3662980821.8740783,4477023795.8682785,0.011862425679153887,-47579198.18710041,4070002308.8711786,2218150195.529293,1221000692.6613536,4429854686.654561,2211704491.125268,3208853993.9932075
2025-09-24,4429854686.654561,-98615711.35384668,-24439824.08760923,-39961498.387337476,124991.85796694021,418931.96427583636,-9146.07536435143,0.0,0.0,0,0,0,4,62,53,3687420712.4523497,4378408083.781424,0.012202857329554024,-71733924.42628574,4032914398.1168866,2200828234.681061,1209874319.435066,4307083945.244049,2106255710.5629883,3097209625.808983
2025-09-25,4307083945.244049,-79488635.49545173,65286346.936235674,74714033.26319005,122209.28017855363,411514.70791398466,-785.4002248128389,0.0,0.0,0,0,0,4,62,53,3622134348.3871517,4298919449.167892,0.012146247663030327,-6160001.763237953,3960526898.777522,2161370166.808119,1188158069.6332567,4293170176.7123437,2131800009.9042249,3105012107.0790873
2025-09-26,4293170176.7123437,-23421860.648468386,-50375464.4357104,-49017493.73200662,142959.40897088274,417134.2960427516,-7174.130804808682,0.0,0.0,0,0,0,4,62,53,3671597715.779721,4275497584.8059287,0.014017163974236845,-56267692.58673477,3973547650.2928247,2170353710.9353986,1192064295.0878475,4219639852.384432,2049286141.4490333,3027575557.296584
2025-09-29,4219639852.384432,64894883.0546653,-25113963.72063222,-22534895.82118862,141617.73814599897,419987.526121064,-10341.947967401962,0.0,0.0,0,0,0,4,62,53,3696711721.3589983,4340392471.371707,0.01379127981172882,-81113317.39138794,4018552096.3653526,2194111634.250626,1205565628.9096057,4259688799.5584726,2065577165.3078465,3054123170.6488667
2025-09-30,4259688799.5584726,-21201547.82219522,12609180.795199955,13228523.497382222,95739.35877707685,482971.7891403819,-697.1511735581266,5372112.9828538755,0.0,0,0,0,6,69,55,4251096432.5314794,4251096432.531479,0.008107595230255324,-5467852.341632366,4251096432.531479,2338103037.8923135,1275328929.7594435,4246110854.827813,1908007816.9354997,2970781925.06837
2025-10-01,4246110854.827813,46226545.49607454,-71767509.14980946,-81509257.15838951,99867.23351307484,491125.37434629945,-9798.752965952332,0.0,0.0,0,0,0,6,69,55,4322863930.676475,4297322988.379407,0.00831675589175457,-76852964.43884182,4310093459.527941,2371189926.2977943,1293028037.8583822,4220951350.5619454,1849761424.264151,2927923312.703563
2025-10-02,4220951350.5619454,160726386.64334163,-64238799.222086556,-60721518.82188815,101527.51563974748,498295.2916190963,-17940.77503829981,0.0,0.0,0,0,0,6,69,55,4385973226.965151,4458049371.552265,0.008333362685754379,-140711961.0847044,4422011299.258708,2430304310.9776115,1326603389.7776124,4317817764.984141,1887513454.0065298,2991214375.2065287
2025-10-03,4317817764.984141,91266967.02409288,-70688123.89430612,-61559141.840646274,101964.0075031151,506326.24800453335,-26905.267407723302,0.0,0.0,0,0,0,6,69,55,4456661351.629145,4549316349.2650385,0.008236444235930795,-211021705.15861416,4502988850.447092,2474327492.805003,1350896655.1341276,4338774065.087021,1864446572.2820177,2987877409.9528933
2025-10-06,4338774065.087021,120780640.9843185,-13139175.802892562,-9767647.071505902,101794.88705641047,507819.0050142756,-28532.364133670264,0.0,0.0,0,0,0,6,69,55,4469800533.132988,4670096983.488608,0.00819861178785569,-223783248.1072178,4569948758.310799,2508464405.8120484,1370984627.4932396,4446793022.022271,1938328616.2102227,3075808394.5290318
2025-10-07,4446793022.022271,10767162.218726598,20227218.227860235,29760884.112560757,100664.49562042096,505358.31080729247,-25905.12071291346,0.0,0.0,0,0,0,6,69,55,4448141611.017734,4680864155.329421,0.008147046922604616,-203177417.356184,4564502883.173577,2504658522.1376753,1369350864.952073,4478166191.163331,1973507669.0256557,3108815326.211258
2025-10-08,4478166191.163331,-9412880.180163093,-45601996.522390746,-38800835.0633806,104938.45265443854,511787.4662195046,-31740.624479298527,0.0,0.0,0,0,0,6,69,55,4493743605.829797,4671451263.237415,0.008406764219166432,-248404887.22929287,4582597434.533606,2515985897.558293,1374779230.3600817,4423526422.849863,1907540525.2915702,3048747192.4897814
2025-10-09,4423526422.849863,53224412.567797765,7497830.535789563,722766.0457897729,105987.36190761472,510933.54427114583,-30734.771710066416,0.0,0.0,0,0,0,6,69,55,4486245754.575915,4724675674.583366,0.008504984428867548,-240532995.99182415,4605460714.579641,2527042645.018616,1381638214.3738923,4484622877.364103,1957580232.345487,3102984662.990211
2025-10-10,4484622877.364103,-222432508.88599122,164585954.14443532,166179648.46980527,105620.29090290377,491731.3528929857,-9656.899988249099,0.0,3271.9330878524506,1,0,0,7,68,55,4317641147.353045,4502243169.437027,0.008806499527723782,-75575739.03847122,4409942158.395037,2420853136.5651703,1322982647.518511,4427149504.85146,2006296368.2862902,3104166857.3329496
2025-10-13,4427149504.85146,397912077.5990119,-59786989.12477467,-57316848.84099651,93935.82149948138,498911.80562289996,-17247.170122425872,0.0,3260.8985069175296,0,1,0,6,69,55,4380689024.981561,4900155249.73772,0.007719538078819831,-134977853.13202858,4640422137.35964,2539245519.928898,1392126641.207892,4765659061.241192,2226413541.312294,3373532420.0333
2025-10-14,4765659061.241192,102209057.50294153,-81105074.34352478,-88060336.85333624,95739.3420746762,497498.81706725585,-27573.232357042158,0.0,93511.79496045035,1,0,0,7,68,55,4368282296.200295,5002364307.362165,0.007890095192992327,-215790514.09859085,4685323301.781231,2561075765.70063,1405596990.5343692,4787043718.848285,2225967953.1476545,3381446728.3139153
2025-10-15,4787043718.848285,59184536.28786665,-69483092.70027584,-62521493.05030864,100059.95677556678,516444.7890179177,-36416.74547158034,0.0,96871.76341124215,0,1,0,6,69,55,4534637171.864644,5061548847.449796,0.00794365305844127,-285000616.734107,4798093009.65722,2625778363.421842,1439427902.897166,4777028258.759235,2151249895.3373933,3337600355.862069
2025-10-16,4777028258.759235,-320474750.7928077,100136856.7082355,106964258.5986356,94524.40430402492,506272.1166767814,-23623.465949351532,0.0,0.0,0,0,0,6,69,55,4434500292.059399,4741074099.310849,0.007673646027351119,-184478259.0404892,4587787195.685123,2515618612.445532,1376336158.705537,4557078488.921087,2041459876.4755554,3180742330.2155504
2025-10-17,4557078488.921087,-144764652.9179389,53495528.04433545,63326160.263040185,94186.72497184659,500164.71276008437,-16723.32151437698,0.0,0.0,0,0,0,6,69,55,4381004783.300009,4596309445.113742,0.007739599171202923,-130594267.7912302,4488657114.206875,2463378796.2684383,1346597134.2620623,4466198618.7137575,2002819822.4453192,3119601484.4516954
2025-10-20,4466198618.7137575,90740856.0391732,-117711130.90424597,-121710430.6776569,98232.79658888052,513603.39884071,-31747.557357794423,0.0,0.0,0,0,0,6,69,55,4498715902.254394,4687050298.66177,0.007860866865203802,-247920187.60967445,4592883100.458082,2521377345.3417606,1377864930.1374247,4439611966.893579,1918234621.551818,3061747036.756154
2025-10-21,4439611966.893579,-220190596.17683968,3715898.2864185926,3218338.546766204,98356.56845510272,513179.1695498444,-31222.606849493848,0.0,0.0,0,0,0,6,69,55,4495000025.254111,4466859703.450273,0.00787727796327104,-243820791.01557016,4480929864.352192,2465214933.438802,1344278959.3056576,4223520868.9974027,1758305935.558601,2879241909.691745
2025-10-22,4223520868.9974027,-223860930.56743592,127984158.79088297,134131627.659895,92057.40544284055,498529.309608053,-14783.636665064561,0.0,335.7235334922036,1,0,0,7,68,55,4366680084.158128,4242998758.309297,0.00758944216675125,-115447054.21742392,4304839421.233712,2370753714.8247623,1291451826.3701136,4128035449.7648163,1757281734.940054,2836583623.394703
2025-10-23,4128035449.7648163,101940957.48980545,-22213212.08787307,-13077537.35797146,94838.28202001892,501101.9502198661,-17578.40343822047,0.0,320.82195974696936,0,1,0,6,69,55,4389214162.509776,4344939733.194208,0.007778563602301963,-137271697.1314397,4367076947.851992,2402999182.051485,1310123084.3555975,4208151559.60955,1805152377.558065,2898028475.2539525
2025-10-24,4208151559.60955,152215855.85384876,-63317619.68240622,-66881620.573208496,97804.517368549,508330.7087002447,-25637.182053770357,0.0,0.0,0,0,0,6,69,55,4452531755.038639,4497155582.139054,0.007907776561690593,-200203590.8754301,4474843668.588846,2460048422.0463552,1342453100.5766537,4297434684.790271,1837386262.7439156,2954981584.2136173
2025-10-27,4297434684.790271,78189254.56708537,-31941537.6737619,-31276717.01802058,93821.7808305503,513216.1305054291,-29742.05219802748,0.0,0.0,0,0,0,6,69,55,4484412790.824138,4575344830.796485,0.00753183140680295,-231756250.89372063,4529878810.810311,2489160044.9463625,1358963643.2430933,4344072053.981071,1854912009.034709,2985108410.737978
2025-10-28,4344072053.981071,-63406678.92609395,63558190.18380447,69507849.55781262,91016.47038882767,505942.2492600243,-21535.053079339,0.0,0.0,0,0,0,6,69,55,4420854605.184678,4511938157.178827,0.007411673141557478,-167805608.41043377,4466396381.181753,2454240920.85011,1339918914.3545258,4344616955.964574,1890376035.1144638,3004698041.6100483
2025-10-29,4344616955.964574,65181232.240479074,104639307.45712484,84466706.64288405,91356.86916009021,493966.86258549045,-8055.901735017468,0.0,0.0,0,0,0,6,69,55,4316215304.145062,4577119399.065882,0.007619747992193098,-62773260.27286339,4446667351.605473,2439144441.009989,1334000205.4816418,4514832049.753869,2075687608.7438803,3180831844.2722273
2025-10-30,4514832049.753869,-107833417.31968245,87154872.33101532,87615345.175715,88227.41436698713,454406.77857297694,2594.9436401778526,0.0,0.0,0,0,0,6,69,55,4227039800.678855,4469285974.686007,0.007513974476184133,24779302.6648283,4348162887.68243,2385433433.8751583,1304448866.304729,4494522279.073048,2109088845.1978893,3190073412.7683187
2025-10-31,4494522279.073048,131954518.63459896,-34978677.33552856,-54096260.45869171,112320.97675476133,492310.631795455,-762.6180343279764,6184525.178244857,0.0,0,0,0,4,71,55,4591498120.37212,4591498120.37212,0.008806614000843142,-6296846.15500164,4591498120.37212,2525323966.204666,1377449436.111636,4585692822.23088,2060368856.0262136,3208243386.1192436
2025-11-03,4585692822.23088,-179129499.2469999,48674561.981598444,53474728.47036598,117646.40034446427,488352.26194265264,4477.045829798037,0.0,0.0,0,0,0,4,71,55,4542811739.00142,4412368607.299157,0.009323015470880349,42751631.26597595,4477590173.150289,2465935673.525215,1343277051.9450865,4455613067.872906,1989677394.3476906,3112336015.9278193
2025-11-04,4455613067.872906,-280473860.4660627,120689140.65226698,124078707.23624432,112057.09969454,475378.17782874114,17155.755413282408,0.0,0.0,0,0,0,4,71,55,4422122584.453406,4131894753.8564534,0.009122441795679139,163821537.10296202,4277008669.15493,2359610463.800135,1283102600.746479,4296208824.892657,1936598361.0925221,3013106224.1461782
2025-11-05,4296208824.892657,179634197.449281,-29025420.084651317,-24135487.544712935,118170.66019500562,478498.4109289684,14155.35365234659,0.0,0.0,0,0,0,4,71,55,4451148008.641567,4311528945.792191,0.009557408018697878,135170485.80490112,4381338477.216879,2413226639.040518,1314401543.1650636,4447192085.361673,2033965446.3211555,3132790542.1966095
2025-11-06,4447192085.361673,-251873548.45016485,88570262.23907456,87422302.8230719,115647.15374711748,468977.1094144696,23470.108395531,0.0,0.0,0,0,0,4,71,55,4362577761.995067,4059655406.044816,0.00954320532957628,224117745.95202017,4211116584.0199413,2323687180.109724,1263334975.2059824,4284265599.2146463,1960578419.1049223,3020930624.008664
2025-11-07,4284265599.2146463,95554513.4854693,-5660800.231241142,-6163801.944627972,115344.5917784576,469585.6446221138,22916.78768464676,0.0,0.0,0,0,0,4,71,55,4368238554.624314,4155209921.021053,0.009505903242460614,218834046.85604334,4261724237.8226833,2349274046.6425576,1278517271.3468049,4374536470.309402,2025262423.6668448,3096019198.962598
2025-11-10,4374536470.309402,107558099.7250814,7247878.774839139,2101082.9271653756,104953.54701578693,468801.1220311112,23716.38706825908,0.0,0.0,0,0,0,4,71,55,4360940670.056849,4262768016.6264114,0.008664019940723192,226469478.63589573,4311854343.34163,2373974205.1736574,1293556303.0024889,4489730012.771406,2115755807.5977488,3196173709.768917
2025-11-11,4489730012.771406,-101666019.22140658,-14855794.631578887,-19546084.307708427,103811.17650497788,470398.11727616447,22201.361857927204,0.0,0.0,0,0,0,4,71,55,4375796439.778275,4161101993.342611,0.008540622045865942,212002394.39930487,4268449216.560443,2353014430.269135,1280534764.9681327,4373596987.22105,2020582556.9519153,3093062222.2529173
2025-11-12,4373596987.22105,-71804894.3605887,2561860.185691297,7850526.882057958,104907.86829531242,460660.9734435291,22510.244918885848,0.0,0.0,0,0,0,4,71,55,4285218357.6142244,4089297104.30786,0.008813280779311084,214951940.8699975,4187257730.9610424,2307889783.3612323,1256177319.2883127,4304732216.39622,1996842433.034988,3048554897.1079073
2025-11-13,4304732216.39622,-291498954.8506177,86553932.7949634,85377422.0789221,80363.35170448355,461767.2384773495,31700.4115640986,0.0,0.0,0,0,0,4,71,55,4284438295.1506658,3797798149.4260173,0.006752531982164239,301908681.5628438,4041118222.2883415,2234781025.901704,1212335466.6865025,4100200298.6389027,1865419272.7371988,2887864831.9524
2025-11-14,4100200298.6389027,-18391316.99515456,15694876.07119962,15155859.821819175,82156.30184340679,460035.7611390413,33391.56162457918,0.0,0.0,0,0,0,4,71,55,4268373041.4962587,3779406828.798064,0.006929166775277595,318014872.6150398,4023889935.1471615,2225363619.6483936,1207166980.5441484,4097915128.7358675,1872551509.0874739,2890748148.191719
2025-11-17,4097915128.7358675,-70653914.42642185,107019320.15908195,106374134.53893712,78813.65409831538,448500.3048185105,44672.123744021344,0.0,0.0,0,0,0,4,71,55,4161343034.398551,3708752923.2523212,0.006818211149827581,425448797.56210804,3935047978.825436,2175591141.1326456,1180514393.6476307,4134694893.242992,1959103752.1103463,2954180499.595361
2025-11-18,4134694893.242992,60214818.70434223,5303123.228711921,3427908.799184475,78588.99579327508,447928.7414728677,45272.48440629255,0.0,0.0,0,0,0,4,71,55,4156039869.335886,3768967728.0250854,0.006807451173489334,431166518.1551671,3962503798.6804857,2189053892.8070374,1188751139.6041458,4200627447.4061317,2011573554.5990944,3011876307.8019857
2025-11-19,4200627447.4061317,-9666444.900472822,46313998.48988208,42447209.3907659,76299.10061790177,442937.1225447006,50179.2278176999,0.0,0.0,0,0,0,4,71,55,4109725879.2807274,3759301294.107305,0.006683578669060032,477897407.78761816,3934513586.6940165,2172743087.311044,1180354076.008205,4237691818.2452855,2064948730.9342413,3057337742.2370806
2025-11-20,4237691818.2452855,-255514331.0350564,79127824.19392356,79746689.90872666,75762.90512126354,434408.90058552794,58531.472695834396,0.0,0.0,0,0,0,4,71,55,4030598046.669847,3503786951.395847,0.006766897995742758,557442597.1031847,3767192499.032847,2085126151.849916,1130157749.7098541,4061722488.872313,1976596337.022397,2931564739.162459
2025-11-21,4061722488.872313,29308348.731337782,-161025697.78701392,-157850478.26464024,82235.2501715786,451763.8949486107,41666.897135996645,0.0,0.0,0,0,0,4,71,55,4191623767.5644283,3533095312.7950687,0.007062821403689655,396827591.77139664,3862359540.1797485,2140760958.4680955,1158707862.0539246,3930416335.35855,1789655376.8904545,2771708473.3046255
2025-11-24,3930416335.35855,264957353.66849434,-22099820.441528533,-17947711.79480976,85588.5807409689,454145.75845340855,39389.24094268739,0.0,0.0,0,0,0,4,71,55,4213723532.0419345,3798052651.979181,0.007312271161705194,375135628.02559423,4005888092.0105577,2213630222.6073756,1201766427.6031673,4173681815.0041714,1960051592.3967957,2971915387.401004
2025-11-25,4173681815.0041714,24096322.034725305,-81526029.44189377,-80657752.74791811,90384.6719808505,462700.8719494918,30871.336685269584,0.0,0.0,0,0,0,4,71,55,4293100873.758171,3822148992.5891213,0.007579249328148693,294012730.3359008,4057624933.173646,2243467510.2747316,1217287479.9520938,4116655295.133657,1873187784.8589253,2899367815.1815634
2025-11-26,4116655295.133657,70426583.78260024,-55385529.56326305,-60247564.03550203,86950.90631339916,468670.2002473472,25098.55235613601,0.0,0.0,0,0,0,4,71,55,4348486394.047551,3892575566.4834805,0.007198441810849875,239033831.9632001,4120530980.265516,2277689809.8351355,1236159294.0796547,4132103167.199284,1854413357.3641486,2895943873.1196294
2025-11-28,4132103167.199284,113954398.66427675,-56512325.235450484,-55965037.567983456,117529.087324203,452703.28785360354,-731.5587025518918,5881585.557750278,0.0,0,0,0,0,71,55,4189541995.560341,4189545240.6281085,0.010099068461791164,-5999114.64507246,4189543618.094225,2304248908.8251295,1256863085.4282675,4183998097.7121873,1879749188.8870578,2927135012.28392
2025-12-01,4183998097.7121873,-126098336.68952,62873121.243809365,62873121.24380938,114700.14070393909,445822.4576276643,6023.076048767013,0.0,0.0,0,0,0,0,71,55,4125863361.078641,4063446905.6731043,0.010008099406041138,57211276.45266819,4094655133.3758726,2253620734.741868,1228396540.0127618,4121110027.659449,1867489292.917581,2892713487.6466875
2025-12-02,4121110027.659449,19239679.903529428,7125178.07591507,7125178.07591507,113116.65359050428,445052.5449225855,6808.860244197295,0.0,0.0,0,0,0,0,71,55,4118738204.939094,4082686579.3306584,0.00988700744411206,64675189.65464449,4100712392.1348763,2256293106.3143926,1230213717.6404629,4147813630.3904696,1891520524.076077,2917599912.7500067
2025-12-03,4147813630.3904696,108153967.08049053,-277923031.78455216,-277923031.7845522,406303.73365527124,475083.6724488716,-25983.499321919022,0.0,0.0,0,0,0,0,71,55,4396661236.030688,4190714793.977601,0.03326827705469295,-213076532.02484846,4293688015.0041447,2366677069.303607,1288106404.5012434,3978087362.12588,1611410292.8222728,2689980957.6246367
2025-12-04,3978087362.12588,186828164.7455091,-1889444.2950560853,-1889444.295056081,361048.97723987844,475287.83769858605,-26195.81193009986,0.0,0.0,0,0,0,0,71,55,4398550683.071747,4377482625.736586,0.029550104380196826,-214817592.13749313,4388016654.404166,2413935861.3556705,1316404996.3212497,4163114125.624861,1749178264.2691903,2846709129.303611
2025-12-05,4163114125.624861,-46229030.925870515,-22378123.526083343,-22378123.52608335,379269.15941388666,477705.9202098207,-28916.18578425508,0.0,0.0,0,0,0,0,71,55,4420928824.563892,4331253599.105334,0.030884210718427015,-237125897.09184122,4376091211.834614,2409092047.145501,1312827363.550384,4094576491.7479186,1685484444.6024175,2781749128.1975346
2025-12-08,4094576491.7479186,48889905.64538998,-3252403.8774560187,-3252403.877456019,312261.34144786984,478057.3578522832,-29296.14930323666,0.0,0.0,0,0,0,0,71,55,4424181203.774343,4380143503.226004,0.025409014175398342,-240241771.05159903,4402162353.500174,2422290236.9388037,1320648706.050052,4140350493.3829536,1718060256.44415,2819701787.332902
2025-12-09,4140350493.3829536,24906569.674114715,-5163098.009727477,-5163098.00972748,303700.8793659784,478615.2603315068,-29908.072223182146,0.0,0.0,0,0,0,0,71,55,4429344311.551219,4405050081.9435005,0.024683634615314535,-245259817.77552557,4417197196.74736,2430065813.9512405,1325159159.024208,4160238971.3560834,1730173157.4048429,2835079812.3318753
2025-12-10,4160238971.3560834,-45065320.92627736,-66591151.05071259,-66591151.0507126,317229.99631355377,485810.8003090228,-38012.460963107325,0.0,0.0,0,0,0,0,71,55,4495935427.024375,4359984767.030129,0.025401343174642564,-311719497.64734936,4427960097.027252,2438776819.864845,1328388029.1081755,4048713067.722126,1609936247.8572812,2720325038.6139507
2025-12-11,4048713067.722126,131340912.22808018,-18015265.299323548,-18015265.299323555,262806.6010622971,456410.56970643974,-37898.223410563696,0.0,0.0,0,0,0,0,71,55,4513950689.404348,4491325676.837331,0.020959550268129203,-329549768.7875104,4502638183.12084,2477016626.0306373,1350791454.9362519,4162194420.3961163,1685177794.365479,2811402965.4598646
2025-12-12,4162194420.3961163,-217376745.20921132,43744375.401884384,43744375.401884384,252848.17956098227,451987.53031231835,-32848.567656473184,0.0,0.0,0,0,0,0,71,55,4470206343.748203,4273948921.161169,0.020362671796852708,-285639718.7519407,4372077632.454686,2409549133.414753,1311623289.7364058,3988728341.3718843,1579179207.9571314,2677105051.6354785
2025-12-15,3988728341.3718843,-164773204.2808449,87729716.84755439,87729716.8475544,254839.68203545586,443058.82683605974,-22740.757182278485,0.0,0.0,0,0,0,0,71,55,4381900485.191799,4109175728.885067,0.020936642865988897,-197745714.62850857,4245538107.038433,2341864077.7788067,1273661432.1115298,3911850332.3262124,1569986254.5474057,2638188900.2146826
2025-12-16,3911850332.3262124,2500764.7437150786,40143236.73367908,40143236.733679086,250677.6109764778,438999.89837027394,-18104.775903416685,0.0,0.0,0,0,0,0,71,55,4341757236.629083,4111676490.1353836,0.020785118797106435,-157432833.9427538,4226716863.382233,2330446293.5225706,1268015059.01467,3954664551.315097,1624218257.7925262,2686649492.300427
2025-12-17,3954664551.315097,-165128093.8860637,16243868.790301131,16243868.790301131,283257.8753584039,429613.6062527026,-16229.709971773767,0.0,76587.56596143979,1,0,0,1,70,55,4248925776.1256294,3946548393.576047,0.023999674388760214,-141127912.79803276,4097737084.850838,2261314831.2317004,1229321125.4552515,3805833864.674295,1544519033.4425945,2576512739.2190437
2025-12-18,3805833864.674295,105781128.60679613,-10795224.164812496,-12122743.143444294,283540.15064255917,438583.20839028823,-17465.190001315867,0.0,77915.08494007158,0,1,0,0,71,55,4337636126.936916,4052329531.283443,0.023532276854075964,-151871217.40274668,4194982829.11018,2314373220.9019356,1258494848.733054,3900879431.899085,1586506210.9971495,2642384583.166031
2025-12-19,3900879431.899085,238188671.40112734,8218037.861020872,8218037.861020872,192658.54519406136,437752.27093009435,-16493.842619735842,0.0,0.0,0,0,0,0,71,55,4329418064.14379,4290518201.048525,0.01601995354624607,-143424718.43248558,4309968132.596157,2371454969.505268,1292990439.778847,4147514741.0443497,1776059771.5390816,2854524301.265503
2025-12-22,4147514741.0443497,150438221.22898948,-69707081.05487162,-69707081.05487163,200660.52865263782,444188.69236380444,-24470.753332026878,0.0,0.0,0,0,0,0,71,55,4393074979.422241,4440834380.098744,0.016443559614466217,-212789159.40892935,4416954679.760492,2428131088.8513584,1325086403.9281476,4228464938.6288466,1800333849.7774882,2903378534.700699
2025-12-23,4228464938.6288466,-76972947.66971987,45767083.31642729,45767083.3164273,196897.96313753052,439561.1347794208,-19181.9163853968,0.0,0.0,0,0,0,0,71,55,4347307926.389876,4363861449.22891,0.016305094538903397,-166799272.9164939,4355584687.809393,2395157740.2241907,1306675406.3428178,4197482555.5308104,1802324815.3066196,2890807149.1879926
2025-12-24,4197482555.5308104,-1387855.5876799598,-23334004.32159872,-23334004.321598724,200241.9480996133,441920.4615883023,-21840.008461507256,0.0,0.0,0,0,0,0,71,55,4370641927.796395,4362473570.730017,0.01649348139398047,-189913117.05658484,4366557749.2632065,2401810971.0214224,1309967324.778962,4172980534.126559,1771169563.1051364,2863013209.347597
2025-12-26,4172980534.126559,-96443777.5576068,6581588.860834645,6581588.860834647,200174.304624432,441253.55259584554,-21057.83808753161,0.0,0.0,0,0,0,0,71,55,4364046124.574296,4266029806.6689153,0.016512829518231797,-183111635.54375315,4315037965.621606,2375721289.0395174,1294511389.6864817,4083338366.8396707,1707617077.8001533,2788826977.1531887
2025-12-29,4083338366.8396707,-85286163.92577554,36678955.23301027,36678955.23301028,81645.94720859919,437544.9036581186,-16796.483257693144,0.0,0.0,0,0,0,0,71,55,4327367179.036338,4180705888.3535504,0.0067922456724925145,-146056376.15385342,4254036533.6949444,2343386625.7992887,1276210960.1084833,4035070260.6200976,1691683634.820809,2758859300.5116143
2025-12-30,4035070260.6200976,-13155216.480927672,-13544940.821653364,-13544940.82165336,80764.45077683381,438793.5571320241,-18315.054813802344,0.0,0.0,0,0,0,0,71,55,4339716499.10793,4167550685.0737166,0.0066997930131235195,-159261346.2069769,4253633592.090823,2343802621.0008082,1276090077.6272469,4008709817.369058,1664907196.36825,2732619739.7418113
2025-12-31,4008709817.369058,-8617770.595666371,30468029.502473075,30468029.50247308,73280.64072391856,407534.40771233744,-798.0767269592284,6866516.985008475,0.0,0,0,0,5,65,55,4030560076.2758646,4030560076.275865,0.006545251816463701,-6939797.625732422,4030560076.2758646,2216808041.9517255,1209168022.8827593,4024027014.981118,1807218973.0293927,2814858992.098359
2026-01-02,4024027014.981118,103369092.76688367,-112400526.35495082,-128691466.87828122,76179.10229549618,418899.3494000707,-13686.123981755589,0.0,0.0,0,0,0,5,65,55,4142960598.4622374,4133929176.045152,0.006619535999583943,-119009773.75439644,4138444887.2536945,2276370473.549959,1241533466.1761084,4015324615.516174,1738954141.9662147,2773791149.3400655
2026-01-05,4015324615.516174,139052741.4834828,-93480683.55179228,-79050105.58950053,74239.82772182104,420191.87637125805,-24407.620990286614,0.0,80697.46063772758,1,0,0,6,64,55,4155743832.2432117,4272981918.683737,0.006431180327452725,-212240182.52423143,4214362875.4634743,2314968629.343898,1264308862.6390421,4061137520.4148865,1746168891.0709887,2796828657.7758446
2026-01-06,4061137520.4148865,136453017.91920105,-95896590.51929002,-119142689.38728893,79889.20508826006,438044.27549515374,-35408.67946417144,0.0,80665.62659179399,0,1,0,5,65,55,4332306021.380641,4409434953.54113,0.00663852315368253,-307901560.5580125,4370870487.460886,2402050544.7994747,1311261146.2382658,4101936028.579149,1699885483.779674,2790674882.3408833
2026-01-07,4101936028.579149,-16876668.678223662,48966333.788039565,66399934.39107511,78843.45978715936,433093.2355536469,-29740.312160081867,0.0,0.0,0,0,0,5,65,55,4283339692.2888155,4392558260.316846,0.006626522191194805,-258611410.08766842,4337948976.302831,2383141472.765856,1301384692.890849,4134350203.152571,1751208730.3867154,2832965510.261722
2026-01-08,4134350203.152571,14832890.744965788,-56708886.21506689,-51968942.95318661,80485.11351662134,438827.1346436723,-36224.704498508276,0.0,0.0,0,0,0,5,65,55,4340048584.387968,4407391152.990765,0.006676109795224714,-314997430.4218111,4373719868.689366,2403862363.564081,1312115960.6068099,4092796324.999099,1688933961.4350176,2780680364.392289
2026-01-09,4092796324.999099,104190163.88277069,-591445.7352203126,-5121826.545425161,80571.06621604753,438886.93566492206,-36255.68442817644,0.0,0.0,0,0,0,5,65,55,4340640023.059669,4511581293.195011,0.00668232880028863,-315266821.1145778,4426110658.12734,2430087330.2166533,1327833197.4382021,4196717103.3316703,1766629773.115017,2868883905.893468
2026-01-12,4196717103.3316703,118201977.51762961,13616100.915954387,17709189.58139957,80735.707745724,437510.19727478025,-34652.81952264417,0.0,0.0,0,0,0,5,65,55,4327023929.091233,4629783311.471806,0.006717054322961616,-301328865.4142971,4478403620.281519,2455553006.5953217,1343521086.0844557,4328857303.435261,1873304296.839939,2985336217.3508053
2026-01-13,4328857303.435261,24590561.628389984,36114309.06798496,28268880.157842647,79961.861981288,433858.63785271486,-30462.541691278868,0.0,0.0,0,0,0,5,65,55,4290909605.1367407,4654373879.15034,0.006708663887676174,-264891666.8806858,4472641742.14354,2450866351.328607,1341792522.643062,4389885608.365816,1939019257.037209,3048093085.722754
2026-01-14,4389885608.365816,49129745.20330944,-90776794.8885304,-110505074.69443265,110070.67413689054,443037.18112520396,-40868.13865527139,0.0,0.0,0,0,0,5,65,55,4381686406.732786,4703503606.747949,0.00904342278543557,-355375118.74149036,4542595006.740368,2490381823.706823,1362778502.0221102,4348530657.048928,1858148833.3421054,2985752155.0268183
2026-01-15,4348530657.048928,-19852376.048410233,20899144.683890574,36229020.60454878,109294.88372799239,440924.0458403842,-38431.05649470161,0.0,0.0,0,0,0,5,65,55,4360787266.55325,4683651230.754607,0.009022719003941762,-334183099.95392704,4522219248.653929,2479148987.654627,1356665774.5961785,4349870623.790026,1870721636.1353989,2993204849.193847
2026-01-16,4349870623.790026,80410046.35851195,-29677483.911965832,-35049473.009448715,109605.55158566381,443924.76944820036,-41810.285638164816,0.0,0.0,0,0,0,5,65,55,4390464752.784399,4764061281.88642,0.008987203130560383,-363567701.2014332,4577263017.335409,2508154746.306925,1373178905.2006228,4400895695.1687975,1892740948.8618727,3027716789.968175
2026-01-20,4400895695.1687975,72839654.48658101,94944889.37722678,115297368.4462755,105469.5416077516,434324.78732801566,-30857.50840124522,0.0,0.0,0,0,0,5,65,55,4295519874.672683,4836900929.501825,0.0088392176236139,-268326160.01082802,4566210402.087254,2497881194.777261,1369863120.626176,4568978236.769924,2071097041.9926634,3199115116.1437483
2026-01-21,4568978236.769924,-17810228.165761612,-90250707.0789285,-97805622.08180551,107632.3593355217,443450.1361223292,-41202.319531890935,0.0,0.0,0,0,0,5,65,55,4385770577.034025,4819090708.573646,0.008834855512891827,-358281039.40774727,4602430642.803835,2520503850.253619,1380729192.8411505,4461211916.982489,1940708066.7288694,3080482724.1413383
2026-01-22,4461211916.982489,142574323.93333608,-128004924.25212707,-120615866.20913365,110905.23873477655,456392.85408469284,-55889.38099770934,0.0,0.0,0,0,0,5,65,55,4513775479.9585,4961665028.796348,0.00884534158196248,-485994617.3713856,4737720254.377424,2594548901.186637,1421316076.3132272,4476070914.898049,1881522013.7114124,3054754838.584822
2026-01-23,4476070914.898049,61252664.80175851,56749607.461695984,74152629.2908347,108172.83565828878,450654.84060151444,-49329.559612465484,0.0,0.0,0,0,0,5,65,55,4457025896.058934,5022917706.608154,0.00873726600319243,-428952692.2823086,4739971801.333544,2592837195.469719,1421991540.400063,4594366339.606834,2001529144.1371155,3172374799.2067714
2026-01-26,4594366339.606834,-95318386.62670822,116293564.84229441,122064347.92512289,105910.46644762864,438896.2666389318,-35921.82680744865,0.0,0.0,0,0,0,5,65,55,4340732307.418007,4927599318.725091,0.008783717866220097,-312363711.3691187,4634165813.071548,2534119521.906675,1390249743.9214644,4615638581.795804,2081519059.8891292,3225388837.8743396
2026-01-27,4615638581.795804,173050905.37744638,-19938086.42775509,-12972281.827955395,106378.5934100696,440899.9095957814,-38180.59742450867,0.0,0.0,0,0,0,5,65,55,4360548556.441793,5100650217.147812,0.008782448614418096,-332005194.99572754,4730599386.794803,2583327121.219491,1419179816.0384407,4769047741.464255,2185720620.2447643,3349867925.4258146
2026-01-28,4769047741.464255,90326502.815892,54288925.32978432,46095435.30616277,105227.3765609396,435410.69763440127,-31903.159130293345,0.0,0.0,0,0,0,5,65,55,4306259646.933639,5190976717.2794,0.008796927883555003,-277418775.0460291,4748618182.10652,2589622073.3999414,1424585454.6319559,4913961449.771874,2324339376.371933,3489375995.1399183
2026-01-29,4913961449.771874,-179616379.21620625,122315533.59004945,124922420.29918303,100660.2714170109,423043.23546328716,-17802.044451277452,0.0,0.0,0,0,0,5,65,55,4183944086.999543,5011360330.407148,0.008661133360439166,-154800386.5328474,4597652208.703346,2508023308.7016497,1379295662.6110039,4856965185.065313,2348941876.3636637,3477669522.4543095
2026-01-30,4856965185.065313,-430020829.3200359,72580171.00746648,81892423.72267643,82754.31542651885,445998.543152106,-606.0820690859651,5098974.622040047,88549.92414949708,1,0,0,6,77,56,4410974602.603246,4499524526.752745,0.006753961706323257,-5270278.861617088,4455249564.677996,2448173512.46916,1336574869.4033988,4494699640.352211,2046526127.883051,3158124770.9488125
2026-02-02,4494699640.352211,44301599.34102321,43576886.152408354,59222146.50088146,84000.34562057082,449914.95533116587,3794.2591953426268,0.0,82310.63606500687,0,1,0,5,78,56,4449708349.429112,4543826128.131659,0.006795978983046213,38585686.7322979,4496767238.780386,2470869036.8616486,1349030171.6341157,4582865524.078483,2111996487.216834,3233835352.444367
2026-02-03,4582865524.078483,227444840.13197887,89107404.40692177,95969612.5835973,83116.52160087846,440905.20467273996,12592.932082606756,0.0,0.0,0,0,0,5,78,56,4360600925.334791,4771270936.001476,0.006861886306190456,128063716.09430599,4565935930.668134,2500998011.600806,1369780779.2004402,4899788150.232537,2398790138.631731,3530007371.032097
2026-02-04,4899788150.232537,-255999205.67547223,-67262472.54679292,-57770775.671867296,84929.87091396519,447706.18640566326,6015.029841924463,0.0,0.0,0,0,0,5,78,56,4427863382.034032,4515271747.136737,0.00690508059780795,61169795.00262165,4471567564.585384,2457176951.394394,1341470269.3756154,4576895263.355606,2119718311.9612122,3235424993.979991
2026-02-05,4576895263.355606,-312805662.13168496,224389691.73377928,237048675.26525706,79287.12257650442,425017.89992647525,28116.835915400134,0.0,0.0,0,0,0,5,78,56,4203473735.5365686,4202466081.271733,0.006790422855799781,285933924.5633912,4202969908.404151,2311658640.978904,1260890972.5212452,4488853140.570966,2177194499.592062,3227962168.049721
2026-02-06,4488853140.570966,358788322.9462999,-222208062.50485504,-229501930.22162512,84836.95612527398,447485.6030198538,6302.590252843087,0.0,0.0,0,0,0,5,78,56,4425681788.108444,4561254425.89178,0.006900926380916355,64094138.16450596,4493468107.000113,2468018142.9054785,1348040432.1000338,4625802352.249558,2157784209.34408,3277761920.1495247
2026-02-09,4625802352.249558,209363704.65875044,-15596007.006307766,-18854188.617216244,84679.46340787629,449062.5327861287,4805.278281421029,0.0,0.0,0,0,0,5,78,56,4441277796.785888,4770618133.67838,0.006863927054708646,48867236.76021385,4605947965.232134,2525037872.4553614,1381784389.5696402,4819939238.249661,2294901365.7943,3438154848.6800213
2026-02-10,4819939238.249661,-74673680.71481854,41673190.61153648,48225920.95815801,83428.64348586238,444848.91107774404,8939.56911984298,0.0,0.0,0,0,0,5,78,56,4399604615.054611,4695944447.097711,0.006826593360716724,90910872.40518284,4547774531.07616,2493867496.290811,1364332359.322848,4787309107.983091,2293441611.6922803,3422976748.660243
2026-02-11,4787309107.983091,9581362.00084191,96667998.92118753,86863073.48343268,81606.56869209588,435069.37907139905,18481.852299292495,0.0,0.0,0,0,0,5,78,56,4302883968.838013,4705525822.004641,0.006827598638939853,187951040.33178806,4504204895.421327,2467246646.152564,1351261468.6263978,4893930413.5678,2426683767.4152355,3542668944.9414015
2026-02-12,4893930413.5678,-240611337.12418473,167232772.32196122,167646697.4936751,92499.40296017972,418160.28721464373,34961.912897447124,0.0,0.0,0,0,0,5,78,56,4135651192.2327404,4464914472.439425,0.008051884338845057,355544876.9231911,4300282832.336082,2356923975.7796783,1290084849.7008247,4820912471.562729,2463988495.7830505,3530827621.861904
2026-02-13,4820912471.562729,111267637.10699584,-38651137.73582496,-49237495.0338241,94016.74140279736,422068.34635495965,31196.52857266333,0.0,0.0,0,0,0,5,78,56,4174302326.5875125,4576182121.250158,0.008108187729822662,317252832.94233894,4375242223.918836,2396336228.2887936,1312572667.1756506,4893888219.067425,2497551990.778631,3581315551.891774
2026-02-17,4893888219.067425,-75694853.41465378,35150344.709924355,39181088.28666479,80979.12070054123,406039.02501553536,34677.457250667925,0.0,123364.42923492128,2,0,0,7,76,56,4015770577.076723,4500487259.178848,0.00725949923997311,352652107.63391113,4258128918.1277857,2329852987.917729,1277438675.4383357,4853580083.295026,2523727095.377297,3576141407.8566904
2026-02-18,4853580083.295026,91692815.96833824,-71025560.71073002,-72153748.9581556,84495.8164010936,421347.4536087036,27720.4009087478,0.0,80376.4824795919,0,1,1,6,77,56,4167172618.1080575,4592180084.130894,0.007299552164509091,281902382.122859,4379676351.119475,2398196806.4651403,1313902905.3358426,4874531534.10827,2476334727.6431293,3560628628.772427
2026-02-19,4874531534.10827,70801422.73833813,27360176.030256674,12727376.163766654,85172.31523275838,418581.0360624116,30446.60284419425,0.0,0.0,0,0,1,6,77,56,4139812444.573302,4662981490.959656,0.0074066238251896,309626469.60197544,4401396967.766479,2407689106.111904,1320419090.3299434,4973056988.200538,2565367882.0886335,3652637897.870594
2026-02-20,4973056988.200538,-23532181.275704872,52223970.74418186,47726789.61688386,83210.40573942711,412803.2709928179,35617.67938615943,0.0,2564.235615329441,1,0,1,7,76,56,4082669713.115781,4639449314.354852,0.007337293528780797,362213688.6728077,4361059513.735316,2384663242.523447,1308317854.1205947,5002111423.978039,2617448181.4545918,3693793569.857444
2026-02-23,5002111423.978039,1489575.790041536,134702347.5342237,132291321.2763011,80935.99078151824,399352.12149838795,48899.3085834036,0.0,2429.732584102889,0,1,1,6,77,56,3949636366.467573,4640938877.340936,0.007377123861001337,497281104.2380028,4295287621.904255,2345125629.275506,1288586286.5712764,5138668233.00902,2793542603.733514,3850081946.437743
2026-02-24,5138668233.00902,165417304.61117324,-92258582.79326601,-93520792.10812347,82379.25683599437,408679.45355207607,39863.18941113043,0.0,0.0,0,0,1,6,77,56,4041884705.4600925,4806356208.677239,0.007337302922296529,405388366.8928518,4424120457.068666,2414154463.8073378,1327236137.1206,5212193118.213055,2798038654.405717,3884956981.092455
2026-02-25,5212193118.213055,61198300.6247342,-42342586.01339631,-39424646.417105965,86397.24015511479,412802.0134932544,35735.115615004746,0.0,0.0,0,0,1,6,77,56,4082657276.306911,4867554480.177409,0.007618324133241104,363407955.4068279,4475105878.24216,2441685802.936425,1342531763.472648,5231410972.713346,2789725169.7769203,3888879209.240698
2026-02-26,5231410972.713346,56604087.948381744,-35805201.88880667,-22004351.965582896,98909.70867924557,421227.29099236097,32243.97653706149,0.0,47521.72466997446,0,1,0,5,78,56,4165984196.6277456,4924158581.199963,0.008547198799590195,327904846.1396084,4545071388.913855,2480834904.2883143,1363521416.6741564,5252516898.6071005,2771681994.318786,3888995481.9329443
2026-02-27,5252516898.6071005,-54957389.200214006,34508662.67107181,25458898.336159885,140523.87104886686,529020.2262878822,-733.9032473391961,6241243.497115772,0.0,0,0,0,2,79,56,5232068172.077955,5232068172.07796,0.009668947711264335,-6381767.3681669235,5232068172.077957,2877637494.6428766,1569620451.623387,5226214691.032834,2348577196.3899574,3656594239.4094467
2026-03-02,5226214691.032834,130396291.53396308,-26994046.482237726,-29836083.805073656,143639.68271794243,531407.2267051592,-3793.984160701833,0.0,0.0,0,0,0,2,79,56,5255675868.512563,5362464463.01664,0.009838941188946286,-32991166.614798546,5309070165.764601,2917318876.307929,1592721049.7293801,5330000909.644385,2412682033.3364563,3737279859.915005
2026-03-03,5330000909.644385,-336556093.97292304,33994309.65370319,33451747.589419227,143684.16008010373,527970.0275363371,153.033849846735,0.0,0.0,0,0,0,2,79,56,5221681591.018719,5025739164.725966,0.00990606124237956,1556276.439119339,5123710377.872343,2822939268.4871073,1537113113.361703,5027823564.226472,2204884295.7393646,3490710450.864769
2026-03-04,5027823564.226472,223700496.3459372,-58434765.622422926,-60583469.1775916,146542.7394264195,533878.0332087117,-6485.098789956202,0.0,0.0,0,0,0,2,79,56,5280112416.349895,5249334915.601483,0.00999133769011314,-56392163.3909235,5264723665.975689,2896367453.805339,1579417099.7927067,5193470145.144979,2297102691.3396397,3614053045.352272
2026-03-05,5193470145.144979,-122351761.45480295,-118651990.96672018,-118045896.95072742,151116.26118659225,545875.0685306301,-20082.002863352693,0.0,0.0,0,0,0,2,79,56,5398764414.039198,5126941388.31751,0.010076723089769226,-174626111.85524082,5262852901.178354,2901364671.2911367,1578855870.3535063,4952841069.527936,2051476398.2367992,3373985199.17443
2026-03-06,4952841069.527936,-202310648.63371357,18593402.393027525,19189181.200574283,149176.41771885252,543693.0541677442,-17900.450365104214,0.0,0.0,0,0,0,2,79,56,5377184052.20846,4924630737.000872,0.009987292578674218,-155656090.13134098,5150907394.604666,2844312899.912756,1545272218.3813996,4769500439.473333,1925187539.5605774,3224228221.0919337
2026-03-09,4769500439.473333,170305043.63000244,5031593.673533138,-9154010.820188895,149106.43728313464,543184.3045262697,-17276.702958078877,0.0,0.0,0,0,0,2,79,56,5372152462.347722,5094920169.975054,0.009991957189999434,-150232199.63546848,5233536316.161388,2885375781.19808,1570060894.8484166,4945213877.941154,2059838096.7430735,3375152983.092737
2026-03-10,4945213877.941154,127005106.95347898,92642565.4711008,86097516.99291489,147601.48880690697,533817.1119996884,-6576.612651434569,0.0,0.0,0,0,0,2,79,56,5279509898.898018,5221901884.976357,0.010064672097987282,-57187936.09943104,5250705891.937187,2889328440.9134946,1575211767.581156,5165241189.376275,2275912748.4627805,3590029421.7951193
2026-03-11,5165241189.376275,73963406.85053821,-15745064.332330694,-32724371.64812375,147540.68296435263,535230.77828448,-8332.229058680372,0.0,0.0,0,0,0,2,79,56,5293491213.802549,5295766156.939174,0.010033953722011069,-72454165.72765541,5294628685.370861,2911988903.375558,1588388605.6112583,5223838889.760744,2311849986.385186,3635450284.1494856
2026-03-12,5223838889.760744,-183755112.46591517,99637572.99242675,104814210.75338814,132162.97371988007,525156.3129760467,2711.850060347007,0.0,0.0,0,0,0,2,79,56,5193853644.818045,5112011051.106617,0.009160572051664663,27578136.206918716,5152932347.962331,2836158856.222068,1545879704.3886993,5140117055.476572,2303958199.254504,3594237351.0878725
2026-03-13,5140117055.476572,-134759554.17223608,14236424.330086362,12791250.660158904,131738.53926334926,523624.522027828,4150.7171804810605,0.0,0.0,0,0,0,2,79,56,5178704064.011485,4977251503.903826,0.009157865278377985,42210683.19133282,5077977783.957655,2797924095.179402,1523393335.1872964,5019989962.334367,2222065867.154965,3496596627.1470704
2026-03-16,5019989962.334367,184192666.97255903,-18767511.104709454,-15289770.471244456,132549.16597672264,525504.8131721631,2344.1092475582773,0.0,0.0,0,0,0,2,79,56,5197300350.054359,5161444169.908528,0.00918124728949349,23838399.127711296,5179372259.981443,2849551147.4934397,1553811677.994433,5185810417.958659,2336259270.4652195,3631998739.9642262
2026-03-17,5185810417.958659,35360673.48910358,-63398071.33525711,-62714877.767835006,134611.88986721192,531915.0644704169,-4504.13995844686,0.0,0.0,0,0,0,2,79,56,5260698439.817309,5196804842.643916,0.009211757888536029,-39166434.421277046,5228751641.230613,2877410742.6061716,1568625492.3691838,5158165819.147151,2280755076.5409794,3589540326.7779675
2026-03-18,5158165819.147151,-203598279.64009884,96495691.33260041,98429263.67702165,105691.23403968503,516397.7933272914,5673.244286645711,0.0,56971.811227019956,1,0,0,3,78,56,5107230923.017167,4993206558.099685,0.007449994885253544,57694009.69470215,5050218740.558426,2780470916.4300714,1515065622.1675277,5051422638.832001,2270951722.4019294,3536357016.664473
2026-03-19,5051422638.832001,39626908.36609167,7476041.88094333,4287046.9468832025,106021.37408158596,515641.87977275916,6449.301173346222,0.0,0.0,0,0,1,3,78,56,5099754854.89542,5032833454.077704,0.00748422144894524,65586113.62724972,5066294154.486563,2788134819.9880524,1519888246.3459687,5098941658.8859005,2310806838.897848,3579053412.539932
2026-03-20,5098941658.8859005,-210588022.21232957,93773308.56165256,100713974.39500229,103144.68459945869,506160.3582604678,15883.149201523029,0.0,0.0,0,0,1,3,78,56,5005981565.213418,4820500249.348695,0.007417543587023198,161523551.2019291,4913240907.281056,2706919531.9011993,1473972272.1843169,4982545844.058085,2275626312.156886,3508573571.873769
2026-03-23,4982545844.058085,117494065.44965616,-52482338.259248264,-52755504.701409586,103808.50847725177,511466.90589412383,10763.510486905614,0.0,0.0,0,0,1,3,78,56,5058463904.447378,4937994334.05962,0.007387828352190903,109459428.68039608,4998229119.253499,2752037754.849118,1499468735.7760496,5047975993.156397,2295938238.3072786,3548507257.3803473
2026-03-24,5047975993.156397,5828725.339668756,76581595.9377385,80808947.2004001,102767.38017657486,503722.97050504177,18335.283619276604,0.0,0.0,0,0,1,3,78,56,4981875532.467446,4943823035.671154,0.007426170449754949,186460511.38247395,4962849284.0693,2730518418.6580224,1488854785.22079,5130805605.307753,2400287186.64973,3641950820.0869627
2026-03-25,5130805605.307753,137130816.54749084,-65905903.51293492,-64808524.59179238,129814.31668074445,515926.48478879745,11887.716863500995,0.0,54788.22306116771,0,1,0,2,79,56,5102569629.779315,5080953879.902555,0.009158748904145614,120892035.90001011,5091761754.840935,2801009358.9094334,1527528526.4522803,5202373730.004218,2401364371.0947847,3674845203.551938
2026-03-26,5202373730.004218,-334180138.08598125,33363169.492218636,32233955.29155434,130802.79784829493,512553.0977636277,15207.469092953823,0.0,0.0,0,0,0,2,79,56,5069206461.398516,4746773730.54867,0.009289226545409843,154652228.0639372,4907990095.973593,2707455371.056722,1472397028.7920778,4901953719.179463,2194498348.122741,3429556690.3873854
2026-03-27,4901953719.179463,-55670021.233304255,132829255.93180922,137149273.64958078,126351.66278945921,499122.5833786611,28308.48419252789,0.0,0.0,0,0,0,2,79,56,4936377198.250494,4691103712.1216755,0.00921457108673265,287882890.09350395,4813740455.186085,2653689087.505567,1444122136.5558255,4979514033.282751,2325824945.777184,3535391896.726926
2026-03-30,4979514033.282751,-284680848.51521385,-25929208.86209713,-22475319.556336835,126409.90101840142,501402.0692412387,25801.233599182317,0.0,0.0,0,0,0,2,79,56,4958921563.924338,4406392139.57206,0.00917690747473957,262385426.43236256,4682656851.748199,2589274504.0703163,1404797055.5244598,4669304769.307262,2080030265.236946,3264507713.7828026
2026-03-31,4669304769.307262,366131366.5487952,-103738422.41034456,-109649720.37665688,151443.45528549672,498649.435470622,-598.3989999525785,5052026.109519676,0.0,0,0,0,0,71,54,4931697713.445711,4931697713.445713,0.011054944376281862,-5203469.564805031,4931697713.445712,2712433742.3951416,1479509314.0337136,4926992294.917378,2214558552.522237,3447482980.883665
2026-04-01,4926992294.917378,96417938.33248338,12794735.131972568,12794735.131972568,148980.3597256198,497355.7421399692,780.8018729661035,0.0,0.0,0,0,0,0,71,54,4918902944.241453,5028115629.991944,0.010903433165724695,7940358.030163765,4973509287.116699,2732699790.770422,1492052786.1350098,5036554124.566121,2303854333.795699,3544501338.4311113
2026-04-02,5036554124.566121,159440591.46842045,-54443704.71134494,-54443704.71134494,148095.85836349355,502856.22039395437,-5307.6320717865565,0.0,0.0,0,0,0,0,71,54,4973303278.621527,5187556237.828195,0.010720140322034638,-46153322.36336136,5080429758.224861,2788880043.0435066,1524128927.4674582,5141900464.053156,2353020421.0096493,3617771536.5856977
2026-04-06,5141900464.053156,5025527.541135881,-5005954.1023621755,-5005954.1023621755,152395.6212941577,503362.3789565167,-5843.624365065752,0.0,0.0,0,0,0,0,71,54,4978309242.427088,5192581766.784251,0.011020292431482127,-50814124.91361523,5085445504.605669,2791638214.424189,1525633651.3817008,5142265160.625227,2350626946.201038,3616631509.2435265
2026-04-07,5142265160.625227,41650759.798300795,63897290.102876045,63897290.102876045,148146.39364870964,487390.2214570005,1311.6169310442067,0.0,94069.11194648362,1,0,0,1,70,54,4820342849.57473,5234232517.755952,0.011064088878707187,13338477.264856339,5027287683.66534,2754660984.311407,1508186305.099602,5248059696.859197,2493398712.5477896,3739873391.759595
2026-04-08,5248059696.859197,303468868.801978,17092437.498220377,17609302.700683564,150269.70542251348,495116.0313718583,3016.451523669744,0.0,93552.24674402045,0,1,0,0,71,54,4896751958.622774,5537701403.000418,0.011047546293792636,30675778.20681095,5217226680.811596,2853450938.336937,1565168004.2434788,5568875313.6901245,2715424375.3531876,4003707309.4466457
2026-04-09,5568875313.6901245,59936976.82869153,75820844.2623882,75820844.2623882,148649.3561100518,477745.7908773938,10497.519701004403,0.0,91667.75935224738,1,0,0,1,70,54,4724958371.314883,5597638380.028409,0.011325765010862222,106754437.63733292,5161298375.671646,2816897106.4015675,1548389512.7014937,5704881060.97632,2887983954.574753,4156491548.2748265
2026-04-10,5704881060.97632,77613491.116727,88116534.18908116,85868090.50134215,147267.1679732783,468836.2297053249,19195.844236036282,0.0,0.0,0,0,1,1,70,54,4636841832.250466,5675251843.83243,0.01143368318100449,195211975.28172493,5156046838.041449,2809865510.6332474,1546814051.4124346,5870951851.188096,3061086340.5548487,4324137799.775661
2026-04-13,5870951851.188096,167430324.85549647,-114252983.66014229,-118144543.25038213,149835.61357611083,480388.4772786274,7994.222771747372,0.0,0.0,0,0,1,1,70,54,4751094830.228183,5842682176.04024,0.011353345452969886,81297180.72963428,5296888503.134212,2885998993.078515,1589066550.9402635,5924467739.469925,3038468746.39141,4335401188.529661
2026-04-14,5924467739.469925,158425035.64671168,-32423590.325908504,-33807252.73352068,141806.6144803835,493696.21567534696,4830.229657660182,0.0,99191.43268015861,0,1,0,0,71,54,4882709825.360574,6001107207.174142,0.01045533792481066,49120979.56942558,5441908516.267358,2965089749.4017076,1632572554.8802073,6050726713.188901,3085636963.7871933,4418154158.308694
2026-04-15,6050726713.188901,-11553144.360547513,-161274443.41993952,-161274443.41993952,151106.94613303943,510002.85522471037,-12857.694216026104,0.0,0.0,0,0,0,0,71,54,5043984282.44219,5989554055.123378,0.010784827541444207,-111806036.66109657,5516769168.7827835,3010583798.513501,1655030750.634835,5878245163.62329,2867661365.109789,4223214412.988455
2026-04-16,5878245163.62329,151427339.16294006,-42965878.730194315,-42965878.730194315,152588.37735827483,514347.1820472392,-17759.14693151747,0.0,0.0,0,0,0,0,71,54,5086950152.115552,6140981400.300569,0.010798575611387501,-154427364.62189102,5613965776.20806,3061330395.7098074,1684189732.862418,5987050623.713794,2925720228.0039864,4302860890.851376
2026-04-17,5987050623.713794,162567683.73241732,-55923447.49506641,-55923447.4950664,155890.06082760842,520001.66419021337,-24151.16351424094,0.0,0.0,0,0,0,0,71,54,5142873601.881231,6303549087.405456,0.010912269334679068,-210010117.51513863,5723211344.643343,3118749352.4157333,1716963403.3930027,6094034820.390993,2975285467.97526,4377071416.997991
2026-04-20,6094034820.390993,39278314.5735409,-80959152.73554078,-80959152.73554079,159040.98738709468,528187.5340308537,-33422.731661419566,0.0,0.0,0,0,0,0,71,54,5223832754.151299,6342827390.471342,0.010960296424852928,-290632449.2297354,5783330072.311321,3152856673.863225,1734999021.6933963,6052689706.043976,2899833032.180751,4317690684.350579
2026-04-21,6052689706.043976,-161148489.65937713,48975495.39640757,48975495.39640757,154894.6421378343,523235.5665541677,-27751.467331030777,0.0,0.0,0,0,0,0,71,54,5174857251.634625,6181678924.365223,0.010775576689000713,-241317107.2263546,5678268087.999924,3097876906.5816936,1703480426.399977,5940857301.238091,2842980394.656398,4237376874.8381147
2026-04-22,5940857301.238091,269081865.93065643,-31122572.808574893,-31122572.808574893,155447.01455510606,525732.801105566,-31291.4555799007,0.0,0.0,0,0,0,0,71,54,5199555175.769334,6450760761.083885,0.010762637061844063,-272099613.73826694,5825157968.426609,3172556743.0017715,1747547390.5279827,6179155588.691144,3006598845.6893725,4431608198.163161
2026-04-23,6179155588.691144,-182823614.0439031,185644719.1631737,185644719.16317368,149194.29369720176,506962.05634203344,-9902.612399821863,0.0,0.0,0,0,0,0,71,54,5013910447.338792,6267937172.558646,0.0107121868838922,-86109673.04192924,5640923809.948719,3071157427.341299,1692277142.9846156,6182324558.960659,3111167131.61936,4490047415.976044
2026-04-24,6182324558.960659,-52906463.69651836,-64811722.39242302,-64811722.39242301,152445.508372511,513515.24214448227,-17316.33032393326,0.0,0.0,0,0,0,0,71,54,5078722175.055319,6215030712.788852,0.01080594313342335,-150576785.4255066,5646876443.922085,3077374330.7138085,1694062933.1766255,6064950126.275166,2987575795.561357,4370887193.09854
2026-04-27,6064950126.275166,40649054.033457346,19265789.991289876,19265789.99128988,143149.4850869446,496012.359867758,-15077.854995783897,0.0,153839.63101921423,2,0,0,2,69,54,4905616745.944859,6255679763.755839,0.010505063338651463,-131111782.57203388,5580648254.850349,3035604964.7224174,1674194476.4551048,6125048915.688678,3089443950.9662604,4450854439.233573
2026-04-28,6125048915.688678,-383604036.40565836,8899209.194495928,8519363.355378468,143394.90419389855,504677.1387242489,-8253.325603061052,0.0,94594.79942380372,0,1,1,1,70,54,4991312361.009055,5821874147.496167,0.01034240331522097,-71768048.72227001,5406593254.252611,2952862245.1767583,1621977976.2757833,5750602522.587018,2797740277.4102597,4128624546.3112345
2026-04-29,5750602522.587018,-22778786.30271321,37709851.429018356,38147620.79521674,139841.0635375987,500864.2539493924,-3875.6880734024426,0.0,0.0,0,0,1,1,70,54,4953602511.587398,5799095382.070677,0.010162862836849426,-33701635.42089081,5376348946.829037,2935854598.9938884,1612904684.048711,5765890735.215662,2830036136.2217736,4152986051.166951
2026-04-30,5765890735.215662,320001031.59139234,-70105843.45374459,-71856929.4635353,152441.5526178737,608262.7989168343,-787.9409877567911,6699219.21048421,0.0,0,0,0,6,83,56,6015785923.353307,6015785923.35331,0.00912249199716269,-6851660.763102531,6015785923.353308,3308682257.8443193,1804735777.0059922,6009541737.448136,2700859479.603817,4204805960.4421444
2026-05-01,6009541737.448136,58373560.85525149,-108379534.39786568,-75451251.40427195,191172.01201078683,619221.1743891385,-13203.713919014162,0.0,0.0,0,0,0,6,83,56,6124165460.991479,6074159495.537113,0.011237763702214085,-114814903.64360142,6099162478.264296,3355789512.1817217,1829748743.4792886,5959950609.353982,2604161097.1722603,4130201865.8746934
2026-05-04,5959950609.353982,65347963.61894491,10970679.33666627,18868108.813322477,197513.54556661026,618111.9153662925,-11895.105592297456,0.0,0.0,0,0,0,6,83,56,6113194767.358935,6139507439.566613,0.011631377554603724,-103435700.80258656,6126351103.462774,3368835290.099334,1837905331.0388322,6036677955.573801,2667842665.4744673,4198772624.534969
2026-05-05,6036677955.573801,125388624.33757323,-31890119.94235658,-35454811.06185514,197741.34562275643,621336.3622481518,-15515.494602523007,0.0,0.0,0,0,0,6,83,56,6145084901.355347,6264896062.99316,0.011584361415167993,-134917344.36976528,6204990482.174253,3409749486.154894,1861497144.652276,6130584539.49104,2720835053.3361464,4269087394.838764
2026-05-06,6130584539.49104,257397043.67646378,-43339641.30637569,-62225794.70291395,198878.16225211666,613213.5852273466,-20466.9804974079,0.0,123674.77748081114,1,0,0,7,82,56,6064749744.006725,6522293132.377115,0.011805291468376637,-177973743.4557209,6293521438.19192,3449998206.296296,1888056431.457576,6344912135.526124,2894913929.229828,4456855704.068548
2026-05-07,6344912135.526124,-275598598.5194584,17255920.0164162,26387278.079134345,156394.84238999494,622864.2881854309,-18402.79084815494,0.0,130287.39397719846,1,1,0,7,82,56,6177166494.400968,6246694510.993392,0.009114558157276624,-160411736.20667744,6211930502.69718,3414823576.0686383,1863579150.8091538,6086887236.284052,2672063660.2154136,4223308085.4748983
2026-05-08,6086887236.284052,212841297.66322625,38557422.85835691,44215949.98816455,158577.49789223736,619013.7074628734,-13928.289905280182,0.0,369.8403498889175,0,1,0,6,83,56,6138978916.987174,6459535831.8863,0.009299249926276416,-121408822.41890717,6299257374.436737,3456577633.067727,1889777212.331021,6338732094.884951,2882154461.8172235,4448954882.553929
2026-05-11,6338732094.884951,336730351.7192182,181284111.41065815,161226520.57153842,154690.5828912632,600734.2262145127,5915.271076269265,0.0,0.0,0,0,0,6,83,56,5957694805.433185,6796266156.739104,0.009347341825913761,60325710.69283104,6376980481.086144,3486374980.8147316,1913094144.3258433,6857198516.929226,3370823536.1144943,4944104372.603382
2026-05-12,6857198516.929226,-101743643.03983925,67576690.57164715,78996955.64405003,146677.56166112135,593920.2429649099,12586.642196003484,0.0,0.0,0,0,0,6,83,56,5890118112.048694,6694522530.22625,0.008964832486124372,128362356.67312336,6292320321.137472,3440666066.17117,1887696096.3412416,6823491393.7845335,3382825327.6133633,4935795297.443292
2026-05-13,6823491393.7845335,114205498.51860218,53540971.534540944,53689628.6201328,135645.79711164322,588201.1541108126,17882.802803291943,0.0,0.0,0,0,0,6,83,56,5833399875.479133,6808728025.145803,0.008371187986865142,182374192.89476204,6321063950.312468,3452201968.9301906,1896319185.0937402,6991708301.997479,3539506333.067289,5095389116.903739
2026-05-14,6991708301.997479,-25763662.15453585,-8723198.19157148,-18225977.321217567,138047.03580278682,589080.7454282776,17073.340272659843,0.0,0.0,0,0,0,6,83,56,5842123095.156472,6782964343.676262,0.0085066562411541,174119050.9393072,6312543719.416367,3448378014.466007,1893763115.82491,6957689548.70127,3509311534.235263,5063926432.87636
2026-05-15,6957689548.70127,-304834667.2739321,-1352973.5647198572,24640391.168684654,138982.19475676358,589217.170022707,16986.483568642016,0.0,0.0,0,0,0,6,83,56,5843476066.340896,6478129665.477745,0.008562299142565878,173233260.19011688,6160802865.909321,3372575236.2717047,1848240859.7727962,6651969129.321453,3279393893.0497484,4803728269.548656
2026-05-18,6651969129.321453,-252884517.45470938,-35982684.373230055,-20208530.91389077,137780.13018157464,592843.6189760611,13504.10966568909,0.0,0.0,0,0,0,6,83,56,5879440849.349367,6225245181.934209,0.008436320414866633,137718965.42912388,6052343015.6417885,3320143550.2883625,1815702904.6925366,6363570495.091974,3043426944.8036118,4547867590.399438
2026-05-19,6363570495.091974,-120913884.19863549,26937427.20149807,26515114.994716387,137226.4531608769,588501.7322786861,16145.605878922315,0.0,0.0,0,0,0,6,83,56,5852503414.926161,6104331296.97088,0.00844109257790822,165125514.6707964,5978417355.948521,3281833848.720568,1793525206.7845562,6270061458.979834,2988227610.2592654,4476536252.195277
2026-05-20,6270061458.979834,181346607.75560138,-68251725.42903388,-72292132.36124696,141406.65161545982,595364.8230279534,9527.029303389088,0.0,0.0,0,0,0,6,83,56,5920755146.134342,6285579407.688307,0.008597956396626586,97435526.9664793,6103167276.9113245,3347621395.7623796,1830950183.0733974,6383619826.507117,3035998430.7447376,4552669643.43372
2026-05-21,6383619826.507117,242161263.46641773,-32119835.232353073,-58766383.40289458,141901.07736393105,588219.3689253716,6421.601536329143,0.0,103179.63299829124,1,0,0,7,82,56,5849695381.57828,6527740703.772908,0.008732828723336415,65675470.25791168,6188718042.675594,3386843790.416711,1856615412.8026783,6594010815.001282,3207167024.584571,4737395402.198604
2026-05-22,6594010815.001282,37655414.18015317,-77321026.46750744,-82857822.5815763,143612.54646729963,606306.1282563865,-1276.9489661460368,0.0,105060.2914395083,0,1,0,6,83,56,6029563706.417103,6565254336.376327,0.008574503769353063,-11157806.500305176,6297409021.396715,3450182696.0192127,1889222706.4190145,6554701559.055311,3104518863.0360985,4665478852.636297
2026-05-26,6554701559.055311,210112752.99265993,12997299.83414635,9982501.240215443,145944.2268431698,604999.1775894664,224.74777826436363,0.0,0.0,0,0,0,6,83,56,6016566406.967069,6775367110.832116,0.008732542468525057,2298556.823158264,6395966758.899592,3498811699.7981496,1918790027.6698778,6778270891.580642,3279459191.782492,4859480863.910764
2026-05-27,6778270891.580642,32920496.80476308,-97851516.10324405,-88351613.52053314,147341.4883869481,614838.690709964,-10883.102135153764,0.0,0.0,0,0,0,6,83,56,6114417918.662625,6808287597.994146,0.00867505893854621,-95095067.2003727,6461352758.328386,3536397275.0973244,1938405827.4985158,6713796486.382348,3177399211.2850237,4775390658.883832
2026-05-28,6713796486.382348,88921016.96689278,-111708733.39744188,-108496249.02849758,151639.7138083704,626071.6238990201,-23615.781443842243,0.0,0.0,0,0,0,6,83,56,6226126646.509592,6897208618.582244,0.008767938731477146,-206351488.3442526,6561667632.5459175,3592140148.5984383,1968500289.763775,6691459586.080446,3099319437.482008,4722959296.316671
2026-05-29,6691459586.080446,-82780383.77188043,-189466344.5616157,-171046646.96846196,93676.3670592694,645238.1511657829,-931.838933777773,8046125.715840842,2479.862728113446,1,0,0,4,78,57,6416732995.018836,6419212857.746952,0.005255554838812174,-8142281.945631027,6417972926.3828945,3529823112.9423885,1925391877.9148684,6411714882.113553,2881891769.1711645,4486323004.198685
2026-06-01,6411714882.113553,99281725.48119663,-152283092.55401513,-138786628.118855,94628.47409204606,660551.0637609209,-18296.88482609664,0.0,0.0,0,0,1,4,78,57,6569016103.699765,6518494579.221855,0.005185898486981936,-159875692.65521336,6543755341.46081,3600328475.9153934,1963126602.438243,6359261140.745577,2758932664.8301835,4396134538.307334
2026-06-02,6359261140.745577,229237209.86685136,233534291.74793038,224482488.88832322,91469.88131670348,637067.8926523367,7256.025230456187,0.0,0.0,0,0,1,4,78,57,6335481805.382354,6747731823.531194,0.0051975774353953735,74209348.94784737,6541606814.456774,3587577497.497504,1962482044.337032,6822585496.396924,3235007998.89942,4860103452.059892
2026-06-03,6822585496.396924,-203473285.65363562,210835459.74577525,184049912.35258767,88847.83085309395,615867.2165865803,27938.76728381267,0.0,0.0,0,0,1,4,78,57,6124646352.79472,6544121429.982853,0.005222378120251587,285737392.67535686,6334383891.388786,3473424263.3341293,1900315167.4166358,6830502628.64208,3357078365.307951,4930187461.225445
2026-06-04,6830502628.64208,16375030.698514491,-65029674.58026101,-53250248.85098075,89480.60355896951,622348.6928262901,21634.511078889915,0.0,0.0,0,0,1,4,78,57,6189103022.581891,6560496459.031765,0.005204795777949546,221262045.1250105,6374799740.806828,3496855021.532509,1912439922.2420483,6782402487.360681,3285547465.8281717,4869962565.118632
2026-06-05,6782402487.360681,-732479025.6637186,226012784.8713364,224042011.4103794,85768.81234511855,599618.6165152196,43800.55606331505,0.0,0.0,0,0,1,4,78,57,5963058064.792238,5827890245.290231,0.005178009690455442,447960232.4657221,5895474155.041235,3245889980.760229,1768642246.5123703,6276493896.928532,3030603916.1683025,4507851650.416162
2026-06-08,6276493896.928532,191808565.18653134,-30270324.459181402,-33132935.45276333,86754.18129625692,602662.4676618342,40895.22057428451,0.0,0.0,0,0,1,4,78,57,5993328407.686749,6019698809.419403,0.005211045205965434,418246574.05518246,6006513608.553076,3302923224.6608753,1801954082.5659227,6438588941.162822,3135665716.5019464,4636634858.596899
2026-06-09,6438588941.162822,-199882550.89913362,29979575.790262457,32625370.79212087,87340.30441303086,599647.8538794407,43880.94302272914,0.0,0.0,0,0,1,4,78,57,5963348823.11046,5819816253.926171,0.005272626257722558,448782371.82336617,5891582538.518316,3243958710.414681,1767474761.5554948,6269242154.546439,3025283444.131758,4501767392.990944
2026-06-10,6269242154.546439,-167623745.43749577,47306737.0832711,34383221.06590216,86089.42147838083,594890.3596637828,48560.99547392571,0.0,0.0,0,0,1,4,78,57,5916036725.93817,5652192512.151042,0.005238674668183763,496646544.6196947,5784114619.044606,3187859145.8192115,1735234385.7133818,6149482508.1258745,2961623362.306663,4414248122.412493
2026-06-11,6149482508.1258745,368276918.38045084,-38682253.32819436,-32238765.61575337,88544.35936292555,598645.2036285335,44832.99032484917,0.0,0.0,0,0,1,4,78,57,5953377715.642874,6020469409.587357,0.005354266249039947,458519219.23141193,5986923562.615115,3291130667.089701,1796077068.7845345,6479632107.012722,3188501439.923021,4683555038.228188
2026-06-12,6479632107.012722,91069635.46371987,22641467.337097403,23434555.258242708,87333.73661370813,596244.8939826399,47101.19923431626,0.0,0.0,0,0,1,4,78,57,5929507232.976529,6111539065.725965,0.005302320065667987,481716810.3509617,6020523149.351247,3306736936.3244495,1806156944.805374,6593899222.170143,3287162285.8456936,4787742277.364769
2026-06-15,6593899222.170143,266278378.28533223,-61021579.46457649,-59563802.19909701,89478.56525121685,603920.8660053958,41308.04509080107,0.0,0.0,0,0,1,4,78,57,5989297844.681611,6377794694.474135,0.005378307161505083,421271847.95151234,6183546269.577873,3391238027.023017,1855063880.8733618,6799711771.336744,3408473744.3137274,4944647890.463383
2026-06-16,6799711771.336744,-175887181.49117708,37096174.15190333,35110239.93082859,90748.47657773776,600180.3358850832,44999.901838488884,0.0,0.0,0,0,1,4,78,57,5952201678.199172,6201907503.853584,0.005488633170418663,458922511.6673088,6077054591.026379,3336137379.4231477,1823116377.3079135,6661475195.758616,3325337816.335469,4838358818.450703
2026-06-17,6661475195.758616,33305855.9940801,116252608.43948598,101821638.80416302,89419.50614684618,588458.1943990604,56462.6377715237,0.0,0.0,0,0,1,4,78,57,5835949035.362583,6235121305.905624,0.0055159875485212536,575822934.7804117,6035535170.634104,3309565037.085181,1810660551.190231,6811589161.518207,3502024124.4330254,5000928610.327975
2026-06-18,6811589161.518207,131544201.7963941,1352833.7157301516,2909549.171622528,91203.29181608927,588321.786779464,56649.58215212366,0.0,0.0,0,0,1,4,78,57,5834596232.52361,6366665544.028472,0.005627327709631581,577729449.710043,6100630888.276041,3342045255.764201,1830189266.4828122,6945039965.107447,3602994709.3432455,5114850698.624635
2026-06-22,6945039965.107447,133378473.40899353,141389375.68792698,121987369.23668237,88359.00885902683,574065.0236084481,70568.17680254311,0.0,0.0,0,0,1,4,78,57,5693206845.703618,6500043997.719148,0.005587227734972343,719675457.4763603,6096625421.711383,3332973053.140872,1828987626.5134149,7220364088.395919,3887391035.255047,5391376461.8825035
2026-06-23,7220364088.395919,-318202052.7131276,-10937645.208376098,-16220081.138039557,88424.9638682309,575167.9021399951,69550.21990175475,0.0,0.0,0,0,1,4,78,57,5704144484.03301,6181841938.183869,0.005580676836231923,709294027.3266773,5942993211.108439,3256703829.75587,1782897963.3325317,6891780683.632588,3635076853.8767185,5108882720.300056
2026-06-24,6891780683.632588,-151067887.03796107,-7633603.23936199,-14029379.930634985,88539.74302073434,575937.6270861116,68856.24028526917,0.0,0.0,0,0,1,4,78,57,5711778119.862264,6030774038.804967,0.005580452674907645,702216614.8072777,5871276079.333615,3221226945.6599207,1761382823.8000846,6733635447.479616,3512408501.8196955,4972252623.679531
2026-06-25,6733635447.479616,90645884.81501603,84961084.56915094,90915745.60367122,86840.84375118802,557680.0699562298,77232.4321857219,0.0,96105.56290051187,1,0,1,5,77,57,5530711437.582443,6121419935.418608,0.005652564611849117,787639535.0385237,5826065686.500525,3189568415.129385,1747819705.9501576,6909694382.959273,3720125967.8298883,5161874677.009115
2026-06-26,6909694382.959273,-102928375.3399896,-194553182.8372772,-205407798.35377505,86044.3587134932,577056.8890405942,58189.020242534745,0.0,206132.41093817726,1,1,1,5,77,57,5722878238.419116,6018491546.388771,0.0054126556334726985,593429101.6235838,5870684892.403944,3221486358.1229277,1761205467.721183,6612555893.921638,3391069535.79871,4851350426.200455
2026-06-29,6612555893.921638,216714912.64687046,24470821.479156177,34050597.353692725,99273.80214351398,564447.6201525844,60631.210747384954,0.0,100579.78183119958,1,0,2,6,76,57,5597827637.87687,6235206480.722654,0.006384363914645262,618335293.7410364,5916517059.299763,3238149911.5437245,1774955117.7899287,6854166853.294591,3616016941.7508664,5079211735.5046625
2026-06-30,6854166853.294591,115206961.73021322,55257676.47749425,30200166.48227075,145789.39233901878,708317.0087264819,-1153.8615257056324,9912083.470954353,0.0,0,0,0,1,78,57,7024631491.5023,7024631491.502299,0.00747144975583942,-10057872.863293648,7024631491.5023,3863547320.326265,2107389447.45069,7015280781.786206,3151733461.4599414,4907891334.335516
2026-07-01,7015280781.786206,-409242682.13753074,-360833058.14542335,-360689133.70156187,150365.2690446145,744701.007492597,-42485.55360308694,0.0,0.0,0,0,0,1,78,57,7385464537.116665,6615388799.650946,0.007329464055242016,-370334123.4167385,7000426668.383805,3869486561.0477357,2100128000.5151415,6245756891.688097,2376270330.6403613,4145628891.1729555
2026-07-02,6245756891.688097,-324775624.38038594,-30936923.829976887,-30471971.69933892,156258.85875282594,747820.4806964408,-45972.07410318797,0.0,0.0,0,0,0,1,78,57,7416401461.452305,6290613185.7605715,0.007584970884248986,-400725101.1415901,6853507323.606438,3797573734.8758345,2056052197.081931,5890589933.025575,2093016198.1497402,3834537735.9436436
2026-07-06,5890589933.025575,126359615.48275007,10988185.54574376,10722596.41268982,155634.35946358208,734050.5115967713,-44525.372651011494,0.0,125573.48251376858,1,0,0,2,77,57,7279839784.43079,6415771154.6470585,0.007696373967833198,-388114628.43496704,6847805469.538924,3787894723.9910016,2054341640.8616772,6028346051.351037,2240451327.3600354,3974004410.48936
2026-07-07,6028346051.351037,-356780082.99707776,39695936.08764309,46275294.26836245,153617.24913531216,742079.6343418626,-39923.577098503534,0.0,119323.58908934296,0,1,0,1,78,57,7359467448.018473,6058991088.432949,0.007514430912199007,-348002124.8295708,6709229268.225711,3722588006.513779,2012768780.467713,5711691119.660622,1989103113.1468425,3698922339.1929083
2026-07-08,5711691119.660622,48069861.30436909,234639243.9324529,234374325.4661183,154863.979694457,716441.0578528206,-12911.116305508265,0.0,0.0,0,0,0,1,78,57,7124828199.641309,6107060940.286268,0.007824895018915862,-112815579.36851883,6615944569.963789,3664213694.9639597,1984783370.9891367,5994948890.859297,2330735195.895337,4010165519.87016
2026-07-09,5994948890.859297,136539725.36396033,-84432596.49171567,-84478796.86187123,154849.23259400224,724866.5543146126,-22511.164162769302,0.0,0.0,0,0,0,1,78,57,7208617667.217141,6243600663.18334,0.007733205769444175,-196699492.68439198,6726109165.200241,3723485465.960977,2017832749.5600722,6047603525.8891,2324118059.928123,4029770776.329028
2026-07-10,6047603525.8891,-116992784.94018349,37047799.44878725,37061474.634337574,148181.1780245788,721141.1920942033,-18207.827473262823,0.0,0.0,0,0,0,1,78,57,7171569866.1301985,6126607880.830714,0.0074384305088885045,-159097521.6110344,6649088873.480456,3683122930.0467377,1994726662.0441368,5968213292.584301,2285090362.5375633,3973486630.540164
2026-07-13,5968213292.584301,-322959981.36356163,-29762626.189078417,-29957081.569312494,147263.68982436942,724133.7537286761,-21550.401757010324,0.0,0.0,0,0,0,1,78,57,7201330147.577994,5803647902.713772,0.007361824447751967,-188304481.3719349,6502489025.145884,3611311019.9518414,1950746707.543765,5616046004.693809,2004734984.7419672,3665299297.1500435
2026-07-14,5616046004.693809,190456896.3022204,89543186.77221699,89423136.3606123,155558.96446109205,702552.9210866245,-11283.915259130184,0.0,144320.00901977185,1,0,0,2,77,57,6967466985.983053,5994104792.167328,0.008037530327542964,-98358583.37256336,6480785889.075191,3588766293.836748,1944235766.722557,5896437477.800592,2307671183.9638443,3952201711.0780354
2026-07-15,5896437477.800592,-132076194.94824257,-105541952.38169986,-107222368.10909589,159995.29348129433,727924.9250358918,-23347.743461161816,0.0,146169.34161788336,0,1,0,1,78,57,7219090165.645208,5862028605.206453,0.007978610092358921,-203515439.37090206,6540559385.425831,3631234200.995176,1962167815.6277492,5659217743.017126,2027983542.0219502,3697049927.3893766
2026-07-16,5659217743.017126,-429226036.37821096,-46664636.38186798,-46335357.13227023,160915.01158188967,720740.057472344,-28652.369799295175,0.0,117919.51172554787,1,0,0,2,77,57,7147835280.717462,5432802548.7542305,0.00810446826128674,-249754313.02049065,6290318914.735846,3502551221.403796,1887095674.4207537,5183740323.421412,1681189102.0176163,3296644649.000659
2026-07-17,5183740323.421412,21755081.651253413,25299474.489511568,22082731.807027206,158755.80747753862,730410.6320799466,-25702.680258138265,0.0,121206.0086100292,0,1,0,1,78,57,7243741805.751536,5454557651.231072,0.007889857510732245,-224042733.4849825,6349149728.491304,3536761954.533229,1904744918.5473912,5231219625.697912,1694457671.1646833,3326474707.1505213
2026-07-20,5231219625.697912,79125532.87614234,-22685412.40489065,-22413998.06056816,155271.24195777118,719151.2282376614,-28257.470644559246,0.0,133384.28027641558,1,0,0,2,77,57,7132078296.57185,5533683183.432434,0.007837497680257627,-246312092.78550434,6332880740.002142,3523044284.8296633,1899864222.0006425,5288061984.404523,1765017699.5748596,3388197762.40388
2026-07-21,5288061984.404523,407415895.81887394,54338126.791768774,54326737.03502949,156063.8034010595,727117.1058618131,-21955.819937792705,0.0,133338.54878235754,0,1,0,1,78,57,7211078735.819634,5940909054.483935,0.007791201744241601,-191382449.82095337,6575993895.151785,3648550884.3668737,1972798168.5455353,5750231765.948906,2101680881.5820322,3777433597.403371
2026-07-22,5750231765.948906,-30564228.818149585,169143098.91737893,169348485.10755318,167887.30160002995,710061.8425615125,-2489.711889867018,0.0,0.0,0,0,0,1,78,57,7041935628.709214,5910344837.859178,0.008582786290974568,-21702089.11264229,6476140233.284196,3590166898.0775585,1942842069.9852586,5889350320.877207,2299183422.7996483,3946508250.891948
2026-07-23,5889350320.877207,-34226775.460594386,29936981.041809812,29938410.901376627,167315.4607623106,707043.1971179217,860.4538095999052,0.0,0.0,0,0,0,1,78,57,7011998649.103355,5876118044.667463,0.008590070946766946,8775166.330197334,6444058346.885409,3572629105.8978724,1933217504.0656228,5885601114.648588,2312972008.7507157,3952383610.5829654
2026-07-24,5885601114.648588,-367992976.2363002,-35320772.34691387,-35268944.85968094,164028.66558306513,710603.6858911458,-2982.9778395528942,0.0,0.0,0,0,0,1,78,57,7047309281.5650835,5508125081.279672,0.008379129856606694,-26001743.87987995,6277717181.422378,3491224054.789443,1883315154.4267132,5482830958.107843,1991606903.3184004,3599515803.6811304
2026-07-27,5482830958.107843,-24955867.239749193,-269152034.20021844,-269516836.4627892,184939.18757678845,726217.588494685,-33813.84763255753,0.0,114303.39902302712,1,0,0,2,77,57,7202157902.426628,5483169217.173786,0.009244188815300989,-294745403.0925112,6342663559.800207,3531439675.021435,1902799067.940062,5189116217.822137,1657676542.800702,3286317149.882075
2026-07-28,5189116217.822137,-301672114.4801875,-156664154.3466488,-181108060.85387,188201.21469438108,742013.159096216,-51728.86327495699,0.0,0.0,0,0,1,2,77,57,7358808189.383961,5181497093.51873,0.009206985091379186,-450905345.7381239,6270152641.451345,3503016730.1948705,1881045792.4354036,4731282032.076427,1228265301.881557,2850236239.6410236
2026-07-29,4731282032.076427,-331392248.72843254,-28505541.344705034,-29460577.11926979,153043.35801257548,744887.4706707709,-54937.45023110825,0.0,0.0,0,0,1,2,77,57,7387313758.718389,4850104856.834115,0.0074581384633222395,-478873658.18883705,6118709307.776252,3428720341.824045,1835612792.3328755,4371921148.665718,943200806.8416729,2536308356.332843
2026-07-30,4371921148.665718,584595278.6401439,77988493.995235,74815101.8918102,156353.34829638558,736879.6517626564,-45929.38482781227,0.0,1427.8579152081907,1,0,1,3,76,57,7307897372.852791,5434700131.330053,0.0077022435476164774,-400352991.2351675,6371298752.091422,3551044244.6883507,1911389625.6274266,5035038090.36182,1483993845.6734695,3123648464.7343936
2026-07-31,5035038090.36182,-52304836.51075426,85094361.86477031,97829841.32419339,123670.36765306487,511005.79381317116,-936.3780137099055,8038462.439504895,0.0,0,0,0,1,72,56,5067826054.345499,5067827615.715836,0.008785094807452543,-8162132.807156563,5067826835.030667,2787304720.232609,1520348050.5092,5060175552.324478,2272870832.0918694,3539827501.815278
2026-08-03,5060175552.324478,215557205.9433285,-67806922.89115572,-70351778.72173388,122413.63557401061,517842.9920257724,-8670.864017853743,0.0,0.0,0,0,0,1,72,56,5135632978.767991,5283384803.010504,0.008581008220181593,-75581381.2694273,5209508890.889248,2861536094.3830233,1562852667.2667744,5208312593.869084,2346776499.486061,3645459926.60231
2026-08-04,5208312593.869084,307824925.3863159,-112311532.7749304,-111350520.82099782,127123.98417017085,529167.738289346,-21511.663717537685,0.0,0.0,0,0,0,1,72,56,5247944511.960456,5591209732.673384,0.00872048745884422,-187510870.17708397,5419577122.316919,2972185786.7564826,1625873136.6950758,5404206518.570871,2432020731.8143888,3778333381.8757954
2026-08-05,5404206518.570871,-102125027.78394789,41140662.79025447,52873582.53378521,129962.78819542224,525019.3884056871,-16748.586554978327,0.0,0.0,0,0,0,1,72,56,5206803851.957228,5489084712.817849,0.008985666654749248,-145992522.02886677,5347944282.387539,2934312333.7916307,1604383284.7162616,5343600461.590833,2409288127.799202,3739217176.874571
2026-08-06,5343600461.590833,-93421678.18224019,28019528.747450694,24329693.575588223,132839.17100782818,522194.08491309365,-13491.053200997681,0.0,0.0,0,0,0,1,72,56,5178784313.187706,5395663031.153538,0.009234233107766202,-117597558.16850281,5287223672.170622,2902551051.744696,1586167101.6511865,5278574176.016747,2376023124.2720513,3692407074.365561
2026-08-07,5278574176.016747,165008021.5948223,-89991149.33340146,-89173950.86807153,136520.47488899622,531268.1928367316,-23772.33957606544,0.0,0.0,0,0,0,1,72,56,5268775466.149404,5560671047.110388,0.009328044300957315,-207216519.30710793,5414723256.629896,2970800401.622418,1624416976.9889688,5353962023.656541,2383161622.034123,3729545046.667572
2026-08-10,5353962023.656541,-116012082.57687494,-20164607.78217451,-14881065.179775195,169016.86079466098,533301.4578241075,-26046.83918671065,0.0,0.0,0,0,0,1,72,56,5288940077.594455,5444658982.470978,0.011504397666337766,-227042666.03428173,5366799530.032717,2947846768.896081,1610039859.009815,5218123571.055333,2270276802.159252,3608083712.045518
2026-08-11,5218123571.055333,32644728.75320189,-556199.48867264,-1582046.4902327303,170567.65131101955,533357.5405602821,-26072.0204986683,0.0,0.0,0,0,0,1,72,56,5289496270.019326,5477303696.821592,0.011608733863752718,-227262164.1530409,5383399983.42046,2956174805.211196,1615019995.0261378,5250548818.188613,2294374012.977417,3635528823.162475
2026-08-12,5250548818.188613,215479859.26041254,56576659.35565765,57469321.97390989,139915.29098759594,527652.728814382,-19539.274474890102,0.0,0.0,0,0,0,1,72,56,5232919624.605442,5692783552.529686,0.009625507053212648,-170318131.0159912,5462851588.567564,2993071775.5140543,1638855476.570269,5522973534.968034,2529901759.4539795,3884118058.3977647
2026-08-13,5522973534.968034,-69559519.22990629,-133925259.10523775,-130531890.3733529,115513.30123606944,540919.0359849216,-34858.437792035525,0.0,0.0,0,0,0,1,72,56,5364486307.288479,5623224032.802181,0.00775186775823916,-303850789.47052765,5493855170.04533,3015151900.387089,1648156551.013599,5319879303.929847,2304727403.542758,3671722752.916248
2026-08-14,5319879303.929847,138227090.8181068,45835405.8376027,47598095.382956855,115082.81785491374,536297.2995620114,-29555.245880953273,0.0,0.0,0,0,0,1,72,56,5318650904.74722,5761451137.068989,0.007789534445810363,-257624419.30128765,5540051020.908104,3035958055.691413,1662015306.2724311,5504333459.8213825,2468375404.1299696,3842318153.548951
2026-08-17,5504333459.8213825,102265496.97139072,-64517551.383241326,-63436913.03825284,113757.14939298369,532627.9134202489,-36910.18508702313,0.0,100908.13903006456,1,0,0,2,71,56,5282260298.382634,5863602009.644796,0.007752850383767214,-321735269.5236883,5572931154.013716,3050578591.925989,1671879346.2041147,5542362457.849442,2491783865.9234524,3870483111.6453266
2026-08-18,5542362457.849442,-318480629.8026973,26405146.618289728,34590882.38388842,114163.3487854075,539727.7635846573,-33848.3272123103,0.0,97397.15411684329,0,1,0,1,72,56,5352672035.550321,5545121365.649583,0.007678184893411145,-295045951.4874506,5448896700.599952,2992081952.0774918,1634669010.1799855,5250581293.598505,2258499341.5210133,3615912283.4185195
2026-08-19,5250581293.598505,-47582538.32216458,-90501838.17799196,-90711254.48040769,122129.25529407024,548853.3657395007,-44186.87600703746,0.0,0.0,0,0,0,1,72,56,5443173875.102487,5497538840.20464,0.00807737046706734,-385164052.3615856,5470356357.6535635,3007336872.5819063,1641106907.296069,5112879454.3327875,2105542581.7508812,3471772547.0367184
2026-08-20,5112879454.3327875,-16469129.89975257,-69826270.24340802,-65263665.740627035,124151.75874403819,555894.1823963224,-52142.976524221005,0.0,0.0,0,0,0,1,72,56,5513000155.996586,5480974952.036683,0.008107134388385357,-454515049.6058006,5496987554.016634,3024143784.8081465,1649096266.2049901,5026963653.636755,2002819868.8286085,3377867387.4317646
2026-08-21,5026963653.636755,53877690.03321246,-114600542.4793468,-111358327.30752718,125927.65032966237,567449.7367276752,-65246.86103160111,0.0,0.0,0,0,0,1,72,56,5627600694.81992,5534852645.24432,0.008055645127844154,-568737771.7040291,5581226670.03212,3071993369.7570558,1674368001.009636,4966617076.415987,1894623706.6589313,3292249075.406351
2026-08-24,4966617076.415987,-204064651.93350568,-81530096.2813272,-75333726.57258116,126083.12219321671,565112.9040872217,-74568.94543907802,0.0,103898.96700690585,1,0,0,2,71,56,5604425495.079885,5330787996.428372,0.00809894324215849,-649995650.3164186,5467606745.754128,3014024647.6310587,1640282023.7262385,4681282890.070601,1667258242.4395428,3041000866.344363
2026-08-25,4681282890.070601,173678273.37957957,-24385958.40534644,-25421388.782109033,132076.12214041725,577995.851946479,-77337.2922261947,0.0,103378.8224717498,0,1,0,1,72,56,5732190267.237808,5504466268.294655,0.008294805607257356,-674126518.1944332,5618328267.766232,3095773647.245006,1685498480.3298695,4830840408.659942,1735066761.4149356,3145341928.3300724
2026-08-26,4830840408.659942,-22001597.484362174,204936710.4789941,205069697.29536596,130603.84498878341,557331.4008196457,-53781.162210013405,0.0,0.0,0,0,0,1,72,56,5527253561.847727,5482439552.085731,0.008506464136276102,-468794634.27614594,5504846556.966728,3028785956.5757504,1651453967.0900185,5014148468.048194,1985362511.4724436,3362694500.9581757
2026-08-27,5014148468.048194,96369715.8943811,-46947261.867126524,-47771180.95549504,322629.14965584833,562065.2496711927,-59146.300823779675,0.0,0.0,0,0,0,1,72,56,5574200823.185383,5578809268.629441,0.020836438721942796,-515560975.70364857,5576505045.907412,3066962564.112975,1672951513.7722235,5063751211.87464,1996788647.7616653,3390799698.102417
2026-08-28,5063751211.87464,-318560435.62757605,123662596.64380461,122511454.27640545,314456.83995947975,537958.3576606184,-40952.81378960134,0.0,113175.15343337764,1,0,0,2,71,56,5335124208.20448,5225399420.419425,0.02121871168647287,-356973679.5219488,5280261814.311953,2906887117.5662003,1584078544.2935858,4868922746.441347,1962035628.8751469,3284844202.1477613
2026-08-31,4868922746.441347,-6948970.392571963,-76777604.89025205,-74415755.75441541,85104.3506269442,482507.2805918182,-712.3724379410955,6124437.4813050805,0.0,0,0,0,5,92,56,4785196171.158527,4785196171.158524,0.006402572669927207,-6209541.831932068,4785196171.158525,2631857894.137189,1435558851.3475575,4779468424.234745,2147610530.097556,3343909572.8871875
2026-09-01,4779468424.234745,-87299951.85216653,136730287.36508068,137523123.7100821,83239.7712118966,468610.0449433923,12837.364677425441,0.0,0.0,0,0,0,5,92,56,4647372346.54604,4697896220.150012,0.006448013070989235,130919299.82643509,4672634283.348026,2568685759.001315,1401790285.004408,4829296967.386068,2260611208.384753,3427506682.3816605
2026-09-02,4829296967.386068,23368750.319825888,-8869037.567165827,-9343945.243249571,85381.20999737736,469504.33984923095,12021.84653499548,0.0,0.0,0,0,0,5,92,56,4656241386.934523,4721108898.005264,0.006601297708771057,122602400.92346668,4688675142.469893,2577149640.5816727,1406602542.740968,4844192825.115115,2267043184.5334425,3437590282.3741474
2026-09-03,4844192825.115115,38059694.75483482,-137370260.90756664,-128675192.81646833,87081.93540492367,483355.84195927624,-1648.9502419254873,0.0,0.0,0,0,0,5,92,56,4793611655.794475,4759168593.179356,0.006539849073480437,-14373416.152377129,4776390124.486916,2627875645.033181,1432917037.3460746,4745276883.918695,2117401238.8855143,3312359846.572621
2026-09-04,4745276883.918695,88967506.84446163,44893781.8185516,41262316.31402782,86749.74311363336,478829.0509597694,3031.418711162745,0.0,0.0,0,0,0,5,92,56,4748717860.758043,4848136104.537786,0.006576492526326409,30915318.30080986,4798426982.647915,2636649384.3618593,1439528094.7943745,4879533283.308267,2242883898.9464073,3440005188.513892
2026-09-08,4879533283.308267,180808237.7355744,74586737.4803616,68554280.23890209,115677.67465672882,471308.2217549478,10383.842412134192,0.0,0.0,0,0,0,5,92,56,4674131124.842458,5028915037.836279,0.008909455418374894,105897543.01326656,4851523081.339369,2659468096.911807,1455456924.4018106,5135294272.9137125,2475826176.0019054,3679837348.511902
2026-09-09,5135294272.9137125,-43824494.192378275,120784552.01050498,119807566.19485614,106905.56821620518,458605.05191922025,22264.188660128108,0.0,0.0,0,0,0,5,92,56,4548149275.231936,4985090543.643903,0.008461904442630954,227056881.51972008,4766619909.43792,2610717418.4805565,1429985972.8313758,5212628294.404202,2601910875.923646,3782642321.5728264
2026-09-10,5212628294.404202,-165720973.78736848,73646330.20390396,80217707.18151492,80717.69702293795,451158.9704884567,29524.857564809732,0.0,0.0,0,0,0,5,92,56,4474303839.554943,4819369569.856533,0.006494501037539749,301103363.2671814,4646836704.705738,2547133544.330616,1394051011.4117215,5120953616.951768,2573820072.621152,3726902605.5400467
2026-09-11,5120953616.951768,49521264.847416624,-31574192.78920238,-31030436.755878758,79249.90769705248,454335.52018690365,26468.19537572548,0.0,0.0,0,0,0,5,92,56,4505806811.770946,4868890834.703952,0.006331822016072095,269930604.39833355,4687348823.237449,2568964752.2072716,1406204646.9712346,5139302242.817848,2570337490.6105766,3733097595.846614
2026-09-14,5139302242.817848,-174126749.9163308,-55167038.177404195,-52621080.56203781,102872.28692657509,459898.1969216885,21095.819075082694,0.0,0.0,0,0,0,5,92,56,4560973853.768811,4694764084.787619,0.008119762243970149,215141497.64956856,4627868969.278215,2541983177.327548,1388360690.7834647,4910386576.453184,2368403399.125636,3522025885.6697197
2026-09-15,4910386576.453184,-28999176.079550076,119518879.78853776,119995516.88063708,102768.77947393761,447693.75793845055,32852.396317817715,0.0,0.0,0,0,0,5,92,56,4439938095.257361,4665764908.708069,0.00833271992015758,335038602.67462826,4552851501.982716,2498422655.7542257,1365855450.5948145,5001284057.536953,2502861401.7827272,3635428606.9421387
2026-09-16,5001284057.536953,35228609.622115776,12912162.322904775,13441334.111803483,100184.19875575465,446391.781570891,34155.80217067226,0.0,0.0,0,0,0,5,92,56,4427025932.934456,4700993518.330186,0.008146848945193566,348331126.95303154,4564009725.63232,2503356159.462883,1369202917.689696,5049805192.866959,2546449033.4040756,3680602275.1772623
2026-09-17,5049805192.866959,174839937.79791725,-91637467.95602314,-91471024.61227438,101391.50880421507,455631.8929231237,25207.417700110178,0.0,0.0,0,0,0,5,92,56,4518663400.890483,4875833456.128103,0.008077818578459338,257072815.0719452,4697248428.509293,2574557384.2991705,1409174528.5527878,5133387110.510672,2558829726.211501,3724212581.957884
