date,MOM_frictionless,MOM_naive,MOM_risk_only,MOM_borrow_aware,SIR_frictionless,SIR_naive,SIR_risk_only,SIR_borrow_aware,REV_frictionless,REV_naive,REV_risk_only,REV_borrow_aware
2019-06-28,499033252.7777778,499015617.8739041,499015445.6188856,499020437.3155864,499033252.7777778,498953248.1904924,498951726.5482217,499006517.1367061,499033252.7777778,499025069.3839381,499025046.6171526,499025258.6078401
2019-07-01,502468134.8442788,502362938.2884,502393174.55339617,501939161.0977323,499131237.0518701,498914804.07695,498905595.8725225,497354269.1957042,500067199.4971526,500050934.1239351,500098764.2977744,500205350.1450989
2019-07-02,514288382.9114914,514146295.67968583,514191972.9382587,512821876.7263152,503959744.68439084,502651852.1250913,502701594.12257445,500570821.17188495,498418641.5747097,498394249.6473416,498388144.67547446,498479631.6073734
2019-07-03,516905132.4936933,516815137.64511263,516837340.7800758,515380854.2499773,503622240.698796,502233425.1737591,502255401.257212,500570070.21687585,496834596.2994008,496802186.1904578,496847692.804121,496986796.1319376
2019-07-05,518432038.90905595,518173167.10419226,518257550.4228462,516940033.80076766,500555642.62207067,500089678.0076493,500097993.6967149,498944388.00782543,501634813.7886435,501594309.9961083,501679314.35596454,501736146.87443554
2019-07-08,522510062.7466535,522448862.2611642,522680202.5006556,521068905.57555985,501812055.1047434,501800011.57852525,501743659.3022641,500718802.67141825,500728543.10715836,500679923.9675685,500734859.49408525,500707298.8972799
2019-07-09,520896921.5299794,520950303.63259584,521123555.9861574,520279521.1933304,499590633.83294874,498810618.6173977,498811939.9062539,498222581.82500803,496967146.5079511,496910389.475217,496881284.148617,496811144.33996546
2019-07-10,516923148.16055924,516756535.06458646,516966841.3663907,515948426.82605785,507181657.0616901,506212882.14118266,506238940.73424405,504827618.65630937,494530008.30633634,494465307.01339954,494421857.3017232,494287636.2133658
2019-07-11,520659127.2072985,520619355.08739346,520880403.36157274,519227234.8952183,508904872.610055,506955698.50510377,506951061.9123568,505018663.7331955,496767819.40083385,496695078.0691902,496645328.2388509,496487905.33452415
2019-07-12,516351099.55651206,515699698.56784624,515947664.7062702,514450544.1077521,502658097.14107555,500758969.43093336,500746213.37881917,498352177.57762855,496582832.5939588,496502185.5759635,496496249.1758698,496411347.53184706
2019-07-15,523905379.51633006,523587067.3630558,523966550.9519687,522295933.6652112,497651150.9319929,494774511.52545136,494786197.73110354,492575197.1320186,495779456.6696341,495690892.7245701,495719988.9529383,495654682.84750277
2019-07-16,528796316.0051557,528631137.6096716,528997414.5191219,526959674.91409475,496778689.6237239,493229205.25181913,493187623.0150054,492222219.04887974,494613994.48421973,494517484.5269957,494493799.0191241,494442643.6403705
2019-07-17,532301286.96974725,532396141.19582725,532838514.5000027,530399218.98634094,501937245.5723381,497646838.5574502,497665852.7563747,496044689.1379765,485186673.76166415,485082028.22908896,484905429.903197,484816294.967513
2019-07-18,536120089.0922429,535910694.9188779,536378545.96915764,533819257.76403457,504462827.80570877,499446739.57304335,499543118.24243605,497351271.59133995,478587473.1508975,478474678.28496295,478229767.2945375,478090957.29907465
2019-07-19,526550015.9124557,526244539.31102407,526719054.4751999,524182017.64292127,506118258.05561,501646369.72202736,501768359.15036386,499004886.69286066,480940361.440038,480819467.546168,480628050.5830403,480494496.6009213
2019-07-22,526466665.89292794,526114599.84139574,526721603.08745795,524034552.9473934,506606366.9822146,502327457.18964803,502477166.89941496,499189243.12812454,476838103.87351274,476709312.5764095,476503454.07555896,476316290.34640896
2019-07-23,518872545.2822191,518051604.64145654,518528936.85616386,515612716.91185063,506228040.39434534,503599965.9897997,503671373.93440104,498653091.0888711,474629430.38354343,474492676.0571617,474322122.66080576,474109045.1056199
2019-07-24,513257050.79723096,512972389.297418,513463373.43273664,510468453.10625565,498100208.85464996,495805963.2941639,495887762.2498139,490818544.88940996,468889980.3687594,468744871.00778913,468633019.21301574,468315310.25857484
2019-07-25,526050783.6079927,525734770.08930826,526282945.7017948,522931003.7662862,504879234.20128745,502447404.7151659,502604112.41794544,497521127.94495285,476743964.6342881,476591017.49949795,476507993.23247534,476098233.2331693
2019-07-26,530568717.0490466,530661127.33046514,531337252.7017021,528176859.56432897,498849782.68781686,498307917.4624903,498561606.6975038,492748639.6179117,475889765.6192266,475728327.009657,475619339.22626835,475247922.2747428
2019-07-29,528891285.7627434,528909045.27243125,529473787.2727917,525740519.74919355,498716867.00941634,498109169.2670309,498320129.4974659,492553000.1639586,472815730.17454463,472645791.78537,472513521.73470736,472181814.86485565
2019-07-30,515683070.56749,515626197.429076,516168570.3738951,513404407.87143946,492303061.5866113,493546557.3187153,493798979.6079592,487894881.30173296,476717360.8829377,476538663.8772603,476436377.7685623,476200278.74203706
2019-07-31,519221806.74638563,519031624.7468815,519681350.78454924,517464709.8753528,481667011.3733099,482027494.6159659,482161210.4486522,478129123.2502015,483800198.3676917,483620791.0963544,483612046.441398,483338079.82682365
2019-08-01,540575412.6510363,540015096.6817604,540812880.9650228,538692678.3862518,490316443.63756084,490287014.15169185,490663567.34706295,483711011.7241885,471481411.8192022,469172337.66024625,469157211.90009135,467940003.99862117
2019-08-02,537083960.9385742,538123627.1065152,538869215.2968504,535481620.06413245,497204770.5953468,497634646.3282098,498015817.0175649,486652159.44796914,473685688.01834637,472361985.16764224,472300146.8080421,471538024.8006739
2019-08-05,535866314.6466003,536681994.51828605,537377629.7644076,533775989.195758,500635530.8824402,500693878.1043285,501196477.14633375,490677351.1724579,468309519.18276966,467148670.90805143,466970605.9993717,465753461.6110257
2019-08-06,552560031.5609499,550219797.7690977,551027667.5869395,548728024.988813,501225300.789491,498333928.71393114,498780440.21146196,488385917.71492445,469717627.660005,467966359.8206648,467834060.3202222,464657033.1979722
2019-08-07,561768152.7681128,557734702.7720331,558497227.4759052,557111558.9664425,502687240.072514,498461642.90816665,499069824.47620064,487861270.2333461,469345022.52977324,467316890.191279,467143446.86645806,462896170.9198771
2019-08-08,569987837.2222868,567574322.9231075,568571832.0391253,567610982.5832926,501340909.6811249,498752234.6839636,499366374.00911236,484443431.8389072,466831893.66013443,463974043.12425005,463724748.9070097,460875587.2777752
2019-08-09,580485244.1711613,580182946.7078377,581005287.8970605,578072180.9139628,510680758.21966374,505447591.0614403,506077446.3142431,490819361.71900076,463709368.58727914,461128899.68738544,460950274.81497335,457316154.6221673
2019-08-12,581898371.1204538,581543682.6173167,582391384.9745241,579545359.7462741,513175413.95671827,508197232.68681073,508823959.83337325,494204578.6796136,466808831.7738822,464041853.36469126,463925084.90535027,460525535.7690416
2019-08-13,591723465.7415551,590529166.8925809,591444790.7934253,589184979.1127247,510057244.38539016,505058738.86650044,505651127.978616,490625080.82771367,462867759.5003464,459516428.85759467,459332876.34537923,456008604.05004865
2019-08-14,597075593.1323278,597137176.2251415,597981010.3077149,594990724.1074781,513487704.1755317,508739882.08996683,509396110.7996656,494661174.4601859,455979609.57020396,452637591.3271887,452308702.9793376,448716310.6558051
2019-08-15,601598371.4847559,603868025.9014387,604754555.4107504,599670583.0647427,524332254.7703686,520037022.69616437,520737653.920624,503170070.01716304,446292771.04179114,444149940.4675795,443717470.15917563,439954417.74222124
2019-08-16,596537440.6073078,599818552.2749418,600698579.4884486,594530344.3091627,520542294.92267185,516392532.8056438,517164479.9892606,498673982.5234942,447626974.306747,446189363.1723151,445649308.56868804,441799992.0596474
2019-08-19,586301485.0813955,589012754.6661613,589556837.2973349,584251199.157081,514672782.17049724,510948344.0515317,511547318.3855075,492802133.33657825,450713275.4119784,448574352.37365377,448053533.0842376,445070061.7226687
2019-08-20,590304555.5975666,591802352.8119144,592339865.4218093,588021422.190498,516818821.6270173,512693033.1788635,513331859.37796533,494228117.84346205,453280611.9852833,450005859.18441665,449560250.93887144,445895322.423653
2019-08-21,599489026.9079947,600291440.6484913,601033038.598536,597093983.1534394,516748851.1222992,512772064.3526677,513445425.89405733,494066531.04104954,455650838.559458,451864523.1832847,451471444.6786988,447873062.7239781
2019-08-22,596412175.3083776,598447145.8073384,599194051.6034836,594005568.0665078,515005029.3590475,511038496.75026625,511531565.7763528,492024651.3797975,448926867.5710121,445470366.1980605,444980395.6802691,441470610.7040392
2019-08-23,604907940.9178168,606828895.1479849,607564048.4693283,602684076.9979386,524169143.6516354,520328033.89881885,520984933.3409485,500413231.6273481,446300015.9872207,442349001.0790018,441848796.3262134,438277694.947065
2019-08-26,611772118.7027068,613101598.024449,613806997.826806,609461833.3730005,522844598.9357777,519373974.1549658,519825092.6498245,498425695.4743895,450141939.50435543,445537953.18469244,445067378.8137355,441475936.9201473
2019-08-27,618744223.2003402,619408158.3518519,620062105.8750495,616223043.9391099,529431552.15592784,525807523.8739784,526341899.860333,503952904.82920945,444162098.9549566,439223460.5399808,438728490.6463049,434892112.04896253
2019-08-28,611268025.6279476,611492702.0283154,612100068.2067244,608707648.2310678,523761427.2077432,520148444.48225415,520669321.9265831,499003447.7175394,449507528.27053255,444488416.6982896,443986586.50624317,440455529.7256882
2019-08-29,601916919.3754606,601587243.3616143,602140138.7691641,599461824.4152668,520605953.5676772,517001227.09229815,517441875.0224223,496755557.483768,457220153.8822988,452466676.28544515,451981280.9573122,448530984.66149074
2019-08-30,597939747.8808068,598973616.9020699,599487037.443103,595590876.591757,525072563.3633781,521040011.216839,521464388.719673,500161431.97738856,453975355.2073307,450257832.04704857,449742318.6193171,446501185.22759974
2019-09-03,597308553.2288232,597790758.0472988,598246962.7379428,593686908.7463546,538636746.0358574,534365742.9901699,534855225.4757551,510960285.892368,449222701.2751363,445148414.3553662,444622986.7611501,441382259.4862304
2019-09-04,592733650.874844,592214723.6209457,592703768.3500237,588519654.1395724,534332613.6928924,529690549.05792433,530176763.1590575,508751617.23249215,456340213.53499967,451686547.3627028,451118940.151223,447849534.58283454
2019-09-05,566793461.5766459,564728331.5266757,565066844.4464213,561814065.6285787,521695581.60794234,517461146.7627557,517788354.0627698,498355615.93368673,473203712.235692,467902728.783745,467326621.3276358,463946949.5550481
2019-09-06,563464057.781695,561971090.8510532,562124250.0568913,558183555.4776733,525290299.4507962,521463327.00324124,521829886.9707401,502173329.3692314,478792803.08840865,473972089.905796,473510245.0312696,470059124.1166399
2019-09-09,519210169.60956913,516630083.3978386,516511438.84041846,512350501.9668848,505964916.0044589,502539418.882366,502732710.87593734,485925622.2028183,500193399.433022,495333260.4730856,494934004.5745151,491338191.02988356
2019-09-10,489500309.969048,485961032.028278,485625764.9436294,483035555.8697836,486851391.9963293,484252649.379576,484352425.2734147,471797903.5217149,517544616.03693,512504491.6161204,512158475.41664076,508422683.4269286
2019-09-11,481022173.6529137,478068784.9256258,477726537.62563807,474909785.6800324,477595802.98822683,475253177.99467015,475308315.3251359,464671918.309928,521966155.4069991,517477093.5572249,517115717.43494046,513361083.6104146
2019-09-12,495753893.7287198,493030144.9939241,492649266.666152,488979626.72349924,483707056.82281804,480961126.57267165,480923742.6825014,469723407.068243,519746082.0133996,515238877.95091635,514821773.3697921,511082900.25621706
2019-09-13,486857071.5691303,485834389.5262321,485350935.05334294,481208821.6843416,484262321.52071756,481391459.0065891,481284646.49124557,470442090.8972818,526538332.54154015,523344181.5743974,522912747.29795504,519114182.0321766
2019-09-16,467876919.3143444,469902223.84095556,469448324.1489958,465432650.97559834,475937847.3755337,472766039.3925343,472664531.84619397,463339671.04014003,531259987.53259426,530539730.8242381,530078184.9457749,526219104.09772277
2019-09-17,499138727.51048887,499293041.3872423,498958975.7780565,495538360.7386174,484240717.18031454,481199316.72946817,481174690.66278696,470651521.1023232,521185654.7799017,518743755.9711137,518294717.3853238,514500491.33177555
2019-09-18,499651980.0292239,499882269.5432933,499530609.944371,495521686.4997032,488642023.0956672,485722322.6482724,485667395.4246977,474409460.59396654,519027316.8205738,516629693.0731679,516191464.79951066,512407744.86472577
2019-09-19,508688709.3094445,509067392.8260422,508788605.9064656,504812657.8525116,490426080.053865,487248145.3588662,487169598.24472255,475678375.4464529,513732105.682647,511349167.86282855,510874091.1897673,507124859.8296627
2019-09-20,518378537.2632082,518357252.55758137,518071573.95343053,513080426.9061561,496745519.1300464,493408230.84668106,493338278.6022662,481309803.4506345,509252387.739187,506481172.2839251,505965990.8702773,502256725.3836097
2019-09-23,521154577.2802122,520464110.7672176,520173665.7497303,515444664.7022881,497576410.6396331,494495785.7730293,494435732.3647776,482567636.61161274,503376594.72749656,500116699.5805079,499600151.3800406,495928002.9759544
2019-09-24,533805615.0947657,533718253.6899375,533298588.8386366,528329842.83577085,507384644.48480964,504594208.08449084,504587237.1444541,490261026.8220196,492323788.8233864,489268899.98873764,488763985.98050517,485149838.7635332
2019-09-25,526406595.44349134,525891697.78822625,525408051.9866164,520886587.3063099,503994173.4826565,501412394.5293449,501155535.65312004,487355719.19252956,495800872.78214854,492618756.0237442,492161068.858548,488524147.74868715
2019-09-26,533282393.7552455,532042666.7108432,531508468.0360657,527106027.47938824,512185087.17402226,509798978.2535797,509577631.90006477,494648227.94964457,497257097.8357251,493515276.1122932,493105399.1145298,489416406.2780972
2019-09-27,522900819.15622073,520660138.51898885,520030489.0569698,516448195.6507818,505919047.1232061,503454802.8350252,503146405.45910853,489528587.6074505,503103330.154479,498885640.21965545,498554443.21401566,494833051.59266883
2019-09-30,525238125.5787026,521176348.7796886,520543904.1754152,516686674.2690558,503195785.2328345,500250456.95581603,499839262.59590244,486487642.8916326,504262994.9814679,498752694.2402873,498471444.5826806,494776132.4016648
2019-10-01,537747138.1920596,533543766.6806851,532925120.546975,529283738.76246256,508811151.8050756,506607713.33487713,506139040.1869832,492823117.0902312,508801926.4015891,504240241.3808108,504011301.8869473,500929199.4976193
2019-10-02,544096849.9088607,539798521.7165794,539229167.9399867,536317255.1618833,511358965.8841518,507903527.25770444,507345511.83685994,494834505.2068287,518121377.17708415,512608023.73329246,512390376.1376534,508258123.4831848
2019-10-03,548179473.5436512,543786989.1254069,543213793.1916007,539838353.7810642,514610226.8052188,511031130.0695997,510499610.0351796,497771747.0920745,532510967.88230747,527268494.8199659,527173763.6534124,520746587.67706025
2019-10-04,555010743.2394359,550506455.9672188,549926459.9424411,546338528.5418198,514980311.8575061,511360023.4994886,510746616.7475629,497314665.0971573,538746616.60004,533719042.8041433,533653815.73928994,526755020.2456217
2019-10-07,559787885.6746284,555188313.1432465,554572568.303132,550769916.9533012,513963480.4758133,510909360.87390286,510334050.7057453,496873389.3120285,540841836.2283516,536332664.3230838,536324603.0475458,528200534.4901123
2019-10-08,567599265.1409534,562883311.162227,562271437.6714146,557614549.726907,520556461.45496434,517668342.8156804,517080075.31127423,503010372.42085516,545349547.193601,540960079.4399835,540976288.2210124,532031232.4592715
2019-10-09,569543980.6654496,564756815.8641236,564146512.1858675,559236275.5217756,520686160.6506083,517963362.59175736,517405478.1040122,502033892.2572276,541080195.9306102,536244938.8103363,536241574.856316,528158659.5984069
2019-10-10,573697365.7519331,568837297.2881131,568225990.9784065,563324248.738926,517327709.4370276,515087312.8294849,514524301.1560105,500152822.8789819,537796797.4592056,533636556.1089672,533617127.0888837,525207505.45133084
2019-10-11,560175027.2892059,555387960.3634057,554775156.2116807,549652599.4397635,505923245.15012735,503801530.1333738,503201762.988975,490023855.74142516,528835797.84720075,525373122.4958399,525348789.8636515,517512132.3033371
2019-10-14,563247867.5529058,558403782.007775,557833390.1627971,552826677.6048466,506690515.62691945,503875031.2132999,503325521.2174237,490104693.7501315,528217115.83746755,524211176.49971724,524217508.0863912,516320028.75879645
2019-10-15,555115369.3663747,550386955.8475645,549692110.6709049,544979348.9456304,502418110.3619775,499482182.2110587,498864181.50987655,486366347.97126245,526203612.0019003,521972922.3003007,521972824.88896143,514578637.8763267
2019-10-16,553836388.3175155,549333176.5539585,548602464.087445,543998881.5102336,508455240.31511307,505419531.8876077,504789858.45457053,492792341.37470996,517299211.12027967,513193528.4338867,513069678.79237795,505998127.1246778
2019-10-17,555245992.0878572,550703371.8292339,549981145.3145529,545858790.1163532,505171729.9521638,501833814.5733282,501208904.33556694,489104054.4514145,520752200.3748761,515993657.04095674,515878163.5633266,509584665.9784068
2019-10-18,557950819.7088748,553364066.7427659,552578844.8685617,548092948.2850196,510242926.19833964,506628046.996012,506100186.6664735,493860197.00313467,513442908.85254526,508670622.89716935,508531909.9696195,501366829.5582273
2019-10-21,550610395.4771234,546052025.8833307,545270874.4932283,540577951.3220991,507333575.1133358,503381490.58496946,502811142.7713912,490518666.3515406,512373521.8493215,507276669.57794946,507214327.9055902,499393435.4020358
2019-10-22,532807354.2784782,528356151.44549114,527583614.97871923,522923483.28174603,508330854.2189872,505101758.2894705,504619048.40495455,491553031.3702546,501499705.5982689,495740124.611401,495614403.142757,489389691.5416681
2019-10-23,530548492.32169414,526085396.8819241,525234666.737669,520488785.48944443,510631095.1400452,507905741.78861403,507379568.36961067,494374880.43878984,499836760.6575655,493988217.6494862,493882151.02111644,487741259.6101247
2019-10-24,549681519.8228943,545045937.9371643,544281488.7664524,539423476.3898607,509767033.3174012,506634335.1350799,506344217.20006067,493135080.31793755,511019182.95272046,504949591.7747251,504969654.6850115,498377003.0781491
2019-10-25,546830252.9310362,542189237.5484303,541528931.7715383,536444401.4675935,502365849.0111658,499397093.69099575,499197881.33769417,486953817.0680644,510219040.17592925,504033290.4956252,504061500.9787316,497998091.55751735
2019-10-28,547789473.6985766,543111607.1399225,542448882.2584777,538649892.3550804,494043679.03671753,490629220.0588493,490426174.49593174,480183251.16215014,512013017.6656548,505908399.0202169,505902027.3879104,500689529.6912112
2019-10-29,547667355.9505103,542961357.7604649,542276295.0453752,537626915.5725999,493061760.6111581,489804894.0540158,489656405.02667624,479186977.6454318,512878174.0777056,507109230.634753,507053130.0119077,501984594.3846328
2019-10-30,558423904.0726882,553605607.8734703,552877243.1363076,548222826.5542823,504999290.0398702,501379555.7922785,501115004.720266,491497967.73766714,519244357.93378,515378300.8727837,515303362.89992756,509427493.7872471
2019-10-31,558144191.317431,553303408.1826893,552549907.2271202,548922596.7622536,502636490.03300035,497514989.7159538,497139586.4696078,490694234.44256634,517698817.58138144,512682464.7437222,512594118.3891748,509555078.0191879
2019-11-01,544499890.9497702,538531863.4497755,537847660.3455324,535389273.78296936,496336453.7420738,490917954.85021,490538076.5860947,484779768.45263654,515393360.58910954,510577946.8011861,510456173.2502932,507411128.13132244
2019-11-04,521363516.4722109,514667418.774841,513900031.1227301,511374502.31378573,492839186.120585,487974376.5453693,487597149.9915117,482575099.00172573,514576162.0295406,510434235.3438751,510230528.8036818,507195510.5681745
2019-11-05,512708234.1390857,505705583.97298425,504964928.57484186,506494347.1104773,486339589.04097444,482119498.6501558,481939430.3874637,479294901.1732625,518559515.1205354,514312286.5949073,514079545.6704833,510969547.6529703
2019-11-06,523053704.14347345,515626884.1255248,514642318.3896976,515346867.6740806,492552372.0443222,488247659.3417476,488032574.4785596,484193785.2696629,510414492.5872743,506078204.6202402,505840362.7150513,502681255.781573
2019-11-07,505940042.469538,497935534.481915,496948770.24169827,498867796.0081616,487667066.9690103,487000310.77039975,486885378.39882123,484254718.6198822,505566280.31127095,501258951.2313972,501057443.93781143,497795930.32307535
2019-11-08,502081807.8820455,493630616.61157984,492678253.48841894,495333538.64796364,484975054.67345864,484006980.66209906,483915307.4810697,481542572.89636576,504575958.3903549,500243418.50838286,500034323.5207899,496632628.73605376
2019-11-11,516091259.9192106,506576458.58160776,505723793.8676651,509123459.52241564,486353588.5712403,485477762.45685375,485364279.32334894,482886158.27291554,504142753.1016913,499999343.41904116,499858528.5482608,496325564.246984
2019-11-12,513379638.86904114,504015761.29496014,503093662.2747104,507625773.82993335,480034537.3424617,478621849.9696449,478551705.13454777,477076728.3691531,503244671.3396503,499383670.1769777,499206942.9313197,495514779.91595995
2019-11-13,525938598.6975073,515847561.0958035,514928843.1628352,520981065.16500056,482393722.1753427,480661851.2064192,480514259.94336325,478835792.73247164,504067577.32694715,500248009.96418333,500048868.38279784,496261680.9601002
2019-11-14,535520538.7003504,525356585.34170085,524451296.21166426,529510676.84570736,480048730.3948421,477937086.7478045,477751185.5444988,475673395.16438895,500822102.41401607,497310609.6948926,497190616.37698823,492928532.29941803
2019-11-15,531198061.4009764,520348045.47139263,519473910.2634604,525485347.83238167,476933448.8265157,474821880.6737732,474588234.21701956,471873476.57348615,500418306.00655085,496512558.8205474,496354144.5342627,492453655.1352967
2019-11-18,544869672.4936907,534077991.170655,533281755.8225496,538969234.4858195,476525541.8499101,473970536.7704691,473616129.63123614,471076970.66726446,495139939.07591486,491204003.8748298,491066892.8104966,486636656.6728768
2019-11-19,560263942.8628745,549568785.6294026,548795719.5508221,551658584.2501025,480731982.0437012,474644517.47603804,474287692.2373589,473135848.2976763,487262333.2058366,483363634.99885035,483179328.50019026,479045388.4737811
2019-11-20,554108879.9075675,544237027.7834408,543502539.5329993,544937253.6824865,484245808.14879775,478355789.2955488,477943495.38871086,476462500.8549744,489193153.1610498,485801853.8575425,485681039.2278896,481333759.65917325
2019-11-21,541348953.304843,530778831.8981268,530049551.5726692,532772018.4583038,484100668.5750523,477866175.3298772,477503740.5785873,476721455.24820185,497833243.0887783,494727498.0869414,494591758.6256758,490317329.4909028
2019-11-22,537773208.6885808,527265071.5422351,526481014.6949413,528718476.735869,479037792.32586557,472265342.1757805,471916478.1056437,471752314.1390648,495566841.3038176,492338209.2351402,492136318.41812515,488730667.6081496
2019-11-25,538647398.9304394,527984279.2570718,527221383.24608856,529356503.0773425,472503806.53256893,465669061.265756,465399601.834278,465526091.3091401,493173580.08020467,490136937.78477335,489853503.75415075,486927347.9757118
2019-11-26,551677680.3419534,540906884.9955136,540230012.6554301,542125595.1893723,470559252.6790984,463854948.91783094,463422367.61893994,463064071.135634,489642644.51591283,486657421.2138872,486256720.05863583,483451907.0848771
2019-11-27,545634772.642066,534205538.535697,533505790.8055626,536349694.32101864,468037678.98958415,460982867.33407664,460635401.3200309,460526917.5144053,493825149.8844606,490717057.60545826,490349745.3385879,487467941.2825914
2019-11-29,548365225.5488431,537220106.8772472,536531649.087717,538904190.6834906,468545743.00553876,461073431.9523257,460779970.80222195,460730503.0324528,490080461.2251879,486786765.18126476,486387678.410191,483297864.2906807
2019-12-02,548435885.5979135,537264387.6888907,536619009.4041102,539198584.7356548,472279155.44316804,465064146.9376488,464811491.3040631,464543322.423307,493472640.6473337,488502476.2084916,488107211.3839206,486246508.33599347
2019-12-03,557042573.6973777,545671842.9346018,545100410.4362744,547478348.4529103,474408462.6797013,466795840.9275975,466519664.0034399,465933107.51710385,487912441.55190265,483375769.3546326,482998323.06373674,482015661.5413871
2019-12-04,553068432.7925404,541753490.3228039,541212153.7607929,543263096.016283,472475423.19869685,464844114.38241833,464563745.4619274,464185613.6590091,482433568.6653807,478044677.6803864,477635387.05281097,476694617.25870144
2019-12-05,555832655.9762821,544438861.535897,543885897.287237,546214141.2281642,476220423.3761615,468937304.6268609,468614066.80253476,468164295.29429024,488247893.03036916,483804813.95315844,483430349.31192964,481998776.2713309
2019-12-06,553511666.1390834,542141352.5585264,541532923.9277029,543931275.8737947,472471077.8418701,464969023.0229927,464572309.514209,465146349.5733275,492614500.33850473,488502166.9183919,488094234.41954786,487516232.4699118
2019-12-09,546822064.1603075,535564509.01612425,534928189.9163861,537768826.4607934,469081439.8028251,461563724.87903917,461232422.9640979,461619506.84673536,493934730.1734316,489804233.1859823,489465082.5173056,488246635.0335995
2019-12-10,545226803.4365029,533978833.41056955,533356139.7290534,536519052.1186907,469339761.57879245,461836082.38758135,461405272.13445824,461948900.3092008,488312228.52306587,484143752.85587066,483802703.0353752,482574724.05681866
2019-12-11,552236508.2348304,540822602.0147792,540188059.8222364,542949801.2489996,473971016.65074956,466074139.7720504,465676039.56600535,466567042.47075087,489319023.3198421,485148453.3673653,484868521.4784277,483470703.46432906
2019-12-12,537560206.4223441,526418214.203691,525736230.63002515,528359387.0108315,468253855.3853807,460241961.6975607,459889695.98649865,461666454.22631,491624908.0387211,487042618.72594905,486794420.3735475,485450577.22061527
2019-12-13,546842182.0716343,535486210.9895402,534963668.24284184,537245029.7509489,464242974.13589233,455353051.22139007,455049664.4703333,457358891.6392146,488071008.3094127,483760897.57277596,483529195.25623226,482612199.8012103
2019-12-16,549785513.0061233,538344272.3283508,537821378.6701546,540131594.3921384,463462915.3178691,454504089.68402785,454283035.21051764,456000611.8997876,499599443.855497,495359094.70689225,495078402.84281176,495309450.4905113
2019-12-17,548355671.6622018,536917755.8552066,536395078.38460374,538934275.5633663,461826200.99745023,453098292.6650915,452506260.29422706,454801699.0380836,499926474.1409159,495393819.1402856,495087005.6424914,496052799.19246274
2019-12-18,545590911.9701155,534181924.5069752,533666107.0102643,537015630.8510062,459390946.501914,450593184.9591354,449986243.7783824,453592847.8236179,503158471.44628745,498697278.14462394,498425015.9567258,499562106.9077419
2019-12-19,546349378.050225,534898864.208962,534363831.1045706,536949890.663637,459662529.71638083,450505193.9857062,449889581.5650331,453263851.66913617,510337329.87967,506716974.7846704,506466613.9822026,507535651.9051293
2019-12-20,545945722.9734101,534476362.39534134,533908052.425827,536007223.65766007,462478484.96003884,453272278.4573138,452667364.45956933,455511425.8006644,507199370.553718,503486602.58406615,503259636.2008703,503855199.70193505
2019-12-23,540439690.6839813,529053445.04803145,528570064.9378273,530645498.3122833,457751219.4549374,448381703.9625599,447843979.07798994,452096891.63652223,496752744.6120515,493007867.43724513,492700273.37357455,494050016.2017754
2019-12-24,546263333.8621542,534730498.9484889,534278347.43386024,536445419.4260729,458731063.66206336,449319717.22344786,448804860.6945515,453359618.5555361,496437932.07831234,492572574.9086528,492284142.42362404,493654418.21399415
2019-12-26,545357876.5758609,533815040.6868319,533385447.6433464,535897182.34743536,463923699.66993886,454190704.0615227,453725297.0486818,457806680.97459084,493926208.9856248,490203737.0725395,489886748.31353515,490885694.45365
2019-12-27,545569243.2988362,533991799.04566807,533535842.38683313,536069043.6422078,470111725.1436641,460376611.4289745,459951080.4007734,463527201.195917,499982567.54093486,496379000.1046175,496159378.59220535,496971959.84408456
2019-12-30,534063819.82615364,522692263.8614658,522239433.51256204,524584993.1385927,480931497.5895872,471186708.86397046,470765574.0708764,474312587.07776284,491519048.5477562,486811475.1709782,486575316.0264413,487485605.7633933
2019-12-31,508194456.3904184,497340732.8665599,496847422.1637923,499058524.0420322,494521005.34598446,484363650.75604576,483900619.27476865,487530491.8323584,477975010.2288895,473144031.3617942,472925576.6349956,473708397.6490829
2020-01-02,522113579.3192907,510527296.09170014,510060546.7227317,512113619.02275306,496205215.99761987,485913990.9415376,485621901.6760484,487613189.3823505,479276844.5673452,474392046.7421598,474267531.8682838,476296570.31261355
2020-01-03,520523375.6702272,509190318.2570841,508694956.6457194,510366704.0590736,498986914.66116256,488540048.1729555,488261442.78896195,489708674.37948215,480836516.92266935,475894820.8370475,475736174.754077,478111322.41293246
2020-01-06,520030655.16613656,508863474.68901473,508417616.36497205,510095950.5387927,495289609.81086504,484818150.5372644,484344491.86742324,488151037.6759643,480834810.51419324,475850314.98844576,475680158.9337449,478763353.60252476
2020-01-07,524462649.2205087,513226766.6027518,512776820.4014178,515156633.57486284,492073467.02744216,481567011.3605207,481121605.8356531,484321312.53719366,476752633.3818495,471779139.899268,471679825.3336495,474837664.39955664
2020-01-08,524816386.97874844,513324915.83301777,512918594.51417315,517238768.2829451,486349011.2455121,476028074.20895356,475432451.0589051,479528555.5857108,481868613.5570361,476814173.88074166,476775627.50092053,480644780.92610437
2020-01-09,531549224.01115626,519030004.80248964,518663048.07137156,523150319.73008704,489882971.87836325,479395506.4548131,478768438.9126576,482399035.06073266,482111081.46987426,477024283.51666975,476919041.7206762,481163097.69157577
2020-01-10,530970790.99801314,518507062.6342434,518120270.0681575,522695043.0059077,494269707.2354675,483218498.1307711,482677800.42926985,485873141.969173,485672642.19048905,480520431.71123374,480338303.4949642,484062072.3134807
2020-01-13,522595706.0787115,510010293.41424125,509709400.9720133,516767540.53652966,486761954.10341924,475619120.8061778,475069936.85471535,480290194.19794333,483233658.5707795,478061814.2081422,477787003.30338717,481734325.951667
2020-01-14,515025381.5350283,502307568.9509272,502000511.54459417,509459823.0521866,486246463.97823745,475041784.15319,474451548.79161483,481057284.7418191,483736405.354944,478541938.0635008,478355874.4170352,481972134.6089489
2020-01-15,509613736.38136536,496811749.0184011,496495997.56766313,505541106.72090995,489108613.79288304,477773528.55777246,477163798.21221596,482994325.53489393,486320359.17753184,481082921.0627182,480845315.2633354,483865339.3832317
2020-01-16,514437264.71154016,501612700.98624694,501324137.6750399,510696256.69905955,487355511.7305522,475992746.57776,475275724.23390126,480676548.22620803,488813046.47567517,483535855.27889526,483312551.6090689,486608188.953381
2020-01-17,518593841.3285473,505688029.81026083,505458218.41518277,514319970.80985147,496686862.55541635,485076039.9851185,484319044.0715636,489278483.06291556,485728034.02142245,480468983.3492897,480286032.9381835,484112806.6119941
2020-01-21,520235720.3248358,507134704.0034355,506823119.9394478,515405453.48775095,503080336.8942473,491262057.1133658,490331349.54377973,494241969.4089314,486121805.2772852,480822345.630111,480530012.09920543,484516227.93180007
2020-01-22,524807545.4659576,511726164.4325939,511396258.4629481,520373103.9990437,500597698.9879866,488752291.5612652,487757175.25917155,492992835.5191415,487736849.0250397,482378290.11244154,482105008.4801007,486294652.86752623
2020-01-23,526093625.8832888,512995636.7866645,512630636.8076105,521967063.4087938,497139620.56211144,485274996.6853431,484356718.42148906,489492988.7139427,494220160.32032996,488773351.5984471,488477192.612729,493068299.1458719
2020-01-24,537623481.7217976,524461246.4535296,524069376.5874992,532998980.6374977,498846468.80008113,486859599.38850087,486195088.17041975,490321904.557823,496142182.1243027,490653167.1996268,490310724.16651225,495447948.4066684
2020-01-27,541084689.8202379,528065181.7149999,527617594.9466506,535743533.1581783,499743605.4960847,487637056.9271526,486841958.7577577,490481292.4222664,508219577.46272707,502586699.2059708,502179779.271422,506766879.57279074
2020-01-28,542443361.3355043,529162138.37792194,528745642.7605204,537636981.2235003,499139952.1271315,487221466.0918664,486378266.69062656,490324899.675533,506044923.8900516,500410665.26288784,499990683.1066951,505594108.3213605
2020-01-29,546997381.4064274,533651456.627246,533261935.54646003,542132048.3674426,499646356.78245926,487646925.98241174,486702925.14618,491615659.3207866,510060166.3459851,504366477.4457963,503875960.47414166,509849064.57632
2020-01-30,547339404.8731225,533947876.52188075,533502568.4437224,542579445.644792,499839312.5804576,487774700.1123053,486785318.81372005,491058107.42614484,507969353.494719,502277901.5936459,501781122.10129535,508125659.3780932
2020-01-31,547192724.7954396,533581449.79772556,533177524.7843941,540988872.7092274,506783830.40964264,493856637.75145894,492685209.39884174,497389132.01137257,506569574.12271094,500894630.2838567,500362647.15411425,506266848.88838315
2020-02-03,560454988.0642643,546690196.7989985,546320685.2887092,554963464.3110045,497347438.3086644,484561045.9709878,483219548.39463794,488710285.75320774,506496836.2527214,501202722.464053,500595742.5116842,506449266.6734635
2020-02-04,567554998.3693912,553458297.7840214,553087671.6632771,562372511.6948684,482041022.6579301,469542087.6444785,468390521.7507422,472773411.25944424,505462853.8445796,500513818.5927812,499865134.73449796,506294308.8392106
2020-02-05,556681616.9454316,543496168.2673855,543081739.9517189,552162689.8093174,476395306.73989874,463937004.37801653,462812908.64490235,468350926.9511066,528354944.5773032,523983917.26521015,523406661.8193779,530285780.99939644
2020-02-06,565947751.3240311,552332697.1896255,551944752.4218633,561488684.2859304,481065281.58707386,468390543.2494766,467290314.0909034,471187833.35582983,518168948.74612504,511972717.63005257,511422355.6812811,518356539.39836586
2020-02-07,572377325.0012192,558674386.851887,558287279.6030343,566178485.83099,492348180.3860968,479309770.69186956,478109455.8780843,479956575.27207977,515167708.3213572,507343830.46647453,506818434.7445239,513268219.2484034
2020-02-10,581497260.6998978,567503259.358226,567066854.4422059,576591573.4013873,487006280.16356295,474024681.20756376,472932489.1061049,476252574.79880583,505415306.80505735,497272103.9740607,496668155.3244313,503158731.8895567
2020-02-11,581429601.2048734,567376300.2117133,566794243.131053,575610407.6424308,493399410.52099615,480177199.1960823,479011699.802178,481442039.8709459,503605351.6309412,495560824.8789603,494891938.4524124,501410483.37312454
2020-02-12,575301335.4469973,561448015.0175854,560932299.6292435,569263719.6387738,488818362.41711944,475631775.2757912,474441010.41743916,476194896.2509955,506785597.61398304,499210407.0928362,498366579.904862,504889146.3686696
2020-02-13,585698836.5409462,571413463.2502651,570887146.1525172,579462310.7976239,490248543.7969505,476927676.7014267,475492288.6400986,477805350.93277514,498062587.9603656,490771640.47976613,490006178.79022455,496602566.897365
2020-02-14,601190992.5708491,586558819.7417773,585991344.44054,594713311.8461051,499966960.1151211,486164455.7268667,484561589.9673774,485406971.3177295,476257133.0723257,467559693.47411054,466917155.1948621,472839865.5222726
2020-02-18,603139997.317438,588160688.704113,587648015.6595355,596711467.7901232,500362710.6758128,486464549.7060562,484916163.78336966,485643843.65101767,467980216.0179019,459006025.00305396,458392675.61775047,464718397.32560784
2020-02-19,621149647.0998117,605537364.70202,605168738.341309,614804076.9635482,495421264.83508986,481561771.59166694,480046837.404455,480852050.4738165,455651779.2844129,445854184.6770328,445124285.8202222,451561345.8726149
2020-02-20,609619740.5492709,594564370.2792834,594076904.3292431,603662007.4826645,493434895.52841824,479523214.13931215,477762956.7539244,479682363.37047607,458188158.9333529,448912256.7357622,448068533.1789904,454692530.1636504
2020-02-21,605096996.2373383,590148309.0136194,589775713.4513448,598678934.9992539,495173371.5375019,481272687.687137,479649687.03754926,480037127.19592744,459424611.31049824,449507257.9444355,448694056.9105683,454982335.5166421
2020-02-24,599711483.5189055,584676626.1142838,584314137.8751762,592870972.253264,502895406.4768754,488722539.2427952,487282682.97058004,486633919.030687,447315517.51972336,438013885.14280576,437299401.2152316,443848968.78035665
2020-02-25,603365760.61905,588120566.2952176,587790570.7411562,595764926.9610469,514240154.807818,499707167.4640311,498168500.838717,496618366.27896506,447628076.0960741,438523191.9392916,437816544.5149365,445167769.4322039
2020-02-26,616463314.2565446,600780011.2723464,600508316.6926184,607511067.1736417,518640174.1659809,503925792.6951412,502465076.3755955,499816608.07756996,435626262.38395566,426927058.52699214,426232586.70493126,433309069.9933428
2020-02-27,590176190.1579856,574902233.585747,574626889.749289,581681942.6653981,519522167.9889236,504706075.3132622,503411601.20032,504936373.29082525,418087426.567473,408766420.663583,408022305.55067116,417512830.05872804
2020-02-28,582244330.9506465,566835797.7476633,566478788.2534403,571599490.8442309,518521762.03551114,503816762.2861978,502520125.5658905,503622154.3968868,412878477.53633976,402079269.1407566,401384763.4024841,408499012.90479475
2020-03-02,612297655.7981994,595916548.474079,595656293.0589441,600846409.773045,524598180.036018,510108038.42387456,508885162.0101368,507082007.51397276,412961246.26961464,402154276.7474943,401407451.3174544,408482325.0301565
2020-03-03,623956984.2508283,607448857.1684809,607274401.7644286,612414465.3954479,529971660.20253235,514987794.7028273,513899063.982286,511767771.9236118,397772701.96430796,387356752.5791761,386625862.2948058,393465063.92815125
2020-03-04,626680380.8294384,609383751.2032363,609160045.1583749,614815217.0488148,528627158.3495303,513528981.29463977,512430217.3531349,509329280.6373852,387757811.3053671,377597602.7524529,376852373.0332435,383487805.9371213
2020-03-05,643148723.5198224,625067071.5791094,624868885.5488268,630525000.1653532,534217008.250752,518795217.1739554,517913977.077896,511794891.0482632,357715990.2839126,348334395.6025619,347591094.4280174,353797096.1808451
2020-03-06,650529860.5607395,633144731.2773402,632870002.7415446,638521537.5992491,532529421.7798054,515744730.0410282,514880020.4552182,510877697.2861081,339472135.8403268,330561170.5046115,329731768.1807276,335559730.892139
2020-03-09,636198809.120742,619482495.3593996,618863653.8581221,625419783.4317702,561582037.6536112,543076061.8125162,542251703.8838809,538237361.4447691,314188625.242938,305932619.68230927,304962610.3443609,310344022.7670832
2020-03-10,665170334.461693,647376030.315004,646685090.5155241,653049800.0051603,547592305.5182483,528911444.62069005,527882900.50360405,522887691.9233883,351584566.10560226,342346875.6805303,341367332.33473945,347462361.68826574
2020-03-11,661433552.0781199,643296720.2015017,642437490.77415,649098736.2521005,562278263.8552983,543622895.656227,542593562.2547578,535943089.00418794,337641830.0132032,328763292.38644,327806190.77880234,333583792.0073149
2020-03-12,656422827.6228762,637819285.086252,636946025.8974085,643575574.0003417,563196604.6266164,544688482.9144634,543846162.9079378,534098598.71817917,333735932.71184516,324955512.5062578,324096799.65221035,329681932.8901093
2020-03-13,661118286.446488,642497669.8070936,641656642.1586429,648511198.2796427,554944246.6332197,535974550.87251014,535084876.3154963,526054594.92461973,353709690.4552129,344403737.4294684,343565806.91722775,349519691.03583616
2020-03-16,654583883.0745745,635647541.5660043,634693345.3318152,641380769.9810348,559520709.5814247,541016845.5993725,540311981.927213,530698981.4648394,351556016.2899501,342302788.5035321,341578665.50089014,347430901.5883016
2020-03-17,684785891.9442837,664495620.2386321,663414633.6725522,670847717.5648875,563499455.0928005,546049234.6622952,545608454.181111,533062661.14701957,331533671.337615,322799552.8536881,322152999.63975483,327602458.1682259
2020-03-18,688340622.0540456,668444304.3233516,667404250.3411902,674465706.5971341,553726398.4804267,537392756.8654075,536842588.7444814,523462338.26104546,315023616.90391976,306717133.3768093,306050927.6860323,311237436.1509051
2020-03-19,676808261.8791183,657118796.2635345,656081254.6167321,664147762.8868529,550480443.8910521,533279625.23726684,532477595.0591154,521757679.58899105,324101058.9959666,315553894.1345669,314887103.4354883,320288118.44635403
2020-03-20,669430257.0237877,649468275.8298253,648426864.3935951,656066192.9292179,561362120.5779229,543192189.460665,542305052.3513379,532238862.5304993,320940896.9775257,312472639.77355593,311785297.0344229,317154659.7360236
2020-03-23,689950882.8614969,668432259.3547969,667297521.2073091,675062774.8786603,544593343.7458435,527545161.1028901,526548564.12996995,514165666.3001,311054944.75235945,302841157.1885809,302279539.28555566,307607521.6155109
2020-03-24,700385700.7429265,678882656.3168302,677792177.7679957,685380717.5397807,532765787.7793047,515571657.93085515,514803915.3550548,503594582.80879474,323264642.23806715,314727980.980445,314149724.35692304,319642982.08704317
2020-03-25,697322478.3193882,676062213.7427206,675334324.2275978,683268901.0469085,537036784.1581328,519373279.5604618,518548064.66671705,510235659.0461323,339480473.60423875,330516327.9230076,329731965.3522809,335415913.7786873
2020-03-26,705610857.5582893,683903615.4989557,683167809.8639184,690618852.8471643,550878383.3805542,533117643.1823852,532342258.3543484,521127679.9283939,331241497.80131555,322488000.69532657,321747356.12639767,327325999.0023334
2020-03-27,702134848.2913047,680792845.8454944,679953365.798472,687244263.6392847,553868843.3518127,536645865.2528413,535993992.7838141,524093276.928411,317164603.732622,308774273.3863569,307976444.1809479,313319347.490181
2020-03-30,710521093.3491504,688323323.7745824,687399013.7186594,695182345.4617406,554318669.113986,537827476.869809,537373413.1044316,521937230.1601731,300372025.42610365,292415665.3676093,291622123.9436285,296645239.76816255
2020-03-31,697375065.8704027,674936334.8506835,674051817.5651352,681743969.7863549,564335523.4816272,547129581.4511642,546588767.3837452,531116971.9665004,302622648.3182794,294609739.39170164,293800917.1821059,298809974.4248793
2020-04-01,710164261.9039632,686356105.0295444,685457455.8894725,694087759.0457724,583824746.1564244,566258282.0327756,565748645.4359007,548696470.2276831,273697538.93548006,266941504.51176852,266189017.48562914,270278260.71713316
2020-04-02,721147924.3935596,695313606.5287001,694453216.8888496,702362393.5569599,592083441.0250863,574111101.8487313,573647470.7905816,554586935.1546843,268045228.17284447,260910665.27804068,260186075.41619998,264656610.28146273
2020-04-03,716420592.2269328,690595306.5176433,689728273.0290911,697924122.6846787,593767788.2756053,574889990.7544947,574430519.5778977,554435099.2235706,259894846.78841332,253504134.07270527,252783985.1194347,256640467.70247185
2020-04-06,699806601.7802476,676163495.3422376,675268393.6575648,685523747.244485,565743084.144831,547219300.8928453,546728720.5616812,533942467.33728105,284798818.1187673,277336820.5594519,276558159.73103875,281204586.572817
2020-04-07,662865245.889596,643307152.3973502,642399806.8444043,649543942.725334,545920601.7685161,527353270.15017736,526857137.7950295,515686529.91673183,304458646.90309227,296326461.34801954,295510061.0209618,300612248.00318325
2020-04-08,641244640.968343,621796601.1908183,620911979.374426,628426444.8258373,527552074.6363807,509124659.2935676,508619349.83329767,501019660.36228436,324956569.6263611,316047920.8249162,315192894.645669,320839376.09747577
2020-04-09,641722468.4038554,624896840.6086388,624041000.6450776,629027136.8341037,514322633.54190487,495894735.3464177,495440606.10880554,484611336.0279184,337978383.6038565,328917145.4349951,328046312.09513867,333721007.18847597
2020-04-13,668981406.9785829,650345664.9551982,649459245.885443,655527206.8148526,521590882.5187925,502784400.7050953,502330979.8113554,489448524.6729286,319087718.740223,311502987.33148307,310671046.6717004,315131785.2443643
2020-04-14,692053810.5933207,672506634.2641104,671654018.8016765,678134527.6820115,511804787.388193,492360272.2376508,491891035.60275847,480764230.3370187,316305109.110837,308508092.28558743,307693319.412193,312355327.77964
2020-04-15,721314682.3830898,700027139.0666806,699127584.5517786,706704765.6020925,525676250.4970636,505953270.2476125,505491678.27446246,491714659.0807929,295919028.5891088,289782261.96161926,289000165.62474155,292299861.566756
2020-04-16,767459549.3420378,745320892.5521225,744397611.6230873,751767320.9926821,538623756.1715883,518696450.738788,518246027.9338932,502838194.9000741,269360419.85111153,263892658.24462506,263173765.61019602,266068262.46856806
2020-04-17,732992469.3538588,711697292.6780779,710829261.2785753,718153386.1477163,534687283.73378277,514813505.5982666,514345197.37128705,499356048.2106153,294653704.0775164,287507504.40431535,286728655.1019665,290969808.3168527
2020-04-20,752303929.3021096,728879756.0408143,727978409.3642476,736854367.5474272,533205824.8546788,513364923.00027,512958726.1686994,496711886.07772565,273281308.47766805,265734003.36430356,264997423.2175815,269780745.53934497
2020-04-21,739551434.1596274,716269878.0815698,715347562.7493335,724338075.6354007,536484311.6432052,516856302.54377,516452240.9910342,501399319.8710446,275580368.5655017,268292180.3862745,267531800.70742494,272067678.9151698
2020-04-22,779426824.6766788,753494946.7566462,752565627.765518,763236964.993269,548617951.3243208,528692633.1032965,528268321.1918961,513728388.8892642,271372125.5463612,263966512.60311422,263223710.65040937,267900850.6973631
2020-04-23,766835297.7824585,741853168.6233163,740974177.5543325,751024075.6867096,535515699.9159603,516278933.5069222,515864837.83522373,501843168.0680561,288968966.5778715,280865843.34513927,280098250.36288035,285268167.1988015
2020-04-24,763180745.3037758,737302402.6826265,736385924.8322129,747321214.9404169,520972587.9214645,502282652.6286875,501910867.3398969,490046627.07317066,276785609.87654173,269306553.1118387,268575868.9169594,273288673.2550552
2020-04-27,734054976.8282477,711766841.337969,710855191.646519,718989388.2802734,501824494.71880734,482856542.4458712,482491599.50904757,474092119.56539387,295235401.3638244,287243969.27631176,286471729.57269824,291502173.40907604
2020-04-28,695551143.1233503,675423013.2604226,674544675.8055464,681506871.8078512,500355984.2130939,481420567.1152717,481041503.3342342,474182705.1939791,321372315.06711507,312283612.2633858,311437831.2313882,317264798.8774221
2020-04-29,654530853.9341092,634065126.9799346,633203749.1881601,641412226.4020993,488099274.2627426,470419982.07293314,470036702.03282934,463754095.6425769,357461042.71686584,347953501.005664,347028890.4095682,351665377.5407577
2020-04-30,654200095.4583197,632546051.0209068,631673880.3745685,641000151.1551628,501742032.2242409,484131280.1575092,483718704.9501567,477243117.4485256,345553363.3049502,336412394.7610346,335512249.66405547,339883901.3011295
2020-05-01,678599687.7349569,656960542.7195612,656066787.8583735,663510767.5441947,519972790.3799106,503124776.40711033,502721883.06639594,495422380.1432156,346159720.89803845,336372624.47169685,335458248.0143108,340202324.00104386
2020-05-04,696719186.7590531,674777638.0784107,673855190.5757258,680867290.104318,510338519.50949335,493018134.8765193,492628321.00707483,485822746.2359105,337119486.67711556,326255651.7373799,325372652.6388109,330322613.3674524
2020-05-05,735447977.2929316,711686383.8794951,710702180.9679086,718718612.0656366,502223267.87568015,483448034.9633641,483058836.8131426,476393923.78929275,339968958.54996145,327855790.9742792,326966568.52902865,331887797.0201431
2020-05-06,757373993.0190377,733235603.0758609,732232796.6023346,740261156.5680988,497708713.3789372,477969316.9664868,477569682.70247793,472026644.61613417,335928503.6507571,323540580.9593091,322674012.055127,327868998.65973383
2020-05-07,750348324.5057069,726155271.7402775,725172294.5711786,733732223.2328883,498667476.65234995,478164436.1117985,477772784.32375,471202509.8265269,331493753.9971492,319312698.8586666,318457287.237201,323326379.32249606
2020-05-08,729061713.0054629,706630136.3789588,705694802.7635653,713436127.3867432,491693111.9450779,472846652.15972793,472445343.5659612,466526544.8703327,332844412.9434115,321837092.1985806,320985220.8833997,325541314.3001499
2020-05-11,751636859.8086581,728468205.5401027,727495525.0088768,735098584.3388401,495570697.6165548,476434581.3478266,476053650.2479854,468804747.69545174,326606350.2944037,317185728.052636,316342879.5595442,321365390.82958215
2020-05-12,767557856.4080098,746799161.6172699,745825237.1037364,752523122.7605351,507844129.9548888,488226472.82995045,487822696.33171326,482200681.40523183,321527850.48249936,312800116.05202717,311961878.1185397,317429245.68278813
2020-05-13,806178465.0726781,780670998.6446432,779652522.0733147,789800613.9894167,517054409.6641363,495869300.51117927,495462820.9214542,488897008.31830484,327444282.45591056,315885290.9197742,315021167.41131413,320482946.22322625
2020-05-14,798845730.3441908,773492384.5149654,772484113.334995,783399681.5732706,513072420.41092706,491177012.5608357,490801330.40895003,484982673.1667256,326340154.1688604,314401192.85653716,313559667.2375019,319154040.08224297
2020-05-15,809690492.3020779,784020000.8192952,783007947.4440264,795542867.7141055,499400181.1028242,477635339.2627939,477274596.86425585,473330519.5510455,313221719.7817356,300473420.9102912,299660721.0396973,305485172.992639
2020-05-18,783138204.7288574,761890471.8124338,760890694.5152054,771056432.4194227,479533695.53992665,458061027.47437006,457674896.3139382,458208630.64687186,315083286.080198,304790041.7577074,304002299.36787623,309462781.51833963
2020-05-19,786595047.3663311,767208994.9771119,766206108.4654449,774670562.7627419,485142712.21988815,463385356.3469052,463004700.4262007,463810539.7243513,312912831.20312923,302865272.90426385,302079030.9177011,307986480.7440323
2020-05-20,781431930.7944406,763570323.7488179,762553406.6968297,771051061.8849701,479085827.1508626,456123741.6567655,455730957.5924043,459063573.16439545,311305167.1186677,301927920.4319755,301147826.53772366,306939437.49423915
2020-05-21,751143542.0851525,734322010.2946934,733341749.7382467,742637378.601082,468688414.6030443,446426568.7776033,446028354.31359917,452013400.8278407,311506529.6450482,303602024.1240312,302822095.01657903,307863798.2239538
2020-05-22,744598078.026419,729479967.5728775,728538422.9328188,736515107.6650668,465796527.80791515,443409766.34783465,443020466.583617,450205415.3258624,309811991.9405899,302387111.6287272,301605461.2443339,306947080.65203553
2020-05-26,687109608.1620268,674234914.4002174,673350607.1477255,682193662.8233434,453568695.33091086,433664191.11610514,433239203.1978331,441618404.37374425,318492160.0611833,314342909.6293418,313536773.87107086,317824260.0140374
2020-05-27,653218029.4502629,640359177.7547888,639476528.6781557,652367827.8897803,443439596.4493284,425084902.8807876,424664006.0826568,432915483.90605974,324236545.6677184,321978987.2734668,321152116.0144113,324591774.9289375
2020-05-28,672561119.0484434,658508151.5033587,657577585.2373354,669811391.1692302,462801855.96149397,443463557.0273407,443053840.37080234,448707897.1754497,327379970.3651328,322830942.22022223,321979840.64289767,326128619.86764795
2020-05-29,716539103.315533,703031001.197023,702070455.2217015,713394163.9139129,478998410.54818046,458574206.52437854,458155022.6798431,464717910.39997697,323111553.667503,317726952.66061455,316892191.01517975,321961484.886506
2020-06-01,698312585.2770612,684654717.1473696,683732591.1796038,694082103.2782133,465785459.8783112,445444023.3128092,445035684.350169,450877097.37590665,321428190.7298816,316033288.11541045,315215589.1366028,320168866.5117032
2020-06-02,667729204.3251104,653778448.3601812,652898469.9118657,664095784.5773505,453031643.2860576,433952835.4108107,433532672.4489996,438959986.9626622,327945865.1178346,322702809.26789016,321869020.6713775,326771038.4745424
2020-06-03,606997204.574503,594702563.1702749,593879375.7111695,605724950.3904421,437294875.02457565,419091167.4312285,418656797.7407139,425587424.86299926,338370399.39116806,333752151.2881629,332892452.3985438,338726234.97406447
2020-06-04,569421589.1858592,558951751.0832021,558166649.6005707,569766384.139631,422266272.7201236,405014185.01038784,404582934.25059074,412630722.8261214,349152317.2877968,344405764.45644826,343520232.39868706,350575953.6290208
2020-06-05,511627619.5735425,502629097.62159455,501930655.69609535,511159996.7266317,390375097.5442894,373666080.3261293,373253115.6270239,379665811.45745194,373938859.8102205,369047364.28353673,368109650.39696366,375810655.9700295
2020-06-08,440778514.306622,431492490.8205489,430843220.2686754,439329238.5228391,361289083.631002,349639938.4996988,349238371.27220064,354194090.9986998,390330958.4352949,385300366.8126743,384320787.3843526,392440445.97874254
2020-06-09,499371894.5357633,489213715.96579367,488508976.13676286,497190253.4132388,381417446.5113691,367864285.39902914,367440429.20330787,372862401.1950104,372745829.899204,367619762.9079642,366681394.91078913,373941434.38989973
2020-06-10,573650027.5320392,562200361.5495962,561454019.0443262,569848188.023113,417687819.99655205,401092053.4045244,400664947.4331553,403840313.76771176,354766600.5764355,349565521.3779733,348677861.14065903,354955036.0268235
2020-06-11,634343929.2704525,621021415.32359,620200747.6801449,628647765.7174332,443232846.51423717,424718106.2888232,424289135.45658076,427005818.1034412,340725601.5194821,335381496.08441156,334518971.3976682,339525238.0797182
2020-06-12,599324230.2680641,587232857.147526,586458048.3736211,594874734.4287652,426437615.1457995,408709072.19575644,408286966.2766153,410754857.59700435,348490333.8932824,342842714.7689806,341956226.52175957,347782717.04209054
2020-06-15,623038036.9727517,611134141.3058742,610370504.5222313,618542972.2347409,425145205.1748205,407474438.26356375,407054400.6628109,409978498.400205,336956097.11463493,331168831.43217385,330300356.9637732,335928281.3986038
2020-06-16,597759388.9982147,586912848.9535227,586173906.4413563,594798271.3786168,411660157.63132757,394787662.09848607,394368471.1053969,397177883.61472964,339859473.6519858,334020183.6960224,333158341.5831457,339315290.9776062
2020-06-17,631433254.2314688,622027136.1487393,621252869.2113622,629788977.4884652,427051273.7418442,408910994.6595738,408488747.81752235,412781837.4935928,331534961.8376942,325645813.20629084,324805207.951368,331290618.3307435
2020-06-18,635010356.0004252,623996883.5020086,623245399.1757578,631930040.6666222,427230702.6313066,409308087.87112695,408886185.8372096,411448439.6364362,323257737.641225,317019260.5916887,316176355.94510394,321704695.1154507
2020-06-19,665801759.0031891,655381665.9484308,654598524.6166915,663016961.7580626,436714019.9804711,417054638.10609084,416651066.9520238,419161459.7979959,318273216.42851907,311476543.4603241,310636680.6348001,316361793.55288476
2020-06-22,683011634.4751729,671767200.7205505,670961499.9786538,680148471.2315341,443549061.8190843,423336383.42964953,422927472.60578513,425328054.8443185,307269606.1264265,300673177.24374825,299859369.72100544,304936455.2794351
2020-06-23,689897706.0696441,679736961.7221832,678932466.114748,688250824.0002617,445005424.9455891,424181139.8721074,423775900.56635743,426753818.5045664,307242538.04357266,300704531.0029697,299898360.6028127,305630548.837721
2020-06-24,732516674.0281041,721385289.341393,720551703.845673,730764200.4651246,460730543.80761397,439538154.07300746,439126108.62314224,441779060.0807821,296832921.26424,290020240.48484325,289226627.5579078,294236263.1881524
2020-06-25,741986522.2178626,728964689.1342611,728160764.057933,737144291.985846,463231345.0531352,441157779.12431705,440753833.0320996,442091379.47985965,293344886.0408918,286375093.3140643,285574119.90846527,289644276.03247666
2020-06-26,755243603.4837183,741416659.4111983,740579972.2105839,749043397.1450729,470224512.7482431,446473381.7107713,446091905.7765969,446944271.7733576,287365390.1138725,280625607.0081287,279835179.4459246,283426391.21165895
2020-06-29,740745748.7856156,728159511.9231539,727345146.596592,736750777.426641,460430320.1734596,438169820.8052532,437765481.2268469,439972565.4873102,296904396.5192787,290421365.3660416,289608153.17024136,294169318.57565325
2020-06-30,756037318.8323115,743556713.5734322,742710121.9563357,753381932.0001092,459234172.29363877,437451189.8512341,437036884.61990166,439358163.5916635,296186908.97650665,289698593.0675116,288895611.90468097,293480704.6762237
2020-07-01,762943964.0224749,750318771.9866178,749451926.1531918,759512437.4702387,457730688.9885861,435379176.2540605,434988755.4856476,437962547.9328834,301208795.6755951,294441336.39158565,293619427.5995278,298733668.5481646
2020-07-02,772456004.0624313,759642699.1090856,758837969.1982068,769592596.4018338,456811354.6123206,435802451.0367438,435411911.6919946,437161416.58505684,298515414.6494399,291505163.6486262,290681899.6378339,295918031.13543683
2020-07-06,774422370.2019875,761546263.9639546,760763284.9197838,770832373.4579471,454888568.6760448,433861868.5289491,433469200.5986803,434641111.1733659,295371608.79910445,288369868.92361414,287576254.4414501,292718168.13738376
2020-07-07,821422872.6628042,807742636.7330443,806979474.006699,818265613.3487619,458152418.400759,437735763.630942,437319242.5713017,436309397.6509923,288779078.93410504,281513860.20585537,280734235.6400362,285773445.74342215
2020-07-08,847483767.2554643,833343979.1925844,832581767.7200613,844923310.476173,452395096.4667993,431996209.5232122,431628846.92466223,430781954.9936536,282870419.49706095,275683345.86410826,274927547.81222993,279836280.23496073
2020-07-09,889570700.0354122,874708258.4420408,873884091.7864234,886868650.246382,458431116.5734951,437484753.3562083,437122540.4667776,435613907.42064583,275858442.5128237,268358022.77113804,267626423.07206985,272353202.78524166
2020-07-10,852198120.2949246,837905720.3695813,837171139.9580244,849466729.1650603,449967211.10935324,429440699.1439021,429021054.75497985,427319171.5434391,278444673.26104003,271324757.0942083,270595562.3064603,275286718.2849597
2020-07-13,837541836.9898089,822871120.6054406,822216608.6325575,834658766.5971544,451731614.067353,430248282.8774966,429829245.0258589,429939844.1688805,283955181.21595037,277120121.0649019,276371457.88241535,280887609.22419834
2020-07-14,858135953.6191903,843086780.2615594,842440922.357513,855442283.4710622,448961267.10273683,427972360.01494616,427578861.7904423,427462190.3229519,280150114.2617118,273021041.1801613,272290334.91327536,276527204.4191218
2020-07-15,819973465.0246843,805511783.136946,804903225.4138662,817675381.6786735,430491948.6038229,410347195.26374763,409968431.41317475,410191330.9387653,285127305.75372577,278200575.3815621,277489303.5215562,281759385.7416682
2020-07-16,824840726.1044091,810255452.5056933,809631992.0527011,821757631.398891,440345934.8585484,419238398.020975,418853016.62035626,419449168.6213131,288139207.1690766,280842362.0036317,280121567.8830665,284379857.6201191
2020-07-17,860004085.928829,844797396.3432424,844184784.8302983,856214737.0222042,448146588.98461044,425328297.57552207,424989249.8903991,426017386.9155285,286783698.7904899,279169310.07560503,278456599.7571097,282684155.51632977
2020-07-20,889317203.721356,873586245.5516871,872967970.4247037,884806430.9742017,456166231.987854,433374015.62780666,433080146.9690126,432917853.4882758,276991097.4570739,268994162.8811831,268341410.68149427,272575337.8026017
2020-07-21,859566544.3752273,844281624.5511698,843643672.4410181,855528144.1529053,452814133.9191063,430194832.12646025,429873475.5649032,429684497.3042882,277704481.7643611,269947261.77280474,269309573.69226164,273374803.72541046
2020-07-22,872354241.5420042,856815976.3929027,856139241.8107727,866904780.746132,448453675.14120924,425016985.36271876,424722846.9385237,424935349.3985707,279567603.6069112,271897474.888955,271265694.0888624,275450352.9877646
2020-07-23,847159573.3944204,831991003.4618925,831262143.5837505,842435003.7288187,444201982.76981986,422067272.26499444,421810155.8886547,420512333.100509,287537709.53792447,279920982.54534173,279266446.76450634,283497126.53345054
2020-07-24,846738054.0643517,831080801.7124282,830249691.5018632,841465016.9017235,451061383.25477254,428994848.0787913,428760731.7485398,425973527.6912648,292042490.90845907,284324937.5640402,283652322.5855251,288164700.85358065
2020-07-27,874201821.269339,857877998.9195431,857011322.1504053,868340295.2685826,457611619.4630172,433138649.06005013,432953294.1658377,430505993.59252447,288985398.4304599,281194824.2737876,280556190.4662095,285041295.1682601
2020-07-28,858201562.8604755,842094598.807434,841198652.0249529,853008872.023077,456236174.8561159,432747383.0319228,432544716.6965388,429113159.86187834,291403990.9820456,283967466.3567256,283306206.1190081,287668151.35519075
2020-07-29,841937215.2314905,826050590.0580345,825119394.7714536,836435984.4854223,456395655.148184,433867751.4008292,433621054.02430373,430298595.9350637,296627159.64427507,289184684.96472025,288519774.82132375,293045534.6558715
2020-07-30,854872160.9383459,838726610.785222,837791203.3822583,848629835.7848896,455007551.13045514,432186206.6489527,431924769.81202626,427479535.88939095,290688197.4966416,283015682.99836767,282365942.3519579,286761347.5875872
2020-07-31,868158599.0290142,851745317.9910656,850777020.1257416,861532720.3426402,459428532.7452408,436298655.9424023,436056687.36018527,430476551.8620344,290868265.6983763,282791495.2210565,282128645.95745367,286961396.5441102
2020-08-03,907728120.8663743,890517681.9090921,889665273.1175072,901122015.614511,454559587.39668417,431739909.64557385,431425073.9514067,426312646.22122055,293598604.09923047,285624938.37426424,284951793.5154885,289845222.88620234
2020-08-04,894305721.5489701,877294643.5981915,876365745.6555412,887524603.038681,451929266.9073071,428965754.42081124,428691195.41445583,424719997.1062487,291447680.59984225,283322717.5575674,282649774.9030949,287512474.327417
2020-08-05,884539352.5202224,867658241.6313758,866708034.1998459,878168483.2306304,445161109.51257306,422695932.8956844,422396749.4163311,419160259.27805865,291701142.29550785,283613578.6515175,282925267.0120638,287786650.2767133
2020-08-06,888415837.1068847,871408282.5278527,870444921.7270675,881306814.2153407,446099802.9289707,423196729.31606036,422878679.72543645,419475806.9870304,295079406.37007725,287217130.410875,286532223.50495136,291507750.4530998
2020-08-07,847471137.499407,831180728.9018382,830243901.7296504,841694281.261779,444304857.78120124,422061688.02731603,421701064.73388225,419585544.20633334,302052688.73894495,294055339.84998673,293370324.4274998,298438841.4185624
2020-08-10,790398866.283732,775126557.6268967,774204568.5643624,785900603.4968525,440587226.17170155,419179175.2362257,418808040.3876493,416731372.65853196,307262466.0535619,298817274.9430146,298114466.68877643,303256719.4317082
2020-08-11,759233683.8483862,744491778.2034478,743663680.3057191,754926181.6519538,435529593.4146475,414110494.5196765,413741111.75388753,411588617.7734132,322974761.37900364,313861079.6572265,313158906.7132544,318557550.9139381
2020-08-12,770029793.1845824,755026629.8192613,754213445.0601668,766205223.4089949,439321727.8915772,417755752.64761347,417400003.63677293,414254199.82334685,320039258.1678364,310600161.60093594,309902308.33161986,315240904.56447834
2020-08-13,799628646.5241405,784009638.4214466,783175800.7822516,795162425.5046308,439512520.9014495,417540685.6810554,417201878.3665732,415108020.10556215,316267816.2687351,306990133.14950526,306304452.57762736,311578256.61175275
2020-08-14,784618885.6497852,769223742.5547854,768342049.4215835,780825401.0223137,434560196.8977918,413120047.64427733,412731623.72458535,410768650.83367056,314116182.1400264,304782459.22571856,304103201.89241,309341423.28555226
2020-08-17,833971903.7435226,817587211.8678715,816718864.4375814,830243833.1762562,435222862.84474885,413494788.33311105,413177974.1992979,411381082.8221796,306680212.59605426,297918605.7156545,297250342.637851,302359309.1019241
2020-08-18,856966062.8346106,840092126.0381253,839327243.2481134,850700046.5066519,445922520.46819705,422655547.2695819,422350558.76468,420577957.90528834,308743177.3336353,299705266.57524914,299031037.46337235,304183832.1224057
2020-08-19,846234696.0751493,829508161.145475,828808136.2869375,839661424.4767631,443487213.8672537,420232426.374067,419898426.2156576,418688252.03493834,308587064.71577466,299684818.5183488,299026600.7469064,304189301.7483108
2020-08-20,868961612.8922926,851752001.024885,851037838.124409,861834445.8639395,447701226.6881141,423833648.8035507,423452482.0849529,422974197.3469776,311735050.3405097,302577942.42048866,301920861.3579564,307126138.7530019
2020-08-21,868879701.1834226,851618267.9273468,850863197.4697528,860591195.1530769,448075454.2945968,424235076.10679984,423846658.1546786,422651635.6373634,309888617.98556083,300744639.4806719,300093978.5145372,305252284.7373421
2020-08-24,820931277.3079741,804516749.0508833,803745728.4987773,814051179.8565841,437876401.8694797,414792386.80540353,414344719.94492674,412803455.29800755,323575251.42204344,313981542.48582107,313305195.79073244,318572312.12703115
2020-08-25,833125393.5478699,816424565.7512625,815691846.3353528,825917031.3833421,437513498.6226522,414258538.5256541,413816099.4129967,411665612.6177789,323598206.96390617,313490850.58027697,312806361.54123473,318070756.4607113
2020-08-26,873203134.8131007,855691370.8735453,854927668.0207835,864912883.2761685,442674754.3067882,419014247.6130068,418539118.17003596,416848509.4302743,319860161.69032294,309285375.20787096,308624555.8938641,313810488.97096795
2020-08-27,848542063.8862683,831438910.5348972,830724760.3478507,840578614.4960629,438887392.9954736,415473053.30006886,414940173.1366865,413017001.00953776,328913771.0139398,317207244.47475386,316524642.3331511,321843242.684593
2020-08-28,837393539.9448997,820417200.5260841,819658907.3756388,830385318.5201263,433754546.54635483,410929751.2017472,410326276.5112582,408559577.5809271,329936525.75194854,318085721.9208325,317394075.48456204,322734505.7954747
2020-08-31,865224774.9712946,846367178.2516787,845605389.1482016,858705011.2757647,436259846.4482344,413504389.46055436,412917615.17562467,409653152.75793946,317995061.8960628,306223409.4066565,305535746.42369616,310667774.17703944
2020-09-01,875924743.4442232,856781873.1960951,856010892.755321,869060299.2654386,440733456.89651,417727254.8318053,417205616.2597952,413368617.25842,304014347.54313564,292647878.54709804,291949933.437578,296773730.42277664
2020-09-02,857762307.6515833,838960499.9722989,838155684.3905063,851242547.2929914,436517072.56578577,413530154.5201245,412975424.6895338,409451225.3647499,306906738.48627824,295530748.7031558,294818710.01891387,299937567.3642493
2020-09-03,795017385.8889894,777523171.8162973,776691410.4407713,790705334.2072145,433221897.4641897,411492484.62274176,410804298.0061695,407962472.40402806,312475099.35947466,301100619.63173217,300390808.5522387,305635942.8269584
2020-09-04,765460316.0631351,748551668.9595416,747705000.5555874,761754741.2550402,431065027.51681435,409445889.9222458,408670160.67569953,406824918.0363674,307683330.326047,296655846.04835546,295950995.53869325,301108078.4504394
2020-09-08,757452379.49487,740669653.0239198,739856688.4125749,754501699.2243403,429950471.69615114,408416210.3364087,407650874.6914732,406047858.4530406,307079822.26509726,296410122.58573765,295713207.6622798,300584075.5868874
2020-09-09,795984962.860785,778307050.8515803,777499778.8387191,791983479.1378684,433263520.0243764,411257392.32900935,410568072.8893889,408729977.7586093,305656004.4760297,294975088.3976785,294261048.9305986,298928647.2307306
2020-09-10,790274028.0733087,772221529.2309715,771461638.8108318,786023083.1218468,431646671.27844363,409529277.9495924,408845858.29163605,406987610.9247926,305847677.54636484,295124063.1789912,294393542.3329578,299122009.0306696
2020-09-11,782525900.6774274,763543796.5575656,762846393.9326749,776653981.6479101,434407290.2413603,411583335.6475754,410886758.57479566,408737051.081837,305279705.54094344,294960428.0134216,294222578.2937601,298620118.71371436
2020-09-14,803636102.639586,784604478.1425073,783970777.7828327,797130718.4610865,425945167.55882514,403373250.9037842,402700832.17629737,400845303.48654765,308221350.3860964,298193937.69658774,297484196.18626136,301528012.0927271
2020-09-15,825463602.6413398,804907211.3022019,804270199.8003833,819142257.4858363,428100433.4025003,404801198.89239556,404199470.25961703,402407056.87948406,305571666.788959,295331168.8694752,294644520.5209755,299039476.87272286
2020-09-16,805004681.7194471,785177220.801087,784597373.8174312,797236900.580987,422901737.1359429,399784675.789518,399215283.665929,398047047.4351703,311969994.253343,301984442.2100555,301304514.7111052,305323376.8269078
2020-09-17,808000934.1872284,787694205.3994584,787149110.2428939,799947710.88383,426873210.7572877,403410364.3182374,402862674.4010096,401720316.7873733,314613453.01723266,304290949.8150627,303599926.440939,307771115.0862684
2020-09-18,835606469.7869848,814335616.0016555,813865070.7497734,827308155.3214933,425451144.8292981,401537111.2282376,400938608.0149859,400163480.947052,312499110.64834076,302008102.8407619,301323389.8534349,305468958.5850899
2020-09-21,874898637.7787392,851320942.1001686,850765109.6914897,865886103.2257265,436473892.9549782,411331062.1935926,410743904.421416,408759421.2482606,308931233.2799007,298361854.63006324,297616095.89515805,301461639.7510035
2020-09-22,879805511.0586532,856055263.0143509,855495602.8078835,870993476.0467066,439607602.1575726,413530549.5836622,412969901.8072332,410561165.0403609,312144268.9493989,301331483.7315765,300585216.65763867,304711199.96507925
2020-09-23,861251070.2356461,837857485.2228436,837297740.7293493,853433346.5140864,436517217.2852476,409800537.8861543,409207628.57662696,407247022.25958484,313754036.97152084,303304126.77885425,302540275.53633153,306537805.28804374
2020-09-24,863745156.8235209,840250900.6677305,839648985.112166,855829643.8991529,440492087.8677191,413365897.70534486,412734246.22476083,410301408.27638197,312827524.6168555,302439062.7509827,301674995.7111375,305580816.04538673
2020-09-25,872455010.2011118,848725201.9042462,848152486.5165312,864220242.8696238,439037837.35277885,411530984.03862935,410924353.6013026,408005749.48124033,311179150.5681751,300779773.54424757,300019138.03743696,304020753.7950887
2020-09-28,865089977.3181075,841470649.6138194,840833919.1887231,855913592.3606282,434336176.91638744,406652286.7891795,406024983.155236,403516571.61243266,306031773.6572148,295917129.98740256,295187118.7621553,299095042.4219689
2020-09-29,888843168.2147309,863796073.1171963,863135953.5147368,878183694.7473885,438954416.02134824,410646015.41531163,410076051.57327145,407485520.638355,308079336.33117074,297377527.4323142,296645230.4406817,300727459.9853291
2020-09-30,895329172.3888925,870191945.9935431,869551653.9724233,884681252.9163858,438232938.3112339,409938933.4469566,409295621.2969898,406089543.3395821,302366105.9611649,292312043.0780888,291578523.64289844,295090798.9761518
2020-10-01,911162573.6538603,886010841.9144249,885239112.4123886,901721958.0560246,428625254.6526232,400938415.19386035,400274731.6730945,398161987.76442975,300616137.2252966,290608748.53605294,289863208.9613125,293373706.4483194
2020-10-02,879023127.6232015,855002165.7286932,854267889.0843291,871049929.5751039,424403340.6158411,397247864.3506137,396642412.56836,394423764.88769615,301917130.44018286,292124046.49992275,291390468.044332,294716093.0113411
2020-10-05,898151024.2409382,873556769.9807183,872779568.9522089,889374306.0996971,418610781.5489867,391571370.93419164,391009355.77126783,389376455.9394816,307144428.6276939,297129656.10855985,296414892.646841,299857419.0650463
2020-10-06,913376806.1450832,887800957.563098,887181622.4411879,903799769.4151196,418581029.03298205,391146550.4141244,390578719.8213016,388993550.01752436,307436438.52392507,297270308.7037407,296566028.47226584,300165457.50083435
2020-10-07,937841089.3030559,911606826.9514304,910913626.1618465,928727963.7216785,405339561.3485168,378569190.6349928,377957365.4136069,376894120.2069688,309115657.7893625,299199975.3340569,298555441.80917,301939224.122046
2020-10-08,894582019.4715266,869923664.0165944,869123524.7816808,886123097.1009316,403753183.17037123,377464837.0432111,376881486.76629484,377039963.1366945,318484878.26180726,308066113.5808482,307484997.0389682,311137595.8431265
2020-10-09,929663114.5765406,903978816.7818305,903138028.3418258,920383257.1053401,407461074.1016365,380744682.023616,380172804.75659305,379143010.15690416,317089878.4797087,306567956.60139865,305958256.88516235,309713768.0300754
2020-10-12,931075315.3859805,905239380.279774,904315615.8562024,921475685.4583488,412742499.6715416,385656461.35276955,385061585.0125585,383841027.14033437,318649065.8333183,307913352.5985431,307284953.97707146,310997410.64305806
2020-10-13,982349634.7246426,954592690.5388957,953669026.8038257,971959540.4157572,414590693.239283,387283028.54515994,386792664.67008096,384597420.2811091,313595313.5935212,302899765.6052876,302263969.8775546,306007164.95145094
2020-10-14,966987094.6746331,939748449.3822923,938812866.0078127,956698279.6072235,415246897.6200302,387864732.3371612,387333528.66816795,385140395.64507127,315121536.2130181,304473341.34632385,303823673.25137097,307325713.0240985
2020-10-15,946467450.9433872,920210295.5001701,919300318.5555182,937259839.4254805,408687191.6097904,382150551.15375984,381531397.3076492,380144360.8994533,317632391.93842095,307099664.76881963,306421626.03271395,309799594.1593816
2020-10-16,951814469.6908767,925200491.7213707,924170667.4090655,942336672.9664431,410718074.67114866,383790587.3547068,383167349.4063583,381836644.83772767,313493742.7138535,302929841.3583384,302255661.3673464,305729678.85876316
2020-10-19,940004963.460829,913385013.6516979,912270172.4753376,930384883.035428,413205030.704027,386040003.71318364,385448154.94230264,383384026.6766038,313098430.7143073,302448369.23110634,301788687.5365568,305295066.6746523
2020-10-20,914237105.760512,888789142.518579,887688761.3907274,905284282.6344554,412182515.4122032,385368555.6648784,384779619.00171083,382412868.3305134,319049227.3268149,308178515.510038,307538584.5550763,311116375.6475299
2020-10-21,887056980.8986468,863089159.1528634,861949475.1773459,879850972.1968701,414833252.78331995,388219985.62884927,387572825.3798527,385081695.3059382,318175901.25375754,307247062.19380826,306601560.5560567,310208357.76929295
2020-10-22,849194885.0970298,827133491.0150102,826004139.7429036,844699226.7724249,401693117.9470484,376374260.45832783,375757104.54299253,374716038.755345,324191221.11241114,313323902.8501998,312705004.7120289,316212110.33458513
2020-10-23,850608859.246918,829236933.6810477,828054867.0474304,847087220.9900014,399928298.68044096,375010959.145597,374390789.61075217,373441978.98600113,321709995.7677875,310960041.14729017,310413120.7492996,313925641.36091846
2020-10-26,873015119.812179,850048486.5142897,848959854.9253745,868005458.6095161,405435632.6537441,379502294.961426,378875342.4233109,377766172.11757016,318689514.9611173,307945226.2466421,307360164.2928198,310898276.69180596
2020-10-27,906802087.4518541,882126716.9603986,880993286.8685005,899479970.7133623,406610913.39320344,379994979.3114058,379400600.9191103,378819632.04487425,315395760.64240706,304649258.45981634,304055532.5737937,307699435.5623007
2020-10-28,914779275.2136008,889436689.9727697,888387296.7954866,906536683.6442763,405676271.0426139,378246398.4562378,377634319.02064604,377174754.7138856,310600217.15815234,300109051.8638351,299489575.2956045,302984821.8604088
2020-10-29,895877273.2932115,870672101.8840902,869568208.6257422,887928925.9829051,398838018.5944564,372128081.51166326,371501206.1585035,371456850.55009,312324980.4444281,301725517.4466803,301112742.16960496,304677737.7764507
2020-10-30,853431239.1729912,829349582.63876,828355770.2410113,846095214.9562966,403314834.79704916,376153832.2175192,375599280.1025322,373978101.8830191,317245428.70818335,306705728.8100092,306081897.59637064,309494260.4801578
2020-11-02,842144310.4368486,816844285.8574959,815910758.2512695,832733508.2137446,406032901.0695182,377925403.7539709,377277364.79253167,376533816.3328114,311317302.5015467,300769155.90864277,300154944.767197,303323826.1876875
2020-11-03,854766467.1835179,831595305.3032027,830734079.9730954,848879548.1052912,405065054.3305941,378379942.1014243,377760676.19311446,377055823.35649925,317703362.1445805,306860998.0833951,306261707.2982959,310100626.3503248
2020-11-04,897882680.8535709,871495100.4705527,870502418.657697,889101707.4759777,405712778.99489236,377233465.05415064,376817452.8242503,376130876.739752,326000891.5294007,314755637.5746106,314097666.8423591,317656037.057365
2020-11-05,902138835.3414438,878043813.6775883,877091818.7125181,894351722.4618229,402575439.57930326,374929930.847853,374528933.9939605,372966550.4109258,323536862.88115853,312252460.63187814,311621497.83787245,315726086.5119311
2020-11-06,920835695.1727732,895956808.5577468,894877740.2923901,912961804.8716667,405512928.969175,377469824.6891452,376998541.47536355,374993703.6140757,321309883.989616,310023651.09142613,309321143.1666233,313009862.96707845
2020-11-09,710944414.4651144,689859338.7049682,688768217.9201329,712384100.7418407,387260953.4705417,363409942.9821638,362683592.58766055,363834947.09619516,317785417.345919,306255219.2674565,305751353.2194212,309924269.86822116
2020-11-10,701049846.2628329,682028900.3278968,681197369.3656827,702781911.4877156,383132057.46391255,360420930.682076,359781968.7547201,361854800.05708605,315757294.4428599,304602319.2826173,304115635.80139077,308797248.3478481
2020-11-11,776196765.3380157,755058890.9473456,754155006.9145312,775013916.8185117,388846612.3384537,363951219.0545187,363416845.4071559,365225115.4020186,318389020.1078718,306838596.16309595,306298730.27776533,311133267.83279055
2020-11-12,827079439.8600484,805206312.5753814,804316885.7630057,826954454.7701577,391312880.17254865,365863306.857735,365358664.757839,366267171.8257419,319414702.7657671,307671878.294147,307076281.6922996,312150023.4058488
2020-11-13,796142564.4396772,773416610.1635051,772637773.6942966,795099394.8366251,380932398.10082227,355983418.9051872,355397398.0526001,356634873.785938,316459525.62085634,304885406.2070958,304279133.06389403,308815889.7137957
2020-11-16,761231431.6398962,740593067.7217513,739980161.1399436,759354816.177644,377145326.51142216,353431538.8745925,352707390.7552356,354405804.4890924,313579841.11648655,302117479.5085066,301555762.36011297,305737528.18589884
2020-11-17,747617075.0765892,732545436.8844831,731886387.4562364,748402316.9822425,365889135.2805542,345044415.49613047,344340129.57487315,345245717.0264399,311900293.0366575,300408103.483551,299838604.81140995,304077338.91187465
2020-11-18,773839422.7090225,758819010.825688,758271331.2197975,775101355.0432372,368390660.6427312,347679034.39998454,346978419.98300046,346841427.4560465,315807579.0805464,304214347.3901141,303648241.7426292,307857326.75983596
2020-11-19,786518640.7638621,772354834.4543606,771750737.0167222,790374624.5816293,361442909.9618633,341940681.62276924,341183390.4834724,341390064.59801334,319144293.98379546,307555335.60689825,306996271.55849135,311766240.5309739
2020-11-20,806676768.9895345,791089909.548406,790538807.2157353,810644543.2182114,360026088.4176007,339662974.20571226,338946764.0484355,340548295.71511555,316555631.7568971,305012539.4800685,304422187.5204162,308959722.83332366
2020-11-23,800164297.9645059,787464713.6414738,786940601.8730745,808679162.2248825,345171696.74325097,328346723.89181966,327574080.2054485,330001033.1278945,345636259.42009765,333477481.0604981,332954037.5874269,337969956.80849177
2020-11-24,715801186.6880887,706235456.4959037,705457545.5066681,728220687.6648962,340230732.9623742,325865097.0581607,325048974.4054824,328557883.2852761,337427551.8301839,325635955.8029093,325165017.7027054,331415978.56352955
2020-11-25,777276025.6592731,767643407.2766417,766864937.1619967,791865883.4448936,337890349.68127936,323939053.011486,323233481.6336078,326907693.1248969,347520457.7023695,335284231.8376484,334784232.54157,341569429.3895567
2020-11-27,824330001.5644518,812755846.617361,812006659.792654,838352221.0944666,335117454.52706724,320593909.5492181,319905225.8072821,323336155.00264317,352352096.50612223,339772923.99630773,339210728.1575688,345914786.7098645
2020-11-30,904303643.698847,892912707.9219753,892314603.5399132,918697965.0774424,339666596.5518381,324489740.89942205,323871107.36199206,325766871.9308282,355276157.79003775,342577618.241046,341970848.1165492,349626999.6244382
2020-12-01,889691954.9453601,878753664.7219254,878161432.2370125,904667657.912378,340184344.6502773,325885464.66727597,325229553.3675078,326247356.64437366,371972734.92071617,359276204.72783923,358670966.8570972,366493067.88266337
2020-12-02,853729949.3204101,843762850.5251001,843147419.8362138,868684925.1394219,335096103.430094,322231678.5844366,321560239.1204728,322310402.13541275,367596848.453333,355669177.6494851,355117479.479791,362600197.65846395
2020-12-03,841299615.0800494,831410845.9771012,830726530.7886876,856754438.6186172,331602306.99950933,319221160.2999132,318519655.47783774,319741513.57651633,361166396.389308,349784801.688177,349284686.55498135,356345709.6477046
2020-12-04,811145613.3284556,803208244.1528376,802409325.916812,828113882.4606496,321736346.14192575,310139138.8173991,309412531.5958236,311699717.2212669,353791057.16749746,342870774.1590791,342420450.6258031,349231933.9406045
2020-12-07,847357474.33051,838808824.6214466,837951318.2885305,863863433.6136705,324324656.5774707,312256548.38694113,311541686.14831376,313438223.29291487,351057258.0104897,339756585.5669692,339278602.6684099,346283051.53796273
2020-12-08,857306695.3003095,847683610.1004989,846843854.9785337,873780832.8879296,318892906.9597184,306438623.7159142,305689248.49786574,308025992.67173094,345174167.35001135,333564182.1546427,333117850.78621364,340302798.1872159
2020-12-09,822377819.79111,813221247.3776469,812366320.9470339,839737817.9985504,319524148.5221074,307266562.55647814,306541291.1455573,309245397.3516101,349739327.5317634,338326312.310453,337884889.9577917,345162909.8590395
2020-12-10,838268333.1859324,828133841.3810328,827251356.9852973,854331043.1414374,310862137.19517773,298045827.99434245,297334303.5632202,300517388.10994136,347087068.8156705,335275929.803969,334873488.9708871,342431258.7450892
2020-12-11,862289053.0873802,850152359.4991322,849325625.4773793,876973982.0106747,314727420.24820554,300897053.9820118,300198603.2857976,303062870.1323652,354191348.52775925,339259719.6465371,338837764.302158,349097087.43573713
2020-12-14,887272021.8217316,872843029.7598672,872109189.097487,900585142.3933054,314774276.6303014,300524304.5958488,299842616.133982,302828971.49904317,359326329.4650358,343634619.8549772,343184890.1702687,353755224.04484814
2020-12-15,884047172.1080043,871146776.8989081,870464947.8057787,899286348.8179649,307891747.66451687,294194220.53492385,293553265.40045494,296626733.0319725,359334422.05907816,343827306.92144746,343394464.13000125,353636090.3828483
2020-12-16,887598683.0461845,873891993.5010713,873180840.0048258,901077306.9800197,309587136.4089392,295671838.7498807,295062383.6900672,297432311.636928,355380335.6356814,339767219.6251835,339261420.6511165,349317144.78129506
2020-12-17,905473310.8429588,891584869.8089608,890928708.9606597,920808011.06719,310032420.7663083,296461292.0768739,295841189.71008414,298620022.546188,350980585.4611733,335359934.816797,334832001.3700632,344871029.8102606
2020-12-18,922245543.9275848,908772650.1533592,908145308.5756447,936477612.5904863,309910230.85148627,295887545.5278624,295304280.3938944,297102111.0641012,348053661.6817837,332404263.4055905,331852717.1787045,342200354.0258268
2020-12-21,968582154.1414241,954285081.565126,953660129.607139,984038960.3684802,304324727.894695,290257376.1249586,289718322.7873385,291798021.8186149,339955967.1121148,324102284.13523155,323575455.32189155,334126812.2505453
2020-12-22,1018047598.4187089,1002635862.5053188,1001990634.8664234,1034890770.8114609,301838385.5003474,288187305.7685827,287688630.7411876,289864419.9870088,317811785.09624434,301188996.06377465,300662955.7321761,311688279.9403257
2020-12-23,992820253.3399506,980216993.2127945,979577653.4088998,1011550023.8371724,298148234.4850622,286065654.8708546,285532826.0301392,287241815.81817126,321270482.01732326,305621178.5376729,305151277.47123706,315819656.11723
2020-12-24,990739666.1115712,976863250.3054272,976240555.6946564,1009030588.9901366,303086202.1883649,289847448.7833454,289328411.46912485,291271331.7120075,325302692.6174248,309386493.2986496,308870372.24361473,319569942.827549
2020-12-28,961802047.7342353,949881661.5116624,949339189.6738874,982923766.4559625,311818981.0253063,299188912.67248553,298669421.0009436,300427076.5845917,313371345.3513925,298578381.06499094,298019576.4445841,308422409.8193518
2020-12-29,965332493.7729429,953218681.2571354,952641557.3857054,985149497.661999,317175711.7020717,303590487.6394278,303097194.4511134,304031040.07316846,321679373.7562899,306939217.2768502,306378212.39306194,316634481.81630486
2020-12-30,991809853.2376726,980038688.2801961,979519264.2430686,1012465494.081911,315729189.6782878,302871032.2004447,302395540.57998395,303207469.74640363,315119697.8649294,300729984.9751639,300191658.73417526,310276141.9750605
2020-12-31,999538716.3185757,985896087.9993111,985519095.6123999,1018786315.4955435,327902009.0722064,313724475.53145623,313214565.07949954,314664259.592295,309559172.1071562,294676208.82789385,294049014.8506059,304085874.34416187
2021-01-04,1007766524.0089312,993992743.5186045,993578281.3775188,1027674054.9434009,336159868.66373295,321350953.09018433,320965202.40752506,322709267.98832256,315790112.9957761,300642019.6856075,300084621.88760585,310175263.01441425
2021-01-05,990666789.8685971,976399642.2316172,975901742.7296741,1009053181.9440476,333795651.7844066,319094274.771969,318761086.1291973,320178035.2674758,311128117.32119626,296027085.89539933,295496758.29045945,305642067.5605147
2021-01-06,983770347.3539162,971094168.5536789,970670963.3935299,1005754922.2501266,323167624.7693676,309401648.3981103,309056375.21421605,311109528.39663905,310744877.6473168,295711365.64159584,295131046.2825042,305235557.2276514
2021-01-07,1053698157.4950008,1038872891.0415058,1038449749.5644368,1074014880.850157,314006623.2292588,307896674.8751004,307622542.881134,309532629.5586902,296590583.14324594,281925857.236907,281415587.98281395,291346306.1795396
2021-01-08,1105097431.0492709,1089748416.2969427,1089418839.019435,1127509652.4640756,316868918.4515276,311179307.96749485,310767872.6887974,313226911.5266717,289836984.49861884,275311980.471804,274802676.8304146,284661313.78602576
2021-01-11,1060053368.428501,1045645100.4336435,1045259996.6746455,1081584379.1265626,311925403.7341642,309596025.94670534,309238507.6253912,311031812.898894,304312479.5947231,289188166.6654315,288703974.6163879,298985762.1695378
2021-01-12,1072356675.0751688,1058251725.2611367,1057844915.5077908,1094742690.00478,313673398.20234776,309373457.83077586,309069829.34273756,310780304.721022,302201403.0884822,287423164.9147354,286963927.099492,296932360.68078125
2021-01-13,1076928762.5965426,1063485962.7271899,1063052081.3530594,1101898601.1153152,316806091.94647634,312150841.4783739,311859833.8983381,313841545.33138186,306721669.3930616,292026997.9594116,291555130.7562331,301333160.7077099
2021-01-14,1054449494.8327858,1045380718.7791617,1044822923.8048488,1081349715.2168941,306218232.56970435,307777541.7628952,307514303.2399857,310641642.0074865,308539602.7946948,293979161.9641761,293575709.1898088,303240665.1165594
2021-01-15,1046199811.5189985,1036131418.772001,1035541066.8413872,1071310165.5669016,311123081.22669065,309466849.0331639,309147184.1838573,312069649.827982,320339339.4197122,305666184.5078774,305240106.17839414,314855855.7802325
2021-01-19,1060934245.3030423,1049229329.7631648,1048627036.2054877,1088193657.944741,316303555.0807014,315664174.008855,315358665.73964953,319115109.29077554,315113292.0906911,300691730.51926714,300314780.53311205,309740705.86543936
2021-01-20,1050775146.9725816,1038591895.3424416,1037988763.7797229,1077251275.440825,317302576.20222133,316187089.9789338,315829491.00748587,319718829.53621167,317901833.6762516,303524231.3466159,303107153.82378566,312421744.0338669
2021-01-21,1065982829.6221861,1054069787.8739268,1053664682.2855092,1092611292.1046302,317415523.35078806,317034865.0171248,316687749.25430393,319396174.14326584,325375298.20799404,310712825.78644395,310306172.52391386,319777820.0086224
2021-01-22,1104845119.9927726,1093381891.619829,1092986978.847716,1135232295.1078868,311658897.3115369,313837080.5635526,313518188.33737445,316382385.29465103,322764146.6777746,308114613.9810048,307701718.91453046,317253353.9042781
2021-01-25,1109788944.8314695,1100728006.8320162,1100300265.1448677,1152235316.7028646,306068546.7452539,310393547.81445843,310023258.2980149,315395494.91526127,336389246.7191494,321130154.68173164,320727400.33249956,330679667.1873452
2021-01-26,1094021387.2011,1088133153.8469822,1087854300.6373663,1146425147.565852,305418545.21661574,311764745.77110827,311343905.3155161,317629855.4839961,355303738.9031104,338888248.97660124,338508456.02196467,349266753.92594
2021-01-27,865428838.3427676,862548987.5732569,862323694.3373994,921935623.1396437,340207345.82023406,349959944.7810411,349325985.1072757,357080632.42325485,425233813.45398337,405531195.329465,405282903.37196934,418203891.1751389
2021-01-28,1010183321.7079952,1003546535.4304885,1003255327.4899673,1057338434.3425648,311853435.9007192,318594728.3966819,318091527.853994,324109278.09906393,368505504.46039546,351257708.7388369,350918565.50295883,362197472.5498348
2021-01-29,1011676460.8192213,1003486087.7499223,1003392434.4020531,1051737272.4334673,332064426.2405138,336154824.8645395,335704809.04001653,339901127.48013943,386206449.91110814,367920307.31495523,367622522.5694238,379630565.46685064
2021-02-01,1029825498.8786478,1021417827.1348599,1021337993.2003844,1067101662.6562175,328027858.93829256,329031594.14579827,328642259.8568835,333637311.80222887,382450294.2904204,360451533.71392894,360162023.4349017,372159461.5519646
2021-02-02,1048401832.5757351,1039779287.8766129,1039661197.0195293,1081479306.1801825,341048132.8054048,338823524.1582884,338497282.6059706,341032852.08040965,396859507.5637314,368508006.40552914,368191296.8081523,380832886.138429
2021-02-03,1032095400.275311,1023535107.4227116,1023392634.3410424,1065281794.9825627,339850295.3115153,337781621.0795962,337511191.0951185,339587263.123283,390389875.4628372,362080916.26607853,361827227.0456142,374253059.0921073
2021-02-04,1033199459.8726531,1024561445.0352271,1024371723.7862247,1067015912.3538779,342795766.3171455,339881994.87342656,339598082.04352885,340299661.08260244,397103584.43799895,367903346.3177176,367583591.3671389,379799613.2809502
2021-02-05,1040366081.5182797,1031600475.0945812,1031394274.9882531,1073708681.3435471,340428937.9406254,337326820.66769034,336983288.3984362,337575153.3804413,394242010.7619823,364928992.72710294,364656198.2025979,377151875.05057615
2021-02-08,1051744341.9471642,1042814420.3389033,1042632658.518583,1084989979.1939569,344196470.1616791,340850483.4429331,340505181.40990216,341578131.72088474,369926358.41107965,339834157.44030535,339546256.1464954,352254924.5277243
2021-02-09,1078701883.4340854,1069484266.8544246,1069294975.7178367,1112041852.1534584,347276534.6527872,343593955.3666697,343242056.983619,345329998.7904966,352174664.5446037,321059586.5794919,320725695.8232825,333501118.9905697
2021-02-10,1021672029.1187387,1012838399.4044744,1012625901.8469692,1051285609.7824321,345373825.1266061,341758795.8317435,341415515.302385,343010239.81373596,343526324.18707305,312550858.818664,312193794.17310154,324824414.99318665
2021-02-11,1103628485.9080796,1094083800.030164,1094103794.8019214,1138012011.4739718,352131013.8320203,348692961.4570998,348377150.9332047,348739590.3669399,356661228.64358896,325856910.077649,325575624.7283285,337939617.7985321
2021-02-12,1116332728.3531084,1106605306.294033,1106592387.1291206,1150073387.1782784,356356979.7054692,352703420.09889734,352378432.891021,353034521.64764947,347921905.5622446,316625593.9415439,316308091.4938341,328856865.1198478
2021-02-16,1097523080.9137735,1088958592.2492673,1088887630.3715298,1128840894.1831162,365744271.934166,362202480.03871465,361863732.9647407,362868075.443598,332146325.83254325,300246906.0643344,299878783.6797772,312561188.0399712
2021-02-17,1117047057.4190488,1108270006.4710052,1108266578.613032,1148463195.460625,364783274.2417648,360982388.8568368,360643278.2231323,361416266.3191297,338264792.0463762,305661814.79502976,305333638.5672383,318539826.8892889
2021-02-18,1073918501.0756512,1065440809.7520379,1065343892.7833619,1103888684.5611088,369747844.0462075,366101135.19866604,365765601.14897037,366532712.0695448,365909120.6608312,333825288.42216253,333437448.3412566,346144073.1041033
2021-02-19,1096845741.1927612,1088139977.7794578,1088074238.2294154,1128958287.6666822,362272998.5019623,358291755.2766534,357938797.2419859,357830357.93979496,356399631.9014056,323020465.0573562,322711236.5336226,335315098.5304971
2021-02-22,970835185.7117943,963092482.8068928,962981985.3352209,999322685.9767934,356690007.34374106,352893499.934656,352559710.02920514,352613860.96978086,377553650.4810898,346039871.88120514,345780834.6400858,357926744.2564168
2021-02-23,904200487.3445928,896945851.7320734,896805633.0429287,932101132.1598907,344877202.58742386,341220213.11663455,340842652.3744733,340247570.787715,412202669.5090995,382431884.8022177,382227384.5345045,393910857.6594052
2021-02-24,881003586.7170266,873887923.4399594,873670878.4427513,905947616.3313446,346246088.59927547,342939899.9442415,342526344.619687,343308823.2929857,407254221.15884525,377556855.34882236,377371624.8249288,389744727.45417124
2021-02-25,853965254.2585678,847021739.0824159,846878539.187354,878984154.9166857,348275980.5190727,346304112.23243016,345862791.7379823,346409399.24766886,415350184.8906106,387612656.7881061,387398071.2260813,399158500.99588615
2021-02-26,873356884.7287831,866210501.7810677,866014632.0543283,899014679.1255504,337583146.51837474,334835509.14658934,334344172.0176929,334594036.2748304,418694610.5411555,390741932.672271,390492678.53932667,402257318.37713104
2021-03-01,910735768.2715415,904471435.6614182,904243300.4782398,936682868.0359943,339700452.9923812,337085288.1952192,336535786.62765557,336869154.66249543,423641485.2713602,394946866.3101327,394699575.92835456,406652100.42549473
2021-03-02,869345121.2612169,863388494.5052056,863137601.0240464,894212830.0241388,341211995.76601917,338511182.20582885,337971995.51408315,338478849.38880575,411053460.32563955,383372710.01939285,383126990.5618978,394700183.8041916
2021-03-03,806848193.184838,801370127.2467408,801119073.0415198,830573891.2127149,333865400.82651114,331147581.4327184,330551556.86953217,332110303.19313693,393012025.25456107,366890474.2000343,366682986.9545149,377684853.15245956
2021-03-04,753856706.9213548,748760522.2885778,748572827.1127659,776023736.1077726,322452729.0443861,319750309.7197236,319084538.2377221,321362239.6165672,397228500.3745906,371294027.83118576,371080482.0871121,382100536.2860036
2021-03-05,726123999.4041153,721606404.0861597,721406091.7617295,746808669.4025567,323641131.6906982,320854177.9894718,320146331.58001477,322961850.9922053,391744204.93675244,365933111.4668179,365762554.8499983,376538428.8326611
2021-03-08,705116002.6843619,700738964.9628305,700549021.775295,725872482.3930947,318016765.1244087,315197824.06041974,314439193.5915263,319093882.4516738,395434356.5349283,369830068.80060387,369684996.91388667,380465649.47268003
2021-03-09,796910446.2491834,791756579.7637272,791637180.6032975,820837977.02984,319143728.3166027,316238278.31465095,315553498.76828444,319979980.89962363,404060329.3497126,377645402.04881614,377442565.546527,388821555.2511629
2021-03-10,793496706.5504378,788340738.3815719,788214306.3750831,816093421.381906,314363253.8225546,311413136.52164525,310709440.95200247,314503005.26827747,402114179.4985397,375337590.9574424,375146348.34104174,386504957.7851423
2021-03-11,835587476.1087096,830073693.9161658,829850750.6422478,859990184.5998313,316973062.9611208,313744859.078112,313017588.69000274,317187185.5302827,399749719.3179374,372939938.42234534,372740466.0515123,384328486.957199
2021-03-12,820330198.2445489,814924351.1880313,814627914.9978557,844232219.5076035,313715331.2081889,310434350.4328325,309732525.1425056,314160569.83303154,400416005.20425725,373654472.03628933,373414061.00743544,384982130.9910319
2021-03-15,813191406.58661,807826953.9287846,807612110.5837057,837366805.7549118,315198983.8830321,311826521.5512442,311192869.24072707,315474935.8578055,398402777.4014784,371895035.4255491,371668298.8431298,383177936.0433217
2021-03-16,797240642.4156623,791989123.1775655,791892920.3402553,820251644.471272,313478054.9264329,310033690.51115036,309441622.17714363,313202718.63442653,403213371.0161518,376330901.1017962,376095677.6110072,387646555.6839823
2021-03-17,801366517.3347875,796064958.5064439,795869518.1431019,825292583.6097068,318260826.90783656,314751975.91125447,314138475.7464688,318284578.42171764,389994005.30624497,364083630.4784962,363844402.55546564,375147700.22504693
2021-03-18,777802644.9451267,772676122.258336,772629903.9485979,800497100.6515925,321294666.37412006,317686565.09115803,317066966.7080162,320482828.8377097,391514265.835556,365469380.0679828,365222802.4924185,376407682.33039874
2021-03-19,802167272.7753687,796825522.888355,796778826.3721548,825190398.0019044,320205940.0106788,316530481.1708528,315947522.67116356,319200041.4801413,393236416.95708793,366825830.2382403,366561399.4141329,377917100.19507545
2021-03-22,809582591.7816243,804163992.2911862,804148213.8890976,831699815.3991774,319785111.3922405,316038161.59206206,315537563.02896345,318056918.6544614,407385862.89735025,379753542.0306514,379509221.76391387,391122771.089937
2021-03-23,795540532.8345562,790220087.7448003,790418549.0474246,817040937.2377421,324364682.521766,320509969.38889074,320023161.0327694,321789044.0059327,415540486.79108596,387615496.51889724,387350032.14567524,399070391.02529395
2021-03-24,725872507.7806094,721102286.4321927,721305993.5304202,745305829.5998592,330246345.57993674,326275254.330462,325719853.70363307,328037472.9981548,403389879.09396917,376656836.2479186,376418644.28663534,387624879.7718904
2021-03-25,742684339.5079329,737761123.6917574,737938716.2708844,763380668.2830708,321422514.20349133,317443052.5916498,316816450.55871856,320916234.6973414,406638923.7340005,379718356.8514539,379477254.5003325,390883952.85802066
2021-03-26,732821268.701513,727958815.9007239,728092735.2462047,752913961.420997,316352747.071587,312351044.28431827,311736580.6314541,315327281.80208683,404450894.56170946,377593279.7335871,377340081.50210476,388661312.816877
2021-03-29,714191400.9727093,709461288.6257057,709744033.8336935,733510628.5994802,322040505.5251721,317933141.9497849,317321935.9259312,320527352.3303503,406655550.9504006,379683545.01448375,379424996.5636548,390780354.16385067
2021-03-30,737262732.3075414,732325489.8071017,732534740.9843429,757884095.2553785,317461912.0681051,313327674.3970857,312608318.1879017,316232653.3180284,403264128.5382523,376555307.0634373,376274807.3919027,387640362.9742806
2021-03-31,783348334.152883,778033050.0852338,778177953.2268018,804969387.2529471,318615788.37145,314413572.65405214,313698052.0059015,317512763.31833094,406766970.48214287,379510827.74830717,379215906.0186636,390760111.1343491
2021-04-01,789639451.4090465,783766451.6347833,783884589.3951262,810939986.5657182,318804862.24110734,314541133.3251776,313808104.6254984,317307580.4695184,410207467.90668863,382703125.8610271,382411056.2582405,393921462.79188263
2021-04-05,790178356.5282356,784325416.8373871,784519359.4294043,811477419.6479411,320960481.1993811,316607993.17882234,315884021.63180256,319468303.93379027,407187170.2539455,379870528.37833726,379596944.33178794,390984614.58998376
2021-04-06,791992886.9628491,785659550.9864986,785908050.7155027,812883913.8348228,322018356.09114444,317591838.8754788,316857184.3521212,319925973.7175006,415952287.5312322,388034107.88696593,387788736.1417336,399045465.1690843
2021-04-07,769629683.1306477,763135181.3914872,763425061.6346331,789672609.0437877,322239715.6106735,317750820.96008223,316964512.0004224,320198851.5454588,413772699.0707461,385986166.28595823,385789806.17921317,396835068.6668805
2021-04-08,786619665.5607072,779924306.9928259,780284824.1867418,807144894.5856125,324366029.39921516,319789459.5486882,319046175.70638937,322305112.7687894,416855052.8374658,388839745.07165474,388622890.6814453,399916487.0560591
2021-04-09,779740856.7555232,772916886.0417051,773202996.4469185,799747324.711627,326347143.01714474,321685470.1132444,320944172.9311907,324477185.69538313,416607360.959475,388562662.11570126,388321948.5178711,399569448.4214955
2021-04-12,759452478.9789618,752893063.1629345,753225127.8198241,778910660.5036318,321799583.90456873,317138094.51875985,316401957.15912724,320118742.3663808,412675231.11381996,384876217.89652723,384643839.0642268,395889902.7820626
2021-04-13,772346323.5402207,765831056.2008125,766081129.4856731,792227471.9751632,324244073.205146,319491949.6522052,318772538.37784606,322256912.8390326,417349140.60127395,389219414.98182005,388990494.4780654,400222914.2089574
2021-04-14,755960463.5080059,749965787.5613403,750097514.5568305,775499473.5988345,320221755.54136556,315463626.6955769,314720950.75064075,318636301.11743426,413595026.3711027,385695090.646794,385449988.804985,396802681.26664877
2021-04-15,739867995.1109656,734203443.327543,734305892.3555986,759081445.1902553,320485895.27483016,315665149.4574938,314934079.7139095,318768074.33875346,407942361.1140661,380401535.11632246,380163502.70561564,391451037.50870836
2021-04-16,727879699.0782522,721880239.6945027,721943674.4117745,746438390.1900846,319952503.5463559,315079956.34795743,314342011.7023372,318120312.79142505,403558760.64535105,376291961.10470265,376090469.68590575,387097944.8436559
2021-04-19,695957506.5108907,690207823.4624776,690252654.0421518,713460347.8696752,316922135.97660035,312031617.89747083,311240338.0973683,315774143.20364314,393569851.748168,366951612.65989244,366789642.19588864,377572787.7834109
2021-04-20,677145528.5215505,671545731.0745546,671553376.7474198,694060902.9477215,316431923.99759907,311489519.0738604,310735250.59695715,315786115.5448366,391752953.9362481,365235000.04881334,365121107.48033005,375617658.26316726
2021-04-21,706531643.3033812,700863125.606111,700837444.7150023,724641448.4398065,313075423.5684194,308110755.43898463,307363744.0661625,312678854.8893679,404636556.57836264,377234008.21229494,377102647.5995322,388162753.3874873
2021-04-22,711125646.6304376,705404507.9107898,705457810.3507718,729347374.2125142,311215785.55702966,305939847.3273518,305175491.1759415,311190307.9290778,411698048.6779529,383806243.2041927,383680367.9841308,395295919.53308016
2021-04-23,742762159.789125,737298815.4751469,737355084.4061701,762501364.7263469,309310305.3414238,303998753.36427826,303210125.3271463,308451522.67200345,418667378.22513705,390292500.1252033,390130626.22084033,402143470.5954443
2021-04-26,776647396.4863856,771000720.3958511,770985952.2044549,797439522.779262,309566347.3198228,304189068.09138924,303430063.42015827,308979518.6299921,428259462.63047326,399215002.1809383,399008570.88055426,411369530.1923282
2021-04-27,778612892.769206,773280224.3386121,773284853.8386462,799598190.3403734,309316658.41321045,303880288.10465103,303085047.56173843,308341224.642396,425429845.9224602,396547590.5041978,396324894.13805026,408753804.0949471
2021-04-28,777828509.6291891,772326039.4495245,772459319.0631688,798804241.2861882,311831248.2174349,306295554.8042766,305442441.97820383,311461371.27848846,425778873.00860417,396836376.22019124,396600821.7872982,408971278.4485461
2021-04-29,752364755.8183929,746819279.046809,747027425.5320451,772519103.5990796,315617479.00321805,309960154.25453055,309073343.97061574,314785660.5905809,418846170.88551015,390477655.79185873,390301124.82406926,402299308.9291535
2021-04-30,755735456.262749,749866942.9414937,750038577.4749519,775602034.6877038,315504956.4881121,309785731.68397003,308934931.1251282,314958811.473618,414148184.6894844,386060962.2371388,385892271.95967054,397484207.842815
2021-05-03,733141758.4866264,727432923.8072929,727286733.7473248,752111890.8812815,314962998.186046,309197911.18354917,308395018.4179337,314302971.89912003,408805952.333112,381066503.4668053,380900855.3377915,392258061.747741
2021-05-04,717913117.5612084,712307149.1852977,712331668.1058502,736253289.500006,318522546.65415514,312639752.3304432,311837714.8248022,317022654.83186173,405530933.25525725,377999527.32967025,377860133.3720667,388930764.74249834
2021-05-05,710236026.3974042,704674305.980025,704703261.2595402,728364380.3562617,322478357.7138842,316478895.98714566,315708737.0541508,320445529.0247263,398934917.436279,371837283.40273106,371671278.037001,382230064.2254602
2021-05-06,688102114.2118564,682696841.0844163,682621564.8419118,705378599.3156904,324347385.61744446,318268303.46167165,317435996.86190206,323559525.4447419,389208506.1163062,362756647.6152658,362592194.4320538,373049331.93866044
2021-05-07,698365493.1419386,692864893.4627519,692633108.4617013,715710233.1638916,322616864.4382994,316513321.2931343,315692773.16797835,322122589.5241779,389839305.7598198,363332326.05802006,363149595.04627043,373623460.8725839
2021-05-10,661258269.6952777,656030415.3804331,655911448.0474434,677444224.7681006,325074611.2963518,318877384.29364645,317985800.0883483,325123210.20403147,376488680.472732,350872270.3148541,350714896.33929145,361094027.3205764
2021-05-11,670573190.6909527,665258212.4380544,665066798.550868,686971899.2630823,322695291.41284996,316490309.54469377,315624841.5383098,323254311.38162863,381933136.7858362,355934073.41370916,355783337.3940898,366424907.90968
2021-05-12,638426818.4808104,633346403.6249259,633023524.8189712,653823450.7326708,327410059.2426924,321062923.21204996,320225622.0403357,327754411.8849925,384612367.17982525,358420284.11315995,358318953.7273656,368814453.68125093
2021-05-13,624642713.2553859,619655292.3218801,619417375.3668402,639640018.9298719,327935915.9630119,321529750.18695915,320714841.51566905,327447971.6409787,374226826.87321323,348729193.77101153,348633975.11006665,358872432.2078346
2021-05-14,649979816.2792503,644781323.0885162,644362416.3562621,666172667.6992013,321471771.85423136,315144805.4135088,314334332.25574875,320696657.0610796,381834223.7894273,355810682.30162096,355691482.00520754,366633986.85452735
2021-05-17,643333489.5269413,638155284.8340695,637578899.2017919,658553541.6950387,320695384.4126301,314345231.6140433,313521436.1315647,319992154.63044953,377644938.64916724,351895338.1889265,351758720.2689909,362834698.61080366
2021-05-18,648460036.7534585,642986476.3051203,642408289.809963,663697134.4598294,320263548.74742883,313883438.1521218,313025341.99901,319506961.406513,388689784.1526485,362182062.0154454,362048468.5905488,373549563.06197536
2021-05-19,647620306.3090227,642139211.8150458,641748620.4585798,662820340.4555457,320881689.5499394,314453086.0312197,313587377.9858008,319814569.125063,389230135.99731106,362674962.4579699,362552296.12583774,373866547.7580443
2021-05-20,651071471.1267728,645549902.0513502,645145847.2059538,666423667.442497,321120928.9182262,314649262.3691636,313803269.3734383,319862724.5725719,389815689.991318,363208402.2145635,363087880.02967584,374207271.9630847
2021-05-21,651121222.6870557,645585468.9664317,645203960.4195391,666372542.9853129,320287770.5506312,313793310.6188518,312955994.58866614,318885626.9951306,390651383.4332237,363975735.3593502,363844053.5890036,375049462.04746723
2021-05-24,671841321.3248131,666130867.8343236,666017478.3631563,687741774.8618791,323618315.6361193,317027292.37560695,316120559.3516155,321720603.8034622,385050600.0101556,358743175.97240865,358604414.2156086,369570192.2083349
2021-05-25,675904002.7103122,670148534.360821,670011002.0820956,691818926.7741139,323173193.86533284,316554116.1113188,315649852.8182231,320923523.4342749,385026610.6896101,358709790.2542603,358576689.7041538,369461238.1725785
2021-05-26,701508787.1893518,695540538.888648,695301252.6949079,718153299.7941957,315065072.1618352,308548350.6744271,307619887.5352484,313411022.2494963,394544734.7213827,367572018.2671804,367382689.3417679,379321236.13533044
2021-05-27,718175242.7641909,712060732.7857915,711848557.4581231,735320430.9338179,311810499.7660084,305086465.66445476,304166467.81592137,310138146.1119351,397897435.9030708,370684587.47144955,370516620.644178,382829774.9506992
2021-05-28,708268753.704415,702231005.6776193,702051010.4433112,725203662.5966679,315812827.1125177,308983852.0988935,308072993.58059055,313631427.522468,392350159.01310337,365506196.66145927,365352477.9978001,377166573.84606797
2021-06-01,722018983.564633,715725861.9660405,715499871.3722968,739652325.146153,314274512.0758359,307445280.0852881,306551235.89355224,311956957.0782889,387367578.3178923,360606413.8390276,360471437.52550966,372328019.4308766
2021-06-02,725198437.9173368,719440266.2961535,719280473.3448646,742444022.6543344,306760470.6148746,300058904.54240984,299211281.8818735,304201761.58572274,376616068.30180895,351042662.0327101,350903635.28510636,362076407.8227208
2021-06-03,709254565.6227561,703191809.139308,703046988.7085087,725920777.5469797,309807544.9939502,303006330.36138767,302142712.34816176,307462961.78954214,377815999.8645068,351781719.54941523,351620886.94679916,363115101.6406653
2021-06-04,714653445.316771,708377449.2823144,708216501.4565789,731440802.6507839,314120139.6175766,307192034.58370733,306323088.6690519,311483961.21784437,376336575.73155504,350285127.83790433,350098855.35568935,361593794.4768751
2021-06-07,727852864.06084,721847118.2807292,721612738.6243405,746293580.4877161,302746907.471132,296026418.6420697,295255656.03261566,300258842.3417458,378340155.5729033,352263443.2333943,352049102.52165085,363480236.30409056
2021-06-08,715996857.410906,719275232.8723655,718973941.0642015,734410977.7075694,288206734.06688344,281761364.34700584,281129155.6165913,285581229.568356,393817598.25288,366519975.9167879,366305293.9647017,378500202.11350083
2021-06-09,717909836.3343709,723442993.8226142,723084500.0483971,736193776.9219472,295913395.63285166,289264565.2099318,288591222.0759881,293624090.9531487,396149599.14806205,368468747.6144245,368266474.32770056,380658867.332053
2021-06-10,690621174.6982608,696048523.0536588,695459400.7988282,708145379.3086983,305007399.29308915,298125900.01122737,297422052.54684174,302941175.462003,394489021.973498,366857964.846441,366646245.80094445,378953425.6001883
2021-06-11,696385070.5316689,702645914.0018784,702083974.9571515,716195075.7094592,300022786.5125753,293200918.49046636,292442720.5060833,298466753.8692148,400019450.95967305,372139150.0772857,371898520.4485507,384401279.1890919
2021-06-14,708545143.9808582,715060690.3302078,714550518.8724788,728708922.3516601,306797332.28995395,299782693.5969257,298958351.41796744,304908571.97697365,411046699.6858718,382335951.8450801,382110179.97961175,394737258.31830394
2021-06-15,705097487.7960964,711073043.5043058,710562990.2787547,724830464.7427993,310346957.04929924,303215259.32246584,302402285.03351265,308504820.3807872,404595372.3318655,375976422.1962019,375727805.22450423,388489740.4479209
2021-06-16,706234073.7440215,712543113.9834064,711952495.4749662,726693422.5613031,306804691.7069645,299769052.33972245,298979799.05599976,305174098.6147265,408613153.2476304,379798799.65000737,379517437.12263596,392375755.94843984
2021-06-17,705463436.8264818,711635853.9915204,711124157.2286419,727155902.4447047,304905447.28165483,297925990.540314,297102931.83663636,303422205.74023914,419376514.0121584,390197741.1941885,389855625.63620186,402664396.5094769
2021-06-18,704961399.6979558,710451499.3524717,709992458.8458841,725887735.5199076,306058712.8750675,298765880.22150606,297856103.3595123,304521344.60119647,423216535.40102065,393648447.355256,393317414.2750875,406404520.6683022
2021-06-21,704712715.1557742,709943817.8669991,709384995.5022492,725949177.0552596,306140616.2452639,298797124.4207161,297912603.91084594,304714465.6759069,415152843.0028145,386321257.52882046,385982656.13919234,398591218.0313617
2021-06-22,718732783.9690576,724386862.1651347,723864429.393648,740484454.2400421,296071823.8294825,288896234.52030987,288019843.33086544,294725839.62156075,413779870.67902625,387030398.38308614,386687347.8857772,397306352.05891776
2021-06-23,736428837.4643764,743282759.8695402,742848468.4954828,759086685.847319,290466962.9640135,283357829.15346664,282507532.7290231,289150415.5050287,414850379.31736004,388217159.4039237,387857941.2430933,398421918.5922325
2021-06-24,739222164.2391199,745009370.2081095,744527387.4311414,762540494.5700002,292037387.81138366,284839948.0752747,283963949.55666375,291043618.76508504,420161969.3650169,393116887.4601796,392767781.5887167,403522199.2804185
2021-06-25,723580724.2560269,729930234.2962441,729378020.873643,747891915.0294162,288709959.3465934,281530686.3256673,280594543.1981286,288391459.845629,418564077.48783886,391897738.5712537,391493479.8435368,401996264.4946204
2021-06-28,749017105.3438362,754511125.0686103,754007436.98107,772153294.5149181,291036578.9759823,283726971.08918506,282788071.05235183,289904233.9439501,430332774.37760425,403120201.45823663,402739031.2926432,413299576.22402555
2021-06-29,767147867.5914075,771475127.8441867,771167009.7458825,789423319.1027827,293302477.4439118,285858873.9334062,284908212.05656534,291390904.3148439,433331523.089413,405544654.4817132,405172490.33093286,416135357.5770973
2021-06-30,764586053.7262243,767764358.4877818,767446114.9914544,785939836.1401498,292609587.0271266,285203775.52477306,284164978.80545,290331841.89216274,430439949.14761657,403200977.6979237,402821335.6938949,413580331.82494295
2021-07-01,754328228.4493343,757382351.3311496,757060577.7707886,776222351.4635607,289440484.74538094,282043513.6236705,281025093.5032065,287226326.74900997,432432223.61732686,404890928.64761156,404486191.9179588,415217633.39075124
2021-07-02,751906758.1596812,754870154.8090314,754681429.1481986,771871000.1654934,292476741.97362787,284934118.726327,283838918.0870766,289208514.56732744,431624308.13582826,404117381.18904114,403757565.19823235,414246483.4494939
2021-07-06,750278600.802378,753157270.3782324,753062484.9660293,769617947.0658382,295132121.2767152,287455000.7901041,286293220.5675464,291384631.4527707,430199923.5086573,402664111.5218064,402427504.6348087,412649837.706149
2021-07-07,740823799.2962508,743584922.3116914,743643470.1129045,758775277.7359854,299313378.5731255,291464728.24958897,290342051.9993398,295573856.57626516,437782536.693968,409847645.55417174,409688467.81505966,419813181.1645708
2021-07-08,737029256.7706944,739697170.1709312,739789639.486127,755481162.0655813,296409685.8827983,288567126.29327935,287476430.8638224,292163096.2754575,433140827.86492294,405572416.7539548,405370521.7171362,415363337.1204427
2021-07-09,740362652.074588,742968378.690959,742925208.4276667,758914018.5470006,296679591.8896536,288762833.55964625,287675673.76447505,292558775.5055723,440024065.24484855,411869710.3990523,411654452.01756686,421809920.22435486
2021-07-12,740319413.340496,742849323.5093318,742878065.87965,758371814.0454321,296910196.3340047,288920542.4583272,287831511.91172826,292783492.69500244,440461879.0527964,412187374.10797375,411947372.62437534,421973637.95225686
2021-07-13,724469415.6467564,726856755.0956314,726967441.082606,741247279.6366295,300928108.54206526,292772460.15775,291631427.9551904,296454364.3950842,442820985.3609997,414471734.6871745,414322690.1947241,424242168.0254595
2021-07-14,711098503.8408206,713362593.954504,713625163.1501749,726139045.1169492,302720603.29690945,294457008.1947504,293288142.6738958,298173654.0335027,456813233.5351001,427681783.3487697,427567088.033813,437607909.11891717
2021-07-15,707537470.8858689,709720346.7204069,709979220.6948049,722854715.915403,303526496.49310493,295179705.8231991,294055951.88315,298918243.83098745,460798457.7547549,431540558.42744815,431424305.1354899,441551181.6918069
2021-07-16,691614992.9666116,693663341.4049425,693944537.0602628,706241125.8109666,304310423.7808287,295881394.70387423,294780610.05523556,299679782.8294344,449860772.4899311,421207950.79694366,421070712.8402028,430935416.99052256
2021-07-19,685005690.8574507,686960888.0283538,687204996.5631108,701089024.6960438,301206055.90157944,292793121.81272274,291732061.57986784,296613054.58597314,435072809.56195134,407037543.1389461,406870576.02177113,416395924.8744037
2021-07-20,695114904.2197144,697048607.7155582,697176355.8704885,711890699.0902876,296892494.0114625,288526029.9251395,287426660.9889923,292573943.13025516,433426210.2329862,405403194.4224654,405197990.09007037,414830902.86256194
2021-07-21,716934689.3159541,718896425.560489,719080038.3274125,735320849.3875179,296884550.45498395,288460479.56724185,287308374.20811033,292440357.6542777,434184435.71646845,406133318.4924395,405913189.2917126,415574783.002955
2021-07-22,709152733.8634762,711029456.1966355,711285599.9715551,726672250.1793922,300249457.2912292,291611022.63824105,290354795.22909784,295309639.87167954,429606718.37864256,401834793.925272,401636511.846207,410915522.70655715
2021-07-23,718193621.849588,720058490.2952503,720453625.6431051,734877121.5887343,300801367.4860496,292102752.21031964,290795254.10743636,295528596.1775981,423122601.89223725,395737868.16982293,395551659.2193833,404427708.57854927
2021-07-26,757718966.034267,759692214.8035825,760270773.3773186,774473802.7236408,304516283.57708305,295675818.0586908,294251627.70864415,299412187.1931243,431640337.1384353,403500583.72960794,403361551.7816848,412555775.93836117
2021-07-27,733678634.4252017,735487635.5217421,736070419.6310786,749539648.3842624,300913077.14358586,292115048.7306344,290757565.2653511,295677586.671281,434771795.5059629,406499593.62742037,406366661.0875791,415545236.1286269
2021-07-28,738020057.8037246,739784837.0865978,740142903.4077021,755327158.0838634,302952177.1372686,294043564.4387476,292697560.6907643,297897441.4872632,434453344.0360772,406145147.7496947,406026454.01157665,415328785.83348435
2021-07-29,740593421.4384358,742323062.2605271,742594385.2373261,757973196.2217888,305033802.4179638,296030023.960416,294665878.7124889,299631145.72865,439830628.7333643,411069571.73126614,410955965.1603143,420180660.8713547
2021-07-30,741848580.9837637,743512214.9649577,743872628.6973288,759472085.9729465,306801245.5269671,297694506.5175827,296243577.19219846,301611070.2028102,436322387.21867085,407838920.06567365,407755479.0794489,416758413.1492401
2021-08-02,732965806.917517,734552840.1148578,734871211.6622617,750225343.0643768,311495283.42102134,302182327.638804,300710924.502188,305843462.82245165,433650908.47785413,405337280.8197116,405220358.89073336,414197680.54061306
2021-08-03,734660256.851053,736194605.0192169,736442886.3137659,750801783.7458599,315650264.3640896,306145914.28297406,304660381.78586924,308662383.34034276,420585752.0093985,393120266.8289642,392842908.8251534,401572576.80371475
2021-08-04,729739369.058784,731206507.1458961,731395339.3398837,746016179.9563396,324686384.92858917,314848167.7672174,313395730.0208512,317899390.4426632,411138526.0411592,384285001.96384597,383978180.0035103,392472393.00601965
2021-08-05,745392554.1006325,746827362.4977118,747014007.9851737,762232155.2326232,323715651.11071336,313834577.0819992,312374389.5791887,317115746.6709241,416246950.2247997,389055274.7484287,388823191.20591414,397471413.30921674
2021-08-06,758000613.3547678,759402223.3806881,759693875.6259851,775332279.6455557,321735792.29535246,311842090.26966774,310323185.606558,315251732.72348034,419324696.9953573,391927462.9401142,391730932.17030287,400543879.22194684
2021-08-09,774538602.4112115,775909268.3315822,776322352.3338183,792791679.9351485,319405937.69865066,309507484.7926673,308075044.64286894,312936793.3548521,436079382.9463007,407583884.81206405,407424314.1483379,416612997.97444874
2021-08-10,778666206.9420304,779977549.1499995,780499259.0690211,796658431.1479547,312536056.3407762,302768134.2116624,301327682.65876764,306495449.4589457,435591594.4843546,407123216.5352126,406971467.7034653,416418404.8354682
2021-08-11,779300378.1877278,780561293.1802268,781217879.6279781,796446438.214719,313728997.3437262,303854681.7638204,302424644.7690435,307449456.3020399,428116085.5490941,400130833.41393363,399978338.2359575,409245213.41412026
2021-08-12,772071909.8098752,773247666.4028403,773839422.4091369,788513204.0682597,314813561.68010163,304841535.2619207,303391069.43469113,308177376.4141461,422224614.03903437,394619481.3389649,394463737.93428385,403658457.7239605
2021-08-13,753155961.0355386,754221301.9439019,754852273.1226275,767782787.8342012,320317073.93675125,310118345.10165054,308667056.967549,312863028.10534954,407105716.57921064,380482902.81270456,380319236.6464068,389196467.52278554
2021-08-16,751504101.9274241,752501474.0932786,753390828.692476,764770832.5151261,323252536.716007,312904858.23338383,311401563.90894204,315026963.1686054,395917714.92290586,370020711.395652,369916509.48673874,378508761.6409345
2021-08-17,733762339.7930613,734654115.7587783,735529712.3862171,746964311.6198903,323218883.45302206,312810147.0342939,311350471.0704023,315242838.7814097,390012904.1103308,364496922.87305987,364312924.6748555,372800467.9689369
2021-08-18,740777492.6247365,741623277.2562628,742526942.4109046,754524061.9486537,324498850.0169824,313990628.60200536,312529586.77575386,316406184.517848,395629876.36648554,369743004.118833,369539913.970967,378132832.80932546
2021-08-19,743125306.9863049,743916052.3175228,744987690.1299324,755998098.7235998,327439243.5977143,316784443.85087353,315233360.57900363,318277115.3796704,380883177.56798005,355954526.65560186,355716872.11702716,363939812.51547426
2021-08-20,751654002.0093027,752401158.5151135,753340798.1979294,765842751.5875143,324892470.0796399,314250109.52676594,312787314.1563185,315862899.12938726,386388553.11855656,361096297.8735426,360872108.52529186,369227658.77795416
2021-08-23,763622227.9235255,764332184.3517337,764898280.3442827,780147777.3198764,320023908.5054224,309457639.89781594,308007647.01252866,312328034.23021734,394662885.55034643,368826139.9818383,368549873.24108547,377067230.23489463
2021-08-24,780237065.7997271,780919970.9637357,781317403.5338184,798214044.1306165,315612374.86734,305106696.79911745,303649068.62482905,308834194.35624796,419803177.6626872,392321140.6479752,392082715.93140155,401107142.26893044
2021-08-25,785988500.5796638,786612589.8485354,786965609.8501273,803563984.802382,316676749.7206379,306073238.0541432,304626827.94445056,309593497.4712779,417427613.46792895,390096083.2306685,389808900.79783,398781424.81561613
2021-08-26,776468052.6843622,777006912.7690709,777375392.0185264,794022523.1911613,317821096.2279009,307114652.0210728,305719687.2207421,310474952.70298207,414400787.1117278,387261461.9235807,386932181.78565246,395815170.55177975
2021-08-27,797648096.1284243,798172880.2304363,798442377.1381924,815792127.5616422,321370598.34101075,310488201.62886375,309046497.0715569,314293268.9183381,416016344.5003661,388766299.3418987,388376945.8586113,397293527.3864068
2021-08-30,798746952.0475657,799208925.1249057,799598639.5172888,816657651.5898777,327011099.974235,315890890.4875123,314400317.32073194,319660492.96847844,414361385.8199061,387214068.6292068,386813874.0211473,395742668.48210657
2021-08-31,793078267.498767,793458002.3353275,793741627.4585884,810720921.3767011,324474963.8258446,313355815.12521094,311815021.1994422,317418256.8010794,423570108.6791076,395805772.7842716,395456069.11895305,404664792.47607994
2021-09-01,778522021.3194321,778822988.6335068,779053655.523884,795721531.3860276,321623889.65852946,310527282.31534404,308960014.6260077,314706751.88320816,425156985.33479124,397272162.79085237,396963515.2673036,406447069.37089
2021-09-02,776287238.9480774,776516747.9692876,776666855.2829782,793429194.7328436,321767922.6972991,310592276.7879134,309052775.17868215,314870549.6206847,417604257.081665,390197475.3571284,389834646.10545254,399018079.74719954
2021-09-03,782225552.9283798,782388832.5078486,782616232.1110927,798666967.2510766,328700603.95829993,317215894.21048343,315722842.53480035,321046865.70760614,415442453.60198945,388160776.97920376,387840836.48563915,396731812.72590834
2021-09-07,763014423.2835402,763098495.660845,763307966.7854569,779021844.6652915,325526015.09812164,314077093.3328595,312636343.28302294,317820292.6395262,423900031.76298314,396040602.18396866,395710539.57447547,404383050.8513515
2021-09-08,756626686.4879768,756638416.8989546,757069561.8300167,772685047.1582432,324505980.4566592,313015533.0435341,311593529.94245857,316505031.97157127,425730669.7805458,397394127.26130444,397098117.4900462,406906613.68046874
2021-09-09,770996830.6001073,770946786.7172395,771307717.0282693,787800290.2995529,321053252.8881798,309813185.4414843,308393496.83221084,313201243.6639273,424357995.0056701,396094761.39883196,395781782.5260008,405675623.1820891
2021-09-10,776378802.6922545,776263100.2180877,776652799.1166602,793301718.1305811,324241896.1669621,312822031.1419864,311378553.8874635,316526971.1882932,426798735.76616925,398358896.3550881,398113574.6989427,408267779.0703827
2021-09-13,780689314.7503403,780506115.8401597,780894041.3219278,798188047.6176515,314714055.01826835,303539961.2044678,301998888.41801673,308140877.7959822,432706043.02844375,403865638.4467622,403628279.39655125,414323001.37203014
2021-09-14,784594939.6769676,784343369.3372858,784751557.7523097,802159916.8799375,316703705.31230205,305133657.2372362,303603846.68176615,310260151.97143006,430417931.5136504,401717305.2968453,401511268.97080696,412354397.93009675
2021-09-15,795873970.6297218,795557739.2932396,795818639.7891253,813382458.4258844,314286096.1895043,302722337.46197355,301141461.38942605,308733806.62137145,425738974.18497753,397333964.4712689,397080075.49988705,407943986.2619092
2021-09-16,803099500.9640172,802715699.3103557,802933629.5042198,821271894.3930289,311717333.00178045,300164425.7187113,298563780.638346,305607502.02343833,421150831.554688,393035345.73056984,392796347.2695367,403805516.56503993
2021-09-17,790895996.7105777,790431854.8353949,790446844.3173888,810215017.864939,305733046.4498905,294305494.7475047,292636299.63233775,301043783.89326805,422604312.8289615,394382420.65615976,394154172.388042,405702126.43319833
2021-09-20,775282792.3084906,774737780.7162645,774856450.0272322,794402224.507066,305680195.24467623,294178082.47006553,292529585.9619358,300577906.45278746,426716604.8209364,398215102.59343624,398016099.78923124,409524860.5277167
2021-09-21,771567644.7014332,770947817.9781898,770940641.0929891,790527794.262811,307664484.439667,296017993.7807643,294380321.59230983,302885882.53823835,423164677.6218214,394885621.18630606,394657691.5025633,405788263.1448724
2021-09-22,781565659.5098369,780877421.896043,780786433.0509889,801047996.871098,305793463.8735717,294132373.4531929,292375007.39096844,301004483.4031947,421860014.30228204,393656031.4261941,393390576.99118245,404434377.92291486
2021-09-23,799595140.7296497,798841648.791668,798630007.9638917,820117176.3377502,304831387.485279,293122955.52635235,291235658.55062354,300520833.45890784,417997636.7574821,390036190.3726211,389689671.09041184,400536691.4233044
2021-09-24,799787296.3955753,798959768.1859784,798839981.4129,820371386.7200843,303788025.64798474,292036343.3392888,290049204.05562955,299245644.3242477,422503909.11918956,394236931.9634764,393884543.56605077,405097001.1710306
2021-09-27,800561815.4231954,799658991.3049058,799370572.6512486,821094608.5270967,298787155.4853509,287125231.0159133,285150257.84215045,295545087.4552272,429491507.717923,400756085.1890833,400350453.4215181,412186319.8453636
2021-09-28,785900609.8347354,784911450.9141929,784739497.432443,804546839.207988,298964402.6549949,287219301.5753261,285353726.52792794,295501416.83209115,433381240.46772873,404381486.333452,403967348.6096493,415984291.86396724
2021-09-29,793207869.9084609,792148973.6902725,792189068.7875838,810232142.2347453,300547750.3523575,288674531.9491763,286869284.45452577,296835833.18391883,439425427.67411715,410020598.53271157,409648728.0316189,421905204.0088937
2021-09-30,789391698.2950447,788249860.222647,788162636.86163,805569488.877758,303303127.4497671,291264779.8456225,289596096.4777693,299525784.2111501,441003753.5633336,411490395.24361414,411190279.0479567,423146918.51363635
2021-10-01,812004913.4907324,810757740.8034593,810699906.6983868,828235566.9137295,296424993.7109705,284584673.0888053,282822820.1469083,292869667.3595167,446801473.1876474,416885640.2833078,416646625.57032096,426808727.1460488
2021-10-04,816846432.2939065,815521807.6916524,815487441.0015099,832049964.7112612,302818938.4083832,290655253.24983454,288918692.65509546,299046971.7959962,433992565.0528921,404743628.7357369,404467498.82404405,414768312.7803985
2021-10-05,833775514.1238339,832358357.7640172,832352453.6773258,849167302.7776685,304980048.39899135,292660836.5785604,290866194.539348,300075228.27890754,440551191.43096113,410857309.07285064,410580011.57008266,420238821.88967496
2021-10-06,816733741.9575311,815269920.3777021,815113921.7490876,830994180.8595287,307415912.65543896,294936181.8810613,293165863.544245,301685624.33746195,442118933.9531179,412314066.8151033,412070820.75789493,422985503.6299182
2021-10-07,827910969.4066987,826359491.0709294,825971555.1061859,842616842.9209403,303032454.1535616,290801545.4614638,289052209.99278533,297599789.98962635,445106672.11665535,415094678.50020653,414837449.47751236,425572067.1920865
2021-10-08,830842640.7624469,829216838.1814634,828855457.0498655,845071725.1900536,304250839.4369187,291901603.4058563,290161760.01600087,298936312.9883049,438769955.4068751,409174766.9526276,408873471.9723254,419065023.4480046
2021-10-11,841543345.6981548,839835534.1230575,839541492.4032974,855162613.6698883,302839877.3042687,290478032.5661326,288823216.5476599,297103331.1156551,443248402.24471945,413347439.7807244,413071348.90628844,423052815.31563884
2021-10-12,833114138.9455065,831350146.9166874,830953389.3704213,846272386.2377877,298355770.9741466,286101367.59601146,284444857.74504536,293162953.60882264,438388143.8624766,408806071.197033,408496274.2331386,418626930.2044473
2021-10-13,825016666.8973697,823182098.4026691,822676382.2709394,837979707.5854213,296792123.919977,284526431.47524977,282951615.45785266,291589681.71781194,446224053.77079004,416111587.5426822,415830064.81626195,426201164.2993006
2021-10-14,826726251.9925975,824806079.3770864,824429093.4607421,840590917.1203128,296560347.2026214,284229550.1619567,282536324.48556995,292013173.85117,444486699.7088024,414484187.4143388,414232083.831498,424077592.71857685
2021-10-15,834457054.8358967,832453119.7387267,832182909.9559734,848184724.6159805,300530762.26429576,287970662.85608685,286163550.3658207,294948516.3138654,447437659.9099657,417231332.892848,417007930.1447875,426961694.4595217
2021-10-18,862696808.236696,860573913.6999092,860291839.0439239,876783783.311993,298749663.2369803,286188443.3549316,284438686.85389084,292749282.0859666,449361835.12172556,419020679.61204135,418839203.4722446,428848241.22803557
2021-10-19,856375754.8333554,854178442.5633609,853679086.8170719,871071084.0155658,300729339.7343525,288018136.49683434,286389839.3021809,293954543.6724342,457217903.00096846,426344987.38434696,426176375.7060698,436320948.1639215
2021-10-20,868533898.1997818,866238105.1366969,865762905.6538477,882166958.2589171,301622078.22479934,288803938.4073185,287163003.3154527,294500375.93380773,459505909.9313072,428473642.9607861,428331113.1783675,438318311.22172016
2021-10-21,856405190.3994911,854046982.7176025,853426818.7669235,869774368.3556002,298152879.43507624,285391662.7424899,283770902.91958445,291195452.9247252,454978273.7566479,424242821.76438457,424105838.08488095,433745426.3754268
2021-10-22,849067349.3416775,846636440.2699126,846008200.9231571,862286196.9781137,299307482.9321951,286619351.1466443,285018596.58803284,291644515.3179998,447145986.2344466,416928531.8946898,416733290.69896954,425863070.7086191
2021-10-25,872024799.4410496,869486509.0107063,868929042.3686115,886117525.1155298,296370139.73427266,284055238.2786019,282453914.68051827,288778880.1468046,449239678.0855835,418875786.69994164,418628110.1501598,427878305.7346062
2021-10-26,867296292.031242,864681959.2715555,864239882.6788477,880508038.7381784,301667310.5565686,289066463.769057,287447199.3974684,293513187.5150781,451901769.2286737,421353328.3290301,421123380.31076545,431436064.270272
2021-10-27,851824135.0617056,849146190.7447752,848659445.1857564,865352623.2105018,303103693.54852384,290185953.7121216,288429619.5221868,295281357.35589886,449501880.83380294,419107644.6223052,418902183.8678047,429070341.8031689
2021-10-28,857809342.6909792,855038763.6923761,854505021.603721,873555461.9158167,298982410.39073336,286156812.58007747,284460748.65989673,292671068.1664587,454289544.0299076,423567603.4256587,423348926.81947255,433296726.7319839
2021-10-29,876367962.508484,873588531.9726005,873144236.0890166,893320937.2437923,295801362.4254704,283032298.62471974,281265729.7790851,289135524.18982786,455261650.4552273,424473304.839229,424261993.7101608,434236641.9132242
2021-11-01,890045590.003735,887149332.188862,886874619.2726799,907613913.0063698,290554975.55687225,277940782.70584536,276100513.9340084,285598054.4077057,461035319.67749196,431162551.9615306,430912725.6648921,441009827.0922505
2021-11-02,923140437.4823796,920067409.2170154,919963590.3722944,941888465.9434711,293202568.04696155,280401587.512315,278585273.4990658,287319177.3075539,453490774.89442205,425222831.34044194,425113258.8704718,434997193.0554803
2021-11-03,911515274.7792921,908403432.9015669,908268378.8838081,929246814.8292793,288383225.63696885,275549042.0392792,273703555.3226639,282544658.9776124,456712574.0087055,426043655.05486816,426006433.6409311,435924028.11466706
2021-11-04,912972036.0625176,909766443.8096949,909599112.1229047,931272523.9458454,289231465.0065443,276146436.34833074,274287920.3154946,283509176.1721008,446442646.2604936,414519575.0912458,414462947.52042514,424083575.33385295
2021-11-05,921759957.1007388,918413644.2735958,918146387.0419962,942169610.3444577,283883885.68666804,270954436.9320598,269200698.4685219,279163924.90669155,440813416.67107767,409401150.8326691,409314732.1915528,418764227.3644909
2021-11-08,960356485.4341948,957517599.5743679,957364983.6630504,981953530.5119946,282623977.1508737,269672269.55526465,268031765.07850227,279184164.3736507,428647416.3129742,397245067.1460102,397057778.05135256,406274386.01835513
2021-11-09,952277181.0771779,949371060.8987771,949155641.9654055,972987486.1148779,283067071.30639845,270021797.6516317,268404785.697028,278281171.99455464,425865207.8787354,394142903.4566182,394076406.6398699,403146838.718334
2021-11-10,914607090.323978,911731067.9761829,911297375.2454445,931455082.64445,287933130.85570663,274607626.9347602,272979131.96387434,281709533.2925318,440429366.76713383,407946489.3864914,407867267.2300119,417250355.99735886
2021-11-11,921794844.1840442,918801834.1337714,918300426.8787447,938175819.7273047,286158600.2235272,272840290.9921522,271257491.1663022,280122772.04646385,425682514.7723075,393924305.10546553,393721751.6884759,402843059.4683216
2021-11-12,923740948.6718074,920646425.730187,920103427.3808336,940031569.4315605,286030758.0291711,272647568.8464338,271104018.8190541,279777571.10311866,426642659.92010134,394850408.31007755,394620263.59749764,403752128.57762814
2021-11-15,913044575.6194866,909888345.2535194,909416487.7142148,927924856.6745648,286239552.5831863,272772975.0049062,271225658.4070842,279711174.0404136,437061948.70072454,404380874.3232226,404353949.9314509,413664285.1446126
2021-11-16,911810640.3107016,908562516.2504765,907993598.8286818,927183485.4713914,287846384.42231685,274091475.10513127,272528624.6061099,281329159.8216498,434724815.0959599,402027714.21513915,401931671.17091745,411159972.04845595
2021-11-17,922743834.976719,919369536.3943762,918922942.461422,937943680.3167869,291021658.66537654,277061716.68577003,275508607.3122601,284183180.24794143,430819458.89608294,398148900.1362587,398065662.6936693,407162277.0657016
2021-11-18,940278107.5059978,936760300.5923725,936403846.130864,955811484.2887702,289575272.73245364,275610260.57458276,274007622.9266544,282751011.4057988,433145849.8537994,400292719.4431452,400306301.80248606,409391326.6924907
2021-11-19,945571475.4686455,941950503.8166816,941707859.0823464,960465686.8519545,291697990.1106514,277575635.9716041,275991326.4189845,284226571.730392,422660659.83967555,390718425.5969032,390648254.64273524,399528203.1034417
2021-11-22,941425185.0175718,937732973.3043323,937537861.9718736,955520937.0641096,288849098.8511016,274783495.8073229,273142168.35909075,282064727.2623886,433960502.0916432,401492527.19206554,401481285.37029195,410582825.47326386
2021-11-23,969239293.6463771,965377335.5461211,965217283.1271058,984184912.3182657,290926124.4450747,276706264.52112174,275095279.8202236,283649657.71513706,431935149.04618675,399450691.87927985,399450483.5219427,408460488.3605838
2021-11-24,968081996.6758876,964139644.4880943,963968153.2231637,982818509.224201,294510981.34923744,280072187.0314612,278446409.73911756,286903643.6013044,434576721.4163109,401687663.0663025,401663349.7034396,410709724.1109101
2021-11-26,943867293.1973127,939924064.5942253,939713410.6490101,957780451.9716312,297773765.78804666,283131422.48370385,281631814.3908628,289371517.2659941,448541947.60116625,414538656.60378313,414562632.5098414,423921869.99014133
2021-11-29,974300558.4264983,970189497.1832285,969997345.5234245,988558858.9498285,299000253.19698125,284245152.79460245,282776360.0841148,290325929.7030317,445541361.1950368,411559986.5473505,411563867.3060188,420840622.9313987
2021-11-30,965555141.5920049,961392287.9623636,961207350.6255747,980529117.1617508,302552254.62274176,287577713.8264859,286065998.81012726,293980128.6017128,453063814.6823902,418699250.4899461,418716235.20850086,428184857.36575955
2021-12-01,965299603.4415002,961060891.3593694,960757678.0917392,979593080.1622251,310433323.7900615,295005650.3971969,293492839.6752978,301214553.52261657,438199888.685519,404954391.73065233,405074181.33505434,413652029.97580147
2021-12-02,965851018.0267583,961527342.467408,961179136.9010296,980174389.8222818,306051988.1410366,290769549.1726862,289232173.0385141,297370205.2894789,448747721.5715446,414695157.1574016,414872193.6371071,424228861.6891522
2021-12-03,976870919.2028663,972401618.3625605,972088013.5236256,990509713.3300217,305856717.5499139,290527758.24405676,288951874.11293554,296802293.9737554,441268801.1843429,407775687.3973007,407993711.93422514,417138192.4789619
2021-12-06,962301943.5340829,957794268.5750831,957525341.1544882,975556802.686014,302247150.5882627,287029912.38907015,285431667.04660285,293929844.53200513,454927172.9155318,420390956.9134055,420635538.7853987,430405808.44974554
2021-12-07,961096283.6061728,956473308.2025324,956288399.7736732,973917182.9714459,301403456.32609147,286160381.74958485,284556960.6733381,293112750.02513283,459514318.18955463,424622426.1919789,424861539.95268345,434653100.6763576
2021-12-08,951160370.1238793,946778869.1431881,946640763.4664277,962296681.5501807,298356347.54263705,283190200.00042874,281683170.1180641,289479838.5359772,468684404.8021155,433088965.7412401,433330048.4216284,443623953.1699997
2021-12-09,939875109.732715,935440204.0076216,935176517.4842105,952844461.078737,300001403.9522592,284341542.7825128,282791934.49964005,291082601.45575136,462077928.1025329,426967478.65827864,427204694.7803758,437771886.7987148
2021-12-10,955290004.1387094,950692472.6530839,950395605.3472872,967978119.654239,301747557.3918964,285658279.7198115,284095760.9222198,292443088.5524971,453138462.8929991,418600728.70278496,418858450.0963558,428906379.2518587
2021-12-13,941712620.845643,937078037.9723808,936756085.9943966,954252826.8988165,303683642.79667413,287431969.5227743,285818991.27337813,294254034.02217203,453103896.113855,418561339.7205495,418809292.7079978,428775668.81193286
2021-12-14,945789508.6002636,941044807.7237179,940789610.1498822,958068737.048423,303673333.3159153,287356704.11244726,285803528.15647006,293817091.71886927,449876173.53716403,415570926.80036557,415800832.18987316,425233588.35849583
2021-12-15,952676954.9701626,947806800.3177353,947598842.6731012,965950527.6578654,303148071.63105774,286791169.98999953,285241148.5845963,293534345.27642626,447075760.82550025,412967045.7438641,413207023.6349916,422161103.0566406
2021-12-16,947354236.6023662,942411927.937409,942246901.9496509,959736843.1457736,306935979.4142357,290327785.2584838,288878232.09005874,297058959.41198206,442783129.927928,408733527.2417368,408985330.2801538,417346145.44493634
2021-12-17,931931426.2953153,926953211.6383559,926885989.0379709,945866686.3116623,295527264.66711706,279413271.88753885,278005729.41727185,286177556.4622624,456527878.4264694,421428693.3526911,421697016.4895835,430290983.5323682
2021-12-20,938420231.365462,933314726.1087679,933259925.3920095,953387274.4419913,296387394.40973616,280164156.90966207,278819327.0278837,286770348.95917904,453864735.368415,418959907.80308986,419217805.63259953,427529436.3807568
2021-12-21,944941179.4697214,939711615.6263249,939586389.350587,959603821.9935884,293199734.9469296,277065600.3852242,275658383.1955669,283253208.385488,466364310.9541315,430504145.46061474,430716865.5557213,439454884.44752175
2021-12-22,958295948.610603,952908407.6323704,952741958.9798043,973178888.3198417,294569741.75255996,278299302.6041514,276888381.3045184,284830843.85300577,462986440.7169243,427374563.31593925,427620939.79287994,436061083.1676582
2021-12-23,950632983.5931178,945169526.6476307,944913264.3806399,967177354.8168943,294594112.91397387,278246135.329596,276796177.90115476,285857940.9503918,461778081.37692684,426249891.0539321,426505936.35803086,435055728.36862534
2021-12-27,988469750.7107301,982738158.1650347,982523896.7460185,1005378311.6254863,296464342.7013804,279831835.5447079,278355993.54714453,287167523.7711235,454726398.35264266,419724960.6490164,419958340.18735635,428012190.0066523
2021-12-28,976787879.9763477,971000156.723571,970730749.4550465,992788274.4083883,296431657.0089243,279730861.4310739,278252560.0326592,286800400.9978802,450987787.3814235,416261979.8739845,416533951.1627344,424492166.7716306
2021-12-29,996654613.9664394,990674715.7614287,990494101.2757432,1011468576.0209414,294606061.85159284,277928135.65094715,276470028.6067718,284689397.92932826,446422317.600627,412031129.72191066,412322042.90198,420031989.4310379
2021-12-30,962455123.1033827,956510079.979367,956218386.3965873,977182751.4953587,293859869.2786416,277150721.8449132,275708253.56196374,283917432.4321189,453515533.84828544,418574974.0192926,418890111.69409674,427169096.12759316
2021-12-31,971859636.215377,965750072.3149606,965452421.1090155,986145049.3723464,296328523.1014436,279431457.8405939,278037434.9363024,286302780.46011525,447209732.99790287,412739860.45563775,413065061.504121,420925221.2819268
2022-01-03,951796159.1771517,945733648.1523561,945509512.0585322,968219055.1260496,291738142.830216,275033229.41126823,273758906.671507,282864221.5707506,449506408.40373707,414851131.2861476,415165675.40095633,423081484.19674313
2022-01-04,995435760.5636001,988534181.6111182,988392575.6522592,1008667505.8167509,291463905.099223,274706885.75099796,273503598.1757433,282753192.3953625,439300160.27363104,405422921.056095,405824876.2440042,413503597.36770546
2022-01-05,993960344.0238154,987217194.0994141,986796399.9242347,1004534117.4460715,295309449.94347805,278271744.88472486,277103853.821129,285184341.4842624,415555624.52775604,383500293.443878,383973252.32866144,390900431.3134285
2022-01-06,1007751918.0288188,1000829772.9469672,1000359073.7624788,1017828724.5277143,293051993.011795,276080303.0256605,274892321.252051,282716943.3785234,412004274.17591524,380214853.8063487,380595975.5523245,387502331.6584151
2022-01-07,1005478075.7717294,999253867.7117894,998679945.2104971,1014651550.0948943,291547639.3106387,274599792.4684323,273434537.3329759,280998435.4357365,413616463.01451623,381694825.9894882,382101914.52820015,388770730.93280977
2022-01-10,1015364336.5599718,1008261419.8640047,1007569715.1076084,1022443144.2745459,290565744.88394237,273608475.3911019,272432859.91687167,280115751.88871956,409327133.56607145,377728484.77554,378093222.8395417,385332853.47529656
2022-01-11,1007020546.7621746,1000658010.0890424,1000099179.9704698,1014711614.7467371,288959707.5793542,272027594.06262857,270959307.09305114,278498766.0623007,416959344.7871189,384765021.53834045,385099837.6243005,392701486.1361428
2022-01-12,1035300023.0283102,1028163702.9258145,1027619697.6866112,1041589996.9745138,293258787.03990173,276012994.28794366,274958629.1866117,282442206.7224071,416372569.50270665,384215957.52678657,384616753.8090531,392200680.4421483
2022-01-13,1038482658.005218,1030104885.8113401,1029405579.4938446,1044013800.8581837,293239932.8234726,275897761.58183295,274886882.4033926,282446949.800386,397002684.9029013,366330839.0361233,366775641.337315,373931270.65720016
2022-01-14,1048273982.7156359,1040327542.961166,1039692434.6317558,1053825206.2901905,294068318.3316606,276611620.3952431,275674093.8835534,283795511.03976804,401202592.86310595,370199410.54832405,370659535.4150453,377816248.0429368
2022-01-18,1052180552.7122347,1044150259.542808,1043317546.5731081,1056743608.2705631,296431901.4925306,278780539.6218338,277782876.0898004,285053968.72544897,388334269.27145994,358314896.48972094,358854630.64017284,365603667.17841274
2022-01-19,1039169444.1026478,1032185286.8270918,1031279762.7166286,1043820638.7478335,299813613.9614492,281909611.8635685,280999602.1646457,289170274.8930877,382965062.1656561,353351907.7664103,353928157.3645057,360515236.04300714
2022-01-20,1037052752.9169888,1030585200.3731487,1029602879.5300183,1041207183.7254837,303309218.2045727,285156195.0117746,284203737.34930724,291838539.8633133,388593900.6865234,358539772.4547348,359222489.62121403,365821367.0844364
2022-01-21,1031296912.2336254,1024634324.0341002,1023655246.7016778,1035240207.9760964,304803043.5993403,286508657.7233584,285446822.91400117,293184746.7408726,376051545.1301833,346956485.7998199,347650632.30171955,354038858.9174251
2022-01-24,1034679602.6171283,1026876040.1305443,1026180954.4722288,1039001324.0276048,297660010.0658762,279708771.9937622,278745028.0105753,287017390.0361545,371574020.45363426,342816444.053307,343434160.27516776,349842861.17326725
2022-01-25,1047293883.5798147,1039085624.7994708,1038365292.5537508,1051942416.2346035,297743415.1272856,279493334.27930623,278549542.25204563,287661077.1875536,365577389.2348862,337274493.2466254,337967547.8790805,344392496.31865984
2022-01-26,1064994846.3217603,1058177685.9852216,1057383825.6260654,1071249072.4274487,299775369.40242267,281352624.44136894,280397060.7418664,289109301.59657407,362658013.00549066,334572678.1322452,335197328.59849215,341642198.0460907
2022-01-27,1081989219.3223755,1074720027.7097363,1073846002.6639261,1086739981.4820707,304047031.9729815,285327222.3875895,284354247.0315617,292575828.140784,350326947.9890647,323185042.1295563,323882824.07356554,329890643.15737253
2022-01-28,1080429124.7942188,1072702122.2158545,1071894780.852468,1084873697.9430573,301531497.875858,282905123.8023191,281895051.9192606,289862610.4374247,351039917.5433352,323837307.2827091,324572391.92169446,330707188.5677776
2022-01-31,1046557916.055954,1039161126.3086042,1038365546.7330836,1052393488.1234545,298323240.44602245,279828195.35338074,278878146.05268246,287117332.8213529,371884916.0564503,343070809.5618673,343701184.7903896,350540142.02996796
2022-02-01,1044331925.2754624,1036812204.7192253,1036219526.2624122,1050216403.7992905,292368606.80446553,274187399.8834301,273313829.58876824,281493681.4177585,380111199.3038985,350647269.3406475,351102249.1664107,358001780.5368598
2022-02-02,1095263360.2930176,1085744132.155317,1084959094.4804251,1100610789.8117397,301443086.49599767,282645953.1165669,281779251.46025133,289469103.1599656,363191146.68920416,334734184.0992525,335169754.1043648,341875994.0284704
2022-02-03,1114171639.2734234,1104421199.8017507,1103636491.1960886,1119605556.4944785,307252648.57724524,288048434.51520395,287158294.25796634,294608800.011552,341005249.5505349,314261547.56410706,314673734.77947134,321143426.75668484
2022-02-04,1094928003.0966096,1085201437.7330394,1084481557.556968,1103443180.459186,305956866.9854197,286782871.08833855,285886128.3441166,293283954.37814933,356560505.6033405,328606373.235358,329008061.10662544,335764864.1942903
2022-02-07,1096598131.3031616,1086747399.1194122,1086020109.2383218,1105602864.8986888,303386666.48252153,284320039.84096813,283444978.22768074,290844408.3743063,358307797.7420344,330212740.50784934,330606807.0772542,337314321.86763954
2022-02-08,1092242284.1092954,1082308498.312625,1081498392.7178814,1101172014.3576736,299086754.88517416,280233931.65760946,279306319.76175016,287146729.93516845,369164954.0723578,340223335.4518402,340808421.46684706,347770870.93266684
2022-02-09,1079706337.8272042,1069738919.4294472,1069052503.9470602,1088823581.2709513,291088756.5338977,272675607.3990189,271771610.4441265,279939319.9174528,386808853.44831467,356494850.037113,357106065.2389975,364451228.4657405
2022-02-10,1085450991.5887995,1075316674.3743796,1074801601.1539218,1094505404.1048458,293692548.25664824,275064168.20162994,274155807.3049742,282413199.05250317,376923283.61138624,347369411.8953746,347955857.81552374,354848698.5783868
2022-02-11,1088648131.2567146,1078370524.8426805,1077968389.8418267,1097080051.0059876,296267333.76950413,277421005.2486453,276542142.75528276,285085341.3469657,355639733.0868202,327721382.3947988,328035096.2497947,334286038.504354
2022-02-14,1099812735.109248,1089338633.224556,1088977320.864642,1108291772.065661,298314651.3705573,279277418.3213688,278428682.1414375,287062954.04129755,358239550.2957286,330088201.3192724,330455618.13978463,336541292.8200002
2022-02-15,1060399116.9784912,1050072108.34637,1049593326.0769272,1068789670.4933976,289329806.51750064,270710958.683897,269858983.49842685,278685776.5980575,384056322.5130848,353899310.10820794,354393471.174539,361048153.0549737
2022-02-16,1070581298.13559,1060059230.9267062,1059716654.3141706,1078516057.5609303,291965762.57636,273123742.03807425,272378759.5526355,281149935.139323,370378068.19716,341274814.29510975,341664702.3237955,347908960.8632122
2022-02-17,1095842753.3581772,1085010511.238266,1084736358.1946528,1103358784.1419718,301016438.52937394,281563596.10357094,280788279.5601188,289802920.12669265,353580875.76301825,325773164.6394164,326108045.0767821,332036876.7965671
2022-02-18,1124260980.393599,1113101954.9676564,1112721164.680415,1130778492.5361018,307615052.17053115,287224653.89720565,286456914.74689585,295636265.50144815,346826447.1321983,319536684.98517126,319924666.0373552,325779358.6221807
2022-02-22,1124224683.0826347,1112946023.0485299,1112477452.0419464,1130050864.4047368,315017265.4843014,294116502.86071616,293412485.8325771,302284421.048019,337444626.2145639,310876298.0919581,311293628.7631005,316577622.69720656
2022-02-23,1134579469.4785457,1123092652.297508,1122776272.3694954,1140078617.9254327,315771897.28581023,294773417.0758756,294046085.9778495,302673448.36302865,324242068.55183345,298691226.31210107,299024109.30847466,303952989.16081053
2022-02-24,1117236747.1275306,1106971549.3889828,1106776423.2578444,1124725212.9630053,302664474.8232248,282421441.3824452,281765379.9457472,290829546.51844484,357104406.78586,329002385.18303734,329349215.700762,335360030.047594
2022-02-25,1136655609.096436,1126128473.866002,1125920783.2676857,1143887090.5850852,303535240.4253424,283183366.2256809,282474399.14217484,291257939.3977786,352297576.31139547,324562602.2642669,324873809.87405324,330727478.8679349
2022-02-28,1129103731.2533355,1118596895.4906306,1118660400.5302036,1135649395.6287467,297359593.89204353,277343492.1311168,276742635.04130816,285202182.85557735,361842194.8987673,333360592.97738534,333482947.61577296,339497240.3815696
2022-03-01,1126858057.6600711,1116334679.9318278,1116578067.467851,1133635562.6701972,299895887.97292054,279675852.7101765,279094251.56534773,286568689.21460426,358533185.243019,330305179.7842001,330419427.9889451,336364429.5815057
2022-03-02,1180534209.0747058,1169475156.488974,1169613640.5323994,1187318751.5686305,302042016.8040328,281645710.6157848,281017052.36346364,288246067.93453014,359818727.6376144,331482527.4051953,331544924.00865227,337476245.8299802
2022-03-03,1226448834.1663659,1214927311.5946655,1215005598.717955,1233640086.2294426,308065512.2164976,287228118.4995597,286544321.6654883,294044100.64827174,360820250.450765,332398178.7613748,332437512.71574336,338388607.92043686
2022-03-04,1296910594.3036594,1284696832.612095,1284950190.248039,1304792335.5819075,313425337.49404514,291958373.77762187,291294054.8311123,298658040.0903591,363608781.5334894,334960547.07069784,335034364.2107227,340912369.15262014
2022-03-07,1282199919.3251338,1270085472.3961403,1270184950.5221374,1290195833.3792162,314337442.90039635,292779674.2151139,292148042.9750304,299740763.99967563,356269656.55231434,328192334.66406304,328243429.9392952,334091707.6649572
2022-03-08,1252563723.625864,1240684962.0214243,1240582205.074952,1260427479.8807366,310266440.510186,288952250.4921287,288347401.4321204,295978951.8707752,355956888.5168129,327891433.9318241,327964413.49825245,334055314.6921524
2022-03-09,1192104054.1210868,1180744345.1092896,1180663921.2917688,1199714345.41226,309939459.7425605,288615348.0061522,288056460.4046842,295709744.30713224,351322909.97540313,324487192.1328633,324557273.49061286,329827351.46628976
2022-03-10,1237688303.1422813,1225864989.0361462,1225847691.9697914,1246441341.9774232,311775861.3247634,290296139.8423732,289722457.9062375,297641193.742058,347283274.908224,320758092.6403205,320824808.77437407,326242608.9612645
2022-03-11,1285119044.5838914,1272793544.4423857,1272831579.9753034,1293973281.9777741,318531036.7098351,296562939.5409514,295992283.70960784,303825943.4652586,359418672.3528199,331930800.59042954,331973363.0178624,337239346.40372425
2022-03-14,1328050001.8255138,1315271790.3752089,1315054965.9458013,1336712831.3544128,325105758.60290927,302664758.4804394,302012231.6541785,309140166.6136486,378278353.64925766,349299701.56921464,349309085.3968854,354862588.3688247
2022-03-15,1292133973.511048,1279632532.145068,1279502782.2325745,1300981785.5995498,320067147.2421014,297932119.41357946,297210115.70640516,304745362.6379736,378298609.10579425,349311454.56772554,349350911.2012765,354982364.1371308
2022-03-16,1195381896.455129,1183723424.0592716,1183482891.9787693,1203511973.910383,312394027.83736557,290741327.1936301,290038873.170531,297693476.48095584,372207427.5667642,343692063.49228734,343816707.5373469,349484394.94385654
2022-03-17,1184349938.6100688,1172737030.1491659,1172738541.3719108,1192729783.9558027,306262634.0637113,284986287.40541047,284335831.5339477,292048245.22551,366295833.20184857,338237842.3519032,338402370.88387704,343944135.7539082
2022-03-18,1133665872.4979997,1122462363.1683466,1122512456.1067135,1140955675.1786613,300683013.7336373,279745203.5282051,279104956.9240164,286577748.27122855,371764684.49456817,343268171.73215073,343548289.86523956,349038302.70869833
2022-03-21,1190755067.318194,1178964029.4072928,1179199737.5116487,1197316093.3146863,305432499.2522124,284140250.0702184,283470888.17537403,290318412.3873041,367607996.3902981,339423813.5788943,339665160.93205124,344905526.5636264
2022-03-22,1130693576.763134,1119399364.810062,1119540225.9775522,1136259753.4728653,299911825.36086464,278952639.2284198,278269200.2353391,285092630.24616253,367536736.63855344,339660868.2895318,339944860.9770626,344836858.76075697
2022-03-23,1134334673.6108198,1122948004.8701653,1123297738.3059757,1139579141.466616,299987071.12867033,278986141.8530074,278315158.1113638,284717998.39844626,360289264.1878328,332975945.61086434,333255889.4647767,337852472.2037313
2022-03-24,1119311976.3957002,1108004669.9104705,1108348391.331989,1124272232.3165672,302566810.64636487,281354969.52465636,280684754.4439467,287095617.6124459,353530559.55417657,326741246.683965,327006785.0012323,331506735.60029787
2022-03-25,1169189112.6513262,1157360828.361035,1157763121.7541265,1174143603.0125632,305937583.76733994,284462327.1367303,283745318.11233854,289929410.8822304,355251909.91915065,328313468.6776009,328549000.25511485,332981267.8905721
2022-03-28,1163572740.927939,1151748759.7644954,1152118009.2696874,1168501663.5766776,303135358.987616,281809044.02759093,281079904.31311435,287257414.3769742,352531465.7036191,325812111.56604695,326056963.59214056,330417061.9640459
2022-03-29,1115840462.4316757,1104408679.2139528,1104671264.2819247,1120837911.2476084,294945840.90095466,274482728.81222534,273788883.0511057,280187392.3804294,353780568.66561365,326949768.57207453,327241951.17007226,331871058.8029452
2022-03-30,1152228525.0988624,1140410953.0618625,1140778437.369004,1157431760.4792268,303038217.0014242,281999273.00441766,281319099.4886504,287587755.33797413,355268253.9351921,328196119.690208,328494113.15497386,332765869.2467244
2022-03-31,1168214232.9814398,1156144040.799344,1156574135.973863,1173584606.5187025,306239754.7978877,284954424.2529585,284300725.86787176,290339805.0661796,352282130.3469359,325438061.0167002,325713519.0915433,329914106.4438417
2022-04-01,1153619518.110805,1142396682.4195178,1142927618.9574635,1161504502.5780103,306237946.08704084,285280789.7291871,284640242.2231027,291114791.836781,356026990.21945935,329235448.68358594,329529648.2308818,333920417.24737364
2022-04-04,1094521307.8138132,1083047382.9387429,1083759143.868648,1103179647.3702137,298420694.6295912,278172553.9142563,277620157.1912541,284223332.02300835,364469027.13239527,337319452.2310504,337650795.3688656,342496771.9678443
2022-04-05,1128640308.213485,1117439570.9883504,1117979383.6203504,1141740294.1761198,307141741.9098653,287072450.21619564,286480669.28848463,293308742.1077855,353252777.1498683,327759938.2680102,328058475.17090213,332677504.5842357
2022-04-06,1158275622.9547248,1148334452.9063704,1148444237.3826587,1169263825.6210017,313099849.6893564,291710423.91234183,291040163.9365315,298440508.46133524,345477276.2291866,318536342.58271754,318819391.03774923,324320400.81439334
2022-04-07,1214076213.1101172,1202719044.3753486,1202951381.4082663,1228333469.1095397,316272175.83130777,295529537.5025182,294829773.1685806,301941469.05281967,340306903.9172629,314735859.16770935,315009221.9809534,320386848.7970414
2022-04-08,1260375343.8396218,1248802504.5317585,1249084160.8865993,1273356482.287731,319177434.46513516,297794750.033366,297060389.9296529,304100848.5125324,343069593.18632317,316838441.3332615,317121916.9295739,322491698.5252025
2022-04-11,1236977155.5042582,1225410780.9077568,1225570675.3951886,1251489175.4592829,311631570.5777149,291053828.7164301,290289875.4081488,297288551.55822325,348589624.6091785,322431044.9383682,322700021.74651647,328122090.9210096
2022-04-12,1256560328.8812308,1244959602.9091675,1245328987.282493,1271501368.31711,309552792.4647622,288889850.32829094,288105638.17345977,295131377.88342446,346905734.33432543,320770856.1964243,321005687.1663068,326237067.5666806
2022-04-13,1256638215.2220953,1245230398.1513238,1245925832.2539325,1272867907.6265433,302423410.0979195,282288234.75523996,281560544.74215823,288516796.9395851,346383475.2780835,320393752.57231134,320625507.4490568,326031762.5278245
2022-04-14,1285230919.1408067,1273344205.030679,1273984784.0472834,1302117197.13022,305724699.44732076,285566949.753166,284783418.70499873,291597247.02648824,342391851.88288593,316955860.7993837,317167111.0495796,322337181.9197814
2022-04-18,1330778842.9962623,1317363872.489259,1318334518.4297097,1344300589.6169,313216015.64523923,292007949.70774984,291235432.54507804,297594731.39487594,340305616.42240983,314429720.5919696,314602123.8213529,319468254.9210512
2022-04-19,1303264585.0104876,1289544679.0064838,1290527347.9962552,1315032189.4724467,306076252.0335729,284982093.2196424,284180548.21708816,290439907.3738302,344592941.45336497,318088453.73654366,318267116.979665,323537551.534514
2022-04-20,1350445765.1523879,1337231413.7727284,1338295147.1483295,1360061241.071525,315070906.7868603,292526129.7531144,291692486.56575495,298128323.4328795,341170012.1098211,314015733.8618158,314165582.8387544,319222890.8733167
2022-04-21,1347798209.5535355,1334550201.6871543,1335131942.1270287,1355455715.291266,320812691.61975896,297540972.94007486,296585298.6542819,303301644.49012625,342206267.7512009,314700491.041189,314836979.9046456,319871121.0360507
2022-04-22,1331516093.335461,1318491963.3145673,1318900737.3835769,1339664505.5957434,322228323.52171904,298971363.8483403,298033547.2079036,304793887.3543278,344186362.3531698,316653274.50732875,316804925.1813954,321863458.54664654
2022-04-25,1305676896.8717368,1293201438.3094828,1293455292.6300802,1313276792.3288767,317232905.97385687,294202286.0670055,293234268.44550174,299997602.580077,347543651.4838913,319663986.7190458,319816898.5172991,325223637.02235633
2022-04-26,1328646474.183399,1314959438.8809938,1315106304.5726986,1334167206.117194,322994247.425681,298837820.40248257,297839237.08659893,304714176.4199225,346145137.89157265,318154478.61939424,318312337.2452943,323488404.8543094
2022-04-27,1347614291.3958707,1332969053.4531035,1333358775.1290846,1353032931.5403266,327770845.520627,303231725.33324814,302203451.7735549,308955899.00295275,345228441.2384168,317365455.99787223,317505477.52684104,322634038.94961953
2022-04-28,1366848326.6359105,1352115259.1539788,1352734958.3260596,1371130380.241053,329726315.00038314,304960683.3692791,303875119.8127501,310452759.27697325,346595013.1430787,318424278.7354864,318553738.9517961,323700472.75215536
2022-04-29,1350295076.0375097,1335138340.9143374,1335890423.5260217,1354602622.2690532,331525994.42601204,306496502.91933745,305434355.6200725,312362609.9966338,351468744.43474364,323021628.7869781,323156633.6356614,328287957.5980661
2022-05-02,1289939328.439224,1275393011.4986646,1275979289.9624527,1293462062.2585216,319442658.572885,295303225.65258855,294289766.6754489,301341361.0490828,373596632.1482738,343353545.8869621,343516120.88817084,348984406.49889433
2022-05-03,1322275445.3232012,1307300914.6106255,1308229056.62766,1326595268.4133403,320732877.3516562,296474169.6742764,295505465.771428,302789060.5617407,370975453.9749097,340938761.8103436,341057102.87000275,346567905.23491096
2022-05-04,1307500532.3768132,1292610598.500779,1293647143.6898196,1311988645.718193,311811286.06775296,288202017.51712954,287225539.7954652,294147767.30946505,384973873.48829126,353798561.8192919,353984969.3213419,359719357.87773186
2022-05-05,1360612081.683594,1344991657.5237212,1345993085.2090113,1365894047.1331105,320525811.2420027,296238554.7695903,295186831.9748519,302085046.49667895,358496092.1761048,329457819.9771392,329599677.90943724,334895141.31883633
2022-05-06,1416460614.3871005,1397449530.982878,1398668816.3723114,1422157086.9060822,332561783.5097243,307344889.476001,306300402.38463426,313698531.9517763,344018842.8366337,316146584.95219636,316226508.9905016,321180679.27416074
2022-05-09,1430615969.2919843,1411396865.8625107,1411944477.7889857,1435712438.0523798,347617948.40526384,321244862.93117166,320114245.59440887,328092435.0081413,317772379.5795633,292018885.7592357,292194016.99198127,296645248.2223502
2022-05-10,1438178002.2458704,1418824243.861998,1419360181.7794623,1442701517.4644861,353955106.7342584,327083902.2038921,325984616.10490185,333670552.0625076,311136296.68413025,285914951.07094747,286126513.8836667,290365199.8615746
2022-05-11,1522177075.4339359,1501837037.347267,1502631495.9714274,1527000453.0442522,370111631.4364252,342002592.7497029,340807338.1824711,348875394.99441606,283560148.7490575,260565488.23448032,260715244.0320502,264483692.02779338
2022-05-12,1459838650.371812,1440152488.1700766,1440818650.3063157,1467054877.808831,359789094.7702252,332441016.0732469,331241018.38333094,339360583.3758253,301967650.28410333,277479193.8549821,277648991.53414255,281755755.21015567
2022-05-13,1404209910.9324899,1385102234.7718806,1385997586.6316433,1411741450.840557,344417993.06482613,318203140.0078713,317087391.77065957,324675033.69684875,328255733.3651183,301635477.84317416,301787111.38657826,306389274.90025187
2022-05-16,1449697059.141623,1430036539.1494102,1431181481.4291706,1457820597.63906,349568493.57400274,322968968.1525808,321798409.75972813,329357031.4166791,313823104.56989944,288365750.769129,288480351.7574624,292787364.907597
2022-05-17,1422753369.1684985,1403348318.3589003,1404605746.597941,1431052338.2258496,339436494.8385968,313580096.38261986,312523387.77940273,319923135.51417893,327012852.9153629,300483064.57963514,300593883.39404947,305140023.14891833
2022-05-18,1418680560.9466789,1399275545.1295474,1400312531.6936228,1427418742.6917903,345719582.7805774,319369502.5379557,318369677.09455013,325756885.0608111,329689739.92264384,302938389.7579392,302959900.523619,307524747.87899923
2022-05-19,1383683536.5472713,1364623481.323139,1365604952.7690456,1392071436.2740052,342893136.9377639,316730361.72147435,315779568.03511083,322862465.893726,348029940.2872055,319782208.8491412,319796014.6978841,324631997.31618834
2022-05-20,1399353782.7257779,1380075805.7322433,1381123096.579049,1407667995.2569263,348488566.1732665,321281700.0714605,320278207.2223074,327928455.24615824,341852870.8630662,313869344.7880603,313923098.7395706,318921983.914303
2022-05-23,1452964453.5871956,1433042757.1056285,1434408274.7846155,1462175072.0072796,353315104.5110022,325726382.615994,324674755.66141295,332411144.9553361,334642129.07966226,307237645.5132214,307231469.64813906,312073481.59724694
2022-05-24,1523755086.7900293,1503000186.0978777,1504317131.6557984,1532462494.221376,364296009.75659114,335861788.5216084,334703939.48678243,342624050.56662405,317179046.886767,291183313.73233736,291184411.14118665,295695810.15229124
2022-05-25,1516903981.993885,1496183730.590581,1497774587.2813275,1526144767.1836193,352501144.4492109,324938941.3574684,323817273.9096575,331752905.55065304,323913810.1533598,297368799.77509284,297317064.26244676,301938653.1097008
2022-05-26,1514347682.102519,1493606759.7267058,1495404708.763631,1523470401.2832737,344759566.94474804,317763307.1336194,316672397.24490005,324215464.97397435,332083014.7113748,304873146.56665623,304858937.54037774,309665627.7969829
2022-05-27,1509125249.724987,1488390953.0083709,1490122656.1931558,1517564664.152633,335119634.2000698,308831592.7954098,307810184.69127953,315024386.06339395,348771606.2417756,320207419.82205546,320144751.15665454,325238592.41905683
2022-05-31,1503515031.5989473,1482809516.2526765,1484423005.4365544,1510287945.6300635,343515390.1691791,316577331.2010145,315628110.2984329,322958366.2478232,342988689.09060216,314882544.625352,314825033.9262094,319861161.87875944
2022-06-01,1576581834.5817435,1554802872.6105676,1556710745.8075767,1583843706.5167832,353515995.191221,325777099.0873133,324830351.34126586,332416478.6050418,332301351.74505484,304744605.8177605,304659804.11069095,309798571.39934134
2022-06-02,1498606338.9637856,1477974243.7307658,1479628104.8720813,1505278954.2042904,345700315.9870563,318549109.3666323,317631726.3387859,324716961.2944843,342763432.56060714,314662700.43907607,314602254.8387624,319543876.37762266
2022-06-03,1534367589.9809859,1513204264.9168208,1515007744.9389396,1541568574.522383,349636624.55789584,321835572.0997596,320907890.8992512,328624848.29147303,337915228.3286897,310221434.28448725,310168000.2189376,315011264.75826067
2022-06-06,1514211188.7870948,1493285742.2062435,1495038780.6683626,1521085298.0735855,344342634.4260256,316937491.37173647,316015065.75267607,323583906.7498069,331072575.2191526,304254951.7564112,304167761.629585,308638245.1838921
2022-06-07,1504571805.7451725,1483738171.4868526,1485569138.7812276,1511655113.516213,339721173.4785366,312658799.04934406,311766373.7450718,319154519.13063,330122263.4470572,303280525.59317815,303189420.62002057,307736321.39539635
2022-06-08,1461804145.56248,1441516774.328518,1443329205.7003438,1468607217.6288135,337775856.72230506,310839151.22269976,309982878.0924283,317336361.6753222,333093760.3780092,305801080.289103,305725505.70234734,310510227.69919324
2022-06-09,1509075488.3677368,1488099773.8762248,1490018216.8231587,1516177220.1755314,345129204.73451215,317625393.6052689,316748348.48962724,324605473.20067954,326178062.00465775,299471964.5426278,299386384.5998744,304059561.71003026
2022-06-10,1566139909.1311386,1544343337.9890633,1546363117.4563444,1573364471.7985976,355080902.92581785,326773597.9609057,325882034.91878545,334013021.8204898,322810029.9661652,296352296.19640476,296239169.605297,300895291.5049376
2022-06-13,1602963788.0893252,1580625423.823175,1582704801.615207,1610214581.5215056,368630321.5259018,338815749.03232574,337867926.20859855,347266285.55656207,318939715.88416183,292311094.7128656,292179875.8659699,297212746.8216272
2022-06-14,1570280700.7064164,1548355762.2033944,1550302168.0981302,1577329885.137943,365699072.52062607,336098705.56372064,335185615.6436612,344543632.8216365,318842717.9968955,291888211.77633256,291761238.82506025,297183116.08078265
2022-06-15,1506025495.2860293,1484923538.671868,1486704574.3473563,1512621790.3592405,372761166.35110134,342591394.6376868,341716120.1342896,351028075.89269316,338854783.67119485,310604011.4349851,310474241.5638605,315840264.7144368
2022-06-16,1522888948.787609,1500017807.5704103,1501643381.8043287,1529365124.7342482,394400245.0521687,362519503.6725743,361598856.8805288,371008705.5814956,353887716.5804909,324214496.5912853,324075997.9170911,329888311.5090516
2022-06-17,1391651568.0880823,1370545705.3311057,1371816648.7663014,1397607861.8278873,374530278.26763165,344184960.67533916,343299585.6179571,352239174.5723377,353911261.9731533,324801051.7172261,324684667.5515173,330010460.0043687
2022-06-21,1397151758.9298573,1375930839.8453827,1377274602.4703238,1403281480.10385,373103129.9065976,342782877.2070221,341835740.5467613,350724474.64513886,351606663.93170196,322460772.2436113,322349313.8685605,327858759.01165676
2022-06-22,1334792572.1555705,1314359234.2041068,1315316472.2106123,1340439564.1012387,367780340.6997289,337701528.0080786,336695699.7148702,345684420.6062832,354080421.2991458,324869402.9380319,324748489.51642805,330138697.23819846
2022-06-23,1222015639.2565596,1204760643.7841206,1205236525.804027,1227140875.577172,352800461.0460515,323878727.5170892,322825292.4193142,331239422.030831,364513651.66986674,334869290.6525252,334753059.73030514,339992360.64007616
2022-06-24,1213945835.6658056,1196731430.8466682,1197061230.9067793,1218742350.189352,347873730.2752993,319320290.6792938,318250685.9305753,326551587.2796862,374650066.60348153,344055425.94429725,343956430.754303,349438041.9269101
2022-06-27,1265007808.4044857,1247236520.3193202,1247836326.7445102,1270437163.845433,353224343.9785936,324233573.1053185,323192298.4486409,331750058.862472,363862424.58770466,334169992.88518894,334047909.44925684,339337674.5519719
2022-06-28,1344583572.6959167,1325675756.0162513,1326614579.8541746,1350473921.4293149,362126698.9690175,332420989.88130224,331361254.8889433,340146390.9139722,353228161.0825316,324029005.10555726,323901085.13088536,329381103.11449
2022-06-29,1333857803.5160809,1315049111.5260737,1315777458.1841278,1339402944.8254836,367559888.4507599,337406730.20379835,336293822.06609815,345202921.08115745,354856448.43636495,325338148.22030973,325217345.32415396,330927925.89793605
2022-06-30,1321110972.0152144,1302410359.5627425,1302842813.8370862,1326405548.381397,367228954.28315306,337078701.8912518,335940227.4948599,345023018.406542,348094317.49276733,319494530.07122034,319388715.40011203,324618664.9334236
2022-07-01,1279267355.8630412,1262529745.3882303,1262912965.4520135,1284424654.384502,361967107.7214456,332221175.68189114,331037331.094417,340181864.6163826,342458549.4019112,313715468.92493063,313626802.64748734,318804522.19921714
2022-07-05,1127540254.6067064,1116341411.6904564,1116429563.9534795,1131928971.8631682,339002690.2925404,311113091.3296835,309912441.2186498,319023935.60032594,332736901.53444046,305249218.4174514,305173986.75360155,310002641.4578563
2022-07-06,1137102406.935864,1123420211.0706127,1123246754.7028892,1141400853.2168837,346247170.26439035,317737249.99262065,316515843.2594339,325694108.13296014,331010627.4325198,304121901.4245731,304038399.32317644,308869877.6511916
2022-07-07,1102932143.7875042,1092666886.5986662,1092860974.3909485,1107295288.4303045,328813037.4393991,301706288.86876696,300576254.10590124,309307047.1034168,340179379.0588585,312090351.4653322,312037587.1345711,317012944.94861746
2022-07-08,1090551681.242498,1080021757.670855,1080265720.5432677,1094783719.4946668,331121885.88691026,303788256.1686915,302668108.7754682,311468993.18188006,338088688.7227329,309682077.5078062,309645748.04826206,314579070.4431972
2022-07-11,1183637630.6389143,1171751094.0430577,1171996709.0808234,1188487016.2263584,348202676.7340238,319129680.3140886,317920577.29948187,327530026.15672815,342606469.58536476,313771614.81028545,313730666.49383044,318663074.3071027
2022-07-12,1141638439.4917161,1130299598.4465578,1130315905.9924726,1146160633.9873643,337994083.0579997,309732067.5042958,308542630.1278378,318010187.48494923,347049727.001371,318047779.5203028,318008026.5218034,323046071.776532
2022-07-13,1134787603.3737473,1123497854.6632776,1123577262.2101986,1139668328.9363992,335260790.4771271,307196448.55003244,306040108.4731729,315624257.5563174,340840470.4014214,311974258.1825573,311928668.91294533,318199644.48885274
2022-07-14,1157141819.2099495,1145489016.30946,1145372129.607016,1161708243.5981343,342062730.818923,313414534.1201881,312203071.14888877,321910981.13429886,345128965.1753791,315636324.406514,315586089.40525556,321912442.14363766
2022-07-15,1142822805.9641623,1131324640.5344255,1131234911.8582563,1147125739.8554208,336034224.7349168,307853910.9524789,306665292.9444181,316128123.7752565,352561022.7424472,322449242.89330935,322396790.81569815,328567797.6139096
2022-07-18,1138983368.499739,1127490519.0763433,1127755317.4645774,1143184752.5735126,328869417.5962702,301251465.70972246,300128909.98941046,309261706.1853169,367152783.95498633,335914562.2925692,335897713.56697035,342262724.62595254
2022-07-19,1085185518.9583282,1074400119.7420626,1074871201.171174,1089467692.1555693,317661033.11333805,290935295.83239007,289877003.01000077,299130145.0020799,375426499.6375809,345636876.88721627,345646017.6084725,352264689.84890276
2022-07-20,1014336731.9785593,1004496934.3454711,1005033365.6540068,1018176842.1650842,299721095.4813203,274438490.72967166,273432963.9810405,282265312.2001757,384058930.62785053,353594567.7715661,353639954.4452739,360425089.41809106
2022-07-21,989207189.3789244,979670370.0077162,980160903.9616177,992792960.4833839,307245332.0947264,281317302.4020328,280328645.38265795,289088240.935736,379901978.22021216,350900689.0389766,350943040.174036,357679415.56437945
2022-07-22,1089404569.45233,1078377090.2563028,1078838530.5192053,1091784685.2418065,324810207.4952532,297413621.4491976,296341341.45999503,305587271.749653,380858591.14434004,351186092.175963,351196265.45432544,357938270.4086868
2022-07-25,1139368444.8465889,1130362876.1547482,1131112535.1412716,1143219434.9537115,328777524.50163496,301027859.8448721,299969787.8306728,309453549.6745005,378289037.59559715,348441953.84502673,348425251.7749302,355120632.2594839
2022-07-26,1201390820.1659148,1191466222.643138,1192115468.2832916,1203351389.0334685,344587830.1663003,315509925.28796196,314420414.12070376,324225201.13479173,366667684.72739065,336767445.8371892,336711893.747856,343115473.2921938
2022-07-27,1153486810.9084325,1144189663.5606265,1145093586.719597,1158130020.2459335,334338503.9643458,306569902.08884853,305531391.7815033,314446529.22417945,374393351.1340578,343537406.45095056,343502291.87652427,350076701.3975771
2022-07-28,1171586864.9452732,1161989697.8347566,1162754020.5024312,1168985648.2960384,333690888.5703718,305922967.92765284,304873434.81304914,313417632.9153595,387661303.8566481,356043781.9390658,356058858.721947,362744053.94856054
2022-07-29,1223781406.5444508,1213489374.877985,1214531050.1177037,1222698181.998569,336028041.361455,308029457.45821786,307020042.42005897,315587131.06986827,400529979.0074499,367858863.9035821,367870474.3965894,374728055.5637894
2022-08-01,1211034942.4236202,1198516931.4472883,1199426176.711568,1209310748.8218782,336755252.81359434,308668223.79246444,307642770.67143065,316558714.8908479,398081566.6680081,364750027.40291077,364754004.4821106,372279216.5968938
2022-08-02,1157378932.1852999,1145479776.6078699,1146259460.48122,1154555238.8730779,325434693.1696744,298261263.5552964,297282969.8195506,305694245.4973666,391779979.5676909,359414161.34141433,359441254.40262747,366430290.2608521
2022-08-03,1059673654.5982325,1050464140.3505422,1050995354.5902314,1058890783.2309548,308686147.1344814,282877185.03351736,281855936.7277374,289717542.1742023,383695547.8167085,351417630.69598836,351413439.0956941,358665447.04338384
2022-08-04,1011534772.8954023,1002475382.7552782,1002642100.3075448,1008002225.62602,302654881.82556444,277317835.4292958,276354253.15190136,283920970.7555069,377564509.1580007,345846961.4222354,345874587.90466684,352566174.7088516
2022-08-05,1005282876.2172288,995468517.4214963,995712323.3589182,1001330174.318807,290877917.68308455,266486796.60350955,265590393.1389298,272498502.6958235,371685016.22728485,340870900.04199994,340914440.16815656,347284150.332196
2022-08-08,970256321.0328379,967855861.0061498,968055371.2119232,968626734.4776275,282641768.3237758,258898389.96090385,258024420.0753346,264565074.30988112,371166451.3067953,340760473.406873,340796367.67701894,346594086.52416265
2022-08-09,1070921672.6599586,1066973768.6339,1067335029.7197704,1066198637.8260984,301571892.7097596,276210123.6396835,275298721.7497828,282435095.7723068,376903357.90890616,346240047.6315106,346233255.20872957,351989369.96093285
2022-08-10,984013864.7646887,984489173.8953488,984714185.5758158,982311449.0165632,285163946.19121194,261110546.55453557,260241691.15917322,267087311.43835175,357607595.3997479,331201897.5030401,331207716.4606313,334874003.3593965
2022-08-11,1023776791.3362476,1020423908.6698138,1021033798.3300238,1021183383.6562791,289487411.67699546,265036679.1604244,264173107.80992025,271270821.3832884,361603985.0220983,334329118.24141115,334347358.0419953,339192485.96667105
2022-08-12,968319334.924998,969071722.0379692,969549579.1521244,967481025.997535,278614485.6400797,255029421.51730382,254193768.31957817,261259834.9650717,348892474.88762414,323404865.09520346,323423946.86693096,327722573.71821445
2022-08-15,945856619.6752472,944958919.7053895,945207983.4404367,942831989.6826673,278173611.30578303,254589514.58148614,253734666.05139437,260795489.67213714,352157023.64785427,325867920.0903511,325861653.9401523,330498522.3897307
2022-08-16,959697866.7765704,960039262.5377642,960311710.4434968,959837264.217609,278049906.3468652,254440402.4110403,253562394.97902262,260610316.53580076,359212712.0742935,331656773.0085762,331656138.57534236,336751550.2747424
2022-08-17,1032808808.8632019,1030316610.5808806,1030759998.6801772,1029592339.66781,292445920.35280424,267599208.18358985,266673260.1837351,274627705.7287198,369707088.2842224,340933631.54367644,340918457.8008742,346715228.8732419
2022-08-18,1086857046.3531244,1082216319.9125433,1083021623.440737,1082220337.1291437,296536971.33561134,271319713.9313174,270370660.03258526,277943660.00804764,368308469.4142179,340126389.074132,340121557.338579,344905591.5251224
2022-08-19,1183207415.533323,1177989623.661664,1178977854.5422444,1178809156.5491655,312113194.48728126,285571688.0929328,284548818.954667,292104443.03031117,386170407.19873446,355529882.1852156,355493476.4193683,359990647.5251236
2022-08-22,1242944962.4960308,1236387553.2090166,1237497235.236196,1239090032.296381,318530057.8931724,291422166.7424549,290414797.84049124,298195100.9918431,390385595.5354997,359466117.6979567,359424206.5813407,364017071.95313054
2022-08-23,1262260171.8444312,1255549531.2114444,1256878138.5773907,1257072050.2544107,315195934.72780824,288718760.93599355,287776179.4556561,295276664.30059624,386891841.67057884,356414726.4423692,356420469.84440637,361235137.9146143
2022-08-24,1238094312.379575,1232963891.709978,1234253379.006204,1231814114.985754,306838175.8787965,281027648.6974917,280113512.7360226,287511631.04908884,374838198.4706648,345235445.2664223,345258277.24007326,349619067.5832796
2022-08-25,1220461527.9466302,1209042580.4512186,1210280542.5390012,1215363229.4159155,301944927.61434025,276502793.17314833,275608442.90663964,283190664.63173014,378356638.2941033,347816779.5188108,347899153.01844424,352399979.20173055
2022-08-26,1278250384.5192626,1262363669.500523,1263750912.5242023,1270944626.0811067,312151562.792082,285613687.7955999,284726518.3032632,292627656.8164292,392635594.80732167,360716755.7613974,360776316.936957,365151340.1849455
2022-08-29,1303321648.400661,1287392451.6781788,1289022299.8292568,1296445742.0230334,313497871.8315904,286807935.0857456,285923445.90789676,293674217.5024402,390689946.6711416,359301350.32608956,359408943.0311695,363491320.3555268
2022-08-30,1276631168.1133423,1261934517.801377,1263309729.6521628,1269765452.8720057,314769220.720579,287928814.351512,287034451.5322563,294221573.0708609,388567084.9668737,357175342.6689438,357230395.22427213,360648067.51779443
2022-08-31,1270252496.863377,1257710394.6100607,1259072877.9790332,1263781441.6846657,314675087.43188816,288045863.3865167,287172485.00223064,293878930.12987936,386967914.5728247,355561597.2848497,355607265.89221835,358838002.0680407
2022-09-01,1276151618.070097,1264270104.3340223,1265264200.0904353,1270772871.4353125,315517648.92669046,288814475.3519738,287798204.0176628,294555273.48376113,388718952.0631212,357161590.8026548,357237863.81970197,360557042.954069
2022-09-02,1324204697.9762814,1310845100.8864377,1312153672.2723696,1317825461.1546686,319059188.6601989,291521831.9164072,290551662.4676221,297817869.1611377,388759917.9722461,357182161.9576744,357271796.6186078,360572682.57211185
2022-09-06,1335554367.6283746,1322921258.6849473,1324158537.6140716,1329320221.791368,322850758.15789956,294959620.87060696,294004243.6926652,301477448.4977662,390369121.8632345,358304063.9670285,358379732.0158207,361969799.79277223
2022-09-07,1281053164.7802343,1270031784.233276,1270772680.9206612,1276552652.4953005,312564447.1947097,285736928.55714285,284748500.3307023,291899798.3001449,386125873.21878004,354396218.99791825,354488293.3500729,358319565.87190694
2022-09-08,1239752450.906451,1228950147.246803,1229603255.361303,1235005645.1650448,305581340.2034843,279176249.6146926,278211813.7218153,285222370.36051655,388105687.8593942,356206322.0220289,356330130.28421885,360390517.05127674
2022-09-09,1199879120.620948,1188879809.05636,1189552046.7895904,1194822621.1220467,301009341.3994336,274932269.125131,274011008.7085465,281549869.1375656,395605229.4081657,363088574.47186905,363235795.7763189,367259831.61925024
2022-09-12,1177511179.7802324,1166248411.356957,1166907046.3601964,1171807074.3238506,297459062.25253314,271638796.00075,270739651.5216478,277970609.4173463,395848686.6140415,363302987.0466352,363470958.64308006,367474917.21104926
2022-09-13,1245338506.9774373,1229125369.4170854,1229951617.3802223,1238052680.8174183,308383916.8878628,281316259.5119296,280448597.00831574,287953469.41770273,393190951.87409514,360852080.05493736,360992852.283103,364509290.0297492
2022-09-14,1273146738.0271854,1256789437.4276934,1257828832.5964935,1266071118.2372313,304657286.1021737,277876211.0224282,277037749.1704583,284203802.43723804,389738428.4588823,357669645.6743299,357825488.87410456,361304024.22311383
2022-09-15,1227121238.6181333,1211503475.1157093,1212392598.5828147,1220682535.463197,299542119.0322427,273293411.5350586,272423275.27558565,279297633.17810297,392308454.2700707,360021202.2005529,360178482.3987781,363707217.6593387
2022-09-16,1282702098.4330056,1266653268.4936004,1267629661.8801537,1276295329.6457915,310369830.387702,283067821.44679004,282193594.4735294,289470186.8841033,397067157.2456975,364384995.1638397,364527268.94062144,367867631.75850934
2022-09-19,1286355930.5848908,1269082446.738126,1269990481.8018517,1278299189.3835456,311156304.9517549,283496092.36542964,282625509.9151219,289692921.58382815,395281454.9624109,362727332.5161499,362873663.87405986,366243074.7382262
2022-09-20,1300550017.1526794,1282712004.7477703,1283661904.329339,1292948408.448898,313587127.3103381,285718807.8697585,284845113.7041166,291873743.30234206,392693958.81917405,360140605.38485724,360270130.1840477,363836325.53449994
2022-09-21,1305715101.2185295,1288150231.075824,1289113177.381867,1298212292.1441233,317112598.1167419,289031391.2577895,288197339.0861338,295471942.4758398,395003012.1719957,362252911.4139701,362402664.33678263,365919332.72487766
2022-09-22,1341214765.38399,1322751141.0823877,1323669075.5502436,1333328595.4777274,328897297.63432795,299682036.9840916,298795622.50104237,306657701.0090725,394877222.2465833,362128285.75497645,362258692.1139239,365764186.20863986
2022-09-23,1304652449.3478413,1287386056.5843606,1287911471.0707366,1297047728.1766992,334815998.2951684,305277642.9386882,304237293.5944024,311850844.4681192,408580459.7877592,374711253.6710917,374852348.0752502,378514684.2685593
2022-09-26,1302601313.7684438,1285186292.5430062,1285720519.884181,1294846040.8141136,336055148.1271431,305970942.1528672,304909910.4754253,312681590.13534003,404200277.75538474,370677594.3477704,370833706.84991765,374428539.87009436
2022-09-27,1281368601.4597108,1263906245.4648824,1264566874.3220313,1273242170.9443746,326913404.85660565,297549067.89830583,296502667.82213914,303934558.82608056,398712529.10226196,365626171.8645491,365839908.1197307,369485777.34827566
2022-09-28,1262817190.8345995,1245774723.6088219,1246584600.780411,1255047348.0578592,319400199.745338,290687340.0305092,289632629.92169094,297421653.5145947,393171822.54533774,360526731.24481165,360744032.48544294,364382257.6211373
2022-09-29,1309626098.689896,1291900767.420871,1293082269.9434621,1300996987.877212,331506035.66694033,301709479.65436953,300676983.4181035,308068958.33433706,394918181.20231885,362123767.5303707,362383382.7874285,365997764.8071624
2022-09-30,1317233131.2013724,1299438500.7216828,1300636598.3030465,1308321851.9180346,331629918.98584276,301816232.0826184,300907944.4073023,308276622.19080126,388930624.4332299,356619225.2998695,356842694.78580505,360372819.2198652
2022-10-03,1342653353.9759455,1323352173.5550783,1324797512.2910645,1332498302.9496331,331199683.75953394,301354993.718135,300406499.7538427,307802647.30637497,392623391.0734967,360001178.9046525,360258538.18340963,363799149.96723884
2022-10-04,1287117932.4821527,1268865699.4749022,1270351224.0877652,1278572491.442411,318753858.1159479,290483137.96519786,289625651.1113706,296550045.2591265,404788914.58810383,371151909.1625384,371460070.80611175,375151953.07004213
2022-10-05,1312059910.3383472,1292763031.4087908,1294516764.3188996,1302242362.2668285,323392325.4484711,294454157.6550702,293610262.8712496,299804521.67150444,397027238.1918319,364030696.1600976,364295337.1160309,367895571.9277173
2022-10-06,1298209026.5956905,1279947396.908128,1282132167.7524056,1289895454.9905238,324140029.42258114,294812091.7059652,293996969.5853318,300381475.6396806,391868161.5459332,359295777.0521361,359464447.0487628,363052700.85706246
2022-10-07,1380267151.9185095,1360806065.6354988,1363093301.6552682,1370370747.9898038,328741001.7938378,298396270.45146483,297573320.8112519,304011329.13517445,382682310.3520284,350868658.18818855,351063422.53268075,354513726.386942
2022-10-10,1393358407.6558027,1375407931.630714,1377470661.4938684,1385035854.4465535,332103134.40400195,301898659.8433359,301054911.9952954,307419337.2795741,378742588.09405243,347251933.16219515,347457414.30795366,350839634.40451
2022-10-11,1401837333.276428,1384760920.6542368,1386669448.7962422,1396800838.6531086,329894618.0125754,300338666.10493785,299477111.79535043,306288556.6272586,385687448.5251276,353615744.847315,353893499.4817114,357326156.4544956
2022-10-12,1366522173.8094985,1351184129.3806393,1353255340.2440224,1363449997.8854175,324606118.25416255,295862238.7628819,295023155.9005563,301641070.19436115,386419763.5972882,354283008.11431074,354542589.7590137,358011961.24719805
2022-10-13,1402723606.5811095,1386098367.2954948,1388364662.72408,1398540245.812134,327769015.0010279,298509850.5646552,297584745.40700364,304412792.8418231,390628273.6648548,358137604.87803334,358447799.6095133,361950924.71607864
2022-10-14,1417226073.6285348,1399945385.6259935,1401881940.4433587,1411238881.3630126,335619568.7929531,305256073.6887528,304240224.9157349,311074079.80783635,388333358.4152671,356029028.57583296,356350266.7958217,359793403.46087736
2022-10-17,1358112785.8490043,1340022291.084439,1342011451.0862112,1351119645.0172298,329348541.73286337,299419107.0801258,298387684.2224756,305288627.77138495,395706619.2246722,362785517.49560857,363108543.5053905,366647135.9701603
2022-10-18,1353852753.0434601,1337844536.5547884,1339812936.1144927,1349131941.350782,325980347.88352734,297059393.1237464,296004247.5081371,302892967.5568755,396663911.16082233,363658905.80188817,363966040.2209885,367521404.6243915
2022-10-19,1422840679.830319,1404227894.563239,1406560693.3189356,1415780240.810805,338505915.7308722,308014546.4234647,307123557.9753871,313694671.4982757,394587685.81850415,361750784.79901916,362062364.7156367,365539235.6812374
2022-10-20,1426659997.6630266,1407905965.0740654,1410518099.6867058,1419773819.5581179,338991503.7934991,308356820.6787309,307482634.4375137,313912344.26429534,394238637.3713201,361418442.04506767,361705860.8746644,365151419.37521344
2022-10-21,1430172663.478182,1409199968.7834656,1411860963.4605978,1421377251.7544656,335781666.40330553,305046849.06976944,304250435.7983488,310220479.20595044,392199782.13540554,359057135.0547919,359326475.2041951,363225450.3575535
2022-10-24,1437223079.0144486,1415559558.3827343,1417946956.132529,1427836516.7152076,335631255.99000275,304846965.1447717,304010574.5376725,309809407.85105306,392119076.96277446,358978661.02417296,359272792.5562947,363173305.1995356
2022-10-25,1358173346.3772485,1338786529.9119406,1341115916.4456966,1353159579.3691497,324243547.5198287,295572036.3775329,294749213.0740944,299895567.07194996,406144943.13823414,371834883.7935817,372168020.2930431,376220253.4683682
2022-10-26,1373093362.4820943,1353229503.8914194,1355651541.6644292,1368177739.5679398,323204702.6769646,294642584.72991526,293817614.9217797,299087206.5596122,402346450.3276923,368347183.5903658,368664968.2841233,372668160.384658
2022-10-27,1391672670.8064253,1371327657.1657715,1373660667.9517581,1387961576.3505569,323475356.96761626,294827121.4765653,293942610.9342989,299598707.9216226,401477184.34717005,367543548.5703509,367907968.413639,371879593.7432626
2022-10-28,1359299402.6519172,1338834382.2342408,1341177007.7177,1357185231.149566,319287967.4073107,291014389.0513115,290112512.2881851,295925740.0956748,404555725.1006402,370359986.31769025,370759255.24594915,374776038.3835943
2022-10-31,1374006610.9802935,1352517676.4120717,1354871999.0780306,1371044633.8416932,321342646.3307935,292433079.50497764,291543864.5727079,297739761.3896763,407647149.75799185,373191491.998985,373648327.0510991,377671231.3280027
2022-11-01,1383467123.4549394,1360514115.510281,1362887750.2546258,1378913134.4288156,321585586.4372316,292344805.5521083,291462236.15168816,297495336.7217155,410219032.6724246,375541776.6167036,375977627.87415683,380024562.45904285
2022-11-02,1427300606.5673141,1402946549.6154988,1405424896.3521273,1422565004.7443342,326114659.50358176,296230570.87954754,295323990.5117639,300853062.71777827,410499398.16234136,375794375.813221,376310284.4948162,380347642.8182143
2022-11-03,1443411164.706566,1417979113.086616,1420500202.6804714,1435533726.4997306,328088773.6970352,297900815.81784797,297077783.76341385,302484267.81683403,409553337.5645273,374924082.87348473,375435540.3006779,379458098.5512776
2022-11-04,1445080302.203842,1418882133.4516332,1421128805.3788223,1436614035.3619258,336613556.4299055,305554741.79017925,304755793.03632736,310107258.9727199,412519780.33797437,377635645.31028533,378231942.17235595,382296628.29050714
2022-11-07,1451583645.5407379,1424285868.5771656,1426602231.9295063,1439806865.6807837,340395905.3457986,308807717.39465344,308018988.01902115,313238300.4635816,402242468.588344,368222623.9111308,368780968.1786895,372744663.2259151
2022-11-08,1476059254.6878457,1449244342.5788298,1451540869.642998,1465201950.539151,341187426.871229,309625207.61276937,308826458.3187983,314290589.38037586,407040500.0281205,372601185.56876075,373168322.1916132,377176931.864696
2022-11-09,1511887575.2054307,1483718093.3287528,1485759930.3134294,1500370334.6918995,348472867.4643972,315970907.9920879,315128872.5093602,320289731.707458,403489787.5485205,368925969.2165308,369462406.041962,373827247.44779843
2022-11-10,1377850494.9935553,1353870059.556048,1355516738.3976614,1370484198.5938816,328552079.64848006,298430200.0101517,297556243.51092136,302985005.0208908,421654138.2269907,385550904.2251244,386125289.5413146,390735293.2380762
2022-11-11,1302927117.593466,1279131909.7805948,1280658156.0850422,1296390175.6910727,317296658.25677776,288054702.66791564,287259535.53991276,292638745.85921377,432264071.57273686,395259665.8896767,395888916.9811845,400605032.94862014
2022-11-14,1336271288.8262093,1310166029.6819158,1311796864.6136599,1327758315.6051357,321404703.83523476,291325419.88061523,290549668.38844264,295943767.53831387,432066991.7898986,395075011.9376528,395745644.9417592,400460628.8481318
2022-11-15,1296902019.6874423,1271509507.946578,1272991487.149463,1286593643.7760727,316768284.4209613,287218989.1073473,286511482.0881355,291754072.3717373,443320504.568007,405373165.3783875,406117718.7278978,410964918.2624349
2022-11-16,1356052494.6618667,1329755408.7922363,1331253656.7923703,1344210290.2250662,330113845.33782893,299249825.34460837,298559230.86775666,303773350.3617174,439575302.63232255,401930559.864677,402681789.2081722,407475396.9727159
2022-11-17,1383267213.5555787,1356252645.1657064,1357854828.2036192,1370917713.7698662,329860131.5173162,298799945.2331217,298124508.25558203,303039564.3518323,439544333.78312606,401705413.2247826,402511977.0516037,407505639.2452095
2022-11-18,1417636491.0253198,1390443845.1494634,1392064439.40849,1405265618.2783911,334037717.4503393,302438523.06575394,301708314.06827193,306611161.584292,435542709.02743226,398036476.14914775,398762213.26086646,403724000.37712693
2022-11-21,1459344220.8958673,1431768072.158424,1433449955.4185603,1447096801.4101918,338978581.1387573,306850122.23490256,306052618.6900942,310856128.0932241,429424921.59810513,392430387.0012743,393137314.1078783,398031247.2683359
2022-11-22,1493970277.5855885,1465271048.5677774,1467125344.4084342,1480760094.914206,337853188.08672124,305555793.84965575,304750292.61961,309370260.58817655,422764319.8728814,386327173.7270466,386991749.3576129,391821861.3119795
2022-11-23,1456390179.351641,1427745077.0703201,1429439023.5372872,1442599789.7109704,334769643.87938845,302652606.70738274,301883664.43714803,306646871.67683256,430295713.6147575,393216599.9495967,393936118.20095366,398846097.10984075
2022-11-25,1470216516.276214,1441871231.6826942,1443629264.9424713,1456755567.6461847,334846809.260843,302787215.9446845,302002497.5410132,306692861.1401159,423555292.15869933,387040201.68766576,387706737.1271563,392551877.09631413
2022-11-28,1479437165.242529,1451324342.084212,1453005246.504469,1466071176.0935566,339873674.5339535,307589842.6906869,306759233.71672577,311120056.64741844,430698870.87653196,393574595.57814527,394319945.6057891,399217074.60131675
2022-11-29,1477229047.676669,1449144155.9074755,1450773028.858943,1464251380.8944635,338415030.3010668,306070197.0315571,305242300.0071154,309670376.89648086,433765000.9947195,396376629.77856845,397171433.2618391,402108410.8556975
2022-11-30,1423625233.6399553,1395695248.3472412,1397051831.2761557,1410180955.722798,335353444.2010973,303412387.76366115,302593437.68623084,306958844.37445074,451629302.7603999,412727562.4329001,413618664.6798048,418730676.88644475
2022-12-01,1396545236.4899793,1367987657.3443472,1369116673.7368176,1381503085.839396,339748684.8741111,307167295.4596382,306374240.17844474,310461189.4403909,453346352.37319285,414291887.73824054,415201029.06161994,420317871.52121276
2022-12-02,1367841441.7109842,1338521609.8224752,1339544829.6139705,1352134413.6906238,333449745.70667577,301223165.87417847,300446170.1815655,304636496.89909434,449547741.6100437,410815503.01662964,411703963.0037233,416806870.63299304
2022-12-05,1396348224.98767,1365886958.7536979,1366743933.4339404,1379406926.661209,338637529.5921982,305164114.59178036,304441399.78269833,309302910.3648581,441018434.21999615,403015843.53127795,403892631.5764911,408897858.1459398
2022-12-06,1437821185.85341,1407604570.7846646,1408402159.8287854,1421852999.1236515,343618474.97652584,309853299.840271,309138920.0547025,313895401.1728425,422097734.3346212,385719813.26625,386468478.14584863,391252562.40216607
2022-12-07,1442371188.5396082,1411911894.8803296,1412553502.7921984,1426120157.5001667,346912606.4953556,312834359.44922036,312109760.5391792,316859008.2178542,419328364.7456201,383184186.8410463,383937516.2059823,388706200.456169
2022-12-08,1399995669.198196,1370040716.7717638,1370595561.550832,1383958869.07547,342504612.8069343,308803256.9534005,308051912.584776,312760338.5048221,415950822.9595079,380092656.90643305,380845662.7474292,385570840.54068506
2022-12-09,1401894632.5454643,1372282295.118958,1372780590.885315,1384299747.6595535,346878737.06036663,313268407.6232701,312552131.1765558,316493683.3124366,415416402.57175916,379599436.9096056,380348825.86615056,385042680.8050609
2022-12-12,1410991715.4281704,1380790546.9399006,1381466999.0147412,1393291927.290974,343071198.16888124,309391253.9471944,308620576.2675963,312836832.3379041,423069583.65441084,386588660.6375242,387394841.4954085,392196302.36301094
2022-12-13,1416234956.0658362,1385207302.789473,1386154435.991751,1398169668.5590565,344693188.2778345,311246173.07266784,310461443.0488272,314292125.2960695,413421960.0884541,377766113.0922258,378564179.00170696,383261291.6424482
2022-12-14,1409076530.8179066,1377690887.076438,1378538140.606909,1391038935.9584732,342036909.92962617,308761745.8172342,308019625.2110627,311942016.81730425,415231060.4136506,379413669.07805264,380210600.75082403,384933034.1545795
2022-12-15,1474554243.0320752,1440790814.216139,1441935523.8444831,1455500363.3591158,351064596.1031958,316455323.48068863,315734400.26552474,320135920.9741517,407530175.8017562,372370551.92569077,373122269.62558424,377743461.619794
2022-12-16,1478184963.934233,1443924796.3017387,1445015257.8955889,1458974212.001515,352510672.315306,317405334.85096157,316739230.2621628,321508758.5453712,405472459.6869039,370484601.2190125,371229191.3230152,375810074.7972953
2022-12-19,1521164098.4371812,1485973637.9349365,1487020808.2151625,1500635571.1798716,361683634.1403975,325481461.0868002,324788632.9053073,329512317.5329896,394060621.25514114,360050249.5360254,360758575.50560683,365204313.04165316
2022-12-20,1541847971.3636556,1506082429.3978076,1507307021.0098205,1521014724.6844494,361897474.9817119,325287861.89361286,324604283.87899166,329695847.76150066,393026045.6014638,359099461.13995564,359848274.47587055,364286150.1463247
2022-12-21,1549492728.9275503,1512581689.0110893,1513862364.7007222,1527337468.794415,362618261.1861715,325830286.80449325,325110928.4307975,330089323.3588041,386469432.119725,353101914.1731287,353832375.95373327,358176255.8587178
2022-12-22,1563490007.7492642,1525911302.1918728,1527006691.59478,1540493538.5694237,365113788.95320505,328099544.9136349,327361891.80782884,332229201.4553719,387717883.0198851,354237386.4752762,354952884.0877161,359118741.9636786
2022-12-23,1608510093.9841168,1570209338.1036232,1571622293.1306608,1584990751.0525672,366648313.83040214,329504924.31783247,328764577.0176738,333419714.9146948,391294219.8393437,357500229.812202,358236988.058707,362433373.2364699
2022-12-27,1656738053.6465647,1617172336.8030734,1618685650.7558563,1631582468.0189142,374902462.59507775,336671808.16759366,335895647.88492006,340533711.9356411,378861467.01919466,346132858.064139,346799957.6994554,350827936.2965026
2022-12-28,1631166968.2036934,1592005677.5029967,1593277112.937482,1606113644.767738,375446761.45440894,336811361.609296,336046012.5875776,341135588.55609417,388567029.2730276,354997309.7801054,355699246.8502027,359854158.1507248
2022-12-29,1569631391.543445,1531343000.563274,1532635211.7754514,1545546749.3783753,370154642.5003373,331723560.47386277,330958563.80767477,336500371.0205507,401327088.3341317,366652873.8617505,367381462.6379665,371712521.37122774
2022-12-30,1548873191.3669548,1510444400.7148511,1511814459.462814,1524935804.900773,370103855.28613275,331730220.1718886,330996680.30310965,336465584.95990455,410145577.14396894,374706731.4884898,375460965.2570466,379922775.9597991
2023-01-03,1517878204.6965346,1480712305.654343,1481666293.5594883,1493019605.4494474,371616437.6364321,332965470.79346365,332301241.66682637,337495408.4498413,400384596.66234565,365783815.9897828,366536395.7081317,370887436.169299
2023-01-04,1464870762.4749658,1428960465.1175628,1429781447.4605641,1442185558.6074548,356162505.3818915,319294449.5895243,318711809.04608375,323801093.7641843,413662169.9953657,377908865.1276697,378710302.88710606,383240819.84080523
2023-01-05,1523693039.4120374,1486268664.3078542,1487403777.507041,1499363744.039352,357276738.551639,319908828.6334575,319365391.8809666,324350218.9807274,407582503.17944866,372349136.34976465,373120080.5958196,377553924.3289377
2023-01-06,1551346564.2858903,1513178814.1763523,1514455721.2398963,1526448243.727699,358094839.29358387,320548528.9282732,320011472.78373164,324867838.95174783,415635424.3850473,379701037.45452905,380496025.2229493,384982222.1605904
2023-01-09,1517306403.5807319,1479921722.6678023,1481346278.662835,1492889784.5637732,356817229.8577544,319528808.8611219,319031349.5885218,323241344.27599984,427410440.8845244,390453545.7367973,391239634.8435286,395787899.7791236
2023-01-10,1476265634.781616,1439847016.675001,1441171859.0877697,1453478128.9504206,346619264.89561087,310536303.9715864,310025899.97019815,314155936.7306467,435977910.08905315,398275526.1467523,399064285.5664387,403753876.0024566
2023-01-11,1420142794.3238277,1385063528.9602382,1386174242.8960772,1400060439.9567516,338214417.0421501,303393793.38406366,302915585.52181953,306942069.2118677,453642677.3531762,414408599.94592,415279236.2518832,420199942.69747245
2023-01-12,1403669255.9161425,1368945520.2441382,1370321232.902531,1388088258.7390652,329533928.14703697,296312812.8493036,295888343.6305838,300939810.2060335,468135845.87679315,427644038.1847992,428477616.3122523,436843053.5491163
2023-01-13,1392596057.3234723,1358061980.2868476,1359342401.5775418,1375871500.2458227,325777415.01371884,292682189.8883001,292260846.9017383,297115388.83428246,470700213.17917025,429982110.182736,430804374.93093747,437890867.26710397
2023-01-17,1354052960.6521697,1320405717.2219515,1321622438.1287603,1337481588.9578059,319738448.3770859,287308568.30711025,286889075.5014059,291749434.1640052,489984931.0005016,447596164.5670339,448501138.3185218,455314966.1221551
2023-01-18,1369203969.9085894,1335068001.5934608,1336182843.0071564,1350853519.349055,327745378.6487539,294214752.1094408,293908477.2221367,298819940.5842753,481806981.4495571,440120153.9077838,440958902.2723216,447676863.4420673
2023-01-19,1420204054.4452147,1382204316.8933747,1383328085.2925177,1399348816.41872,336309694.99457884,301582981.87018406,301325647.21813774,306367959.29774964,464710252.93462807,424495778.748729,425296995.47900856,431816196.9485358
2023-01-20,1359031939.0472577,1322483104.640717,1323577016.006341,1341908357.2261024,325470214.58635175,292472343.8546189,292217999.8761666,297216845.74948436,477856841.04446876,436501771.6770354,437338049.9813772,444054273.80490065
2023-01-23,1295983564.8094137,1260924237.6263719,1261962338.9130957,1281541308.5617537,316564449.8745493,284910907.2118865,284666532.486645,289513222.6399157,495917242.38690925,452997136.2478811,453888310.26768446,460838675.86479914
2023-01-24,1324716768.6683855,1288890433.8122098,1290012731.5449963,1309221608.5896406,318011021.1025739,286399121.0234474,286163665.92092663,290932149.9318664,488749430.73373824,446443823.07500523,447315987.1947464,454259836.3665392
2023-01-25,1317556525.962353,1281850122.7503674,1282959612.686502,1302361050.957781,318981701.480209,287040763.23678577,286753068.842723,291634169.24631476,490478806.9112172,448019083.93208855,448906601.9511927,455874012.448402
2023-01-26,1322233427.2136817,1286347368.416231,1287807267.328112,1304952587.178311,323003804.35504764,290221793.64385724,289908283.35952216,294676580.50034374,489707835.4460116,447309982.71394527,448205987.9432283,455146146.12905407
2023-01-27,1203762469.4181674,1170621461.0861986,1171621940.5488012,1198455913.8090959,309342445.8349674,278680865.8820728,278443132.49806106,283226293.9644751,515405791.45086914,470782143.3484119,471817945.22067815,479018455.74744236
2023-01-30,1256436210.6980877,1221815982.771545,1222714873.1232166,1250538501.250025,319780254.9138071,288068767.5966869,287840744.899472,292579881.777279,500203538.7217238,456887696.65063274,457866243.1940727,464876431.4086297
2023-01-31,1207349703.3009744,1173845264.3715363,1174883314.6396372,1200927731.0461948,312432660.0891662,281141198.0407841,280879140.01842344,285701454.3558988,509718251.1881695,465573062.5659307,466561818.1262203,473755459.2285824
2023-02-01,1155738053.8851354,1123557234.1271734,1124579706.5028503,1150267920.169213,302130758.63333696,271629467.0654295,271383026.8332825,276533656.3545761,486108236.49430966,443541444.66162753,444492496.57258123,451869936.3333501
2023-02-02,1053056306.7167003,1023597399.479582,1024492908.9292021,1050344129.0559973,287570115.49319166,258132837.45672992,257921561.3095247,264411344.92327148,457529717.31312805,418239162.24832773,419172999.4217592,426559838.82714796
2023-02-03,1099600427.3521278,1068766129.6748097,1069594560.1234213,1094368952.7506254,293883399.0792031,263782966.51366475,263597563.2956924,268968623.293256,473124732.6613173,431599164.6852984,432633806.71632445,439439787.2375233
2023-02-06,1101800485.4757245,1069176666.5000057,1069663085.6841811,1095218347.031289,294552275.39865524,263992604.34835228,263731447.16969648,269224861.82386535,476240240.87392455,433501047.6181588,434464264.6207963,441314800.56223345
2023-02-07,1129743212.2396333,1095606406.9385674,1096381535.6216795,1122638153.038563,294357614.0173825,264022631.87977216,263777090.5441988,268892179.1173406,483042301.69443154,439685204.66016716,440682781.6164352,447944565.595746
2023-02-08,1158616965.482142,1121629530.1685982,1122413200.7444263,1149437859.2686787,303398764.1061347,272318205.1251228,272065035.9577527,276475329.7989271,486384757.2882716,441895211.7119858,442883014.48941255,450304309.8576384
2023-02-09,1214433332.3126967,1172653979.985019,1173372126.2277308,1200968980.9890962,311212418.4486403,279521745.26578116,279272521.9451244,282473662.54480267,510796517.8241189,462889822.93074423,463973873.2895072,471663450.7283063
2023-02-10,1270664182.0929186,1226650955.4891734,1227459946.7382305,1258393129.643372,319708058.1451312,287086868.05503505,286781706.56730473,290285025.6728535,529163013.52966213,480072888.4801445,481226314.80622286,489141011.71287125
2023-02-13,1257222180.1527128,1213499051.5343306,1214167580.5420952,1244004209.9712896,318717318.3550595,285995736.2642995,285732028.6598276,288980656.0225806,528246463.1389534,479091219.7977059,480217782.1134198,487549017.0609365
2023-02-14,1229935560.551065,1186882234.6224492,1187558975.7559917,1219876381.9148633,313187184.92231166,280973039.2169895,280739637.76409376,284739637.60826385,511878872.8005086,463946245.0260563,465057095.9058549,473450915.00441116
2023-02-15,1156158673.5425794,1115116312.7483766,1115604054.6803565,1153217679.501739,300920907.3408917,270139439.34879625,269900332.7318393,275903831.9578476,477797311.307549,434398511.3155028,435333459.32858527,445213996.97001326
2023-02-16,1196774486.40688,1154580761.7920127,1155169457.3453693,1189623667.5588746,309328320.09196156,277574649.2900622,277345835.88126385,282284804.64152265,500931177.7688223,455094180.75960916,456082067.09835744,465068682.4910303
2023-02-17,1190530885.2168577,1148482193.9694922,1148908960.923022,1185022055.1690006,306477614.89929336,275131542.2832729,274878089.9314138,280086261.0329221,505484804.18553215,459344915.0401783,460313195.45075685,469987788.8088126
2023-02-21,1217818267.249118,1174989008.3810565,1175148435.712054,1210952664.9251795,317685399.5518869,285148997.9188199,284912259.0993613,290116085.01172656,522295434.47860515,475462230.76551175,476524076.3141879,485755505.6275591
2023-02-22,1200346730.139757,1157911168.1440575,1158238207.8090832,1193501130.7945092,313272560.49043655,281240866.7464593,280980928.99205655,286204446.198247,521511246.751388,474899010.56715584,475943255.0717702,485310116.36719596
2023-02-23,1228216536.4749284,1184939009.1270087,1185457822.2418191,1221850361.864542,316297880.81446713,284057259.9510043,283771768.7330502,288700754.8446701,525176302.6932012,478112041.9756589,479203800.76365894,488682080.10064447
2023-02-24,1266580412.1620882,1222145693.2810743,1222727528.0739915,1259442321.7588966,319233084.2911135,286429726.2176473,286139407.9371611,290515192.3327886,541536666.3601391,493136432.8583282,494257426.66184515,503102972.2133678
2023-02-27,1264492380.0348518,1219791002.183645,1220365196.76863,1257889666.5699909,318540598.46639174,285878811.3806507,285593846.8811964,290297894.7692224,534380155.74100894,486499764.0758869,487627149.4478738,497061033.52380615
2023-02-28,1249890850.7924883,1205509401.126188,1205937282.653022,1242455894.4639997,316046181.3338262,283541953.0421087,283275589.23468953,288069766.8557397,525495878.0014821,478291729.10464364,479350747.6266031,489711930.4027749
2023-03-01,1286967630.173525,1241180289.6993897,1241852628.2205994,1278375795.4094405,323597626.6127484,290275211.90580434,290045479.3690931,294306844.66601115,531268146.6367083,485097296.8267884,486180349.20509773,495077942.5701316
2023-03-02,1276469259.2970827,1230962866.449664,1231633201.462867,1267031715.9098577,325003462.97021127,291495735.58247787,291310465.3031419,295127739.47195095,538157889.2209252,490496215.7072338,491624992.0485342,501429698.0259936
2023-03-03,1264136926.4516556,1218970427.4439826,1219576259.3101995,1255898698.5947573,321531248.61056733,288336998.4486342,288082164.06948966,292187667.52583,533997125.5384554,486477617.90110403,487539578.5520474,497467998.6472249
2023-03-06,1276876022.1156938,1231148416.3121655,1231618093.7027752,1268243356.3030276,323646006.288153,290197260.5634522,289927670.79770875,294176855.44348085,524070190.99054813,477668350.3949839,478726317.03915817,488730809.0206644
2023-03-07,1287051771.6854,1240130935.4249544,1240582423.5319052,1277063302.6927135,322670225.3953976,289285396.62811106,289050134.5673105,292902631.13115007,516237297.7660174,471669359.7814405,472707954.8644091,481608395.5388534
2023-03-08,1275756959.781167,1229165784.3216274,1229619379.1486254,1265802354.716134,327225567.4013029,293336049.8987189,293142341.53465813,297183283.57396543,513936243.3689512,471664586.6277032,472704264.3377524,479276427.46963143
2023-03-09,1289418425.446479,1242314163.1312783,1242602060.759679,1278111844.056945,334809408.13238686,300111370.01084495,299986719.3864644,303627133.95459676,509946250.20140815,466413517.29617196,467487434.97119576,475542052.36325586
2023-03-10,1296177179.8922,1248805237.6208339,1248916157.5003843,1283823540.9981642,342497718.28493243,306982856.462704,306811782.46171635,310650002.625323,515902930.5887472,472519327.7651949,473647410.4712417,480989693.2138434
2023-03-13,1270497062.8957243,1224010509.6108005,1224183972.7996113,1258114707.210954,340149045.89649034,304852102.1455573,304662834.04386544,308605056.5783426,517639522.3186584,474781527.67585045,475857265.8719963,482630758.3422489
2023-03-14,1274569940.4607491,1227914058.9260683,1228004688.214796,1260627796.054001,344202611.46848565,308466103.35980326,308247709.5522668,311909155.5538253,514190023.7327688,472928692.7015713,474050215.7616122,479349617.4118343
2023-03-15,1238274592.2583225,1192879557.9737403,1192808418.768603,1225141370.865869,343799912.6835704,308083578.87776726,307776108.875309,311813863.42899936,515447304.7664276,473967380.96641815,475120618.78118885,480531544.10611534
2023-03-16,1236244835.6860757,1190893057.7860506,1190745365.6880581,1223211394.7879822,340301058.2147238,304922026.0906206,304614486.2528479,309092153.4050428,510717248.1379831,467750727.14601886,468838276.65639853,475971798.401385
2023-03-17,1218456256.0973115,1173707110.1287582,1173483130.4564402,1204919464.5726771,339993667.610178,304624296.9153223,304352308.1583328,308785073.96551067,513255237.14766115,471008921.37805384,472075757.4642743,478278319.5266769
2023-03-20,1237503193.4540567,1192043529.938499,1191776156.9163322,1222463293.7950401,342002976.06083745,306401858.4866167,306119457.60402507,309870740.70398366,517090861.876321,474458879.1696246,475552014.2359236,481878813.047117
2023-03-21,1196947847.7629044,1152893497.5458233,1152491581.2951822,1182677111.4831638,335137766.435793,300218181.3651517,299973961.0922396,303691230.8622839,511348033.87066203,468743291.2366493,469773509.9943762,476382254.3142234
2023-03-22,1225103627.843089,1180019267.7056534,1179648230.3807373,1209915632.6756244,341211983.1478529,305645135.9504255,305441783.3498886,308927863.4644225,510412590.8528822,467869637.8703433,468863166.40756255,475417586.4430244
2023-03-23,1214519629.9373388,1169781965.6332905,1169381076.3566911,1198392909.1200163,341474759.8940237,305858622.32436854,305642739.5601824,309178554.76995826,508636270.9244089,465180064.50519323,466117996.0233985,473730439.169481
2023-03-24,1222393564.2281237,1177348882.5629535,1176856978.518233,1205446597.8553,342828637.77579725,307045027.54624903,306788209.52739245,310318827.39427555,514523539.3945173,470931825.21025836,471959624.49856114,479430622.08930105
2023-03-27,1242708415.433347,1196917862.414153,1196498420.6274357,1225736067.699759,344225107.04574835,308340834.59984046,308096495.52532625,311696227.36684024,510216352.5225456,466980435.2140045,467943987.3157993,475287568.67020935
2023-03-28,1271929896.3551195,1225034187.5401866,1224835333.6854196,1254890628.1419911,345386534.89782363,309354110.6957097,309142037.97056794,312491747.83643454,505280829.53708684,462577144.3397239,463464722.91266006,470205065.0356418
2023-03-29,1233644899.8735483,1188030354.1801243,1187866614.0291264,1217077105.9412594,336009784.5052727,300908844.952871,300713957.61302876,304204998.9288228,497500481.4136369,454742039.98489994,455533017.816951,463091922.2570035
2023-03-30,1245969774.2710016,1199844369.4039297,1199646267.4743185,1229993068.6339056,335753978.964381,300648097.15376055,300499203.01443547,304167572.21143204,494838755.7131559,453013960.01604223,453802676.57523656,460512445.59385866
2023-03-31,1213604646.9716651,1168524147.817278,1168218972.4718266,1199493342.448969,325617419.0118948,291513098.30401516,291320908.4051759,295143943.00541925,498652013.0783986,453755272.0971232,454530634.75408024,463933686.3304456
2023-04-03,1255214568.6994548,1209335444.2311254,1209243730.53505,1243602781.0639987,323821352.0511181,289933373.2273822,289768470.34861183,294047372.339795,505206179.93613535,459465628.41305983,460264548.076477,469839658.45311385
2023-04-04,1254707882.3747964,1209236883.350418,1208978145.5302267,1243233907.9257412,328105820.8579998,292162392.07623476,291957690.96805996,297903494.3155921,488783459.13756865,444261593.5617681,445060283.6326701,454277726.2734883
2023-04-05,1275982582.579015,1228859680.0087676,1228270799.4978473,1265709084.974699,335433194.295898,298114832.1928687,297855564.1748637,304818240.8117416,498676858.76397383,453344897.4461339,454186427.76880306,463187042.8754618
2023-04-06,1261601712.317822,1214526782.9934952,1213873901.205773,1254254448.559466,334641155.43469596,297639203.177972,297381462.2342421,305003440.46579254,501431554.0640052,455688454.3611923,456539717.06438607,465591637.5661365
2023-04-10,1244273698.623852,1198468599.9566364,1197785467.553899,1234264369.4985027,326259318.1491908,289996820.37455773,289712552.59353787,296887945.18773884,497045648.24590945,451803946.7530091,452655151.29194945,461417630.28563696
2023-04-11,1222661204.9006956,1177216318.9079304,1176514647.614571,1215894878.6206787,317167245.5891188,281544590.1570981,281267005.6184814,289726495.88803685,495488608.4143355,450821084.34341836,451647942.23069793,460111779.602052
2023-04-12,1247446686.0351186,1200474772.9429328,1199619217.1554327,1239082263.5479763,328063948.77708375,291323245.1886947,291062386.39802116,299130852.68800026,489977329.8347347,445901516.4354744,446710136.39655435,455133044.92082673
2023-04-13,1227047114.3481653,1179674044.7065704,1178960688.921061,1222835048.2888875,322791358.01938206,286433083.32458216,286133023.9001538,294899867.4724924,489349029.6613775,445179994.7875756,445963889.46997017,454074957.655259
2023-04-14,1238480618.0230567,1191397487.192339,1190674354.4174361,1234014125.5008473,326846058.5278907,289908399.6059922,289604121.1926842,298072913.8508457,485466539.31403077,441544257.1923133,442334792.9161696,450183387.66314477
2023-04-17,1253103982.4105017,1205086706.6128337,1204557037.156057,1251205504.525186,325075936.51478064,288397002.32310474,288035260.20626885,296858428.35188025,501367805.4225031,456311828.63488865,457158033.7189055,465051249.60369104
2023-04-18,1270672448.1676283,1221986087.8886955,1221574239.6275258,1267846787.5909083,325741709.3660179,288950758.3451792,288587866.13944805,297140476.7572028,497276266.8406919,452327889.62879354,453202301.9067679,460570767.66117436
2023-04-19,1284467940.58788,1235678622.4315102,1235331072.2263384,1281484089.4826543,328167497.6985123,291127781.48449975,290638079.9671683,299027248.19110817,508518050.01683664,462491569.1929684,463442243.2896423,471071643.1198327
2023-04-20,1312128524.8703258,1262590616.2804315,1262161793.816839,1305497386.7843904,333965416.0171036,296088982.0256365,295633935.3369694,303487368.7441612,507506609.15633315,461735785.07209855,462674206.1685969,470302104.1052774
2023-04-21,1304788196.4615471,1255267744.0195575,1254982891.524798,1301339366.9817076,331046924.90852624,293285150.222661,292771767.0745866,301358419.52431536,506402736.76093066,460810178.5148165,461716991.2190486,468918902.7394388
2023-04-24,1317740469.489813,1267725733.9661512,1267382779.322505,1311045360.9676569,332771010.77455205,294394279.46600133,293905188.16206217,302243167.56511474,510860815.3764858,465318355.4412035,466244854.3214125,472997138.0761632
2023-04-25,1317542832.985904,1266487289.7534134,1265799835.9453228,1308625626.3028538,335351086.61262137,296803511.103227,296321761.2114833,304279834.60858953,504783123.077056,459624555.554422,460550419.91869783,468109469.489977
2023-04-26,1309166586.137017,1258415897.0296984,1257710910.4498396,1300532544.1460118,336207197.92750543,297569776.34920996,297159800.99139506,305147052.7460501,501738627.6393105,456481836.1950791,457478514.4941221,465830800.8035415
2023-04-27,1274232252.8908267,1224555026.330333,1223670591.7137926,1264779607.5886722,333030849.2481036,294562804.9577932,294084922.67174435,302171530.0643996,496696650.84819955,451795596.2326116,452783859.6933758,461053489.0829696
2023-04-28,1288594114.9110074,1238087079.2233741,1237455731.8272755,1279241592.9872167,329482160.0286216,291315263.90088767,290788898.634609,298836677.05570704,496774562.3520803,451723779.11995685,452681537.56596696,461728281.6868976
2023-05-01,1319895640.253113,1267722896.611933,1267121722.7795362,1309428336.7872758,328770573.913134,290936556.22639084,290304086.23104733,297897747.6586725,493930343.43779856,449179943.33877707,450139934.7982003,459331463.8178736
2023-05-02,1321458312.3851166,1269198931.5745237,1268669646.0961068,1308235575.877633,332648852.5347402,293998224.16209555,292842813.0865246,300036453.6719012,487823066.30973387,443617062.144492,444632664.9566276,452832388.8050269
2023-05-03,1326212583.5024076,1272719689.51599,1272683225.3841465,1313282967.2609468,326031237.06741947,288100355.371469,286639887.33055097,294424876.5537691,486528174.75692534,442429121.87484914,443396603.09775484,451909422.0506643
2023-05-04,1328261765.7892644,1273883161.3804734,1273738708.4158232,1316966027.6207917,324024960.0133901,286470530.18761635,284858689.2158689,294235941.75670236,489435963.77942497,445062774.38714844,446031284.5915983,455202281.9209474
2023-05-05,1309384555.5084078,1256111980.9804695,1255920382.0641248,1298578142.1908762,318347101.662872,281460005.1704906,280247221.6227534,289446680.86635995,496642419.08976233,451605113.86113024,452613602.12241125,461828480.117095
2023-05-08,1306894434.0152583,1253030462.4805734,1252943408.5004613,1294149048.9499314,320151603.1682134,283232280.13959694,281970621.92221427,290438213.5955372,500844336.671762,455416086.35975593,456483642.06103194,465431460.87401885
2023-05-09,1310094594.015554,1255592743.945964,1255537734.0050654,1307703087.4309776,314853911.3919331,278653013.39159536,277513774.7743805,287814825.63897204,499209605.3494976,453919606.9899782,454914039.2908002,466420434.66188765
2023-05-10,1293576145.4195526,1239196191.860477,1239004152.6879535,1297855795.9461637,306773476.1029282,271571021.3763533,270065138.2005855,282055131.6474742,495424031.3286107,450464780.11656827,451495537.777431,462318624.27492285
2023-05-11,1318985232.4630306,1264294063.3955612,1264206997.5971065,1319804873.0836234,314220131.8112094,278154235.3222152,276615415.6287627,287638020.94909143,497998987.78934735,452792987.042722,453824043.69347656,464554054.15301716
2023-05-12,1335535942.3289385,1280155775.336395,1280101515.7064047,1334457685.5789652,319207517.8545959,282472822.8435058,281184901.9543456,291538723.9268376,497100763.54352677,451964821.87494075,453026017.5171659,463135107.0657659
2023-05-15,1330055971.8786542,1274489365.26743,1274683293.9525115,1334115677.7245953,306263922.44311625,272365379.13876003,270997607.6325553,281701856.49212945,504714730.14988786,458877222.08194613,459926649.5154698,469873878.6102131
2023-05-16,1348336041.067491,1291603884.6692903,1291733480.8169756,1349767394.0944204,313700384.6811129,278766095.6840476,277531992.3541926,287316891.80933046,506493478.245113,460483450.680918,461560080.9189855,471020525.08194536
2023-05-17,1333735108.6267326,1277734345.391772,1277858758.6792197,1338327197.657074,303400901.09078944,270596169.8024707,269380479.45450366,278337037.7435592,515016379.7535403,468221545.1520442,469306122.0402184,479000429.83057064
2023-05-18,1319539098.584506,1264193754.974492,1264181662.9411478,1328255733.7396529,303111443.18881893,270246517.2964382,269038392.055326,278782802.07577163,515919245.4879444,469020063.74200195,470152052.6372146,479355760.1226209
2023-05-19,1327862134.74028,1270508781.9771836,1270413131.8550017,1331384898.7083452,311509615.76263326,277258195.5017985,276045998.9201885,285864039.8466504,510842727.88981885,464198052.4703778,465310998.0406653,474253953.0586692
2023-05-22,1285916943.7421362,1229530566.2282488,1229434628.8524764,1297691939.088513,297035442.58949476,265244070.79338196,263813149.0102271,274701447.3985191,525736867.52711874,477718898.4466081,478881896.8605359,488606601.73112416
2023-05-23,1283238162.8302345,1226490216.1265085,1226378943.215168,1293577122.1332138,297939579.48717594,265761569.18503225,264332762.93821076,275314560.45269984,527382879.26404315,478635669.19538534,479781572.90577936,490052964.0650254
2023-05-24,1306007981.1712239,1250868102.7697291,1250764402.7782564,1318762107.4257803,298564205.5346035,267042599.9184248,265467556.73338506,275217523.9742155,525174595.291176,476613417.5664822,477706944.92316777,487059160.782024
2023-05-25,1346363346.4874718,1288972230.806034,1288992761.6382084,1352018965.3192794,305285866.10438967,272991100.63179725,271317734.69346094,279316086.1983762,526261479.07927483,477588974.060198,478640487.7723223,487614708.078609
2023-05-26,1376048629.386117,1318312484.0935285,1318228028.3845465,1384844633.8703535,302793742.1133481,272267269.1221429,270606289.4881264,277533640.36634046,538747380.5215018,488933416.29236794,490048635.30812126,499683684.4674452
2023-05-30,1372546814.7828825,1313301913.4777622,1313095254.7275648,1387664305.2303405,292411481.33749515,266822396.8458606,265277296.5043634,269598362.7400862,552320314.4722885,501266653.6865057,502475626.90558213,512584829.67588323
2023-05-31,1356294553.9722545,1296774997.8729637,1296570183.990131,1369859814.2695284,292382781.8852993,265397514.4516355,263791344.8152015,269465010.72961754,546490996.6974277,495959532.7224658,497126650.82049716,507975132.3264228
2023-06-01,1372225967.3530297,1312710544.8836305,1312652962.88521,1384011342.7852378,290426702.62361586,263585116.4118518,261957627.74168783,267689382.5774919,546227486.3355482,495547807.5911369,496672937.8520432,506958236.7945787
2023-06-02,1374551730.976151,1315442542.6861072,1315243510.5672572,1388932019.3620312,286288145.0935882,259789868.6471465,258155386.41130507,263996322.67507464,567757055.9094508,515553743.9677244,516750587.744483,526903427.03317326
2023-06-05,1386172956.6949358,1328092825.3759315,1327849918.592151,1403778110.9767501,288124407.87239224,261412127.7907755,259741761.720925,266071146.71347392,559093480.8315772,508172223.0327974,509304638.25903815,519433420.9444351
2023-06-06,1380131913.0515568,1323489065.0260463,1323611130.228358,1399427134.174921,280201282.9018965,254763838.57881203,253227738.7556593,259273049.94071484,565566680.5058371,514592991.16852844,515787928.75180626,527783583.59997857
2023-06-07,1350561342.4417577,1295079471.2429361,1295243730.2535765,1370609958.6018462,279022077.2184344,253650024.73857415,252048849.28197595,257992499.43114915,580036662.5520514,527942684.5884619,529178433.1026317,540376998.3976372
2023-06-08,1361752647.1206224,1306443942.2080448,1306615172.5937302,1382235794.5876625,279467299.197151,254009412.07487214,252414082.1036849,258337026.69148445,567015564.929789,516170992.716883,517320843.10239583,529268257.41771096
2023-06-09,1387982274.0550847,1328763466.3139954,1329043077.1030223,1405944537.9139583,286040977.46455336,259935185.17538694,258306835.26078507,263484838.55273613,565186202.7046903,514634850.8169229,515822360.96483773,526374970.4695327
2023-06-12,1351081015.1419234,1292828250.5369241,1292880327.7570632,1370266791.5163524,281751523.31526154,256000447.63538578,254408887.3730968,259554136.00148323,556532805.5092889,506500098.56877244,507656285.4292805,518309312.0769377
2023-06-13,1322541529.0779068,1263823942.2803352,1263916611.1606088,1339076451.24718,274318451.2070051,249214809.47020262,247666639.58387834,252361435.2807031,551557484.7517242,501414957.1107878,502537134.7286104,515634509.461943
2023-06-14,1329321794.3829746,1269803012.3884563,1269735104.6732283,1343968026.0748858,280480659.41808796,254771909.60446882,253262820.86701083,257132588.34004188,553239246.2852691,502703026.2070951,503913180.6483047,516845165.7966435
2023-06-15,1303638886.937654,1245994793.0058293,1245824065.8860097,1319699038.3043404,281784523.1962289,255817242.34264034,254349496.40135458,258391359.57937127,552911972.680988,502794866.8601387,503984297.33456606,517928094.5833143
2023-06-16,1292938932.240184,1235169903.2707314,1234730117.3194664,1307043184.8607533,286412521.963564,259972358.10930738,258467696.0060338,262941779.69606373,559005600.3424746,508228691.53658944,509432502.3887218,522177275.84517676
2023-06-20,1296405748.8845668,1239541110.3427217,1239134936.6753535,1309052367.886054,287588144.41403323,260815864.902995,259308186.22022524,263955365.90740144,548552430.2530227,499113245.9501654,500254872.2648506,510930586.01212245
2023-06-21,1328224943.8757303,1267230768.27468,1266762943.7568672,1339521222.2611098,289433488.63463825,261860371.4677085,260370473.21096393,265045011.97226015,558256343.8879703,507112933.03978634,508289900.91896886,517789607.02922815
2023-06-22,1336576218.9472847,1273620445.4122446,1273241579.7155025,1345621988.7622674,293144392.9070655,265198941.99132577,263705339.1768852,267915865.1619143,556452083.1012762,505106453.47353345,506269049.9248472,515377446.9019369
2023-06-23,1350579760.9890535,1286636545.7467747,1286358234.8982077,1359257556.0522203,294758296.4629563,266632534.15396237,265175978.53038988,269369551.26289225,557589717.8382928,506063608.5403382,507248853.57012993,514825458.07027125
2023-06-26,1327094932.9236262,1263994513.301102,1263428687.341275,1335398539.0839097,296917868.3372571,268563477.02842057,267045957.01776212,271319393.34297097,564377384.9644171,512008302.9908131,513150461.53824186,520892827.48267806
2023-06-27,1306821410.1072397,1244988400.9611075,1244304873.4543903,1316896278.7552335,288745653.7798847,261114493.65850562,259629554.98242757,263476870.741091,555765933.5085037,504509861.5920971,505672542.7945358,514256259.89611053
2023-06-28,1323224663.1622145,1261637287.1191103,1261109574.8931425,1336375029.1554368,281387292.02879673,254403601.85782492,252906929.82812735,256953185.1777784,536161863.91259235,486810293.2101085,487904606.54559076,496741173.02450734
2023-06-29,1291914209.8978648,1229966488.4262602,1229286595.637501,1303264019.6803014,281040903.39555824,254036427.71993557,252502352.70608875,256087584.9402473,537250082.8437619,487204361.28973895,488314443.15894276,497456269.0595927
2023-06-30,1310185422.4169874,1247100855.0393465,1246561494.2319782,1320514635.235648,279333380.3795342,252442586.40809065,250915227.73549515,254686354.96798834,529340359.06098306,479846023.4230449,480886145.9663731,489702046.5815289
2023-07-03,1288564759.0475314,1225643011.0238771,1224987165.5515332,1297592680.4823227,276507030.8516665,250015086.9135057,248562605.75757372,251956165.3203303,526251808.1704426,477417779.551207,478402477.10024875,487523856.98248076
2023-07-05,1283534902.6615014,1219698502.9339232,1219112504.4859653,1291889349.8201604,276726638.50628346,250135509.87330544,248545639.63999695,252010195.59433722,530073200.99788415,480388616.40600896,481353363.86531574,491913350.7011453
2023-07-06,1296218281.3410118,1229386551.0629432,1228973093.698794,1302866730.8061411,281249060.6568744,253988021.62460342,252355075.99500382,255878370.7918349,531561038.76889634,481776195.5926653,482731549.8002514,492888207.81829304
2023-07-07,1269707767.7669342,1207753104.6625178,1207335678.7494411,1280517612.4445267,274860397.25965893,249134779.2230432,247613068.67147633,249920323.29556882,522700001.4364473,473524759.62121785,474500082.1882323,483635299.58455694
2023-07-10,1271757962.6072032,1214364897.0683722,1213895037.5117745,1294991783.2362783,263195840.6383864,239032450.80052352,237453279.16069955,239646280.01281723,523150605.09298587,473950535.0465303,475013118.3451856,484203225.42758685
2023-07-11,1243416392.4642797,1188219675.9756646,1187412353.6228466,1267424312.1377938,256749826.2437488,233463133.5492927,231913790.30345398,233760177.9621788,519575891.94714296,470816244.8982832,471816536.2658331,479392354.72022796
2023-07-12,1243821506.7584512,1191397346.6888444,1190696628.061512,1269479018.589344,258373896.5875044,235525849.84570327,234066020.81016237,235179121.39335233,529983997.9543804,479468391.88952214,480476012.1577306,488980767.9223195
2023-07-13,1249065932.9531834,1194824263.277675,1194107778.9415925,1271969051.1735206,256845342.0728081,233661514.09968263,232259940.5403372,234003355.03721386,525944796.52054095,476079220.8126303,477076599.97948766,486552191.0289267
2023-07-14,1266269895.2433457,1211933764.6737452,1210985477.3939805,1288343749.9386425,265796845.97968724,241945049.7043658,240481227.45817286,242146206.81765467,525727045.3690649,475512109.3009886,476527505.56631845,486611355.5330746
2023-07-17,1280333343.765259,1223971449.9147067,1223022788.9642296,1299645054.5166357,259608128.8264439,235947150.14180353,234569637.56636322,237117073.69382638,518026559.05642205,469000767.54750854,470073444.0553999,480627757.4757049
2023-07-18,1282377464.5472667,1229271898.1352735,1228433330.8553529,1304483759.6995828,256789855.2530559,233956577.21455753,232631658.4204687,233927248.18602318,512820746.7407957,464203201.88177305,465316110.449794,476683525.2173423
2023-07-19,1236596697.5989187,1200635038.6363866,1199795639.1485755,1274117048.2227333,251369336.41244707,232325012.18248603,230986736.73876345,228857270.78323534,515249535.9179408,466093901.6444943,467223964.86277664,479776740.7514265
2023-07-20,1217253111.5633752,1171692743.7034428,1170986943.7090642,1244741959.4828436,261130420.94529247,239529459.2533973,238035732.7755625,237361960.9599131,504473444.2885524,456329685.8288607,457481013.642017,469663156.1103589
2023-07-21,1218030067.3252583,1171356883.1619093,1170689220.1818311,1244619128.2600124,263735716.39577565,241575114.2645152,240019588.31483918,239965552.5966141,513620576.3228683,464544984.7108976,465692959.0935056,477242660.1310577
2023-07-24,1194323237.7080536,1148664040.0940337,1147863946.5759819,1220195524.8978646,265103200.23477307,243226594.91152,241624428.92264628,240932536.4338265,508203267.2877506,459880889.4402511,461021324.77689695,472516515.7069666
2023-07-25,1234939998.1196973,1185421788.2516074,1184870409.951085,1259211858.709403,265576360.98838857,243094688.62642425,241645748.14333156,241940455.42692453,510340150.81014675,461951322.42402035,463074611.49750215,476396344.7037475
2023-07-26,1200511422.5851505,1157271460.5294576,1156536118.566469,1225678951.9221175,261875106.28892255,239822398.04777908,238309473.94754583,238803723.95816058,513460508.10198843,464496598.3329901,465655208.06440926,479353328.9885873
2023-07-27,1217306919.8789186,1170285748.0690591,1169480141.087545,1239799432.821699,266147910.67044818,243158704.74872798,241650679.3184979,241717411.80422804,518107132.2459953,468620847.4277538,469876821.6552095,482490754.88263804
2023-07-28,1216392730.9695551,1171711033.387224,1170670426.8908358,1242560399.9596796,258009426.409752,236263796.62047675,234881625.4523103,234284834.77040467,509437224.52272147,461269214.7038071,462571227.4650414,476159175.5669822
2023-07-31,1207375924.5088947,1165265520.86616,1164117444.1085026,1239361499.0049336,249364992.59898472,228545260.36496517,227197761.10110545,226100237.44217312,504408669.7732371,456992300.65091234,458279225.57111454,472291512.0494305
2023-08-01,1213042860.0616844,1170685250.367923,1169432330.4702759,1243186305.7458801,254257024.02605382,233669259.28051642,232313739.62996176,230381922.1791492,503217537.8742965,456199809.82510847,457448171.38062775,471194422.60907423
2023-08-02,1216594811.1675467,1174067494.2517672,1173019330.0413563,1247220432.841909,257792146.57747602,237430912.0959254,236071367.85793328,233587534.20659205,510766258.39334816,463212256.724142,464511696.40346795,478352240.1657914
2023-08-03,1200494310.9898708,1158482964.2161787,1157217058.1879046,1230616231.1367009,255310205.66451564,235191870.65626338,233883889.34795883,231183808.64122012,509152604.8124194,461970046.0730779,463306717.857574,476914757.702416
2023-08-04,1222656280.4133124,1179827946.871252,1178648189.82075,1254653213.205116,257170975.57823867,236337597.8044234,235070417.5962485,233086328.57765746,515449757.39412147,467888972.1219066,469234373.2189436,482809749.57187253
2023-08-07,1242456627.056843,1198888221.6633022,1197705967.378546,1271319492.5937252,263676948.72722313,242356535.51892915,241081751.92832574,238339571.22564495,519339339.1366318,471473558.635082,472850163.7586077,486388179.2874474
2023-08-08,1232376778.2353158,1189109396.7325978,1187963157.5538464,1261301541.559259,262650302.17041323,241219086.5648156,240020135.52852768,237917856.61014462,517672692.5849673,469831353.6186711,471193792.3393456,484834614.98327804
2023-08-09,1221574067.1047966,1178633029.6099603,1177413930.4760609,1249959185.4713864,265083581.33481687,243049806.08769226,241802177.44134256,240093756.40480718,536585506.6089064,486615143.18155587,488062660.7184448,502453598.9395499
2023-08-10,1237720949.6473434,1194167530.2808216,1193172737.908927,1268777513.5475965,267236430.97378483,244886520.81111488,243621653.62928462,241959501.21956953,534815989.69562674,485013829.39087355,486427439.1001615,500748694.16671866
2023-08-11,1234216922.5747724,1190726964.8171253,1189626135.6237576,1264166845.1136627,265914137.00042644,243770592.42183644,242468419.26525217,240993979.5132513,542257394.5338087,491823085.4959453,493254613.4333795,507761168.98275274
2023-08-14,1273320076.555148,1228408047.4208395,1227453117.4085975,1304006708.5931416,265215333.52381316,243110153.94407758,241787143.15822163,240327046.53828162,541889909.8169522,491471690.0229215,492890477.36035454,507414427.0502506
2023-08-15,1277668099.4209685,1232546988.4879181,1231495348.1068733,1308597333.2925305,267146143.75576767,244799627.1867672,243527244.2178174,241889632.78981802,545624121.3626835,494918649.06540096,496383207.5838232,510955681.4942884
2023-08-16,1256863473.8995514,1212410649.2783027,1211058471.283021,1286565820.5843725,270378053.7375258,247770976.0016272,246478471.11856627,244883711.1105634,546570580.2180848,495862462.7373269,497294648.86011213,511811341.9721497
2023-08-17,1234300704.4465322,1190576897.459683,1189092974.9100246,1264361794.804607,272225489.75984037,249470563.51563892,248174951.92679346,246790428.7042981,552195897.1475383,501082265.9470412,502556133.9715397,517121786.99772394
2023-08-18,1246078311.0233347,1201886689.0541916,1200506364.3341439,1276464465.9116077,270674674.84643394,248338783.6891422,247024185.7118816,245577052.42539102,552340564.9260566,501527818.06304586,503057225.9796013,517397717.7047719
2023-08-21,1265824944.4034204,1220884030.1802294,1219447168.6573625,1299444984.3334696,268858854.00993633,246788149.8695332,245528505.15241346,244601472.74852955,547958820.5633559,497642317.99479103,499161823.48048496,513315523.4919383
2023-08-22,1278419621.3846953,1232103720.752674,1230717198.6624606,1314801111.3072624,271276529.72677463,248397017.2573969,247146155.7452385,246836817.03947932,554129086.6683992,502360884.4031689,503925525.93561816,518907955.1673208
2023-08-23,1293311606.2414057,1246419256.6241636,1245067008.1634486,1328482707.964394,270146822.8368145,247626496.29260194,246443852.52043515,245743374.94948864,553017127.5647683,501713650.88048595,503255045.907434,517888454.0665247
2023-08-24,1292864863.164288,1245937373.194266,1244668105.4940336,1326165330.1128418,273462586.62435293,250389830.24649933,249204973.95538017,248718852.56419677,557692592.0686848,505757848.8306888,507218355.68396515,522091747.6549893
2023-08-25,1285268255.9563296,1238556523.807854,1237327330.8717833,1317398482.4840915,271753898.321075,248750143.69190374,247553941.81666192,247042890.6805364,559332215.1799669,506598372.0513541,508040838.24544865,523460048.6415656
2023-08-28,1286191837.7372396,1239393782.7350137,1238027115.1806722,1318337748.782531,271679924.56595796,249354892.58489507,248146736.34181535,246970906.67766175,556055797.4854347,504119082.8856369,505524466.7211536,520457559.4583829
2023-08-29,1297585092.671962,1250335037.9495451,1248908185.777308,1328388275.721884,268445843.77351224,246463073.3748332,245238820.07361647,243656224.39693648,538413842.5609243,487973677.6238548,489287283.60452837,503861056.5771132
2023-08-30,1306346447.474445,1258738736.009827,1257333020.177509,1337288937.3838203,266983257.9195753,245407609.11072993,244172256.92845693,242424490.4007101,530594453.18695545,480819198.7673647,482099159.22766954,496543180.54631484
2023-08-31,1306854451.7908802,1259171315.4086666,1257728561.2031538,1337130807.0831673,265137873.13817015,243702824.67051396,242447762.32759678,240581961.59720108,532289723.5467536,482398825.93081445,483687448.06389576,498133873.801497
2023-09-01,1294284234.509743,1248587048.4052525,1247004221.535315,1325924552.280081,261416373.49626577,240267188.8313811,239076977.22553068,237524252.55144644,535042767.22335863,484886748.8221074,486132385.43598115,501333403.291514
2023-09-05,1280774163.9193273,1235545490.3625462,1234047466.038132,1314470940.9494889,262917949.51559734,241709771.80559918,240529740.97357127,238833876.35644373,527958456.3378348,478459532.47461927,479686358.9195954,494680593.59424627
2023-09-06,1299671567.282622,1253308710.6596582,1251678114.9198415,1336822704.778011,262079413.7118232,240939432.81437442,239687449.92973283,238107605.56001914,521124797.0270372,472248334.858422,473443259.76176554,487930729.2058572
2023-09-07,1298692834.4903421,1252586791.6173236,1250935508.7135983,1334101642.7175636,264350712.90503424,242421113.3889959,241101655.3603064,239909588.47755647,515578981.34257835,467117562.9790538,468342885.9258525,482787280.13905054
2023-09-08,1296358889.4673917,1248698190.5296586,1247276314.8978133,1331493712.0846734,267716617.6133156,245596564.94422734,244298341.5593362,243110736.29809046,509956859.29900724,462015551.442733,463212902.4911523,477073838.8052962
2023-09-11,1275955837.347771,1227046479.801748,1225549913.4317026,1305423452.474014,269983066.9597978,247698328.73725072,246496782.87649614,244995210.56565267,492498646.61157274,446186450.15406805,447264676.9418898,459748121.54296595
2023-09-12,1279063241.4227028,1230086229.8598313,1228505248.1516116,1309206555.8845444,267863117.81793332,245690602.03328583,244423073.6882273,242879509.25955024,499740648.66337675,452742808.4314904,453862030.97799146,466609433.3591933
2023-09-13,1297864473.9959,1239441038.699888,1237869497.293459,1326575880.1890912,273820467.367838,251207285.15186957,249911941.45284975,248137437.9670109,500233089.568112,453182449.3092101,454347603.95672244,466974529.67050743
2023-09-14,1294003342.826133,1236286325.6838245,1234751364.3737073,1323891722.704234,273484501.40723515,250878470.2047358,249579723.75962198,248028988.90832987,495793971.7063936,449152011.9148197,450325312.6121201,463175426.11540776
2023-09-15,1274930354.726753,1217206528.3947263,1215708055.5208535,1303144803.16976,275518379.78057915,252651248.68007714,251340648.1253072,249878650.27271152,489881476.1644123,443786288.36468685,444907755.6349238,457402125.1142982
2023-09-18,1308147978.1266568,1249396084.1992853,1247982286.9685829,1339836506.9005532,281550724.54058164,258251683.9189082,256897204.94053796,255756932.16763335,486712974.7517581,440907563.1377169,442031303.07515967,454261532.01041305
2023-09-19,1302571937.2206333,1243785237.5758479,1242134236.0673852,1335994939.4869297,280265523.3843856,256622128.81756392,255328468.2099459,254840733.59890208,494688452.0698903,448128444.4838448,449291908.385073,461723950.2290193
2023-09-20,1300676002.3333573,1243001251.5601754,1241202814.7923665,1330061431.9726033,284850476.2128953,260758122.41229826,259380444.88602358,258483810.0014796,491378415.18656856,445121731.1034333,446263070.65801305,458941019.76498985
2023-09-21,1301928423.384709,1244497118.0682352,1242692373.78912,1331988219.7701433,286093495.81231254,261633321.59937933,260233172.94342488,259438278.01367527,492770584.0351352,446376648.07600826,447493131.7848534,460274545.7656432
2023-09-22,1297387352.7564764,1239765674.1987777,1237947959.2762027,1329214693.9770026,287784507.4406973,263227083.02448165,261825807.75764567,261091750.7410574,484037244.1217346,438454882.8402149,439577069.29233944,451958979.9609843
2023-09-25,1298187355.112274,1240851972.5886855,1238943489.408848,1329859099.6164172,288106070.91336614,263496260.59253076,262050580.93197092,261148485.5667191,474786214.21609277,430063864.4814649,431167909.1037852,443369904.664699
2023-09-26,1308335772.3719168,1250394800.3139386,1248597603.453106,1341095499.6006634,286969575.2728904,262369177.2521239,260931004.96223137,260165910.48266286,479244797.1448777,434097708.08838886,435220124.3433553,447423274.19564533
2023-09-27,1320725556.4029908,1263566869.8031685,1261699285.254975,1354423507.6652365,283633272.4433438,259332926.52402043,257879781.37885743,257076311.4052591,478717044.0916949,433612477.19696844,434695012.2261915,447277424.13525814
2023-09-28,1339624148.1611943,1281137785.2454925,1279258780.8663285,1372141373.0713813,283744730.40356296,259423849.0604776,258076173.45943093,256872734.61676463,479705382.41641974,434500279.8364183,435633418.6813407,448044859.2002021
2023-09-29,1330115605.4801025,1271604258.855538,1269670065.6728125,1361729292.00429,282392060.12410116,258218423.49599844,256863660.82284966,255825845.22769648,484953047.84348416,439252032.1615766,440418957.3387881,452863039.29608184
2023-10-02,1365886389.1356168,1305573914.2363043,1303801179.5552921,1396194465.8204937,288938373.0709493,264305546.38687697,262959255.81268388,261044957.64897728,482952287.781742,437435413.7170669,438637992.564223,450994256.3809975
2023-10-03,1337144664.8510866,1280161478.337301,1278184862.0349479,1368348204.2080703,293162132.4110739,268319870.45014173,267012899.60498947,264644445.82547292,484062218.18421876,438436489.7109502,439661835.87817305,452047241.88228405
2023-10-04,1346266555.1396337,1288292609.1481264,1286336674.605799,1374262929.3805313,295462088.1581606,270365679.3602791,269001850.32111126,266276408.66889152,484977749.3430601,439261497.22759914,440428154.16557777,452864724.2023098
2023-10-05,1360556343.1049917,1302114260.0608642,1300040936.722069,1390192379.4919803,296695520.68039256,271473000.36767876,270216681.0136134,267966294.10455728,484124004.49237716,438483955.0032826,439619740.5158993,452064663.9526309
2023-10-06,1377049536.3914254,1317494185.371765,1315545568.4115539,1407397387.3455005,295424013.1262899,270201895.00957084,268948045.57837343,266487703.74494773,482518464.97329646,437025403.2494869,438140719.59284836,450535637.7611398
2023-10-09,1383826228.315857,1321762090.4561768,1319834043.355978,1409575664.341061,296059788.77627176,270742643.7267977,269479441.45433676,267232333.5022346,475978163.2172367,431097028.77948517,432255304.51662517,444440308.908481
2023-10-10,1358600972.9005127,1296747326.8648283,1294819398.0989351,1384313383.538126,289476857.299069,264763527.0721738,263533697.350447,261642700.23973155,481419590.3128528,436021291.3267936,437223918.00389,449563429.1539065
2023-10-11,1359197037.8294132,1296548342.5780005,1294710845.5863109,1386062209.596366,287983618.38672966,263296143.2354172,262180950.8384812,260353136.7827513,477417462.52229047,432391873.41199565,433524549.81987166,445771144.0019643
2023-10-12,1374360539.7941005,1308117592.4506235,1306293020.4844024,1395963486.758942,295399440.5631515,270018311.51874685,268973131.7390769,266631338.86269614,468524241.913181,424332323.27883065,425453378.590809,437441169.81349325
2023-10-13,1369388913.5599809,1303087411.03155,1301217779.4166172,1388911864.2450364,297655646.9130539,272081685.52006704,271030439.06944853,268607463.7388177,463120734.4495853,419433559.8827314,420581117.94656295,432438148.99122137
2023-10-16,1362190741.805417,1301383215.7940388,1299631116.494008,1385016703.9535012,296758024.3284936,271252077.4845242,270158342.0040186,267807644.5290637,468513420.99292475,424313618.324943,425488217.9715661,437494039.8248438
2023-10-17,1356646045.9142458,1294219667.464042,1292432903.2558508,1375385834.496356,293557186.6164665,268292084.08052543,267199043.94358477,264813597.88493916,474143257.51194876,429408447.2405723,430673910.14994144,442834913.4965493
2023-10-18,1363989737.9267979,1303091668.3082087,1301199070.1543658,1386353500.4344966,301765006.5232044,275740495.62708575,274605261.50917625,271485754.45947766,466536281.8987794,422513795.329924,423709425.67990315,435635257.1940505
2023-10-19,1379764730.2690566,1317038319.6381245,1315286849.4633226,1399399189.31894,305752048.9041146,279124905.75930864,278021952.57843846,275019494.2295686,464897862.42064685,421025403.22116613,422209312.9853999,434101145.7072092
2023-10-20,1383003871.6341095,1319121622.62983,1317379422.2483172,1405292701.4146712,307222467.35184056,280887302.70108837,279809796.56645143,276533144.1158217,468144289.64976627,423961630.15996677,425185528.136988,437159350.3384494
2023-10-23,1396951414.2280507,1332256321.705608,1330503894.412478,1418797827.7426474,307455040.53846496,280758978.2184374,279675493.60163647,276471192.66981363,470848362.7937813,426406628.3422557,427482882.07905424,439549979.39344615
2023-10-24,1394893226.7550914,1328742321.2766266,1327222744.2581065,1415251245.3646348,303034845.94714254,276676649.59965134,275485699.53657675,272280775.6414333,475453318.17532915,430573321.8911428,431579276.8534446,443821782.0163161
2023-10-25,1383733509.2251189,1316188483.0856004,1314653995.7430544,1400537344.4818263,306441467.0756856,279712210.26297945,278540953.4130255,274804230.54891545,471128569.45320755,426651825.2406056,427750118.9725756,439843277.3754193
2023-10-26,1373947074.224871,1306251153.4240537,1304404331.4531233,1389709226.8679924,304350234.7398844,277476627.35493904,276242574.10063225,273202801.6767934,475789388.629229,430868784.8800056,431994432.6343528,444208738.60582376
2023-10-27,1405963417.5264835,1337266944.2043104,1335436828.1289134,1424012752.9159372,308679267.4523524,281336054.9610863,280039082.972536,277247389.74145937,471196891.27080834,426704418.429328,427798291.8178024,439884878.0763914
2023-10-30,1402996668.0389144,1334267637.9734645,1332608591.9941409,1421219560.0532906,307463426.2652033,280453527.4462284,279160303.7725521,276163833.86988854,475751343.15527433,430825044.1793675,431941972.9739146,444154664.86176187
2023-10-31,1386232053.8809888,1318915503.298001,1317515962.971037,1406914239.8305073,304916815.36806333,278263242.9565305,276943631.0513542,273771872.7185383,474686653.1506549,429843959.73263127,430819228.5940702,443062021.9261
2023-11-01,1420879976.7298307,1351750082.9156356,1350182650.049444,1446254053.405589,307739120.5143012,281018180.50567144,279680325.43427217,278164001.7361946,471507142.44902927,427448716.2072499,428401109.7876749,439989822.1300961
2023-11-02,1429904226.9692428,1360199634.0803962,1358571875.163594,1455758464.5269241,296580718.06154877,270667080.75168335,269345355.2411008,268496496.18357444,489832599.42931587,444037359.1822002,445100122.72044945,457366764.1581424
2023-11-03,1424787321.7689533,1355195487.3961506,1353529109.0578651,1450500623.8444955,286907513.3926644,261155488.34184346,259704243.78189516,260728841.24269912,501409811.98866624,454514818.96947986,455561826.93444484,468285550.525458
2023-11-06,1452537699.8723369,1381465704.5761907,1379887834.1647484,1477807684.3085806,296007356.05763465,269418627.71009135,268054743.5075178,268407503.0198793,497354556.0377158,450836040.2513442,451916462.0711655,464614451.4433498
2023-11-07,1468503949.884356,1396519507.22651,1394809761.2341096,1496604586.1509695,291439653.30332667,265315468.30253834,263914756.91837102,264552897.31583986,505779467.98333794,458458925.6971038,459559893.7291074,472406534.70898336
2023-11-08,1517187878.613104,1442711364.4812045,1440967666.777141,1547453114.0210187,300920494.71658885,273808289.9002669,272372265.85705304,270347603.62110984,503491527.71295923,456380704.59716344,457392847.5633668,470112391.52005213
2023-11-09,1541873469.5622454,1466071167.5909603,1464340237.1799328,1568060220.5286095,307712806.90494806,280053992.89064795,278838613.58283454,275832022.58735096,491011685.07658994,445073253.24346685,446043618.6064313,458165884.7976222
2023-11-10,1578730101.8219924,1501080207.531281,1499249814.235022,1601485112.5803246,316359638.90187484,287680528.28118527,286399173.75067735,282891788.16857684,495212502.9257304,448871349.6459961,449894200.25654185,461958964.5213304
2023-11-13,1577901621.4275644,1500245357.5070858,1498312887.3466153,1600418108.8657203,319441450.970662,290765598.3026245,289501574.00676066,286009936.003173,496971595.85026723,450458265.227197,451472403.60968274,463418005.104658
2023-11-14,1547638159.3947875,1471399720.9285166,1469450091.8344042,1568731898.1295688,302094155.5330657,274267112.1182356,272943094.9130808,271094709.35752237,516019603.64450544,467701158.65123576,468852721.5332643,481561794.2322982
2023-11-15,1521414377.6604323,1446394760.9471328,1444508904.058349,1540184005.9176376,293973876.7148473,266612140.14717397,265230674.11144397,263566565.9910326,525669442.8653629,476433098.8144743,477635110.7215673,491023490.9161053
2023-11-16,1544025817.465181,1467852837.0339873,1465782826.8217785,1561830391.264577,300704822.4258833,272611278.374719,271175188.03429407,268951969.1863342,514753576.8917301,466541507.68685603,467734721.6294357,480443654.873558
2023-11-17,1534710685.812503,1458899956.6191006,1456956029.8155932,1553251546.3294656,289905318.89463735,262316177.30223912,260835623.62195602,259687935.09737986,521365903.31547654,472522637.52315736,473678896.13462484,487018237.7368029
2023-11-20,1550065078.9172437,1473419466.8973083,1471427107.2169428,1571430502.4513974,283905556.4897497,256613880.67623633,255043472.48333892,254238679.74551058,529869872.78852975,480216787.4317461,481366971.8007196,494779909.7326583
2023-11-21,1562427433.0444312,1485095929.624774,1482851520.3142262,1578331345.899694,295781601.7679094,267537299.81091887,265961333.55683246,263646542.26078013,517062699.0301949,468612510.5544208,469714300.3565804,482327381.3674152
2023-11-22,1562341785.0094585,1484927609.8898563,1482594293.032079,1578848503.7338762,296013321.3197347,267605323.97794777,266121737.86873347,264135093.84444955,520429743.3901397,471654973.6546053,472768998.74292386,485531930.571828
2023-11-24,1557382972.1181774,1480133048.1326451,1477809982.5788536,1574821366.9202447,296235345.1626812,267873300.40080878,266431523.77682677,264621581.78303567,518930792.5732293,470290895.9575328,471405937.01590747,484115358.57177126
2023-11-27,1576071161.821249,1497838372.6416194,1495484986.6702175,1593015293.4121418,296461287.0433489,267950408.47991535,266535106.9014077,264599551.06319773,513457383.0453407,465327718.11558443,466407539.82484204,478957261.77771
2023-11-28,1544573739.5753279,1467799060.0111687,1465438937.1090949,1561951742.9503796,292108174.3878814,264362827.77564052,263040576.24924862,261642083.44946486,520381424.74936575,471591203.00362426,472668635.32588583,485471559.7151655
2023-11-29,1533829418.5818787,1457502459.5102444,1455066823.9372237,1550499494.09046,289655321.53647786,262023316.17867026,260615239.55201206,259189432.7809901,527798214.1048828,478298816.5627734,479364834.722085,492456252.7596709
2023-11-30,1533334590.7803187,1456939772.1530423,1454488690.770981,1551352280.7383747,289683779.1876737,262133387.45858762,260625642.30238244,259350778.99325347,515761867.2543899,467398810.00945485,468372128.1175854,481032173.91189754
2023-12-01,1535662855.307389,1462412474.174911,1460494789.6050582,1555459552.764743,271241383.85103744,245113681.75972778,243591039.92967194,243906619.33874077,510828635.9504094,464670055.34682745,465649317.72012025,477107973.4050552
2023-12-04,1547424756.6709743,1470630763.3611205,1468863335.938073,1565889632.7232118,260905617.9461348,235789205.94169766,234281854.63809532,235298216.17609617,509703249.3840343,464011729.62021327,464978223.1239348,476589245.12055945
2023-12-05,1605887435.0343437,1527302358.072647,1525482303.527912,1625826022.5085225,266209259.45722252,240528910.40007707,238973609.05562496,239704591.91204876,505943907.896087,460684528.12704146,461520239.86704123,472462953.5628779
2023-12-06,1583040040.9808967,1503540228.9224005,1501736027.965958,1599654730.0416427,262452131.0131616,237086865.36143568,235475109.0780889,236519229.49450684,502652958.8061492,459074238.1715934,459921818.9483529,471289615.1441434
2023-12-07,1585086724.871775,1502119798.8719008,1500452660.5716367,1598475775.3256602,258738717.8797469,233581905.9870976,232020346.45992333,233083464.81403154,502606421.6287461,457148959.4425747,457990405.4923597,470707753.3221655
2023-12-08,1635979820.7816157,1549419874.2651665,1547882515.730745,1648916298.8506446,254481541.57855883,229670665.69436392,228093009.8215067,229978995.24089313,501570804.06097096,453037737.3833909,453854225.29588336,469417034.3426089
2023-12-11,1615702682.4911273,1526554968.5521026,1524761429.3570063,1624408339.8534198,255479260.25686368,230591382.95293322,228985313.46861908,230686627.5546819,506329052.3504723,455761374.30221874,456634311.7131015,472803869.8328346
2023-12-12,1664284920.4295206,1574031596.1257353,1572143784.722732,1674279004.9675138,256690360.98161462,231449117.60203248,229828047.02198964,231337365.63781357,506053449.7840507,455484542.3636843,456346769.70077825,472961303.84495765
2023-12-13,1663652822.253564,1569952029.7303112,1568423716.903935,1669903228.7509646,239058419.90486246,215098209.05346885,213496158.9707282,216945589.78718382,495477594.53455526,446403411.2565432,447167694.16912866,463574286.85986286
2023-12-14,1623677128.2217126,1531328519.9057581,1530291134.004466,1629904727.8053355,222325348.41239467,199917234.36235484,198353672.5411413,202861874.40490153,488982641.7528973,443003534.89263,443799709.4663982,459078549.56200576
2023-12-15,1644145355.2080703,1548406677.6846724,1547373060.113137,1646519020.1103113,217640202.02744344,195426157.68252656,193857701.24955815,198172858.22835112,500377141.81613404,454879905.5834608,455792398.8626764,470324947.7318782
2023-12-18,1680823797.0186453,1584434986.2640345,1583523523.6428163,1684070130.5662708,220698519.8542504,197929291.55810124,196376672.2729347,200666450.5694438,499518433.13691413,452902943.19194895,453721412.7539595,468774544.48829436
2023-12-19,1659991255.038011,1565425118.2669318,1564727892.9049616,1663074476.5630112,211916610.84653348,189813173.03219074,188306921.01929256,192805408.12168106,492278929.521018,448225791.5298171,448971938.84687895,463011604.00365907
2023-12-20,1672374472.6091661,1576909213.840659,1575851166.9524264,1673929893.9262416,225976679.5598211,202523988.0555346,201032747.04528034,204561249.7582902,503009726.3635721,455603110.78517103,456372832.51480806,471788198.47817934
2023-12-21,1665519614.2595518,1578560679.3893294,1577525503.6120203,1674666023.0412753,219066640.3482102,196053333.18538016,194622496.43403098,198099608.40265918,496288755.6653525,451606470.377279,452361144.1690445,464860209.0966498
2023-12-22,1663494018.3789978,1575394222.6293979,1574384704.0589244,1671854344.4931133,218616262.51563117,195702352.97413328,194285995.55199012,197398942.23375925,491792409.17302966,447112006.12651074,447804230.8533241,460395404.05284053
2023-12-26,1661673940.6844153,1570397733.7310197,1569312628.6143649,1666196273.6310277,213916337.513542,191308885.398091,189933031.32137352,193583757.57319513,490933912.3755491,445305563.2077026,445976366.17121553,459561094.424401
2023-12-27,1711151430.6017647,1615789197.6907518,1614836048.0885482,1714165163.5621755,203116956.9009236,181591822.7599179,180342002.50113717,183801018.35509786,500927214.5825958,453206551.6361053,453746380.92696905,468276081.55902433
2023-12-28,1679938907.9596984,1588052600.8405778,1587122251.1116407,1684317421.716189,207241963.10091338,185332776.96308032,184002296.22493988,187188131.70700523,498311645.67899436,451851061.540626,452402998.68890107,466635368.73613745
2023-12-29,1644123652.513792,1553242746.5251122,1552063930.4061224,1646556214.3027544,217753042.4834698,194965071.39796332,193603136.2519976,195901796.055226,512189736.4680289,464760055.84269625,465373417.3092093,479309810.29934
2024-01-02,1601219721.4387739,1512678075.2838616,1511483607.3515632,1603710101.950036,217502629.29765275,194735293.03504935,193337260.84344193,195621509.83608258,521395017.394996,473402035.3328883,474033827.9763315,487154112.52245516
2024-01-03,1594691352.483694,1506448129.5092227,1505024426.6059132,1596870414.9540186,226372819.83009273,202504403.1527783,201085187.80854145,203693119.20115218,533348600.97795993,483933639.684059,484480301.9348167,497909278.84838074
2024-01-04,1599656487.5772674,1511082173.3585908,1509694481.401749,1602105453.36104,223994710.6742488,200365001.02135035,198965702.6772462,201479001.50463957,517998531.7381662,468116450.99832076,468624622.27805877,483493370.54526335
2024-01-05,1607489485.5930302,1518451814.1187077,1517000586.366106,1609735635.220888,223170607.86918288,199617391.3790676,198228085.52745318,200739734.72093287,512229355.7560203,463085105.1501439,463600147.0492954,478838386.4550869
2024-01-08,1616648795.3194525,1527073112.5556548,1525760564.013441,1619756346.1407871,218392173.68986198,195328217.61211827,193944628.35723326,198004523.50252786,495902361.7623918,451058775.8449674,451587197.0221783,464269870.30069375
2024-01-09,1618521450.9783628,1528810369.271879,1527530593.1980102,1621577565.9328938,220208326.51589733,196944246.87564686,195481877.66931945,200320103.77531406,490265030.5720908,446978060.1260214,447490894.32053787,458002663.4478624
2024-01-10,1652707060.4688826,1561073615.833436,1559823141.1167412,1654504510.8770769,220097730.32832682,196834614.8396657,195323243.9024717,200082541.91412342,495878833.4468527,452817062.2952395,453338754.25393766,462084125.4740076
2024-01-11,1671983796.5840862,1579252268.1562612,1577822630.876511,1673315714.061593,224794155.00452933,201029857.2293825,199507671.12917924,204019138.53202167,512294637.14797896,467673609.56174654,468217610.61798245,477373880.6958175
2024-01-12,1670455803.7899911,1577770882.1000385,1576166466.8076236,1671481999.9785812,228931824.80700043,204723176.8189211,203181440.51383838,207847377.500035,525383884.41172856,480502649.37305725,481057239.3508852,488944279.6262319
2024-01-16,1683905312.7752476,1590413664.7158344,1588588962.6244268,1684019794.4424098,230551034.2202442,206161316.55904496,204514545.9662067,208839717.55768102,530716858.33007157,485148941.8278662,485645660.71834457,493951315.41687924
2024-01-17,1689429510.634729,1595427759.3820944,1593659557.4062455,1689732321.947177,231311309.71985,206830645.11324403,205116312.2838507,209340868.07841843,532624092.330192,486611746.6726625,487111668.5352218,496245601.60735387
2024-01-18,1702391017.0286615,1607637965.8883212,1605872162.976214,1702446154.503812,232292338.0126318,207697844.76207823,205952377.4077911,209744596.77262294,539832660.0963924,492664637.74241334,493178396.1918068,503308058.36016715
2024-01-19,1751586368.1749656,1654078035.2023902,1652314036.9720109,1751793426.4218366,232096206.19138217,207507052.8453405,205722280.14685574,209706334.7540194,541856639.7274945,495080312.38914657,495630824.80524755,505695998.00725245
2024-01-22,1767928232.6614776,1669479870.1913402,1668033120.177136,1769029051.5974975,225484469.2100774,201834475.11523727,200070262.04032588,204179617.78953904,535536009.62404555,490473496.3688726,490988625.407371,501164446.765616
2024-01-23,1743489937.323659,1646354495.2939353,1644964524.6621017,1744331894.7755961,225369442.23280296,201715213.30090657,199968144.17543235,203938430.90565678,538748096.3812768,493348260.62469524,493873105.8927566,503630498.7216154
2024-01-24,1736468296.1873043,1639683452.0756047,1638178506.0758042,1737043550.320362,230314537.36548784,206096696.98030683,204367577.64263216,208526162.71856776,545306950.5419811,498243883.81280833,498791792.4203804,509554786.60924566
2024-01-25,1721580879.5698276,1625582073.8255394,1624147769.1138217,1723534136.082122,228248830.16928986,204235206.94835922,202533823.68938547,206879738.18880036,538019708.863583,491930875.9805454,492441675.1528887,502670901.15178025
2024-01-26,1723512065.4497688,1627373049.009547,1626160965.8344603,1726499228.616034,230555197.3422745,206289221.72687626,204612091.2477195,209294125.66207892,534068552.07730496,488423166.29005116,488886891.56479895,498512498.29014134
2024-01-29,1726643034.1149845,1630297895.4643838,1629548906.2478797,1730999499.6744008,225764867.7869481,201988218.73222604,200296863.5085577,204976737.3395458,523162026.35097945,478895608.3181884,479365710.8216645,488377767.51265603
2024-01-30,1753766691.3553813,1655890554.9507847,1655054400.6865997,1757941407.688026,228640026.95099822,204551697.3028503,202852807.57848266,207119590.07433888,541116611.826918,494885832.24053246,495403037.63843936,505563055.3260572
2024-01-31,1731983658.900237,1635271923.7781744,1634471724.260137,1736214344.4720032,230778173.2215702,206452995.24876985,204719793.9465,208880748.46994475,539589018.0760521,493464200.9742234,493929291.3165658,504234863.44167125
2024-02-01,1754321397.8938017,1656321294.3178818,1655409556.3303266,1759801761.1717649,229115014.2456066,204951078.1463721,203215435.48670954,207477240.05674684,534741755.1201331,488474244.94265723,488861652.2353049,499294960.3074701
2024-02-02,1820586833.8202372,1718847554.7227442,1718644771.1098065,1826586784.1217983,228712454.17621168,204576880.60345072,202743782.02277437,207011926.77652627,528960069.1829282,483068170.72058386,483435997.18695575,493453845.8291718
2024-02-05,1831235229.4182992,1728863767.3286555,1728677836.8328693,1837826780.44612,232252571.0643651,207731041.09900793,205946185.64126718,210141994.23580474,510284005.65965724,466645191.3359726,466901507.0977218,476732250.8979974
2024-02-06,1805539935.809168,1704563268.610779,1704409546.493365,1813695821.0012376,225785519.7931632,201931682.4917242,200283217.4113161,204628239.15517074,526197193.8853248,481727954.5237192,482071427.6979886,492745209.8808483
2024-02-07,1852953844.1495686,1749291703.982484,1749208655.8808932,1865584788.538998,227352740.3435845,203319999.9885403,201592989.57534057,205855277.33361644,523282399.19554913,479282224.70709383,479560946.61369497,490275314.14711404
2024-02-08,1927530979.7954452,1819669365.5177298,1819804287.7435076,1940583444.8138564,220970823.0665556,197596811.0890954,195992451.1911145,200362051.14334482,537704059.2002729,491902881.49353945,492208479.20423937,502982398.49403447
2024-02-09,1973311533.7891982,1862854973.184749,1863301446.3533993,1987752296.6309938,215884739.5716562,193032338.42700827,191456988.46557504,195849425.32480177,547366296.1301657,499866593.34455645,500185829.7405313,511398876.6060966
2024-02-12,1958795715.8241386,1849106122.1143155,1849490986.9830368,1969832626.4811444,208180996.19650084,186125042.93445453,184600852.10067686,189149724.18135113,565915521.0807884,516254824.1357626,516612721.738563,527794214.64958704
2024-02-13,1967514064.3567405,1857300432.3653216,1857757095.3441048,1975197275.7160904,218031716.91179276,194924036.60913253,193290125.25175944,197633495.58442745,542118223.1871835,494507815.4524323,494797140.1490407,505060315.0586807
2024-02-14,1998782817.5663414,1886784930.9595356,1887543142.1917658,2008312767.8822522,210567159.11826637,188231575.60278764,186596867.65278447,190829870.25907022,562299514.1209565,512423750.0532764,512698360.87876755,523065406.0314146
2024-02-15,1979940264.8323622,1868956469.359389,1869772026.2471862,1990893719.9639232,207090295.45955405,185107004.38695455,183428540.8742894,187654462.23679268,564975877.3928136,514800324.1164935,515034980.39890033,525577426.7501256
2024-02-16,1957888807.4662962,1848097227.534101,1848781538.6940598,1967231551.042042,211852390.39655468,189353694.41617924,187669700.52298945,192064295.27306697,560414777.8822926,510729875.0287415,511030939.3465363,521520570.2305215
2024-02-20,1937205004.0071204,1828530123.0967267,1828966192.286885,1944760722.2218668,217071947.60623685,194004112.61204556,192341453.4092416,196820813.2997577,556166724.2757021,506980187.4014272,507330141.27088696,517284604.4656934
2024-02-21,1878918797.9122605,1773457401.1154509,1774160788.0288131,1885724734.2282524,219893751.42990762,196019067.68588808,194374551.4237549,199111127.88885772,551835378.3665195,503673872.2213025,504152064.3309511,514040099.3610803
2024-02-22,1948179670.7947106,1838814816.8860915,1840092452.531584,1953515082.9069302,221018177.82025805,196534702.49395058,194854109.29635352,199922987.28456673,524425417.0896456,477573295.3134379,477846449.06416285,486864480.11422676
2024-02-23,1913772676.2071564,1806291564.9038231,1807183368.0247164,1914849787.8963816,221833044.41913483,197159733.9888515,195402790.3799438,200611744.40381277,512780674.42972386,466527119.2006057,466766423.93496585,476095010.14554375
2024-02-26,2000295174.9360137,1887947229.8937595,1889039154.1071856,2002973253.684211,215129428.38017964,191136627.7030497,189443838.6756685,194610757.2227893,536003349.5721787,487203059.35399646,487512620.5974592,497825433.415399
2024-02-27,2068809564.5288193,1952598474.4124844,1953623713.8955052,2070741022.574413,196262801.3407602,174239253.8947356,172623998.71497256,177302584.35039905,530200055.527986,480623506.3875773,480657926.11581355,491182383.7163495
2024-02-28,2060419080.3351626,1944636290.9151824,1945595009.7576845,2059183934.8398821,196511118.75072896,175449470.92725372,173776420.55495307,177315663.482939,520225642.7057608,470634223.7524947,470636947.07935494,480895989.7163431
2024-02-29,2057887508.758317,1942165611.682737,1943416516.8892174,2056466145.800511,204455845.9238087,182551212.78976437,180721686.82658038,184967434.00502363,519668724.83984774,470688141.57657105,470889885.25570285,481323998.1083919
2024-03-01,2126355558.5003157,1987586157.3393252,1989321998.9885514,2118547853.1738884,201064189.86789316,179616009.99330688,177791022.7287491,182031227.33686283,510494340.9340368,460167968.0871834,460306967.7939877,470978211.7428371
2024-03-04,2178635450.4937286,2035647907.550504,2037231569.2048512,2169573199.8786297,202542953.32680714,180943202.2657392,179092169.36349526,183312877.1480536,502352705.9331762,451800452.9641185,451880505.7644817,462716145.5972239
2024-03-05,2162896877.0959573,2016273104.3161073,2017898607.7290094,2148648419.6015935,205274344.4221052,183209277.31346413,181390118.98641667,185692179.78575987,516433081.64706516,463407497.361079,463540439.7935071,474896532.4540963
2024-03-06,2177242497.508284,2024005844.5336015,2025907312.1661103,2156982752.9471,204299331.57358477,181848262.40389144,180056346.7599336,184369266.34129238,509036119.6092185,455328912.19267505,455425295.83552,466577397.94444263
2024-03-07,2166947177.175541,2017236022.5971067,2019051009.1209652,2149905049.713086,205855101.41230315,183221008.23203933,181483795.98014924,185753511.19637275,528154238.4739202,473777583.4943796,473970314.4704013,485475830.71598256
2024-03-08,2182240106.710751,2034089681.3094735,2036338804.666967,2170481740.7000113,203614976.1218244,181204056.6967398,179455632.09754172,183654973.7213017,526139013.6833803,472062184.37491167,472189141.9511703,483797322.9079558
2024-03-11,2109549060.5439353,1963172217.9661014,1965177022.9970932,2094459375.9800017,209434546.68990374,186281893.2483673,184507915.2080775,188752031.87743893,540364007.5814619,485087015.7402496,485249500.97211605,497025144.6405021
2024-03-12,2171533305.220976,2028976949.3505979,2031328945.5665255,2164193173.354935,212477554.40443602,189063602.43428534,187301551.12678432,191350683.30205795,529438326.0903219,476415810.5898647,476564156.45788544,488206632.01658887
2024-03-13,2156064976.6597414,2025998403.6339202,2028463598.313196,2160581673.3254857,212773010.32384324,189575239.93884563,187860509.05122927,191813406.23298872,515726578.5311056,466166492.4493264,466295031.650986,478001981.3453351
2024-03-14,2183900741.936955,2052800631.1766298,2054816453.875962,2188328234.8278747,217719844.07219753,194004287.5639248,192254532.05878943,196184359.89323822,520726369.3133459,470850269.12992966,471008046.1596684,482671107.00346315
2024-03-15,2148583808.683553,2022428646.4323738,2024718968.5984187,2156787881.581497,216190516.43984494,192690872.82520723,190923365.38103506,194716808.354209,515915320.1253192,467012393.88036233,467164124.575597,479118956.48560673
2024-03-18,2162665843.053954,2034822137.3195248,2037200472.3274453,2170233403.7483907,216933623.17194244,193546261.33790374,191767504.06928664,195545479.5969997,522425929.65066814,472986772.4248523,473196114.93182176,485054905.9854636
2024-03-19,2164136147.2432685,2039449959.6568878,2041863093.6220696,2175594304.780523,215607707.20164067,192531394.19709814,190751283.28860036,194684319.5461211,526901562.4161602,477742036.67643774,477994495.91624385,490002104.742673
2024-03-20,2189811412.825458,2060863698.7559016,2063328932.4354565,2198182764.2214723,209571279.4338088,187181823.94191566,185455588.83302823,189266585.56533608,519503060.3367775,469747103.29425174,470012143.6860045,482158757.2642678
2024-03-21,2213025396.7778983,2075690133.5386136,2078156192.5181618,2214716702.2936926,206335003.3346356,184166310.0753193,182436968.60362697,186412158.41990227,517644268.08069503,465969989.1287385,466234057.9059183,478425584.32568353
2024-03-22,2222044287.142071,2081886980.5265274,2084320291.6412554,2221529317.424441,210051224.64440057,187429428.79177642,185706748.24116778,189636641.45407313,520230584.13688827,467862470.0388863,468125563.1056885,480292987.4565908
2024-03-25,2266415026.254069,2122506390.2495108,2124747698.9586337,2263844868.961832,208843556.67109594,186514585.07397863,184848458.18430614,188538788.91587672,512463856.53159314,459843812.6023251,460016737.9695825,472189352.6232139
2024-03-26,2268416251.215877,2122473727.8921976,2124949886.8907835,2265119252.994445,208928112.21735752,186376253.0352772,184707879.1243288,188110019.7478002,509186095.3556127,456136806.5322353,456303554.92793554,468645182.88843334
2024-03-27,2186183348.986798,2043883938.4290674,2046495272.2797904,2183182512.520192,205997170.6086872,183799770.45373842,182060198.94813448,185994726.46592596,514595160.7476661,461167915.6075054,461325353.12004864,473978501.6907837
2024-03-28,2167266280.201591,2026743852.3717644,2029185470.6913135,2164295996.449001,206744602.68145043,184567224.24142897,182835751.14366305,186856149.05504346,519910141.3703664,466400555.07055116,466613079.52791154,479326455.7307761
2024-04-01,2158868588.2236595,2018367242.2968168,2020692760.5084832,2155111312.190097,207518139.15256485,185056170.8953941,183335266.4653116,187398150.20426622,520424939.2789906,466856565.29358864,467029357.250538,479809141.9791865
2024-04-02,2136527356.8215537,1996733659.0154903,1999165830.932557,2130873030.5373113,212064999.87290788,189183850.07245594,187439423.98987204,191295897.3465897,506211021.1606093,454099357.01038474,454188127.5977874,466585849.35181946
2024-04-03,2094786687.3375444,1957175111.428772,1959601063.9678445,2088848830.678806,210703278.42377117,187875803.81408295,186176905.59733355,190003544.20721352,490951529.87447876,440404007.12565917,440386184.44871414,452469161.66870207
2024-04-04,2070583544.0587313,1934508151.638092,1936992371.2467742,2064822764.8760064,212994132.74621826,189951600.97785708,188246452.8897014,192034684.99546286,493389712.7382455,442585600.7120636,442569387.026142,454765307.7507458
2024-04-05,2109815408.312308,1970180114.9916728,1972856680.3509827,2102590751.0835357,213912306.358828,190840988.65166783,189100660.25626752,192790448.39947695,491437616.6088549,440828540.1797895,440822506.2666982,452919648.7533396
2024-04-08,2087446545.7871294,1949459755.8442538,1952312948.0366876,2080935775.1909244,214637538.2690296,191558675.7631104,189837422.80809706,193479713.9665517,490344283.91601115,439841731.57101953,439904677.82991725,452002736.30339354
2024-04-09,2053899731.0890384,1919016896.585895,1921619127.5603585,2048693883.2489648,211994047.82697642,189114363.67620495,187435887.3476615,191056767.0760052,493883446.8311405,443010799.5178453,443213578.5512547,455410505.2052563
2024-04-10,2099235563.4478734,1962022131.3618722,1964878486.2009134,2094689743.9601467,215208177.42224923,191953951.15958923,190244305.60292763,193620190.21685135,488727248.239249,438379274.5943644,438507943.2621159,450532104.7886315
2024-04-11,2138713031.3477516,1998508330.167938,2001403838.355848,2133489716.271416,214020650.43875477,190949350.87059826,189208930.0621966,192708070.08444005,491432126.3630778,440800562.0469965,440917483.68813294,453341125.6342702
2024-04-12,2136063288.0585532,1993953643.0945415,1996847589.920368,2128551607.4607065,217276716.58530563,193852665.03100204,192133215.55249184,195553033.20326635,490702880.0476772,440141324.88230467,440247558.4639959,452618403.4385372
2024-04-15,2105160402.2251408,1963751358.6839287,1966480928.959837,2095341921.595296,220898757.18889678,196966106.5664053,195246499.71139553,198618939.13949937,489548403.23987746,439100766.1661951,439227782.78091943,451545503.9105118
2024-04-16,2139120934.837552,1994046274.7135715,1997106610.8251195,2128136209.5004241,221088021.0354423,197100465.18767923,195344929.53480405,198725408.2290855,493784151.6402188,442895913.293369,443075839.170966,455501886.76766884
2024-04-17,2124568680.712149,1980003482.6134953,1982887093.3501852,2113033992.8390949,223115224.26124293,198887943.01946485,197129466.55070865,200293043.40480724,492855382.2533458,442057731.60418564,442209594.9484691,454571874.2130842
2024-04-18,2108558561.091918,1964566566.1923974,1967236088.1953058,2095949942.7362483,223753067.9455464,199435530.259787,197680356.35711616,200940648.79250753,491717544.66573954,441032027.2912966,441239910.65864974,453530399.12983614
2024-04-19,2068900520.584985,1928343754.161549,1930803275.3307981,2056751711.1464458,224667203.36896634,200265405.89755726,198494186.07872754,201805667.43475384,493555730.8244605,442676390.0059632,442834864.3259581,455048738.17627794
2024-04-22,2098065614.339212,1956719533.4034297,1959360510.7269022,2086599032.1154258,226100305.6748865,201472141.22871795,199686782.87403995,203084325.4591757,497256329.9946221,445991501.2402212,446146311.72013783,458503985.0848339
2024-04-23,2106987838.471117,1964778187.5457811,1967586292.6629934,2095602167.3835087,225683348.67343965,201070694.99799514,199296847.3855384,202699965.2653656,492245192.61531895,441491066.1186277,441663540.16245353,453919927.1655049
2024-04-24,2079520939.5261028,1939874781.9069326,1942542091.4778805,2069248663.3722732,226728051.39278656,201934209.1953627,200109376.64756843,203519826.4364495,493389510.22839063,442512778.4894241,442733747.76155865,455009143.8757706
2024-04-25,2093663256.7763803,1952542195.8904815,1955261930.7787173,2082733743.0673943,228074852.14791292,203204689.64879984,201435555.8599627,204706243.15233985,486169198.07314456,436030480.7583754,436193087.27253896,448258119.8631958
2024-04-26,2111155672.8940377,1969536026.283194,1972349181.916634,2101270217.967569,225499590.8049626,200770697.7688884,199098820.45816445,202284500.36876783,483694231.79722494,433805599.11986935,433940503.36873335,445997947.5783456
2024-04-29,2087256051.2441938,1947044379.00725,1949785290.9616263,2077081476.1044686,224680400.48207128,199998178.23380888,198324253.69149756,201445065.36325255,481492513.1054096,431825773.0544297,431950637.4577082,443967340.7105149
2024-04-30,2035431479.9645483,1898083857.74046,1900847867.2987192,2025164345.0361876,225280154.83921874,200440685.6011507,198751098.68008453,202072314.04359105,473899520.80047786,425014523.26624745,425166180.4646796,437025345.491863
2024-05-01,2007963497.2726848,1876286334.7508905,1878847587.538829,2006004664.454496,223741705.13824403,198938823.6555615,197254009.87489393,201104152.6441021,487747980.4809736,436918326.39687306,437132930.17563146,449902889.01970243
2024-05-02,2006218235.5001245,1890541457.6397011,1892914440.106105,2024472846.453256,214851467.66488117,190916619.21671152,189259481.9376924,193878518.02797708,494756595.5563126,442695515.51539177,442822479.0336496,456115025.2839159
2024-05-03,2000367701.6691246,1886849487.6828227,1888997577.9684408,2022138925.6020372,210993221.0084998,187181042.24660426,185530966.627693,190392596.93745264,501779034.10140735,448295705.6955932,448421048.97977424,462172564.9623572
2024-05-06,2023923983.4999578,1908427113.4970496,1910573179.3399615,2042567261.9217165,208340123.61370426,184760228.52834812,183142573.61900327,187964319.58725297,507270316.2498091,452538012.7363749,452632721.28175485,467527678.91600335
2024-05-07,2031296694.7377715,1904946869.0120246,1907240190.3622873,2047975319.6716135,210496248.55261523,186699463.13619623,185008471.5535085,189698323.98888075,502478332.9217678,447671534.2810803,447700243.3611694,463085005.03571343
2024-05-08,2055673801.4283419,1919467744.8554196,1921673561.13542,2067052948.5862343,213838132.82514393,189761596.39074615,188034649.40870002,192657610.5139054,499043047.83630127,443899735.83189875,443810060.6575953,459479819.8024151
2024-05-09,2065092360.7284267,1921800217.75706,1924111977.0817542,2075678769.9267037,212179772.02256614,188261621.24546868,186558728.4135903,191126109.03756535,494178561.1513225,438670266.49687755,438513121.94984674,455129983.0015765
2024-05-10,2049460373.0934029,1906328587.9554935,1908865733.3922923,2052656569.0864594,216152824.8380912,191895469.21121854,190093674.3089329,194549377.53978017,484824992.01425546,430667578.25010604,430553380.6398439,446605530.2777916
2024-05-13,1940489697.299608,1798670226.0866,1800156613.9746547,1945973459.3636866,207388436.9704878,183922653.69757453,182197416.66858798,187447088.54447109,491434196.5201716,438028353.4254921,437901214.757195,452729843.13115263
2024-05-14,1851912091.9055302,1710815541.7434683,1711258610.4656556,1863401356.4215312,194781834.8472594,172589980.02021658,170941975.46213165,176602325.6592842,497300508.78261954,442965613.0498977,442729825.41715306,459060820.33011854
2024-05-15,1989565455.595784,1838610239.018388,1840122364.9213984,1996842727.8096473,197652086.84151196,175943255.11661556,174281512.75549662,178726391.16218457,499356586.78419834,443944074.5153327,443737312.4794896,460656209.218513
2024-05-16,2002236963.0270138,1850079390.6919339,1851831066.9891708,2007182444.735822,204695326.16017082,182294620.63511854,180666888.911522,184851426.42734376,498205207.72235584,442681379.053529,442505387.8283311,459771852.03879577
2024-05-17,2046835005.3012958,1898733745.2610667,1901175104.3005183,2053882051.3913198,209809308.49046424,186887030.16606402,185213326.4779582,189366253.46923354,492778264.82748663,437584095.3592279,437296433.04547775,454661501.2574166
2024-05-20,2104648432.1551094,1951091111.9553807,1953873439.3530107,2112878736.2455513,206982664.5572884,184334595.3226113,182734320.62690467,186787123.61209464,495326856.686598,440272953.3912811,439961575.8027549,456836010.1806288
2024-05-21,2090791121.0674415,1931074622.7842069,1933839311.1845872,2102770504.6911917,206318737.3252079,183779879.0996272,182179201.6936435,186233253.29984334,493363442.6922733,436784990.5876189,436483910.54744273,454861277.86488825
2024-05-22,2017675039.2036893,1866032400.593882,1868479329.4755805,2037740792.2108226,202763482.74223018,180537811.63506547,178906798.09637445,183256263.9227562,501981158.3954057,444736555.8746076,444495695.01870435,462921598.3842631
2024-05-23,2063590190.3264763,1909907581.0157816,1913050251.1668339,2079265447.0896375,211156623.3687873,188133145.52525774,186480223.50568083,190711994.53728452,494398185.71108824,438202412.8140354,438042739.461705,455799838.3363048
2024-05-24,2070107866.4069035,1919767171.595993,1923012520.686558,2094043744.354264,209600687.73549482,186695868.1109729,185038475.61641607,189438398.57641992,496072244.17862743,439191837.2023296,438972429.7068342,457268550.28764826
2024-05-28,2023788412.404093,1866232442.9777718,1869190511.4865632,2046369292.112383,207950136.75880596,185213095.72791082,183643341.80474007,188120635.53768942,496482733.41822124,439220311.3738202,438869169.36495304,457199151.09889114
2024-05-29,2055022673.9467726,1895784711.0404892,1898564933.2046952,2077285290.1698442,210331000.82502618,187293793.54803088,185682201.4782625,190151530.45046926,494116989.5139189,436997827.90039027,436644203.6562912,454648522.3737241
2024-05-30,2003002697.4717762,1852431780.249326,1855225795.028893,2030615367.031973,207002575.57104298,184342410.54724932,182746700.23795915,186408428.5202688,496584586.1330033,439407059.316954,439074809.88511014,457023075.44797987
2024-05-31,1973574324.8897986,1820667305.5087795,1823687498.0964627,1993424629.9597538,207730276.99839815,185061523.06358588,183434959.94419336,186973828.77388057,498086277.1634273,440428328.9521436,440166002.87280846,458628918.47300977
2024-06-03,1914274255.5853937,1769404279.5128114,1772574556.3367286,1947089831.157325,204230200.12185785,182820101.61343428,181183937.54353735,184470174.30205226,490765505.84841883,435775785.1069871,435498111.1639357,453726307.65686655
2024-06-04,1897101567.8130612,1750494435.8073223,1753604075.9999108,1926288809.4013712,206222334.02085906,184467001.8286341,182749602.5810125,185989137.54858106,489821361.4643147,434784499.7762997,434476781.0732432,452969992.72912097
2024-06-05,1896420101.7305584,1752191557.4047422,1755052337.7657053,1937680284.1623864,202704292.72224158,182015226.05568165,180347670.10219973,182957223.01620242,480995517.9773424,429097782.1933564,428823634.5860746,445799187.0288376
2024-06-06,1872851202.903964,1728036302.962092,1730432245.5278325,1905491261.6442764,202235707.23963043,181253108.11022538,179601873.23131272,182413908.67613536,473966717.9164599,421931533.55951005,421618777.46245843,436759042.0586052
2024-06-07,1913662413.3791976,1768119030.3541963,1770890714.6109338,1945674864.6348126,207911846.2644442,186360761.60483837,184636187.3180066,187506469.33510536,492546409.1343108,437943876.30768865,437576172.8834663,454555174.627876
2024-06-10,1934339461.850668,1793618972.1805575,1796257275.5664587,1968224272.4158566,207826340.8808995,185931703.89846277,184205584.96859282,187602700.77209687,493940634.8462326,437777238.22004,437479918.8818326,454969838.17283505
2024-06-11,1906435296.7468562,1769456902.7974553,1771844126.669071,1946245036.6001003,205597485.8200563,184228769.24303958,182486340.5487185,185740479.78057256,487815276.4492385,432700081.6129803,432393485.60904855,449827222.80083317
2024-06-12,1931485947.1212935,1795354085.6258802,1797720338.4190729,1974417236.2290492,203983323.88120195,182300273.39562064,180677188.04489103,184284050.43030146,485631199.4229585,430118167.5810517,429813213.7770824,448087093.3222344
2024-06-13,1947265136.8883197,1809419889.9393373,1812076506.7888584,1986370535.138568,206430106.6107099,184233009.36060026,182582163.49326193,186315835.15607226,482513872.82418084,426632727.6903744,426276167.53000355,444878819.83924407
2024-06-14,1996829718.4467723,1853926683.4555933,1856799287.873846,2032837768.2575474,210176472.55939186,187620256.3015537,185912439.517029,189515896.520292,485642564.4630556,429219341.24542487,428849703.9411604,446273628.25958717
2024-06-17,2003864005.2463105,1861604013.542186,1864447775.6522512,2040478928.3341503,212027607.12821028,189462370.56324098,187789758.05373746,191301477.6414812,482861442.65966964,426581917.70585465,426155380.20104176,444991313.46603715
2024-06-18,2048322780.5274148,1906008058.351787,1909072500.6665878,2086958114.0068362,214158453.2381875,191399677.03672954,189693605.96795666,193244781.3356017,477352917.0299977,421526513.9726299,421099585.4344637,438853273.3855458
2024-06-20,2042457272.3353279,1896103981.0379536,1899156049.2755013,2075567352.823061,215657127.78845006,192717722.7545498,191018513.009514,194674518.42037612,481116642.47018075,425062476.70987505,424666905.80239,441961104.38428134
2024-06-21,2034117477.390838,1885502098.5683787,1888596424.2580574,2066076035.0841494,214964409.18907675,191957331.4813306,190254308.1529395,193998069.47425547,491526022.79956454,434635500.44904816,434242239.43210214,451367283.1416731
2024-06-24,2012303982.47756,1861846851.036553,1864734926.014914,2042522488.0946238,214115196.98150223,190998587.9896876,189266787.88267416,193536151.42147192,498368344.17083544,441060650.3533204,440642609.48165244,457405609.2537825
2024-06-25,2012158872.5246892,1876504302.7006702,1879620847.8729928,2059137928.1371458,214341409.47528648,191077300.89721233,189366707.4892411,193676683.007199,484808656.19523257,428523371.21729916,428035742.64900655,448223627.2282125
2024-06-26,2000596730.2095106,1863589822.934711,1866660377.0371978,2042525546.3042445,215888957.7788079,192503174.49191496,190759115.82065648,194929253.69643292,491083047.80430263,433467858.30317795,432955423.2631899,452578404.0583257
2024-06-27,2022555777.8450916,1885000430.2678194,1888130080.0716188,2065789181.7217786,214448841.6620088,190897706.60564998,189173313.8975116,193558645.37822318,495477414.0954263,437472632.49120516,437034855.9194816,457167557.2354698
2024-06-28,2033314370.8491173,1893552125.3026824,1896506048.428273,2073822428.8892546,215406081.62672356,191522683.6477733,189834765.3980472,194306316.56930292,497732934.6671436,439403062.27627164,438990284.81390435,459728784.4845335
2024-07-01,2081171666.3607666,1928846002.0307584,1932201541.7319734,2120214696.8056533,215580119.9767193,191721331.56808087,190101237.55486527,194268251.76187587,498428131.6787408,438898256.2905198,438482525.0946486,459359662.8388293
2024-07-02,2063345941.7954915,1907528293.3124578,1910920521.8560383,2101069223.877555,219661319.39125678,195560902.2380289,193884434.27458155,197923413.32463095,496003976.98858833,435892500.0354082,435491420.8687803,456219863.59116215
2024-07-03,2055576203.1014085,1898425008.8942463,1902114157.7512922,2090337957.1088877,219709231.5684142,195405001.4198955,193779061.1343856,197886759.9050907,502465915.24927914,440639978.7629927,440241416.5125896,461326256.7012419
2024-07-05,2042239431.656541,1888420035.6022828,1892168617.9689422,2078177822.0216095,220683056.9819852,196174687.6174749,194581130.12091368,198870284.08351752,490423224.7037082,430680361.31849235,430228135.4061201,451109610.5357039
2024-07-08,2034033354.027009,1877697177.9812768,1881309063.015907,2068018424.2386625,218089838.9239643,194110794.59689942,192522073.49677965,196298418.89925876,487661255.54372483,427135733.358527,426686424.9001109,447507209.1646908
2024-07-09,2051198755.7823012,1895221408.4609306,1899089820.3588626,2088170725.4087145,216751629.11163238,192946076.92265198,191356994.2372734,195164500.12932292,493274672.8582715,431989703.3320488,431553926.57672703,452560676.1636815
2024-07-10,2059056177.3346057,1902969598.552652,1906792415.4968693,2100617983.9830353,215919016.67701328,191983155.0402323,190410344.10704377,194452344.8331641,499046118.12010276,436731447.9427152,436332009.1727388,457705134.68812156
2024-07-11,1990834372.4873579,1844847213.9656086,1848055644.720289,2036224327.1825273,207174868.8780532,184156215.82943815,182600521.55528507,187113340.0167806,510469075.76813334,448185613.34592825,447856349.1964649,469629019.05170727
2024-07-12,1968073549.0955691,1823693238.6276467,1826671846.9706693,2009284503.9462497,204216835.6429053,181609754.21078375,180100364.14486936,184248750.230786,506606176.1936386,444066325.36241,443699438.9670765,465645050.1225609
2024-07-15,2002958830.345101,1858933233.7546914,1862187329.7176335,2052285965.0039892,199978634.82777125,178254803.45843655,176737374.72918832,180299106.9072289,492835790.73358345,431019155.6729342,430552976.98135835,452528597.4864088
2024-07-16,1946810570.0024984,1807036846.912959,1809509764.672448,1997977376.339251,191316411.93669188,170700115.36962962,169128734.52462915,172819549.315875,501193574.2083247,439048016.0662334,438606721.8169125,461027949.98926187
2024-07-17,1880805849.7309043,1741044162.535283,1743194896.9252381,1929322414.60838,194471518.90912843,173457980.13280356,171798988.902291,175817662.44069144,499248579.1797141,437757164.2854332,437297172.36422414,459729999.99441326
2024-07-18,1908726106.3341646,1763265546.825909,1765672300.2444603,1954079342.0290887,200167812.3660898,178581030.17915085,176937113.4157521,180710312.8076347,494379351.11813855,433198912.7081591,432797558.95402867,454991869.47807896
2024-07-19,1915168705.2098613,1764090316.9420302,1765993356.0677824,1965940492.8586898,199688341.09079328,177651539.00700113,175981540.59965327,180553240.53035727,485975972.0737622,425397241.5098444,425002901.3396621,446819850.1338798
2024-07-22,1950904129.827176,1798680079.5717616,1800694287.6346333,1997920561.9986844,200012397.138691,178277738.63189617,176632503.42601478,180535198.3463312,490472274.73938006,429058373.38017625,428563874.02540624,450930200.004891
2024-07-23,1934530633.68937,1787807336.32321,1789370324.638655,1990095042.0234275,196384795.46611252,175269845.74761185,173642683.73774707,178184444.892011,491759187.8492933,431708844.9430258,431248504.19166,453632810.1925317
2024-07-24,1926912751.7150218,1775559030.2722628,1776800519.1256182,1977281942.1152215,198643841.83579904,177207756.97399265,175543405.88955605,180134641.2906078,495700442.6787684,434961721.07665896,434518497.5057783,456722303.93529594
2024-07-25,1902212343.1681526,1756564181.1278355,1757587835.5347826,1954958562.699431,194061743.98328403,173381494.2977862,171874464.00958285,176189551.06430468,503630209.61347526,443640550.0675849,443145126.8726439,465681756.38971967
2024-07-26,1894580286.205343,1746011131.2412148,1747115774.384503,1947520059.3720279,191427943.63383913,170964505.65371618,169445939.20348394,174053699.1034557,505699882.8384818,445254089.62717235,444806341.65970904,467616759.7263028
2024-07-29,1904977394.3597891,1755375624.6578133,1756539232.0108123,1957179129.5579221,196549658.71805525,175542423.39998433,173988544.22106165,178546155.5835233,505047570.50633806,445162142.30154103,444728499.00431985,467193332.20378345
2024-07-30,1866238401.495184,1722864282.1113043,1723655440.6219664,1916624759.869935,198182958.490552,175614767.9490492,174113742.3961895,180076941.12485477,503290891.40908265,443832467.74717945,443429223.5944247,465549199.0470401
2024-07-31,1931046591.5379539,1783073160.8070238,1784338726.870947,1985780028.6466525,195842029.17727098,173535034.5714029,172105305.27879044,178101121.39323545,501149201.33773994,440856808.8270085,440502625.1812705,462740656.72781193
2024-08-01,1958851220.8030233,1808772178.9587448,1810487237.5688243,2010827925.1560364,202189604.2777267,179247558.1933171,177758552.93974856,183618226.43594506,504714266.35766274,444114281.8757018,443676846.07207316,466353273.3895643
2024-08-02,1954164667.3354623,1799092144.284873,1800860940.0004835,2003984906.0785215,207047511.59143585,183479635.59854302,181956944.27696317,187985501.59639,504658509.2604422,444141737.3719191,443699042.9154009,465620742.35263455
2024-08-05,1948008050.7806969,1793271043.413315,1794977635.4728637,1998121567.57459,209316640.670544,185483954.63806537,183916025.60778707,190044004.92693904,509600043.9666033,449226989.1951679,448797965.60473436,471483124.0991781
2024-08-06,2006203019.7261825,1849894334.1990473,1851674894.2179592,2056449273.9336395,209501570.0484667,185630356.47161052,184064523.9625349,190100985.0180175,508651942.28294015,447978183.8954422,447562063.8702351,469555462.52870244
2024-08-07,1966843288.5242531,1830845725.2094824,1832647255.2035618,2016501472.6558812,212454465.40130883,188440324.49506804,186823078.9492623,192824264.42832923,500696820.2970457,444883360.8560238,444428821.1115137,466290919.91954076
2024-08-08,2038233292.622803,1899672125.7913346,1901474276.1044815,2088972806.5616786,207400690.3939056,184054836.31759962,182474290.9658425,188062523.37636945,504670323.0575104,450263492.8675153,449808336.8740459,469897141.3619313
2024-08-09,2083121680.65493,1936763887.2113159,1938802993.9503903,2131745447.8302326,210820224.30009028,187085832.50840142,185510475.7894982,190811115.98593354,505616671.89173824,450624626.88407695,450157595.23952115,469963206.7903365
2024-08-12,2116033330.5385413,1965540214.9198823,1967754418.0187755,2165061154.6725926,212152967.77294758,188355434.39964002,186803698.62339017,192057737.41950455,515920002.9700105,458776213.25476,458348014.1477602,476348150.06233144
2024-08-13,2098543627.6160202,1954637965.4810352,1956883435.2123277,2146882754.04411,209920885.6737696,186372452.24999017,184859150.2249852,190049493.73646396,508167528.7478647,452993608.1294278,452560098.02283984,470774280.9182554
2024-08-14,2130825898.7484324,1981516812.1936986,1984020592.303847,2180826374.661388,212629121.970392,188801299.5385249,187253537.16275653,192554566.89901102,509984005.2385361,453575526.68469363,453113695.9792653,471606895.3407484
2024-08-15,2144484582.2548862,1994463160.0554888,1997064823.0987735,2193648518.232983,208987332.25278288,185692368.27230954,184174060.91765815,189102138.40462905,503084204.5271369,446766819.40648675,446325527.31920403,464887651.1392634
2024-08-16,2148749095.4685645,1996097213.7922828,1998811043.4230437,2194584697.917241,210462182.63902968,187176622.70905295,185654620.09539765,190519679.40440208,506908546.25815684,450110986.9162168,449718877.8679659,467945020.0947477
2024-08-19,2147319021.0646536,1999929615.434445,2002765457.81565,2192683479.645237,206741826.79516694,183948554.13045564,182452794.52374402,187284481.77745783,500285461.145114,444087204.0111946,443692664.8277891,461977172.5498052
2024-08-20,2172721577.9381876,2019359094.7747579,2022034063.399471,2219137273.559363,208758947.78089434,185491736.2242774,183984483.65761504,189105312.59837517,498207146.5539178,441487278.9958847,441076949.29842675,458728896.4282939
2024-08-21,2163531276.877345,2015377357.6935635,2017979240.7885423,2211303270.5414886,206579534.1792441,183431646.9003949,181943882.4389883,187185693.96212286,498635874.8004,442149396.0410004,441735628.656889,459518961.1905071
2024-08-22,2173376385.731851,2024977230.4639757,2027785855.412817,2220646208.9019184,209918857.63410255,186170995.046587,184615763.11626962,190045929.32026082,500591650.8402008,443534732.4177399,443149939.58349353,461488284.21615905
2024-08-23,2158495394.0983863,2015082065.7401452,2017960214.8828986,2205509084.3106318,205777625.24003097,182909431.45307943,181410937.19038367,186168236.25043094,497318738.44562227,441712875.72578436,441350282.8081157,459440444.5177075
2024-08-26,2142826676.9883275,2001561390.4823222,2004290130.2296083,2190459950.7839456,206445321.70643327,183291379.76001078,181783287.1782141,186795891.67947754,492375983.75879604,437379178.37243456,436997935.03636026,455157870.74333125
2024-08-27,2150643609.136332,2010425470.5361493,2013155858.536522,2198466246.9497547,208938044.37085682,185368200.95949942,183871061.02064425,189044699.5583826,495336437.2048056,440040605.90331197,439652757.22087985,458000255.9067273
2024-08-28,2148818104.0012016,2008019532.0165987,2010875667.4567387,2196717580.1345963,209465429.24823034,185851440.49385646,184363379.42046717,189520425.39341864,493887836.1883791,438626372.43013316,438128452.35181445,456374457.3684832
2024-08-29,2129168499.2852817,1989421472.0074122,1992081789.6867337,2176757582.8513975,206716443.5149432,183425455.68473965,181943770.01627952,187012737.3446966,498131028.75278175,442264166.1002673,441783997.240849,460286027.4734484
2024-08-30,2147210154.0545826,2006443117.4822364,2009235872.7445645,2195953693.0249677,206468076.56219664,183430236.3805557,181916573.63545114,186741482.3470578,497431462.8855895,441563074.862904,441107583.06573004,459577106.9683621
2024-09-03,2059002054.7050185,1923985521.9935706,1925953856.1064603,2105398012.8142934,211805691.42918566,188289108.137091,186683505.6362967,191726263.88693774,497135490.55071473,440944712.138485,440455772.8309217,457740139.7016409
2024-09-04,2043399484.45815,1909371417.9775555,1911205563.681999,2089055477.2921772,213796921.39104623,189790960.54645982,188176606.68080047,193583394.3439117,492333431.615982,435949217.0083106,435461504.020834,452828450.4648108
2024-09-05,2047979363.7089553,1913617524.6846194,1915658728.413405,2092891734.7489357,216462449.39983824,192186375.933612,190612878.16610512,195833544.48718494,489366445.52429485,433218938.7192096,432753020.46937233,449543094.02101
2024-09-06,2023691340.2078533,1890890762.2513835,1892915722.8915691,2070138609.1015596,218684230.1770658,193924096.7873012,192318824.90427774,197446095.468352,486271911.4852514,430370678.38359284,429902367.02134156,446349980.145243
2024-09-09,2082874064.3402212,1946162553.1517222,1948601203.2068963,2131363793.6908224,218939430.0999751,194278309.62647372,192633598.54045174,197663968.2040776,483833253.01279795,427794536.6267967,427333688.33711654,442968506.89588165
2024-09-10,2125124237.7045078,1985612119.8422976,1988088303.670493,2172938904.601283,217189469.75252572,192169072.44104275,190507970.27784884,196165382.8310574,484240457.46585834,427779620.83149475,427363953.35891825,442800004.2803563
2024-09-11,2134853989.104138,1994671961.9875393,1996842646.6785145,2180365005.8702006,212741472.0872102,188424225.1161416,186828645.65709558,193271039.03175628,480557180.47220194,425337188.46261615,424964781.33610046,440822859.1356188
2024-09-12,2198729138.031392,2054289930.9807003,2056781419.2601666,2247129578.13092,209941120.59616372,185894758.81098,184305404.915537,191857666.27562892,478451152.1463627,423527732.0684703,423117498.8501402,438739681.1058859
2024-09-13,2237099708.6791983,2091245749.5237021,2094040055.1753871,2285942830.6159496,203363837.16196138,180474981.74444422,178962624.7407399,186403246.14600632,484804422.3074859,429272300.8824022,428882865.1618303,444954385.5946449
2024-09-16,2215526449.048279,2071049662.0848243,2073659382.136883,2264614910.3425136,207300455.50583568,183802751.55529565,182251660.80041686,189819898.32228002,486241342.42189026,430079916.73055685,429728563.8624127,446015878.1750498
2024-09-17,2142242995.1218965,2002532874.061703,2004532848.852429,2188152933.804484,204921544.0967486,181524018.5847738,179954940.8732612,187221764.12630174,489917553.1542171,433957406.75956196,433579980.3990019,449772060.8956708
2024-09-18,2163965013.2362633,2022793743.2948172,2025048051.2027662,2211455176.248212,206012652.05428708,182698972.56358513,181132781.99027586,187551872.64056957,484338944.02518475,428948798.38159406,428552561.1429618,444785181.46989083
2024-09-19,2177957524.898542,2035831974.0399456,2038088170.3859718,2224846071.695651,206447672.3096198,183154852.94644764,181613153.22749698,188428723.80732116,481842224.69236165,426919287.07384086,426457115.8197179,442170153.30742913
2024-09-20,2230074496.177197,2084497561.7014687,2087168401.571927,2277931220.5315766,206717367.00720224,183484617.84616858,181896209.20965844,188762772.19625258,474659870.73547393,420367246.585447,419951253.1580712,435510996.78310305
2024-09-23,2235293564.8941226,2089338779.0497131,2091776173.8786232,2282723090.3606586,207542268.16327557,184155902.100261,182576293.83034465,189403362.10338044,484141212.8979103,428624626.3347225,428205087.6841644,443393574.72676545
2024-09-24,2230589598.016304,2084906366.814763,2087212256.8836546,2276339509.88313,206478342.66881773,183066155.9461017,181528177.34180087,189381031.15326843,491451514.29374856,434826929.26421124,434405367.73520625,449159531.356783
2024-09-25,2267624472.755351,2119477378.4457636,2122027698.092126,2314827910.7712817,208294743.38626978,184498516.531091,182953425.5118235,190980380.0851571,484586821.8567481,429107274.5725335,428691105.7033217,443274919.03941196
2024-09-26,2233410723.305318,2087474609.2891207,2089950212.6389842,2281893449.7450047,205716084.58876547,182292440.28040364,180756630.9612801,188596368.07342252,497512710.25280744,441004277.92625505,440547953.3615167,455612857.95727557
2024-09-27,2165071039.2694974,2023583372.4773757,2026105587.4360535,2209592708.8811646,202453629.72703183,180053248.22499228,178552859.59984297,185776203.4328989,507532223.0742431,449828953.2080707,449339453.8668364,464544500.402353
2024-09-30,2190073306.0845165,2046941394.8225973,2049427424.0467467,2235692207.109106,202385747.0665844,179798933.33801258,178284084.9650122,185615500.10611767,497956148.0841243,441224729.06112844,440725290.68647957,455567862.6836766
2024-10-01,2177782839.444246,2036825673.6508358,2039255594.240985,2224324889.610316,204187857.39204884,181367406.0613013,179851082.84690207,186677667.19153836,488943734.78255755,431077128.9439768,430423225.9554345,444497763.2077218
2024-10-02,2142409572.5031009,2002309563.4043276,2004539852.8476043,2186156898.291731,205218350.50170302,182896911.062234,181388726.72866932,188129583.6494636,473938965.85732746,424700380.15909,423991664.0971509,437528888.08900976
2024-10-03,2135682990.7064493,1994649319.8231363,1996829065.4143233,2177781146.3865924,205716377.5803268,183264864.8186385,181733462.90118802,188652564.4378406,477129032.140175,431163359.8853419,430404793.5954159,444260154.8946982
2024-10-04,2179158429.6954393,2036242029.9894364,2038677039.41411,2223483103.054673,196457141.25640988,174689164.4753659,173226297.8866166,180519710.31189153,472309649.84625673,423316500.67864776,422525564.58774847,437004521.02010745
2024-10-07,2183683015.298089,2038393654.3402634,2040765880.3777375,2225270723.1776056,182844559.24332964,162019889.75284868,160608849.65978944,173216522.14207086,510105263.39814216,455320568.8769008,454815739.51013875,470546897.1395542
2024-10-08,2256778213.72881,2105946847.0930693,2108415782.678619,2299169878.428858,183419910.66952398,162602900.63679773,161152181.24477696,172910172.61865798,511137364.3977768,454431037.19575864,453944877.66107464,469895197.2056661
2024-10-09,2246773058.973652,2095608544.2314336,2097852403.493711,2288336978.6521926,184265731.8640699,163226053.26981604,161709584.92618912,173421202.03465593,513824786.2409739,456202076.26125526,455726030.8263136,472277911.1460813
2024-10-10,2243544393.811234,2091987295.0192716,2094167486.0746832,2284009548.4920206,187297938.33553854,165996743.3647726,164465913.730642,175532402.17718565,515056515.8167877,460900214.4201069,460381066.8566539,477425467.84522045
2024-10-11,2285722453.7197723,2130402342.8179526,2132706465.9379354,2327366200.044966,180722139.82686424,159990305.66009808,158499139.0405567,169850643.02276453,517981570.8140097,461836546.8219608,461331874.03731304,477973744.7428936
2024-10-14,2308780305.3570814,2150030760.645134,2152343914.557154,2348272689.3187156,178560213.47952753,157959981.739083,156466714.2560412,168042530.56642842,524624754.06636024,468631982.82706916,468206201.69450563,484529873.27092177
2024-10-15,2355548600.5274487,2191450512.662475,2193980614.7433853,2400187023.8304195,174904388.41756332,154944437.56851986,153466361.99219272,164697803.35361117,524520518.8530785,467224606.41097736,466868725.9230555,483926943.61113006
2024-10-16,2330334451.7237353,2167158274.5763073,2169779518.464268,2373803115.774567,172950136.80161047,152428719.87332517,150963379.44713312,162508681.77335098,511134544.2223462,454818827.95567876,454470335.03492665,470948413.5818008
2024-10-17,2322967811.949502,2160096575.6790113,2162538626.550474,2365971681.059121,174649939.7422958,154120241.45316634,152667895.03167215,164180593.42180303,516856578.3003113,460756448.2467953,460436958.7643007,477071637.5678091
2024-10-18,2300619264.680421,2144854938.7434094,2147253206.149862,2349706884.060329,171531629.40551585,151347444.15827647,149868403.98751464,161783511.3110059,505030209.49358815,451574109.73095,451272510.7390056,467742770.8413047
2024-10-21,2293975340.879622,2138223990.7195547,2140354499.3517158,2341564205.1096587,171660612.89567187,151482287.74228308,150000376.6635107,162105230.94467312,500401454.724847,447506107.8922893,447154947.75518274,462906943.7470278
2024-10-22,2287992107.8253713,2131996486.5458236,2134417559.4584773,2334880466.077127,173823355.841206,153319702.66881365,151846365.099762,163783578.44902158,500310340.07293284,447981078.15716535,447577263.0074752,463023138.40394104
2024-10-23,2306243575.8600645,2149094570.5744224,2151435796.769949,2353023461.534414,178193269.87743726,157098788.91224933,155548270.0251216,167234824.46684372,503670997.7636962,449069595.62135893,448638011.07648903,464013222.5108397
2024-10-24,2321487778.5258303,2160004609.2929945,2162364878.6516757,2364704114.735322,174928847.47803783,154026618.31436393,152529174.88408569,165851205.86208206,489507136.7613149,440235734.0721952,439848718.0214838,454706714.39861107
2024-10-25,2325840082.349913,2162680310.658705,2164839353.088685,2369693422.3866606,174093614.9810265,153229497.98523664,151720727.513093,164977756.10759467,487606912.11538434,437137586.0337637,436721632.0254908,451305191.23193914
2024-10-28,2291879430.1992173,2131932575.6794164,2133937416.261676,2333438826.462371,167396521.5807344,147431527.9900106,145957201.066279,159132286.35819098,474109963.3665067,424399042.33738947,424050861.0787863,438429055.2626813
2024-10-29,2354163180.840144,2188716057.730801,2190564598.2237134,2394769275.778547,168036315.81371677,147936136.67253917,146439079.33403972,159506620.91411752,477292080.26992935,426689560.61730695,426382491.1425006,440496059.2452321
2024-10-30,2356150204.3286376,2189280495.480565,2190940026.126887,2395066096.5582185,171907830.9053001,151346552.28123644,149800292.94153878,162691975.44414896,484836242.79865915,432954856.966486,432622446.9608068,447001296.5224585
2024-10-31,2319003464.122681,2161879191.5791073,2163765468.5125957,2365729035.405218,177415672.08705768,156280414.65545377,154768448.1112034,167147064.47128364,483943135.36671966,431448281.3768093,431029300.6540635,445702128.75542825
2024-11-01,2331909186.597454,2174402437.124542,2175986339.008704,2378507549.9246774,175291138.5896914,154180890.21978182,152655237.62503865,164948430.57037303,488681547.7118812,434832556.8166488,434416842.19673663,450267151.3773953
2024-11-04,2309601172.41941,2148407733.781547,2150064643.268777,2352353090.3458266,176332768.8925275,154996596.6647244,153499056.39841342,165555498.72385114,502862924.4380989,447230140.7401363,446828556.8768888,463210438.2703818
2024-11-05,2339578983.2478113,2169892701.4031696,2170956899.7235045,2380369593.359894,173397713.23403946,152222684.6931476,150737157.04927683,163115844.99868327,497649999.45503545,441438679.5393021,441002349.70947707,457772499.0798345
2024-11-06,2430850938.4622593,2248609383.7799625,2249956274.641029,2470267326.095667,168937342.38460892,148052669.25796604,146589108.88437626,158386327.222527,465728236.4601661,410824908.1903382,410175084.86542785,426787731.9380015
2024-11-07,2486451825.53182,2299097773.776999,2300018137.9851046,2530146328.4697814,166741313.95028207,146006119.09239495,144605103.48130804,156060078.50543457,456162728.49249285,401384240.1770076,400556751.0247003,416481065.6887464
2024-11-08,2540455054.9608994,2350271127.67483,2351501919.481335,2587674496.011207,159152756.5043087,138884216.93490967,137520349.43699834,148626163.56251243,436107257.17164963,388214473.63268495,387275480.516759,401691498.1996057
2024-11-11,2539577718.982331,2351024840.656712,2352160834.634121,2590808719.6743765,150215203.9168724,130858160.38378143,129480731.54835553,140261000.66212386,418578624.31851417,370824444.78871095,369918892.3391712,384442464.0318411
2024-11-12,2516807101.3235636,2335369503.3489995,2336398159.7468605,2574527509.841597,153833603.74083886,134181616.39389828,132756935.70690341,143392295.4009939,415148414.864878,367734211.07745904,366835581.4956691,379869700.24861217
2024-11-13,2490589477.9502063,2312618929.229026,2313118277.2648845,2547934715.658746,158735107.96729735,137897668.6435101,136430875.09758052,147886751.10873303,419971104.38116217,372848089.18134594,371929739.7207292,384408919.9991339
2024-11-14,2423885611.7681828,2247785950.027645,2248316797.9343834,2477631454.4584866,160481784.59564146,139603288.44809392,138168104.88794994,149928087.83751887,420761545.67790216,373082261.3659078,372218470.9777905,385328544.26434934
2024-11-15,2451501418.7903,2271200511.0566964,2271632938.3275924,2506261874.0879526,160796029.912664,139758861.93572092,138333169.19812042,149813926.55646232,416069017.8063147,368071992.3529519,367252363.8973034,380295745.6711223
2024-11-18,2473695662.0023828,2293963605.9314837,2294443297.3931613,2531715406.9747405,161150940.67380708,140020748.31138715,138594725.6108007,150179957.53961784,416768770.1557924,368836063.3024693,367998356.66313887,380678649.02632064
2024-11-19,2564871674.1087747,2380233146.6466327,2380852724.080902,2626262259.02399,157635601.78706652,136643008.82246187,135222663.69316015,146745584.56065068,407624236.3624124,360816885.3108873,359963060.1904583,372180693.28543144
2024-11-20,2537835532.3995285,2354894818.228667,2355460482.9966307,2595903059.625216,155147740.44059214,134381686.79165295,132978270.067529,144272455.45771852,407660323.6374257,361237702.95903265,360357456.4994307,372285879.783093
2024-11-21,2510511208.4453154,2327828806.558036,2327661499.5047555,2561834191.8843703,152247477.74475595,131509953.13366382,130055498.28588054,141392236.96848065,402958667.5427175,357703202.4729566,356766798.4905803,368669248.70755535
2024-11-22,2539835906.645415,2354552173.754155,2354125489.473931,2589754245.273501,142316538.03426096,122483342.76880923,121089291.65857533,131757368.69908518,402392915.8172286,357743998.6686331,356731738.54058003,368747162.12731916
2024-11-25,2445196214.2645755,2258901507.7631254,2257822379.175883,2491149520.533942,136514580.27928427,117443891.73563315,116043741.09969461,126149639.78622326,416195329.8010061,370241740.04107875,369328977.03429455,382016119.71974784
2024-11-26,2480183262.2100797,2287865695.087087,2286904083.6607995,2524390299.145249,140528870.15501004,120488848.74849671,119102654.37530558,129455088.91644347,421981595.56603885,375168539.9634805,374318167.46415144,387141281.79273266
2024-11-27,2498958671.614649,2302884537.5649767,2301807020.197809,2541377541.624265,136388858.02351624,116492103.09572637,115105164.97548181,125208451.06273372,416687069.8222629,369327486.1100587,368488014.9936085,382583784.042442
2024-11-29,2530333434.0886292,2333530720.7866,2332347963.0203924,2574316134.4496593,133280045.55575398,113501478.37282588,112130967.96915567,122001674.4698255,402896597.3799812,357266471.69801974,356354368.34496784,369572063.38437295
2024-12-02,2465543137.036647,2273741910.4195457,2272711318.159392,2508958750.215913,132695038.95966189,114014805.29693381,112625274.72578837,121788642.65304102,423155269.22467417,375024000.966929,374137171.60997546,387367184.26108223
2024-12-03,2467044698.11747,2275093054.062594,2274046825.7651486,2508682568.527869,136605912.505165,117237271.73195261,115823541.81570853,125243768.01708452,419330232.14875233,372131989.782397,371259158.8060756,384070579.8706927
2024-12-04,2496992972.947455,2302679622.7223854,2301602123.384944,2538704409.4324074,135060137.807288,115856196.50062013,114483883.18231827,123793415.5640784,410303745.4192013,364555851.2601225,363719657.2727051,376432517.63406533
2024-12-05,2527636996.3257685,2330908726.2163687,2329877074.0815535,2569430992.43171,137334101.16198063,117753709.95900433,116372021.58070676,125862195.13372655,408349305.94085395,362125643.94939667,361276480.8759481,374184850.92323303
2024-12-06,2558000557.208415,2358878727.2930007,2357694669.669895,2599788324.180215,132938773.82733978,114324294.6032303,112973739.72723445,121758129.32673837,396652887.23666155,352121951.27859145,351278761.66842514,360708590.2224925
2024-12-09,2452250784.379401,2261311806.5253296,2259735761.93405,2490966073.3703103,132584023.19377933,114130571.92028272,112804260.14077453,121520458.24018535,419249327.32375246,372808230.8774001,371958823.0380172,381346523.18243426
2024-12-10,2435328927.99461,2245668433.1010456,2244340212.769008,2474107713.760154,136407179.9714672,117170965.6023171,115810061.8172519,124960155.64483872,424039857.23194623,377212193.24801636,376357690.8694806,385515287.47989917
2024-12-11,2457190830.6643014,2265794179.1583457,2264541642.2032976,2496074726.8386426,138310604.253332,118970920.94050848,117621304.5719195,126639602.6153906,422916726.6733963,375776132.2133628,374948118.2236077,384417269.07584924
2024-12-12,2427728707.9049926,2238579542.3143635,2237489415.6221137,2465137187.0791783,139004631.2941403,119433464.91952407,118060113.56235051,127179576.38533732,416093170.6265707,369281814.4585555,368486131.3750847,376768918.9337018
2024-12-13,2442686124.0313487,2252334244.2701426,2251031485.131174,2479893085.708135,138114893.9051395,118627158.44139718,117247567.20296286,126381626.44981952,403844624.25236976,358860005.4263645,358046407.8740636,365894143.2574999
2024-12-16,2529962870.544323,2332785845.7928767,2331189856.641436,2568017659.3287277,137037071.46626532,117901063.63392381,116537084.94079296,125061786.65906009,380745325.24285454,337882003.5645538,337098375.2667971,343873678.4304415
2024-12-17,2516861527.657423,2320662237.723392,2319045515.806945,2554583549.8546605,137641155.29520074,118439276.79670125,117065077.46776268,125591318.55492283,378291351.91657424,334910448.42711765,334101508.2320641,340811948.8294166
2024-12-18,2471136136.16531,2278449250.0100017,2276879781.6478825,2502836702.195228,141125600.99362758,121315868.38070804,119884017.73604324,128981223.34614684,374611605.550326,330068625.12371814,329224835.3326814,336241601.0134053
2024-12-19,2501599514.599284,2306508247.0191216,2305179345.2287745,2533796732.0063043,143218686.68657804,123190637.69007775,121721787.30919802,130998886.21964048,392819661.647091,345814384.57503366,344970816.1898978,353159007.39165
2024-12-20,2527431607.6782975,2330294830.0810275,2328734730.4481707,2559981685.3121724,140028438.2728394,120292362.7232462,118806735.74225016,128541320.0762572,382194179.05321664,335376695.1586289,334484661.98888576,342479126.9086645
2024-12-23,2492354212.755975,2297906637.091152,2296203702.2396526,2524808354.373988,140218014.4141177,120713115.50186756,119226114.60044335,128729105.85440126,386164267.36929613,339046482.7981571,338152345.85804,345805155.43154585
2024-12-24,2517595080.0393157,2321148323.0752134,2319455073.143863,2549183798.280095,139647121.71759096,120190216.2279538,118707706.85027812,128022302.74961631,371914234.5894133,325394775.0580555,324523533.9682593,332187969.21338105
2024-12-26,2574285495.793894,2373393334.9588976,2371547586.4236207,2607006124.9672537,137606000.0407272,118505074.18392849,117039810.26099998,126564929.03083885,360504897.8642316,314684793.0471407,313800622.188266,321079689.97979623
2024-12-27,2524386698.96375,2327337703.434183,2325550243.651683,2555436464.5398865,140245398.92302978,120706991.5409693,119206458.76679733,128827450.53690177,370004489.98775035,323091897.2575895,322182428.0125447,329962791.64267224
2024-12-30,2528329363.470222,2330938993.4722877,2329232381.0843124,2559275971.3420444,142804774.89837876,122679408.07329239,121170439.60375625,131030890.10442398,373355885.71494997,325743140.82182807,324827540.800856,332443558.8689393
2024-12-31,2461669711.424339,2269438136.4849515,2267851981.447518,2491239660.0368814,144019418.26512188,123861804.33045083,122354200.30221526,132214326.33583917,383904080.83237666,335115787.71584994,334217128.2518104,342507726.72929305
2025-01-02,2480936881.634685,2285924678.57764,2284283837.573544,2514023979.1285067,140457415.4207184,120814827.22676365,119339035.35664979,129218475.67480658,386185785.71981686,337974296.97812974,337060987.7173353,345175945.27311504
2025-01-03,2566916008.475116,2364780824.8900285,2362988313.01755,2602617383.1473675,135018510.3151037,116038281.00781019,114563310.79632908,124000608.68899634,390296648.50980467,340774476.0818798,339906861.00881433,348993603.8109379
2025-01-06,2551670840.0808697,2349430151.2848654,2347720650.815158,2585107203.735965,135026144.42887604,116117152.11376892,114665224.56862901,123856078.11219223,392908088.599604,344110271.6149942,343251971.94656605,351094499.84234166
2025-01-07,2462021609.895232,2266177250.128371,2264340068.6492925,2494536129.299725,135952214.3599107,117277234.44214976,115799919.58072379,125281315.44642402,398316812.5681588,349400355.15724903,348538964.9078424,357288242.04966754
2025-01-08,2424571043.10807,2232470399.374564,2230807905.303157,2454972519.570399,139851767.75718462,120360227.17987719,118817477.97688511,128257222.18027608,415333642.2781162,363646038.73309886,362767385.52094966,371591646.2380686
2025-01-10,2397506198.031675,2209170595.721578,2207679567.33752,2426353693.6867537,140793627.55096406,121213263.3203543,119701900.91610302,129081376.2243376,410957153.3795754,358770041.5998366,357892161.9632783,367240194.756051
2025-01-13,2339145775.5522485,2153988241.183157,2152768246.9106436,2366452997.8659453,142058170.4025724,121862480.71189202,120313898.30626658,129972213.57818651,421077334.882222,367495288.93073946,366630984.3773873,376296622.8353955
2025-01-14,2377019248.2935433,2187990303.807481,2186761766.528904,2401601674.1275506,143343141.88192776,122875836.98204677,121233901.83596818,130838535.97138907,415593078.46810555,362735451.3254025,361880119.51773673,371059877.4196993
2025-01-15,2488341583.6656075,2290405823.1539555,2289563946.143183,2514085212.5709825,141476939.22642553,121167309.9778835,119538491.87389426,129071217.03112836,408879276.2986368,356548745.6102925,355700863.161576,364929359.7580278
2025-01-16,2485947578.8641877,2288309200.508248,2287753435.079052,2512665681.143939,141005893.77939892,120737942.90056372,119076145.73703696,128481886.27305543,408005904.58532405,356003395.4242985,355144898.2219708,364237466.58756644
2025-01-17,2505269289.1138425,2306527202.8040442,2305763887.1253343,2531165940.5087037,140708918.16840824,120423888.00959598,118772437.15786898,128297946.0458259,416257377.014599,363318058.36069566,362455798.7373369,371478200.8749179
2025-01-21,2643218882.5099936,2434089972.224048,2433889162.7004223,2669430732.8649726,141140727.4267712,120886520.80163372,119219149.76939124,128812173.02505127,404791241.1343692,352090097.6120315,351252003.66229373,361425875.05657536
2025-01-22,2682089031.443039,2470516895.5283933,2470364244.8837633,2705149532.6822906,139612677.79385996,119562759.811582,117863449.09798202,127414150.60733171,412153439.9932926,358115376.0880413,357299630.7664358,368001827.52697253
2025-01-23,2665653220.1556816,2455753173.51593,2455562578.804593,2693145832.8324947,137712105.23910096,118271767.8490371,116559411.99713367,125684340.55638343,419219191.94842637,364891767.3726234,364086516.505767,374762983.66742355
2025-01-24,2631119151.0562406,2423081871.9393044,2423120954.12686,2661739187.678392,138990859.20240307,119295527.64483999,117604077.7120953,126951100.86738025,418811934.98831886,365094550.2044674,364279824.1652671,374478013.2071092
2025-01-27,2399593114.588179,2209501687.627434,2209629082.4959655,2426977673.9588532,145142920.51702598,124565831.658656,122860029.47221628,132893610.59257707,418884926.3268708,364989308.8221543,364184585.2392692,374254852.72864175
2025-01-28,2478605528.3368645,2282663925.3082223,2282991421.83166,2503632398.3659225,145906697.04837504,125294364.89717573,123567175.04712032,133645387.12983823,412070244.41814506,358525081.07678694,357774398.6806579,368143364.6128786
2025-01-29,2488533278.377144,2290755215.194495,2290958477.030616,2512812667.47336,146435555.96248662,125593056.50033626,123884669.0983363,134115210.95943758,415535078.95722383,362592662.35641587,361835551.56848407,371607464.14638275
2025-01-30,2515145644.02223,2315169480.951755,2315661087.744825,2539980074.0328693,144842393.5855343,124305662.5515576,122618280.64721647,132501883.08271447,421943909.636555,368059149.6331161,367300017.5563035,377512838.6608544
2025-01-31,2554886961.231987,2351803818.3840346,2352351482.3570514,2579508634.318338,146175986.67225754,125323617.97846805,123635902.6026746,133588738.47602722,414852865.3480505,361191668.1345169,360428227.2032025,370936065.46092224
2025-02-03,2595657474.5216403,2388788471.87485,2389377297.6034317,2619451274.474161,147475911.0663176,126388193.41255523,124698118.83588693,134707760.44887888,406439157.4385671,354193294.70845276,353414976.30576,363058992.75117844
2025-02-04,2626318670.912662,2416962640.938435,2417640855.2406197,2650961262.288304,145488529.22638637,124694965.09282644,123020124.56453769,132600181.78256768,407373073.1778825,355450496.7497965,354663627.39488083,363822148.8460791
2025-02-05,2626422026.8626156,2415911367.436355,2416555306.295693,2651210742.1097593,146970840.3163073,125601990.78036143,123933918.74585012,133888891.47003427,403628643.9872463,352084129.09762186,351274759.7866184,360106988.0176075
2025-02-06,2639739576.382405,2431878094.976375,2432501316.516422,2667517278.229993,148069984.61399776,126579364.00904591,124912997.09862384,135157725.39586756,409275063.98332834,356735256.6783228,355934855.291637,365438229.0950963
2025-02-07,2676287129.2966433,2463549843.6315827,2464064171.3241177,2701221254.9486594,147808258.3828166,126237234.37779969,124558069.99071102,134847739.36291203,402252418.5888926,351003891.53094107,350183779.2352621,358971291.3141939
2025-02-10,2695461336.6035137,2477982367.11258,2478497610.960384,2714606712.743414,148557425.76087108,126827948.14288728,125143476.03869815,135277315.45679343,395983036.4041782,345856095.2834783,345034367.72593397,352774469.01016617
2025-02-11,2580395783.6476192,2371970485.3922997,2372148777.5922437,2596573614.28934,153236872.60130692,130504250.55076495,128754803.0135053,139348470.7120983,388865452.7577843,339582878.92199504,338743404.333601,345793175.92317706
2025-02-12,2613604570.7029686,2401090421.3693576,2401560801.1233974,2632531257.9737635,152728413.2037839,130234655.14435491,128494148.49777387,138878383.2373182,387571296.7699578,338882039.45685434,338017923.95403904,344397719.23994875
2025-02-13,2740486134.0342183,2519691627.1440153,2520509347.546989,2765826228.0713162,146606881.50593644,124966662.54072328,123208924.64312142,133142426.9863977,393506421.48864126,346462254.9479331,345558191.55027694,350090789.07914895
2025-02-14,2649585996.596207,2432850658.649857,2433807649.5713863,2677409079.5646176,146517723.86156017,124697949.53807892,122945905.00452302,133150568.70352438,389829193.52600986,343413794.204432,342472915.64830166,346493317.8753462
2025-02-18,2596815138.7723823,2382373169.6111517,2383453581.8944,2624138971.1834664,145873505.0641694,124078796.95592748,122321922.13304585,132711740.46005115,396057877.37173975,348217058.0274747,347272499.5602292,351783793.4914459
2025-02-19,2577891686.6286726,2364471395.40015,2365583403.251881,2604351064.075136,145393940.6614742,123516979.14440553,121756552.43849792,132059862.06348826,396794495.3064879,350767031.25265133,349804951.32440513,352647611.53776556
2025-02-20,2564576745.4418945,2357845760.50784,2358949715.800365,2592261097.4593606,145428689.38298607,123687607.18080235,121882637.34426036,132289733.54453574,398562004.3933163,351889472.4633595,350918747.72800076,353977766.99485236
2025-02-21,2423453805.1736827,2230398892.630961,2231308429.959959,2449466554.2303514,151004836.44837618,128470761.78024338,126616395.21228558,137343491.1681701,414542987.3997927,362921303.899701,361995612.32998747,368167705.52754855
2025-02-24,2398020156.4405084,2208600479.285382,2209454760.1660004,2424786086.841143,151307238.70627668,128723698.14632301,126878354.07032067,137592333.09698978,407769014.2397421,357651908.54901284,356710001.66624045,362169795.5987072
2025-02-25,2315678069.8298354,2131853597.0555375,2132615417.3065653,2338219236.62694,157116532.1068596,133812533.87315477,131881784.50045042,142967724.2228057,404708769.8388238,353000222.1939115,352068230.9728479,358854031.70795757
2025-02-26,2390394386.0231857,2201862145.7357254,2202530944.3493276,2415234109.079001,155474501.2077995,132482154.04627845,130574390.86610703,141515865.31918,396799061.4990838,346377948.1719476,345476927.3447171,351607677.11353326
2025-02-27,2341580680.6185455,2156070834.811424,2156625751.7191644,2363018376.840826,156187659.29038474,132940770.5103762,131029869.7626925,142096820.93454653,394143588.01678824,344161922.95988697,343342460.86849916,349452396.54222304
2025-02-28,2446392607.1650877,2254591487.775463,2255512604.027661,2468239648.6013045,155861889.56576893,132700983.79795909,130764276.68842307,142125692.16508275,387988529.04982436,339393964.861137,338599951.3993038,342810114.88474375
2025-03-03,2410366193.854149,2217661315.892948,2218307250.0759573,2428679115.9085345,162332161.26518944,138298295.4970855,136266699.73242056,147757327.1378543,372595039.01846105,325385490.4364886,324683269.07912576,328389672.00469214
2025-03-04,2426073928.1577024,2231933988.0047617,2232477234.5843725,2441606565.7889214,160767847.76207784,137091350.55016944,135122289.28559887,146361619.56888017,377159857.8137078,329365561.5751326,328601100.71064055,332437419.0179337
2025-03-05,2442084022.2923675,2249761118.0358973,2250519008.161056,2458760391.883572,161490868.02122682,137633981.36068973,135683251.72294977,146953916.61283994,380993336.2594602,332615501.1727706,331745527.0007758,336230614.14581335
2025-03-06,2306395918.92814,2120861113.7386558,2121281819.9624627,2316842149.116008,160982945.03697035,137208204.315932,135290967.43355834,146589760.42202228,371911674.8196542,323826679.71559477,322963978.6208375,327694361.40150124
2025-03-07,2239413712.17608,2059599507.6310515,2059772012.2501702,2253932272.813276,157041755.63626137,134296852.88325813,132434303.16453929,143120741.17120668,375772335.6468087,327369928.4676263,326509561.0886523,331276412.5432881
2025-03-10,2138944669.2448037,1948682980.2585351,1948597802.4661264,2144514434.5492415,159504588.79336163,136543304.40365392,134689384.44170105,145156143.09985456,363007089.46896654,316143087.80886173,315418173.2612394,319345525.99562407
2025-03-11,2237691407.2600036,2026659452.663491,2026652823.6335077,2235677295.501355,160945413.65495253,136837597.5862437,134981454.5640695,145678018.35343274,365488892.2050521,318362829.3982005,317549589.2282708,321506953.0732732
2025-03-12,2315838814.292234,2106400482.4296598,2106707847.5626602,2314016659.69171,160249452.34130865,135868897.1928159,134036335.57002822,145040378.4760705,373155939.575891,324982055.7408426,324197702.96380275,328572754.25004244
2025-03-13,2315980957.9918838,2100377671.1901917,2100279106.6045244,2310149665.4912367,162997317.92338604,138253974.03480768,136390417.16584203,147465322.33223048,364090595.8193715,316742429.2721642,315978543.6848102,320307642.6809995
2025-03-14,2459100829.6903214,2238861915.813428,2239534300.97794,2453742288.9197483,160288114.8977839,135619474.45596907,133814074.94975679,144791867.3926821,375860087.6275131,327126051.6132773,326326102.19801706,331174955.420693
2025-03-17,2461370057.5447516,2235758428.6291237,2236232454.245145,2458587122.0867143,159998472.27791318,135727915.96845567,133933545.78839068,144375683.10025895,379464856.0105178,330393425.0644309,329566324.7170382,334506218.0094787
2025-03-18,2423554401.4152303,2196854963.809767,2197266525.040176,2412808534.059129,163530527.08114707,138642250.28624406,136830830.45726818,147588140.8464067,375167866.23232573,326243058.9801633,325454340.1528198,330533401.7914077
2025-03-19,2465501507.6548514,2231384146.0285845,2231842967.519766,2461754148.0127683,160746252.56265458,136142305.6385341,134367635.51832503,145210787.53698686,382476278.63828367,333003354.62000686,332248741.79689956,337279261.1083375
2025-03-20,2450522853.2767177,2220148584.8887587,2220568866.150461,2447844929.1082416,161472210.89236745,136656556.6142814,134869652.7561547,146201072.92243534,380607528.50775933,331265644.5839292,330562230.01987064,335751363.3284017
2025-03-21,2465649182.659784,2232333276.510048,2232853632.0314846,2462038290.454471,161163897.16651994,136498574.7328317,134715069.32190374,145666431.23013562,381916514.6123419,332713631.4735352,332020987.6657048,336759815.2883885
2025-03-24,2538400597.677453,2318886135.9336467,2319755403.237732,2546954981.236605,157799615.55654198,133682774.72766736,131928231.25532107,142701895.13945046,398448442.62938344,347512765.9212943,346794481.58697164,352114316.77059925
2025-03-25,2549696624.4622693,2325585434.388856,2326475451.7820306,2554889474.0310526,159534489.12269133,135019253.29639977,133271747.9582779,144117683.90022656,398733423.15414035,347772147.10631686,347064070.91842103,351659742.7421979
2025-03-26,2508014611.9787664,2280055842.675757,2280925305.5168605,2509887777.0455966,162593237.8709719,137807341.3739916,136018163.84564266,146618546.55454823,386725772.6416787,336760207.3455864,336088397.5602261,340300468.4538782
2025-03-27,2472946055.4435186,2248792271.2632165,2249197032.837204,2471045325.2919774,164355306.48020527,139295591.0252804,137500539.69733766,148273548.27886096,382267847.35012966,332652833.82837236,331971072.73190206,335968006.9509752
2025-03-28,2466774340.8388786,2236385030.8818088,2236676353.856541,2462353658.397054,165996156.41308928,140812844.57632795,138991117.72883475,149819959.47982153,373851839.5086432,324966514.75945437,324289125.045591,328263233.6792467
2025-03-31,2480551326.0618343,2238659562.54005,2238803214.990513,2467409901.4617248,170053425.77332583,144341604.1336525,142457151.00818503,153400390.8653449,365243775.15446126,317501686.0549025,316878151.1967234,320604141.5854265
2025-04-01,2519102048.9800243,2288109155.127901,2288275051.9252863,2513128833.1864247,169770716.15594527,144481389.25664842,142635090.18506336,153167038.64759675,366723284.0247931,318982484.7525412,318367897.4164756,321933027.77804327
2025-04-02,2560036406.032244,2331259856.378632,2331514510.3713956,2558569196.6976137,164943464.61004934,140385830.58201662,138564146.62227982,149098696.93605155,377807922.46609807,328829353.46646994,328171888.75550896,331913164.66407233
2025-04-03,2539786556.511882,2304528631.7810698,2304584340.445323,2530184021.065382,172844818.1527677,146494939.6662269,144597182.97457343,155894797.8719147,349242910.8172261,303725508.4174577,303075477.5893756,307222579.1220528
2025-04-04,2441371721.372351,2233700617.187837,2233041702.826282,2439753612.566918,171834408.82415438,145958677.83644593,144036061.53047073,155285419.3584595,356122140.01635855,309981164.0520369,309374388.5388577,313896735.7686677
2025-04-07,2517157592.3498645,2298467577.741763,2298431891.925921,2514977127.097267,169545573.22601375,143688474.58318794,141788404.77594224,153382398.28720593,362196550.53124607,315150463.0174759,314484706.33783305,319309364.90322447
2025-04-08,2566821092.36073,2333061673.115895,2333333092.1608944,2559312546.324261,176331475.65026143,148737023.48239085,146773773.48373765,159263915.29869875,356242149.16419643,309858114.35369104,309178148.4666636,313869949.9699457
2025-04-09,2606463037.8162827,2379735807.996208,2380452619.8106604,2605279560.16459,169494946.06516677,143389347.83048448,141509092.43998593,153346868.70748967,376686108.7243557,328060493.73458034,327317330.2019277,331658771.8562105
2025-04-10,2635427993.751369,2399678941.396197,2400468011.3309665,2630835461.0612197,174862670.02911648,147700146.63243133,145781778.74363738,157902846.09045503,351158494.25120455,305722589.23728126,304862351.5196582,309210088.93543464
2025-04-11,2619902813.770719,2388576253.628295,2389535276.4957285,2616639833.600558,174479138.38555062,147087798.3075879,145188698.08684206,157680434.67721108,348041367.4896794,302853482.23348707,301970723.08243144,306430116.7819143
2025-04-14,2605977447.649502,2378703394.8028326,2379487085.856966,2602088704.820035,173209807.16256872,145854007.04137918,143969727.07097128,156485804.40917838,346292958.9061765,301364856.48442996,300465250.61634934,304981108.7737072
2025-04-15,2675327593.2449174,2435286146.3897476,2436437176.4526687,2666916670.2530565,176441450.60287797,148397357.55072373,146472055.56891745,159295324.879447,342790576.80592483,298369470.81210047,297472236.6873903,301926818.26962674
2025-04-16,2612237107.430568,2376668036.580958,2377712699.953933,2603964581.228492,177273447.04052004,149179833.55208367,147266540.94244817,159947565.07474244,334254647.15301865,290558736.9248588,289628177.6592732,294646695.5278693
2025-04-17,2604949959.8248343,2374835638.0489144,2376097375.163961,2599894457.1679287,175550658.50144002,147767864.16928753,145878340.72612795,158494973.6424464,339662049.0297066,294891995.6140122,294043000.19993794,299680392.0102039
2025-04-21,2519461420.7629805,2294900250.1964436,2295848019.789074,2514460786.467318,176446887.4829179,148911631.41310102,147039013.48523164,159642268.74952537,340204457.0961937,294843457.736886,294020114.4837572,300216783.27244854
2025-04-22,2539473402.1828294,2325521997.0091925,2326712325.8910913,2548332686.7337494,171372560.74631932,144573991.0234723,142769748.15222734,155447022.02829707,350440356.9878644,303927720.41594243,303141553.2388268,309630824.7475101
2025-04-23,2630950206.2265882,2405690473.100347,2407382910.626604,2637858510.141357,171390425.25852615,144400608.39553574,142580598.23830688,155361140.44929245,363851141.4795057,315561443.9243079,314727593.45683545,320933750.58483636
2025-04-24,2660070728.1343145,2428309455.193221,2430492631.3953867,2665685616.135549,168095973.65975973,141773915.83905214,139990051.54878247,152396657.7683724,376194062.0849894,326425540.913064,325547903.3686043,331773849.9446549
2025-04-25,2627238068.674542,2400476725.426095,2402383147.031539,2634025517.7579627,166800110.47646302,140679200.04904705,138890822.43822712,151094746.8997315,377108404.2035429,326813204.8337891,325940875.9276329,332128368.4138925
2025-04-28,2656057838.688586,2422495086.7551775,2424468235.496008,2658253328.7007155,168375869.86844328,141729617.76005718,139923281.0465854,152441111.29614085,378317216.59756404,327936681.7555716,327031681.73791844,333391857.7621068
2025-04-29,2669073980.999395,2432910893.5847383,2434717050.0696816,2669009311.8159037,168533698.45344147,141711235.7198644,139890188.77624634,152464545.73609522,377288461.2115813,326861397.9786449,325976252.52449614,332705216.5796911
2025-04-30,2642232532.693479,2396165597.8823814,2397925978.152373,2639791109.661196,170152308.31472087,143031807.88956955,141167832.36731714,153940556.36507973,373836630.8269924,324021279.890954,323099682.6331869,329692889.7081222
2025-05-01,2642736763.187018,2406973532.1958942,2408867059.7062054,2650888804.637542,168675688.10252145,141875909.00070167,140030750.2849763,152788702.04868874,381504299.45341265,331801669.68544513,330873821.9403381,337195401.7216656
2025-05-02,2702667047.5138392,2458670608.619685,2460979408.736688,2709911717.588865,171021706.33166462,143959414.90507504,142079610.3510652,154971799.42261368,383856889.56424785,334540701.2634474,333596380.41488945,338801702.5021696
2025-05-05,2713251081.3484106,2456236911.0459604,2458176847.4333587,2709789241.7000947,176286267.22245988,148038313.06751558,146123554.68343398,159486979.18850437,379336094.91874003,327548831.6445941,326622564.0628461,333154754.8491658
2025-05-06,2776546030.6227713,2508325733.6236978,2510355298.7218895,2764288483.865111,181850843.1702117,152745700.51001123,150794409.5995469,164105034.75044695,389035202.02665526,334879131.88894206,333959481.2761827,341430333.45663565
2025-05-07,2786047507.8257375,2517454247.4787583,2519647143.1643815,2771351478.653897,182590990.43736088,153335893.493889,151364064.26763904,164768177.97137588,384761501.3648394,333066302.4740928,332148075.1197525,339867403.29700416
2025-05-08,2786205373.4573927,2533572124.5837746,2535961625.825161,2776695758.5152264,177029716.50582987,148943173.0886324,147002012.40902373,160132265.43360946,390999122.4647883,338779431.95589733,337845375.9971971,345869078.4656673
2025-05-09,2766299720.0647926,2526079505.6021523,2528488766.3523903,2753066309.4688973,176769958.14379007,148809107.83768672,146867983.92000288,159680154.5795844,393954321.4949705,343599705.14075017,342680336.86066777,350625067.82645535
2025-05-12,2767895032.2007422,2538300697.404451,2540800337.0869756,2757476434.561663,170253940.46914697,143703168.69844684,141795168.33393836,154233162.2852197,411192254.804054,360701496.12055224,359761716.9124879,367871667.7089992
2025-05-13,2813726679.815164,2590092536.0890155,2592406997.892479,2806916386.035023,168850408.00144675,143016843.1858797,141128506.998261,153246246.08298194,406236486.35986006,354540403.3869774,353611060.89013404,362769974.10308397
2025-05-14,2860886373.632106,2629825921.4237876,2632429900.1290865,2847910064.4696097,168810132.08574983,142893707.54938185,141018727.47794804,152996915.70920154,402624007.38811094,351178859.0651149,350291259.1712759,359742532.63435644
2025-05-15,2847798660.4071565,2617163083.844974,2619482658.8899617,2837539980.746898,171941541.81310457,143206107.67408204,141313236.8631814,155953123.60405526,389768477.7056955,340345008.3810045,339467344.9866404,349088449.39322126
2025-05-16,2904658361.1362624,2666744701.6672373,2669207587.5133843,2900122866.8680363,170211661.19236547,142042323.34568682,140151346.75336835,154627400.32652992,392287320.0469661,342542179.47370845,341653805.71068525,351127672.9792551
2025-05-19,2921747401.0255704,2679024481.324044,2681361364.6038904,2918471428.7064095,171678557.88087282,143503785.10714015,141608769.6717195,155978082.95399883,390015007.05547136,339281438.3469298,338402831.77207917,347484991.1490131
2025-05-20,2930798279.231488,2689383198.9619427,2691363237.4211287,2927524049.3628793,171713089.746944,143321121.37247148,141430864.50391474,156017918.64284393,386393856.89623576,336723619.27760434,335862905.50059426,344198075.16009885
2025-05-21,2925831227.5052333,2684808894.8748317,2686778838.399539,2924773003.582463,179462381.62388605,149930016.43947577,147985787.80081272,162927665.09598437,379106332.3958837,331309215.65203553,330466065.40157944,336966689.0907804
2025-05-22,3095323353.645015,2813393864.6326165,2815823086.475399,3093167334.370822,178628216.86159682,149355757.17416432,147443619.77249512,162271788.1877541,373414581.0462385,323283431.9319912,322408669.422099,328201448.12426424
2025-05-23,3194988021.863902,2895164354.0746503,2897841255.073293,3186645564.9221797,177636780.3641366,148112198.72463784,146224125.54083538,160971225.6023129,373520230.6859512,320543543.28935075,319700502.39879394,327845821.2037855
2025-05-27,3217704958.9265046,2925291001.0232525,2928057554.532713,3214337623.4911857,178049134.41854766,148684159.96660087,146769585.94127533,161525695.89870167,368109469.11099577,314654204.63607234,313814210.8541073,322273423.11329335
2025-05-28,3190461699.8928666,2890304318.3923407,2892814865.6093802,3193942725.598894,177559266.60234463,148313220.15831396,146407754.29922912,161246212.08174837,364676943.6556496,311094141.6166132,310258663.65978277,318359979.89531744
2025-05-29,3113362130.7749248,2819499737.354933,2821665352.8738217,3114503960.0168715,178449687.6073549,148168347.11314332,146268754.4397299,161953149.7598155,374318118.2597996,316353746.5668722,315528847.47553486,325273783.47563237
2025-05-30,3064378506.789124,2777430188.0933847,2779511514.705526,3065627366.597908,182664118.06127673,151418981.25567302,149463855.28395665,165783319.11157113,370779321.4159421,313509256.96283114,312679273.8089413,321893773.057461
2025-06-02,3096868621.754115,2805447436.6145616,2807661881.7886877,3099576259.952011,181706209.76022616,150627407.22381222,148669261.34430254,166652917.47872853,377227871.76113576,321761036.9100527,320969788.9939711,327580595.88410985
2025-06-03,3041631250.088519,2754359157.5005035,2756591569.7272534,3043916123.474037,174014053.1690143,144435903.13911593,142550048.00941643,159561882.2407669,376269130.8570877,321136299.15550417,320370427.60904557,327088849.73866105
2025-06-04,3061395916.4476047,2768114245.784348,2770531550.9825916,3058917565.7467637,171549120.626988,142219585.07124478,140360217.16778016,158450873.24906734,370294238.8527237,318008867.838536,317249747.1985009,321356459.9609569
2025-06-05,3074454586.349995,2779943191.619693,2782307029.2223253,3079213698.4376044,172969556.15594095,143697239.67028767,141860587.8371838,159781553.5125037,382763668.8181179,328946984.16406184,328187356.7612573,331267861.772702
2025-06-06,3138630254.2379494,2845528321.9873886,2848064308.096147,3146356934.745728,166203863.39070934,138038377.1830124,136269043.00296137,154109100.13078344,373028966.49890625,321825744.20103663,321076639.73943454,324333095.20287025
2025-06-09,3133336449.578017,2843326422.196644,2846046194.7914796,3136678916.2647085,164606370.04559347,136897210.27957192,135136501.4427202,152192432.00686413,368417015.7260448,317506153.72668415,316762985.7739714,321457404.9775086
2025-06-10,3056731899.9212074,2772998888.8175673,2775833485.4120164,3071713557.916451,164225347.04308727,136822554.36530173,135064013.93341142,151815016.05817732,373093169.13538957,321264041.99777913,320511007.8902608,326164650.182162
2025-06-11,3130545742.8989925,2834716357.8785925,2837457105.3834324,3147301020.246017,168620396.38287887,140513443.39199606,138700209.33167,155382925.1055604,357609301.39764106,307513671.78694963,306749079.2069791,314949787.75340813
2025-06-12,3134300352.342267,2837664109.1151524,2840353053.738917,3150730317.6106887,171608248.52669594,142845742.78312364,140989359.0736043,158109155.795551,364762552.2842512,314356178.7515661,313585157.63801545,320768735.94974726
2025-06-13,3104968592.9856853,2805052856.1741595,2807639339.012825,3134952686.7590604,174125055.57324845,145124809.930608,143237256.9146518,159819955.49569148,368394956.3244888,317166963.908485,316393732.98018575,323630134.0309739
2025-06-16,3211118931.523497,2909080923.464429,2911907399.1458874,3245584203.777062,168558522.37937862,141042988.62314948,139210690.26171634,155053336.16505012,362857190.04805714,312988419.73939276,312221762.2702084,322121578.46077067
2025-06-17,3243760297.898644,2937263208.4858003,2940083162.939651,3256088497.670359,171378109.82124346,143506535.77254018,141644368.57119423,157065839.4814552,366259640.10712236,317061909.13801503,316297648.5045439,326215563.18347585
2025-06-18,3298189147.7608356,2984156034.2276683,2986962443.517652,3304351359.995189,168535753.34165564,140983762.20589837,139165197.52530944,153974862.88002113,365959053.1459754,316321540.467269,315580283.13825184,325154864.1963125
2025-06-20,3279277010.5935836,2968025719.878549,2970724105.0716004,3283337296.865411,168895951.3249721,141007459.48282963,139180577.1800691,153865332.45914328,361135963.4344758,311791032.38636357,311061084.87363446,320576105.7853445
2025-06-23,3325651802.6602073,3010335679.785457,3013264118.6494274,3330130536.370459,171704093.45620477,143051730.76617348,141200614.19111997,156211771.45160785,370070614.5115215,316981478.2875319,316252038.40518117,325160690.0244355
2025-06-24,3375028260.2496085,3053948752.2582097,3057202790.928965,3370946632.613588,164456737.3961293,136503020.90049136,134711720.52376062,149206195.21903986,365914720.7225889,312538963.8673679,311826621.3504864,321931449.3143428
2025-06-25,3339369480.1003127,3021615322.7529426,3024971991.4300056,3334357250.99988,163425454.55106932,135623658.17410636,133835861.31499678,147979358.90660098,373724097.9553706,319181805.3742516,318472323.46109855,328927659.71223015
2025-06-26,3351635502.9421687,3032169557.62384,3035605390.220305,3353174098.804508,157570264.23525903,131201736.70268922,129474788.99880406,142879212.51543233,366026728.90792,313319607.7820926,312640740.6081548,324384749.84758013
2025-06-27,3361840790.6736054,3041872495.775466,3045321185.68419,3360226501.3939214,159000740.2134561,132238565.4677232,130517489.33818297,144189809.6971313,365702152.4644067,313160667.09008145,312494741.7244293,324993719.2953458
2025-06-30,3409872542.8523526,3084766043.564635,3088209767.7505894,3402108655.926392,158659120.61668816,131678592.10482422,129937332.3101968,143233431.08009627,359135945.9061054,306326210.0597944,305676114.688727,320540800.7427688
2025-07-01,3207415244.4603076,2905730797.930293,2909051832.6963706,3199792278.3397026,157904900.46520612,131269934.06611355,129574244.088379,142607674.0459735,366994073.3801534,314384373.13607085,313701984.88189965,328390929.84845996
2025-07-02,3272253854.0138626,2961879580.02852,2965483013.065209,3276535804.95429,153064250.62243614,127513720.09680425,125900109.55352299,138326692.56965134,363563497.39313716,312830037.9728559,312152619.791578,327478701.38635707
2025-07-03,3292783843.4223723,2984984585.9220276,2988601046.127169,3303018596.929859,158511565.8168441,131975403.41451997,130589696.01604985,143459143.43740383,361721284.17830324,311127206.00181735,310473088.5111113,326305675.45175123
2025-07-07,3364230314.6369133,3032211300.156426,3035914690.524327,3373372083.733893,160765737.75820905,134020362.0021559,132506523.71945734,145440703.82884574,366225422.8739186,314494204.9475951,313850961.0307804,331111647.3789744
2025-07-08,3300882909.310309,2984213913.267975,2987586111.5364475,3316822996.1891217,158861482.51839724,132897739.9670658,131402074.45543908,143643755.98313656,368157593.58362645,316535531.6972268,315908248.9316651,333519623.5954852
2025-07-09,3262250380.010947,2944542713.8494325,2947891532.585054,3286913106.395053,149999325.07640052,125280942.52799374,123706489.15999208,135353775.91902447,359516051.2984498,310418519.9755039,309839229.0167339,326287756.96276325
2025-07-10,3259354797.6723065,2938932180.036579,2942015509.673127,3290084239.4004602,147961376.67585874,123448750.59674495,121823423.33211741,133265967.82280414,358390669.57303005,308839488.1853358,308223550.97819835,324547560.37046856
2025-07-11,3309707908.356979,2977776484.104067,2981202425.8919196,3333197311.4773116,152610163.2454594,127198196.05566078,125518966.37830186,137539524.6257419,357308578.856733,306826431.8589297,306231227.3100594,321635203.44951415
2025-07-14,3462662859.7366786,3115759877.8288493,3119562531.596554,3496067036.106043,148776508.23023227,124119308.3552158,122478620.19926132,134420546.27219412,352306563.3927565,302159258.18432295,301545947.3222684,317910131.9637123
2025-07-15,3569467707.11982,3216121136.5188313,3220257268.542966,3605886383.757365,149790090.170669,124873488.27116133,123233413.10647751,135009454.73886618,343623535.80306137,293940198.877341,293320186.2092851,309035693.17996323
2025-07-16,3718224554.3231816,3351157162.677848,3355712232.9635983,3761075431.4164934,148614425.16616347,123913715.8477132,122296918.5614051,133889165.79299502,350969917.771417,300815720.24068254,300200950.34101474,316229798.8534539
2025-07-17,3737563721.90833,3366953779.023503,3371456718.4233956,3786560590.8628535,144812786.4443304,121236948.85518514,119625044.12390056,130459998.53761742,350134606.99099255,300223577.00621146,299628804.69611174,316713460.1245028
2025-07-18,3716231931.5820303,3369391156.617478,3373988629.8219566,3780946482.5155663,141280129.22211698,118116540.75907756,116542456.94508334,127553930.60017686,338813792.1145281,292382294.0539474,291794014.7411609,306941917.5785771
2025-07-21,3561402579.6383924,3251662224.2694907,3255847299.519109,3637378923.196271,141480226.23799586,118470693.7403386,116902794.76472491,127983748.32176888,341310493.7746571,295491624.05185294,294902946.1607183,308943958.85232556
2025-07-22,3381909238.8513966,3128038622.746941,3131942161.924642,3494741754.1350627,136200652.13895932,115360165.49451146,113853983.20879775,123892162.98588407,348961287.2442132,303499542.540434,302876572.2694253,316733817.1978372
2025-07-23,3511530415.6059685,3237806385.867543,3242153698.189193,3595251609.2982907,135008025.25622612,113993527.59292871,112513631.92148516,123028185.65477759,348395321.7486077,302317311.966391,301688134.59718484,315781872.8776555
2025-07-24,3537003164.442805,3258052889.2733464,3262642689.5841255,3634265461.407036,136499444.2856418,115311402.87965332,113815177.23239866,124163926.26767972,340580356.27114713,294900300.3838352,294279280.31263703,307395289.3974796
2025-07-25,3487107780.1427717,3209429680.500176,3213845870.5849113,3570663967.2896357,135785848.68515885,114534048.62532988,113026274.93898064,123416157.42856161,341118761.87582827,295814056.8123722,295218051.7777804,308324618.8038429
2025-07-28,3434813568.790476,3148705689.7408514,3153037300.730892,3512493252.3408833,136496852.10959312,115125806.95808412,113587732.99894394,123934031.22446792,341844659.88222957,295636504.9187529,295059806.7413267,308189517.75971097
2025-07-29,3397508976.861665,3096370947.0456786,3100737571.5154543,3463925867.8695416,141340261.20023632,118447219.10815701,116857167.38406785,128121705.64034645,346493158.50620073,298741326.34817165,298180294.5696747,311019403.8931825
2025-07-30,3482938485.5936375,3168300365.8881636,3172639479.2131643,3537123902.0456114,141688349.18240634,118229650.52545694,116641657.02147314,128128186.33376117,343759314.85147524,296213255.23219,295652796.97957367,307211548.64145005
2025-07-31,3582503941.288809,3248065702.9752607,3252902855.7976933,3643105532.284389,143046375.99703336,118767839.23981568,117183147.12309498,128592491.86360753,337223739.7032417,291645274.15581053,291078835.27284735,300452041.5204548
2025-08-01,3542148896.368781,3205452347.2475686,3210339562.381136,3604238078.133583,147040274.0909815,121835211.78286323,120229981.74867766,131820940.4468544,340930321.8481082,294382712.49629277,293827280.7913621,302682860.994774
2025-08-04,3679961868.0184026,3333405082.026966,3338786800.8484716,3752616995.3714056,146048329.41117272,121166652.64234927,119552422.28080945,131028637.19723627,329855276.98212695,284870792.7845325,284289920.0680129,292511880.47661155
2025-08-05,3726877134.1490054,3371322722.1263514,3377293410.829406,3803979602.743325,144988699.01635033,120313464.6889888,118706497.4879813,130478444.27710578,329798038.98933417,284387759.60944664,283828389.30899495,291614090.81293184
2025-08-06,3722022808.1707363,3378935553.387208,3385069981.4011874,3844113874.7009664,145735735.5138116,120856585.70354183,119264861.55598167,131364067.36755472,330974673.2800566,285208210.07764333,284647202.28156966,291665667.8729456
2025-08-07,3646778689.709482,3315186297.2907724,3321005854.6547093,3777081413.979005,145667387.64673313,120339227.63007164,118768212.67104277,131258550.12257548,337059514.110712,290137002.30432373,289619372.5092387,297385848.70964676
2025-08-08,3721168137.471448,3365086852.711992,3370889046.4372687,3848651172.427069,146726032.18438727,121843880.08166753,120238428.12537389,132299991.91077572,336459561.95863605,290202471.9541291,289697648.60833853,298816462.414395
2025-08-11,3731399941.289954,3374269959.585385,3379712576.5276713,3859548853.680704,147523639.42247576,123308487.5493688,121682952.56647626,133598994.33285409,333906560.994834,287579028.61668307,287063104.0188654,297518866.00185823
2025-08-12,3747094291.743695,3392443707.4513106,3397854799.511552,3863482424.3309207,146092203.11989748,121673259.7916638,120040439.25472027,132122483.816525,334386554.7269743,287910266.89819217,287472797.0782705,298006190.8589551
2025-08-13,3604268757.01272,3263887256.00232,3268518512.666433,3719141326.393699,144425430.081775,120395252.8967469,118768030.35718478,130697377.53926817,334574625.80523914,287743982.45194507,287291218.7430632,297326544.5524916
2025-08-14,3551638897.1726813,3223566134.301784,3228232162.3452983,3677879813.2962575,144244809.67090958,121603541.3689788,119958393.63067186,132229988.54241505,334785628.46472806,287887267.73221594,287374806.4309371,297386745.03687775
2025-08-15,3455275789.605295,3131826066.3309298,3136389073.29287,3584133455.834393,140899572.448781,118932004.65704277,117306811.24600458,129176056.77940415,344460134.6428931,296180381.5569375,295687041.9961097,306194749.7320216
2025-08-18,3449554203.4076514,3119407464.56112,3123915970.176256,3574678760.9270825,138088982.59204873,116296110.07663527,114720928.03562598,126747509.48823217,341984732.70126253,294556715.8303411,294035197.55182475,303513300.5820415
2025-08-19,3363913546.1697955,3042076334.1656384,3047035045.3009014,3479242858.6977024,141344577.1284866,119026634.38553767,117474297.38715844,129301951.6062791,356712337.8011302,307634226.3803746,307060670.4266422,314100016.1442832
2025-08-20,3412944791.400025,3073556655.6428614,3078667734.1019597,3521344589.7215652,142358193.55556473,120300483.57386813,118741761.99539647,130686829.78503376,354085026.51924735,305602347.65062916,304975944.09386283,312384212.3681212
2025-08-21,3504122662.72817,3149720356.240217,3155006169.8450546,3598563384.8412476,143328388.09786206,121260863.26195869,119683123.55207476,131436202.98162647,352511184.7159923,304166280.6858213,303532018.2322555,310988664.0302261
2025-08-22,3483141545.4725776,3127193868.7014594,3133018931.6615314,3580662790.536633,140893037.82086474,119093063.67688435,117515066.5204064,129126436.44697845,350027420.7898815,301704612.9384049,301070299.07856977,308474888.3821976
2025-08-25,3487675100.440478,3124564749.072064,3130280068.8524547,3580450734.012548,142246509.13855615,120141028.49387875,118544757.12050782,130082876.9666904,342562050.59026384,294655674.10237026,293990669.2027339,300731209.22372115
2025-08-26,3548227731.3251123,3173868937.8729973,3179774177.536637,3639115381.4879627,140489646.51963073,118489655.53896563,116869582.63258101,128762306.86169118,338048336.09483105,290929533.86079127,290259261.68619823,296778981.39484715
2025-08-27,3468056297.0666184,3118865859.8006577,3124222132.935702,3573060444.7398496,139739372.77058727,118590414.19052634,116965108.39150606,128400875.8710712,342182050.4085923,294618651.94917864,293954050.0072942,301149873.03436655
2025-08-28,3551282996.3982,3188842293.4536824,3194272861.512248,3653582255.4896307,139855772.76701888,118481573.01133841,116841045.13308302,128382732.56986208,339618307.15383005,292055536.1581972,291455226.47038877,298663436.1062308
2025-08-29,3519453098.239563,3156561233.3261585,3162131053.160076,3615480040.515271,139851182.5206333,118400031.72425912,116780893.32084882,128317190.69264661,345043279.63496655,296840202.0703067,296208084.7375764,303862305.0790479
2025-09-02,3503259875.2893915,3141254319.9954796,3147278921.4806643,3584246368.6949987,139224956.9867239,117817291.9536817,116164162.14509486,127297594.11241893,342026470.63109463,295583524.6380371,294963080.8759619,301155855.3113414
2025-09-03,3468002203.8852797,3112486623.783475,3118781929.713059,3538989734.3211427,138828686.94987828,117482076.35895981,115921983.71375926,127157587.75070788,342283346.58101314,295310187.0194116,294700176.96727496,300282778.3337349
2025-09-04,3463061443.152709,3106361442.237156,3112407344.2403893,3506600062.631066,136057860.95510796,114927537.237851,113407936.25098807,124053000.90039557,341965110.3312485,295265445.7562703,294642157.31027484,298590601.445712
2025-09-05,3438510370.894344,3083602394.172954,3089204511.941315,3475334291.9196854,133301516.06931053,112498640.52762729,111027076.48035564,121581261.98140156,342666874.40081024,295823225.4165593,295178674.6632357,299431333.7387919
2025-09-08,3544449674.164807,3176090625.630407,3182755730.2784634,3580637628.4992027,135931782.78734884,114433235.07565717,112955373.61089848,123613539.19604407,338760464.32740974,292579203.4310555,291945391.55455405,294443224.07194513
2025-09-09,3609336425.580648,3235127857.6268563,3241955572.0600996,3646729130.006278,137082862.50847965,114961962.78394774,113460812.73960152,124345547.57428712,335008385.474173,288235052.94698244,287625560.87881035,288402053.3053373
2025-09-10,3649902538.5329986,3271618829.6392355,3278712119.462034,3691575510.419658,139678174.45011088,117073962.92278968,115529087.54629798,126376536.77799933,329284581.0651192,283872330.5685983,283144955.532565,281520747.3457119
2025-09-11,3675712837.501251,3306089249.3192058,3313297399.806968,3734502116.54027,138273130.99279425,115708399.73472454,114180849.14576373,125356721.6692808,328219603.6516222,283243467.64052325,282495395.99111956,281450969.5035415
2025-09-12,3868701999.667584,3465244878.040532,3473176189.9191833,3922904931.68943,137471936.6193652,114976530.39389601,113442313.69871591,124610166.1285149,328757305.99645364,282230948.2673755,281481148.2245859,280018315.88420224
2025-09-15,3930751734.980816,3525204638.1224823,3533004504.630835,3987575285.6340113,135463027.15660605,113210405.10682431,111752595.65489526,122373807.59017122,331444257.83074987,282861705.46379656,282106338.6283452,282207434.12369233
2025-09-16,3914744299.7211533,3513616915.9608665,3521382385.029258,3977630609.6120715,132976098.63615265,111063521.66651894,109603420.44498742,119716423.43539673,335919583.9101398,285101329.9272428,284347785.9058234,286933636.73672533
2025-09-17,3986307269.766416,3576266543.7583814,3584340710.9749284,4047993010.5832515,131329386.20282604,109721836.61580282,108292587.22325836,117978111.45636696,333264737.47317713,281923548.8885855,281185940.9091235,284619314.1689202
2025-09-18,4001946951.0296087,3590628446.2492743,3598606298.6590858,4066683477.595851,127062400.69740908,105105797.26956984,103688045.92578802,114398675.92601831,335512825.52675617,284353764.41214025,283632223.08011615,287696177.6760509
2025-09-19,4243525417.29031,3809361583.6912227,3818641865.80809,4316446514.922369,127515284.11380288,105412560.81961203,103977131.60441034,114565081.39949441,333123003.78095746,282305138.67662406,281620554.65832925,284632606.6181994
2025-09-22,4253614769.145858,3828626463.30793,3837419977.5090413,4345416342.225804,126014645.4540759,104320660.14049488,102869706.37920848,113016168.85078226,332107440.3126985,280784984.6219765,280111557.7691704,284129270.7258579
2025-09-23,4344461705.490588,3901866667.6170397,3911683893.0566406,4429854686.654561,126233820.6673193,105296234.71956326,103835232.50041106,112866779.5970133,334692762.3245241,282666197.1077221,281992726.14343286,286083118.9532083
2025-09-24,4204089816.8256397,3790851770.6539793,3800060202.7154465,4307083945.244049,124703825.09045883,104178944.84929916,102705398.76445149,112183459.87654476,333669205.6351769,281460475.6004173,280780999.74999005,287447873.97666854
2025-09-25,4202978471.801333,3775933385.8515644,3785217072.1287727,4293170176.7123437,127536065.05187693,105895754.8780632,104409165.54460841,114408005.70205085,334287150.53265893,281943308.11460906,281263653.684668,286903330.93571126
2025-09-26,4130422811.7334948,3713095608.2130537,3722033173.0881844,4219639852.384432,126278599.0706379,104519175.88540146,103033476.94657281,113527573.39308093,334980721.7304961,283173252.92755264,282526492.2845198,288081973.22081494
2025-09-29,4171738052.634674,3743227991.7325144,3751884484.865484,4259688799.5584726,123006862.52473943,101259436.01970685,99808977.34726124,110389636.78132547,330071789.3646792,277148761.8159369,276469544.8919094,281429737.4120934
2025-09-30,4161017305.9476004,3735236291.2338467,3743853493.45683,4246110854.827813,123301660.5783513,101567000.33113684,100102101.02908869,110607861.36054872,327775791.6157907,275400597.2891076,274701815.14676416,279170702.35902435
2025-10-01,4121896626.3990846,3695681146.8936186,3703278034.597595,4220951350.5619454,120271891.71355456,99546385.19082877,98114781.3275984,108368859.08498885,318237082.8878323,267555620.68211633,266793011.31046426,271576595.0917096
2025-10-02,4217083834.4490447,3780019927.9249835,3787890369.6149645,4317817764.984141,117112381.88388065,96825352.0676306,95428348.434287,105768333.20755184,312313839.8990285,263317060.98511875,262568449.27631065,268156869.9379154
2025-10-03,4246303898.6359644,3805436122.59306,3813831736.4851384,4338774065.087021,116061410.81531525,96178171.2195814,94793788.3068737,104625235.91152728,306489092.61569613,257099453.2713864,256333455.26777056,262250096.27577215
2025-10-06,4353774703.47335,3893432753.234379,3901851934.1413035,4446793022.022271,113965118.90026899,95049535.20354067,93689137.86133446,102907266.41403574,294303303.14797425,250671605.18494976,249965250.54518425,252639438.93433815
2025-10-07,4395569147.509424,3926279660.0707884,3934891161.1186066,4478166191.163331,115724484.6079272,96306802.7087444,94898787.22843888,104142192.25804621,294143288.88890773,249766236.7592513,249038590.98255622,252304945.15901554
2025-10-08,4344735071.168504,3879447838.858482,3887516995.2874465,4423526422.849863,114452814.0694659,94985324.5503839,93600183.99199669,102877078.11865471,288599006.1530087,246414335.9913182,245704396.5536252,249622826.5378278
2025-10-09,4395552045.727784,3920667860.2795324,3928714249.767178,4484622877.364103,111808810.00252818,93162314.30529587,91794803.82562625,100275027.75908785,285937613.81847465,243054621.71341667,242375373.3924811,247893225.3035622
2025-10-10,4346086312.764622,3887109631.2422566,3895072687.9878488,4427149504.85146,115199777.34509087,95240632.61646017,93864981.72608651,102979509.57976362,285305449.9416425,243299363.94977286,242611720.03384617,247871571.03109354
2025-10-13,4678206967.721771,4182214121.8504024,4191793998.226555,4765659061.241192,110936228.45456837,92414042.51283759,91089117.83999467,98917385.05230543,261017660.74731976,222021488.88145655,221283134.80077383,226380994.00313798
2025-10-14,4694025299.739611,4195335146.9189773,4204520056.8999796,4787043718.848285,107472839.16170542,89635495.99607626,88372149.89020146,95665426.5799196,258119922.11067516,221481986.96655256,220675244.84061489,224121899.73388442
2025-10-15,4687162100.73776,4184449140.7837257,4192282031.937237,4777028258.759235,102578962.57090658,86090957.6127017,84888503.18340349,91247437.78387511,245624645.94315842,212626852.72509313,211850988.4130364,215491278.49519128
2025-10-16,4484675000.3611965,3995602128.414367,4003052642.662995,4557078488.921087,106809177.28380832,89253750.61252038,88035670.29977389,94688509.15319581,259952166.93993443,221672091.11540586,220916504.23474813,226060736.44747072
2025-10-17,4408495285.135327,3921962679.1187077,3930034368.0362597,4466198618.7137575,109752351.1210513,91578956.64830427,90344592.33778188,97202700.48308049,269510389.5001143,230185702.6733708,229384207.19839886,234135424.92915645
2025-10-20,4369050200.993402,3907471296.596837,3914813804.9453683,4439611966.893579,107153504.59641388,89185905.7952354,87957363.86219545,94927200.11539592,264692262.9512827,227401034.221483,226625960.87187183,232054144.61473706
2025-10-21,4159769856.250134,3717769892.352823,3724871675.9636297,4223520868.9974027,108895367.3643264,90132706.44159646,88869437.19243112,96271022.43201746,283626960.57286465,242304197.46190384,241483743.3494814,247686135.08346233
2025-10-22,4078723347.333977,3638776246.9611897,3645759063.284155,4128035449.7648163,113486587.33918752,93930507.04538529,92641039.79638824,100471556.61879167,299701071.27521026,254180752.45623264,253319786.15919635,259225882.9529251
2025-10-23,4163416269.8492775,3708240096.1140857,3715463322.8139186,4208151559.60955,111676424.3789139,92533800.65810658,91299667.47907306,98552346.23741955,290220611.45745796,246864108.1363849,245998581.61695382,251570392.87988606
2025-10-24,4245770589.687026,3779841409.781769,3786751786.674591,4297434684.790271,106965955.31435819,89336520.60725777,88147560.67320405,93959447.38237174,281457561.9925866,242566229.0723671,241766782.16491672,245058112.42233333
2025-10-27,4303194319.730153,3827890883.283489,3834239544.27082,4344072053.981071,107559209.90992844,89852266.05415331,88664515.24836838,94250001.75297907,284533620.30933213,242509243.52376392,241746917.96291736,244546650.77344766
2025-10-28,4312231591.046053,3829211032.9292345,3835332142.1119504,4344616955.964574,108803696.68864472,90802934.84970188,89606941.93281741,95320139.03962892,285129216.36138904,241459356.11536002,240725170.60467938,244362334.21981952
2025-10-29,4454793025.689514,3946744615.871866,3953417661.230894,4514832049.753869,108601569.3594348,90960451.25491476,89801498.0949603,94726446.25903076,272797601.99396205,230182124.65175682,229421508.25717208,232680139.3181501
2025-10-30,4432928463.87959,3927044091.3327327,3933954260.092264,4494522279.073048,109834817.60355331,91985215.74919365,90841541.80106854,95590355.4424864,270732314.5345954,227857914.22975305,227082886.41528985,230396925.14035007
2025-10-31,4499860422.31033,3989548273.404961,3997256892.2649193,4585692822.23088,106379526.96579157,89248915.39587809,88123810.6545455,92750313.49802132,263863464.07826325,222469772.12234053,221724257.88795927,225240520.01988384
2025-11-03,4379050895.427515,3883542771.7486124,3891224111.5590835,4455613067.872906,108830426.99676058,91897572.11483565,90777859.493678,94920931.05398752,259853016.27315995,218597096.6422368,217828685.49879098,221105831.2329901
2025-11-04,4231585018.961069,3747164566.372985,3754955377.8717823,4296208824.892657,113275401.54585378,95174726.577297,94001800.49246599,99100848.65032104,271739580.3062012,228036210.53492835,227239594.74291694,231139735.0110739
2025-11-05,4383070851.4299755,3876242741.811176,3883970677.920541,4447192085.361673,112385213.28655677,94656184.5409999,93506484.63270281,98191832.91660625,265344226.80656344,221360417.80422848,220608156.43626833,225251682.4306383
2025-11-06,4223365870.177822,3725619910.595985,3733218221.3466907,4284265599.2146463,115875159.12708443,96842176.26851167,95679852.70088373,101042870.3687246,264479594.2928488,220979486.90317062,220237439.96081695,224880549.1942343
2025-11-07,4314268774.22748,3807782084.8158393,3816248295.824401,4374536470.309402,116236933.67481723,96628169.19959177,95455560.6314132,101417128.84141052,266673385.58500078,222771748.2718705,222024362.20283902,227250446.02572757
2025-11-10,4425030949.459516,3904341656.754539,3913418665.8002872,4489730012.771406,116843161.37717699,97181564.76566112,96000436.74769083,101680375.45916478,262612619.05812332,219576690.97222775,218835113.58608994,223595457.4354025
2025-11-11,4307025899.558654,3794932616.9423637,3803112354.9758925,4373596987.22105,116784117.9193879,97355293.23049393,96166075.2779595,102018514.40983468,268799753.17703027,224981546.0102827,224224743.3038355,228929960.39563948
2025-11-12,4252142659.7953672,3745559148.677361,3753705149.9835877,4304732216.39622,117889007.50728577,98340180.20925908,97137093.45684332,102814918.26563725,271490097.1212788,227214238.49123704,226444171.98628536,231213803.49662894
2025-11-13,4053074897.4975667,3562411877.4531717,3570201456.652209,4100200298.6389027,119602251.53530765,99422153.79938002,98208663.91044842,104233834.86863995,280820231.72581273,235158163.1899075,234335008.0791546,239074600.6208886
2025-11-14,4049502332.152009,3558486896.651523,3566357256.8920374,4097915128.7358675,120143594.5855228,99643949.81824219,98409075.55938289,104393499.3144781,278461853.58240956,232382741.82127115,231551535.5335465,236368002.6533553
2025-11-17,4087291844.8504314,3584325541.051336,3591820752.985096,4134694893.242992,121186254.58319692,100697117.50697897,99476717.3083481,105347205.49864195,276162853.8021876,229988692.2853101,229144042.96407112,233996698.8722868
2025-11-18,4149903123.0535994,3636749470.767019,3644712621.888823,4200627447.4061317,120023057.51749685,99570501.96441104,98355535.42085725,104188496.09095548,280290195.64577,234313846.32354534,233465907.29878655,237873980.65790424
2025-11-19,4181348001.167615,3665829162.5043387,3673618217.8366785,4237691818.2452855,120236163.1246817,100396056.00391045,99156624.01624735,105158570.11569194,274705309.173981,231221981.45424962,230376095.36134344,233388512.9775785
2025-11-20,4012199194.5848556,3510817146.6882577,3518619201.508035,4061722488.872313,120928456.39119127,100981090.89087583,99747815.11072811,106078069.97340213,277814574.0287712,234855559.21176863,233980750.8333254,236664501.2260458
2025-11-21,3885544148.623186,3409557273.775913,3416517206.938738,3930416335.35855,119221012.53170855,99463702.37034348,98242928.06240228,104766807.88692662,280414623.3503224,236304742.36726072,235453047.5296661,238310269.63139415
2025-11-24,4135707193.1537294,3636759810.5306435,3644254839.004311,4173681815.0041714,117302827.46952505,98077082.02817412,96877369.82858823,102740672.44027923,270686150.44163,227912658.41202658,227111364.80883485,229824026.99262026
2025-11-25,4077809222.400828,3594763187.324651,3601368422.2339234,4116655295.133657,114587186.7084577,96470624.04441167,95302122.84316821,100873392.60619082,270577050.261565,228616724.0386206,227809752.70925564,230223010.4518459
2025-11-26,4084445962.677024,3602909178.9438896,3609154255.3992724,4132103167.199284,113441065.98073791,95688787.96129167,94541786.71705434,99924211.59812494,266281801.5310526,225579453.8596991,224776912.54508922,226932350.56846875
2025-11-28,4134962119.5663276,3646549353.833539,3652667112.936373,4183998097.7121873,112330712.80197294,94727867.5194659,93594472.8112519,98893069.70428848,262843450.52487406,222962439.2977235,222170680.92232496,224149991.03939316
2025-12-01,4069497929.157465,3588483649.226308,3594208711.83841,4121110027.659449,114009705.15519232,96103555.43290749,94944604.92670628,100536065.02268063,259964825.5529286,220152747.91540927,219364837.48531845,221468807.20970264
2025-12-02,4096217956.5110855,3603472337.0756254,3609325442.338573,4147813630.3904696,115889997.10396704,97841657.10605608,96703348.21096317,102072637.61596198,266479997.0153236,225670935.6422981,224884084.71359274,226849277.94969755
2025-12-03,3811239046.7390137,3650558702.415225,3656854366.04444,3978087362.12588,103464385.84018287,85280055.9063569,84226028.90777959,98983355.1397274,293045669.9875547,248077090.52317795,247075199.47729325,249604861.81124943
2025-12-04,4011168856.187455,3774411922.5083675,3781343501.025912,4163114125.624861,101720622.81405835,84242249.05396576,83209388.87447505,96058643.94950382,300897639.9232145,254661134.04008475,253667822.05564898,256558734.72735414
2025-12-05,3939280411.2832894,3728334034.4600334,3735475988.174198,4094576491.7479186,101791880.41083576,84185487.68349747,83120582.32415521,96549671.71530221,299933428.4659263,254075039.98750928,253041289.44480243,255558346.6984815
2025-12-08,3971398304.1161237,3778269431.517697,3785446013.0036416,4140350493.3829536,101340876.78772812,83540575.87890121,82457710.51248555,96491720.72107875,304635627.914211,257739569.5908549,256663766.98022175,259565848.3206148
2025-12-09,3995873170.371705,3783405800.603022,3790729653.141805,4160238971.3560834,101764261.8666075,83816409.84526709,82766149.26597528,96567062.66822888,305214221.6347517,258136389.0415801,257051373.63698435,259785545.60476685
2025-12-10,3882262558.234186,3704616148.6140738,3711258701.6626897,4048713067.722126,99438743.55989088,81717114.6573029,80633023.94631705,94868522.38587968,300420704.74214745,254099115.02918848,253012001.5037882,255771518.83438444
2025-12-11,4000414281.084177,3795201869.091982,3801873853.082955,4162194420.3961163,98676543.13769606,81237221.00858028,80167956.09267667,93629975.00350042,300294610.856755,253767448.88230684,252665370.75035542,255334098.88001764
2025-12-12,3839892714.294899,3630565921.533834,3636752533.075799,3988728341.3718843,101624899.87275769,83894604.78978245,82783114.07332379,95777050.38970427,290258206.49466705,245341738.8992416,244287249.12689984,247231098.01091096
2025-12-15,3764742522.109858,3568356732.6908717,3573808055.8359756,3911850332.3262124,105681575.34897253,87271747.90712127,86143070.75061859,99564353.89118032,275369263.6005307,232695610.8586244,231684627.74817044,234602897.36877823
2025-12-16,3810784988.808734,3605318297.11756,3611040751.041012,3954664551.315097,105290827.03884016,86733970.25145796,85603841.62187734,99163694.06749529,279453265.57836896,236164557.65974692,235176753.41962603,238134089.46204236
2025-12-17,3668308838.630507,3474801759.4791946,3480156934.245318,3805833864.674295,107493743.00885558,88729935.70915307,87563914.91517015,100891966.84650488,273074055.56994975,230728695.19304994,229758267.5801986,232299251.7062126
2025-12-18,3762851069.5204625,3559500267.515837,3565275828.864588,3900879431.899085,106517717.92151369,87739395.59432247,86616131.98521568,100152095.29704426,275979300.4595811,233052569.0359526,232075115.41470057,234616595.5452526
2025-12-19,3995438209.671944,3791004642.69131,3797801739.662862,4147514741.0443497,103066217.20116606,84631996.77900007,83539275.18698797,97626646.87073538,285615924.8177495,241166721.5642986,240166431.55088946,242730345.51535827
2025-12-22,4065247092.013653,3879637404.5514774,3886808242.8560066,4228464938.6288466,100136168.589399,82095965.22756833,81004233.38067584,95897405.31406163,290591322.0625233,245128842.9116563,244083489.7781772,246406748.64403075
2025-12-23,4040916175.3582954,3849032217.038022,3855465796.116378,4197482555.5308104,102603876.0333345,84065261.28128238,82974643.99513076,97818031.96949469,289166200.8445284,243820343.56348538,242782340.55549443,245007423.34326726
2025-12-24,4012002362.1348634,3838583417.694305,3844650847.08063,4172980534.126559,101811360.12403277,83299250.21637158,82213492.81946367,97354488.78501955,288414739.7198033,243111036.45777577,242064531.85197404,244386018.30887195
2025-12-26,3924780269.813794,3759544540.485007,3764959600.468642,4083338366.8396707,103903595.53372817,85053308.5360724,83945498.99158643,99153150.72579738,278700859.9301235,234862964.30737188,233831676.84508747,235938653.96936908
2025-12-29,3875363897.3402324,3720251016.7955766,3725916546.591219,4035070260.6200976,104047084.59338795,85143247.50842284,84022199.86980656,99280304.58337614,283567946.66983473,239029377.8763017,237994813.11427587,240425598.85034785
2025-12-30,3857292133.037104,3698386816.5674057,3704125830.9817653,4008709817.369058,106893594.65792638,87698517.2893176,86568904.13542628,101375473.4631285,279953377.2592079,235733170.58619878,234706312.49289545,236854002.67417428
2025-12-31,3872085195.679179,3712942443.4113736,3718712213.9738045,4024027014.981118,106355741.80210342,87310221.68355553,86197617.74230124,100837656.2452883,279744290.60771585,235744771.0911501,234712223.39537877,237075307.61000076
2026-01-02,3841789770.7958546,3735899724.5598855,3741404482.9231086,4015324615.516174,102159610.17544448,84044775.39908741,82977433.57749663,97022071.39951962,283463062.0582704,240865053.4580292,239775451.04634002,241630521.8547184
2026-01-05,3897217872.2784176,3824101817.595518,3830105096.145697,4061137520.4148865,100867171.39253207,82782551.4958146,81678373.09428526,95754435.86799042,288414566.3841645,245174249.40072945,244078871.21385723,245555288.5283481
2026-01-06,3914504790.99211,3819184941.8870907,3825480720.7559214,4101936028.579149,99619550.74827652,81718161.40208115,80614639.0259968,94354626.00155708,284806131.3343777,241801320.04953417,240694818.21612006,242212910.73552346
2026-01-07,3965600317.5198293,3853249239.753561,3859875366.1834664,4134350203.152571,99206062.1678343,81104652.95735842,79995102.21074356,94051772.04449938,282658403.4698185,238612769.4481584,237527420.66650045,238907864.8731553
2026-01-08,3928045698.411485,3851040548.5270414,3857735781.4840937,4092796324.999099,98478151.65664144,81398631.24850242,80311064.49251443,93423528.8001652,284221084.74097574,241798454.49341014,240687461.85730603,241250639.99111304
2026-01-09,4022648010.3230886,3936048152.9779844,3943229214.6624002,4196717103.3316703,98512056.41231538,80627821.88205203,79554896.41506313,93186506.62612896,288340834.44688785,246163871.2989953,245058315.26992875,245308197.60670525
2026-01-12,4153441229.377117,4068542971.377197,4076012013.756655,4328857303.435261,98014847.72424482,80330359.27638109,79264879.82648136,93019148.37828638,291220599.57191944,248611721.69026542,247491643.00593236,248165799.60489893
2026-01-13,4204341137.3748302,4135429280.649121,4142903534.0945935,4389885608.365816,97288553.54056063,79593286.68271767,78546119.25276576,92452863.70914564,289518443.2145084,247732412.80838314,246605298.6269593,247094356.1330539
2026-01-14,4142812819.3361087,4088432336.375619,4095907798.5480547,4348530657.048928,95906735.4247284,78543070.54641005,77509102.84523177,91221977.83584961,290093073.2180529,248545092.39720166,247362246.40005532,248749581.42535406
2026-01-15,4161549357.5525627,4110372961.774312,4118227831.738906,4349870623.790026,97325747.0902439,79959411.99479282,78913483.67851122,92276481.38124244,286074912.8377954,245156416.59445518,243980630.8522328,245858481.44422874
2026-01-16,4203991313.979842,4151411325.0020943,4159208131.5539303,4400895695.1687975,96148977.27568693,78718428.09980348,77699268.20306504,91388500.80345288,294159875.6957923,251020815.27528048,249817715.96602228,252167701.41794783
2026-01-20,4390923640.129059,4298396045.3009405,4306596297.877649,4568978236.769924,96797841.38941827,79637940.27553023,78609199.12139052,91655914.95754457,286685230.5277548,245507292.98048976,244300710.9920932,246322838.06540388
2026-01-21,4279224047.2210636,4196141375.9059324,4204445137.06128,4461211916.982489,96043583.28399816,79239662.68908057,78214393.44417447,91228042.14219856,286682106.5317319,246203005.70046926,245015263.1774261,246769448.04084688
2026-01-22,4298758424.378861,4225459369.480569,4233553378.8423204,4476070914.898049,92686004.10848804,76966880.6467019,75979388.78919896,88148437.90494946,284238227.6517877,245334715.46527264,244111893.38047224,246560783.4508181
2026-01-23,4432300826.975821,4330299274.577532,4338748995.879781,4594366339.606834,96865818.89413069,79732030.23988564,78740854.68553598,91970509.89446503,288870088.27434856,247584871.60211146,246348792.55651087,248089422.31887066
2026-01-26,4460930941.497065,4335676609.211443,4344241772.401182,4615638581.795804,99045140.82603838,81153739.27070396,80131500.63049433,94319907.69113913,287810945.1754214,246129605.31034103,244918643.9488483,246383884.75645503
2026-01-27,4614567043.604298,4496756405.971737,4505807502.851018,4769047741.464255,98323011.38568608,80933711.55387385,79927371.95062971,93806945.62272543,286371423.8655339,245558955.08967474,244319687.3238412,245634408.00035205
2026-01-28,4742975417.771444,4621609775.077567,4631231622.701505,4913961449.771874,98775088.63517639,81006718.1776502,80015283.60430497,93779838.11833504,284959036.8402343,244712687.00432578,243446156.9678622,244467010.9552641
2026-01-29,4693884105.873217,4557564457.234942,4566523088.49973,4856965185.065313,101392602.41215993,83217224.5396093,82210450.3513768,96344813.43609305,283820885.9392761,243019592.8091854,241776923.6025646,243031538.80293643
2026-01-30,4364629641.276878,4218439654.64212,4226280842.89507,4494699640.352211,105332570.71720837,86533850.94194871,85472358.80274008,99427883.67292064,279890783.49127984,238907242.94889826,237679628.62402222,238867620.1981655
2026-02-02,4467063335.266314,4316085029.233951,4324414456.1233015,4582865524.078483,106026516.43771605,87020179.97574912,85983687.26091819,100002342.512421,278582060.1870066,238158336.66700074,236906853.54263476,238427353.75775203
2026-02-03,4769903484.721708,4618576983.525348,4627912135.131339,4899788150.232537,105063015.37565042,86246516.17431049,85183046.87147307,98806261.8910218,261331714.7860944,223607867.4692358,222386922.1066904,223701973.14075336
2026-02-04,4461986213.451747,4307745875.088636,4315230553.376678,4576895263.355606,105321278.2821019,86639871.82579906,85539352.02514333,98837925.73006909,277319918.419286,237592389.63203752,236336087.92895597,236448076.4629832
2026-02-05,4395314444.476313,4231300029.0710154,4238476162.258727,4488853140.570966,111537538.63604157,91930449.12125339,90776800.05273554,104586540.88335082,280163222.6690788,240039471.75087076,238818290.94275984,236080100.15660113
2026-02-06,4511450529.742954,4355708724.396177,4363624833.436509,4625802352.249558,106354969.91476835,87711220.15417887,86598866.49653777,99934718.0220515,273305093.6101294,234589285.57317394,233375677.25721803,231349094.0073508
2026-02-09,4696681744.533473,4534815220.433374,4543394668.370779,4819939238.249661,106093335.77045865,87643876.74480808,86533646.3024697,99840706.77430694,270666549.62672585,232518861.72138405,231314763.1579888,229615663.39231515
2026-02-10,4680795654.399299,4512502729.655231,4520631309.798199,4787309107.983091,107496570.72332792,88686022.18299602,87568232.4094381,100804181.54874164,274422261.87955534,235483475.4587539,234299609.8315413,232362922.1643899
2026-02-11,4773344973.127441,4604530214.028741,4612961060.545065,4893930413.5678,110018078.91937149,90675182.36829472,89576876.07357526,103256910.8344016,265370884.06551498,228367618.87383717,227209248.45012367,223610983.89854938
2026-02-12,4702006646.15596,4537254765.2122,4545601584.030844,4820912471.562729,111759376.79200251,92087128.55615142,90961652.52691588,104666725.65930049,267162631.66347465,230529485.11904076,229360770.29485384,225027613.96076083
2026-02-13,4759779625.922293,4602472224.377596,4611336752.5880375,4893888219.067425,110591465.29173337,91074727.54800706,89922447.95371033,103753335.64781122,268183156.02380648,231060715.57339993,229892660.24055618,225773023.81060696
2026-02-17,4729205386.366654,4565242635.826993,4573494143.1382675,4853580083.295026,110760928.42248423,91279450.8374097,90136549.86821838,103649682.96685402,269661010.2367628,232699028.45482877,231460959.45488787,226992159.56901994
2026-02-18,4741839754.242289,4583048283.345718,4591280886.682246,4874531534.10827,109245657.98965769,90219559.06742871,89099524.29596362,102112666.16397354,269473557.7770494,231931753.11306036,230720575.2112975,226482687.31266174
2026-02-19,4818521327.683536,4666152212.279211,4674211627.759732,4973056988.200538,107465107.10467677,88719449.08715573,87616701.639166,100787547.51938367,268907438.7549556,231899744.4179623,230693558.53993922,226424844.2379179
2026-02-20,4838696115.578158,4688386307.471729,4696398857.918347,5002111423.978039,109309252.26017071,90147818.26152132,89075828.54374726,102481643.81610925,272266341.41961205,234573094.03875932,233334576.1410359,228459253.29123443
2026-02-23,4971284524.335788,4818852663.883142,4826258954.632485,5138668233.00902,109365280.3759495,90005205.75231588,88908021.0240667,102458155.806013,258303431.90976033,222602015.19676325,221342378.31621784,217370970.64663357
2026-02-24,5041542793.196844,4886535718.622113,4894741078.127966,5212193118.213055,107531680.72938578,88423141.27320562,87353012.7374998,100868030.5082576,254424906.7983132,220346591.92931718,219115437.86359558,214828222.55904427
2026-02-25,5061052269.285221,4908780052.22542,4916705944.96147,5231410972.713346,107789276.25583993,88758670.62777708,87704793.57336499,101167396.0636396,259857323.4950281,224603246.68863747,223388055.39366806,218951957.53545278
2026-02-26,5108062572.222866,4948320957.912242,4956986595.133132,5252516898.6071005,107642014.72218448,88994380.70706075,87905406.44315991,100487239.65330498,265534973.43523505,229218563.30288994,227975724.5302717,223318408.70239064
2026-02-27,5077979778.991776,4919332325.297416,4928518601.8845415,5226214691.032834,111014965.984987,91758393.0370477,90624133.66084653,103359810.19737175,268826716.4686157,231452429.3641238,230162933.2152198,224695894.83337766
2026-03-02,5168604291.757119,5016114835.451206,5025823646.916503,5330000909.644385,109924126.37314592,90481158.29004279,89333539.15704295,102764601.18451884,273162652.76988775,235312923.03892207,233963549.45202002,228313319.88836122
2026-03-03,4873930586.515779,4717323306.851986,4726645585.991804,5027823564.226472,109644093.26917866,90217506.26452886,89034895.2145117,102420361.2667682,278496940.07032585,240138309.0898316,238794867.49092296,232858012.4315042
2026-03-04,5026935762.070635,4867531237.63537,4878107848.445895,5193470145.144979,107658665.27144046,88448644.97165996,87300126.50577107,100890638.29539998,288081095.4681936,248422597.68445778,247042204.03148457,241036365.76671267
2026-03-05,4795266851.145134,4635118215.46755,4645496059.001565,4952841069.527936,106489455.91311216,86800159.00625834,85639542.08540112,100534370.74785562,290074286.44068843,250042150.531639,248633814.5512292,243034118.95603788
2026-03-06,4620600639.110688,4464923008.604877,4474570027.329053,4769500439.473333,106847595.10972111,87053737.93144628,85881491.9297302,101045659.58545254,285632659.710903,246570818.28862333,245211454.32572228,239597342.16686472
2026-03-09,4748789279.25204,4631707504.973256,4641718434.637204,4945213877.941154,106092779.70119631,86062449.27601531,84902893.16706453,100758676.65608852,287161557.8308325,246781358.22367215,245419889.93251073,239989662.55152825
2026-03-10,4947966013.7487135,4840084676.611713,4850889663.406796,5165241189.376275,106281775.86568783,86409515.7277375,85246628.86318807,101114653.99324727,284832649.70153785,244992738.8674582,243635859.58385572,238337629.80138376
2026-03-11,4979680918.697644,4882574153.234486,4893942267.506582,5223838889.760744,104668781.02693999,84705297.72257543,83579480.44689032,100029607.2360711,286384651.1157896,245907909.2872956,244549882.80406368,239413370.54811108
2026-03-12,4907392466.305823,4801457421.079108,4812823992.2325325,5140117055.476572,105646872.08532721,85690781.08925891,84532129.76562485,101083006.66433251,283358470.2795491,243202335.0876063,241871866.30440792,236862091.4265902
2026-03-13,4788822182.694009,4692874750.169035,4703613741.826147,5019989962.334367,105178130.82020639,85162944.50310683,83998060.13362001,100571005.26483935,285719866.13927066,245069271.07990542,243744494.90874255,238812621.50552595
2026-03-16,4954061474.160559,4853333271.984762,4864634495.504317,5185810417.958659,105392665.91183446,85098547.4733262,83953247.39242181,100468983.07481408,289484256.74479645,248300715.61301437,246961193.71305078,241933526.3846388
2026-03-17,4923679746.735089,4825849327.332188,4837738528.154425,5158165819.147151,104000224.25753036,84003323.99381295,82895211.95154317,99582501.81576157,290204449.3787777,249075747.22656167,247766857.28774518,242652027.56528533
2026-03-18,4826271230.352089,4720117522.353217,4732184874.003401,5051422638.832001,105192763.84578897,84998759.72083163,83883621.11734797,100368411.5989823,281247027.0263932,240879930.61953712,239603067.69253227,234751160.3066479
2026-03-19,4864653636.710035,4765218499.743849,4777786644.507574,5098941658.8859005,104700041.90587617,84561303.59959663,83445682.76225622,100057622.82108992,278196761.03050596,238169282.85613507,236897699.0192481,232190500.0387266
2026-03-20,4770779871.7074795,4661688145.510308,4673483412.22589,4982545844.058085,105247775.8536817,84973967.14114879,83828410.05145878,100315824.2223386,276365116.36129177,236769138.16135684,235534536.02031276,230823071.92344686
2026-03-23,4829787502.833314,4721714462.285617,4733537513.846901,5047975993.156397,105103687.87958668,85215965.17867592,84063447.1171234,100170392.80177142,278183396.4795603,238028204.46248314,236752250.91940296,232226890.72658148
2026-03-24,4915468326.032912,4799329136.789858,4811119752.978888,5130805605.307753,106198343.18434072,86179750.36436489,85014707.5383947,101104856.986471,266965093.0893544,228024794.67950132,226800760.30615246,222642392.3551112
2026-03-25,4982742850.431426,4861333593.366832,4872464677.86335,5202373730.004218,103971307.65305571,83976956.25280362,82857949.35495983,99320727.83090152,266045823.82105884,227602153.634447,226359259.07304966,222183669.90454537
2026-03-26,4689180807.326212,4575367706.036991,4586342656.369306,4901953719.179463,103691480.62310103,83830281.52648817,82684650.76693662,99509841.26069215,263086445.60951167,225482194.9578666,224285159.84948313,220028659.89099136
2026-03-27,4780646304.454601,4650875270.943326,4661764059.727064,4979514033.282751,106602299.70124337,86253892.78548945,85071429.30223657,101947906.5037047,253185530.18732047,216618522.6877441,215485289.6655017,211514190.99600962
2026-03-30,4484957295.846613,4359486407.818931,4369426592.233579,4669304769.307262,108793440.63056377,88106740.86570534,86906075.99721727,103765489.85774422,253707913.96766326,217273649.23826617,216146357.1548324,212143734.94617108
2026-03-31,4716930968.725507,4597588310.743227,4607829903.166159,4926992294.917378,106236574.73024738,86100324.90980735,84948054.00601862,101577893.75094767,258419217.88447964,221428230.34826124,220259613.30708435,216111165.35950792
2026-04-01,4824967948.432133,4694851191.513903,4704870372.13174,5036554124.566121,108080288.78059712,87466088.70186858,86290394.04721622,103284146.74396504,264753703.3627465,227084870.80833894,225870107.59489813,221188782.08728996
2026-04-02,4926081435.395692,4786489045.057083,4796888828.740217,5141900464.053156,105797809.43608305,85542457.24442011,84393548.49801014,101032298.89523698,260904144.35891184,223424154.86437222,222207871.14409527,217690394.6503128
2026-04-06,4920360800.836551,4788009676.779535,4798362738.115873,5142265160.625227,105376462.21862625,85286114.50638606,84143826.18590654,100623052.66642882,260624680.04873478,223201760.58520028,221960514.3693445,217231981.60159782
2026-04-07,5022047367.922165,4885650345.023881,4896212268.857391,5248059696.859197,105912459.75899285,85578418.32309917,84457417.84463622,101019312.46985097,258106262.32553238,220680916.99668342,219470796.8764403,214717077.03113043
2026-04-08,5330799871.861324,5183614037.483814,5194535164.170794,5568875313.6901245,107427356.79754724,86859521.36197196,85716052.84267199,102674094.70782045,271805605.4763797,232688634.5755777,231394095.4639534,226604759.30867302
2026-04-09,5457720850.034921,5308919098.912294,5319494118.963906,5704881060.97632,107484465.77269332,87022061.24712583,85863738.59703568,102653112.16824858,273003446.6072134,233647005.08364955,232342211.69924724,227324464.2803552
2026-04-10,5612748067.903945,5458053997.663519,5468722714.65968,5870951851.188096,108748703.841831,87948500.09059557,86800114.26998277,103857254.07082444,272578676.4232668,233169598.55022055,231833009.90372524,226954629.9003748
2026-04-13,5669948835.072608,5521582725.664082,5532376790.190613,5924467739.469925,108155379.13993219,87687536.23126417,86536444.05477138,103154717.34674262,273705499.1829863,234302800.50059685,232943522.2305822,228014547.52273265
2026-04-14,5786386673.373707,5638230375.621487,5649844889.669782,6050726713.188901,106252572.62547517,86190249.39054354,85045888.72285599,101681707.99341993,283256002.7331407,243114798.28181928,241730790.63322747,236420196.8623076
2026-04-15,5613729060.478033,5483503344.918351,5494391945.206061,5878245163.62329,102720436.43551439,83839734.06058091,82724196.57740451,98666763.66684374,287576872.9393992,247754860.0346542,246355249.4548256,240419327.1215925
2026-04-16,5717550576.177703,5597785588.291246,5609964869.02117,5987050623.713794,101319623.5834923,82788809.91975991,81693441.71922366,97160055.6512961,283783999.3266184,244458796.4867244,243052676.52497926,237239062.27662766
2026-04-17,5817141162.298964,5697877744.935949,5710137321.3207245,6094034820.390993,100642060.51770338,82355030.45014445,81237763.9497625,96637505.85635298,297531454.1387627,257364182.7283119,255912442.73765066,249229562.01469997
2026-04-20,5773655789.655098,5667331306.528788,5679299886.26204,6052689706.043976,98738947.0220455,80984272.35168241,79884649.70943144,94922065.85247943,294150909.51274127,254840895.1373357,253359572.64103514,246461632.6435408
2026-04-21,5670800265.107089,5562039491.4444475,5574451262.036422,5940857301.238091,98346168.98020412,80516158.6708259,79441451.9861921,94283219.45829488,280218833.1331063,242294812.8703553,240826465.81907317,235247080.33285367
2026-04-22,5897242562.252137,5778261778.404577,5791285237.377903,6179155588.691144,95536925.99043961,78123720.06152256,77083045.2298796,91553742.63406296,286774936.9928697,247757824.2632858,246255502.25561,240907409.94709328
2026-04-23,5899785828.992946,5775968831.387505,5788876658.965293,6182324558.960659,98476669.17449003,80143335.28163654,79074194.21398598,93964877.1421567,280340600.44742435,241543894.66487187,240065695.27378055,235133688.21510014
2026-04-24,5784664216.011605,5675097482.272748,5687202685.732949,6064950126.275166,99840860.51125558,81316041.11034997,80264666.48131621,95367056.80465095,282921606.9871362,244272358.0221579,242793868.1543726,237133824.76729745
2026-04-27,5842217893.800759,5727493207.962548,5739784793.677465,6125048915.688678,99802153.25893608,81282521.23334637,80237332.86354962,95001032.58201487,285249668.4904519,245702776.0754591,244191660.52124134,239337171.79599527
2026-04-28,5483822295.960315,5376345837.594444,5387405603.743287,5750602522.587018,101572879.6111862,82659072.56403328,81590856.34964798,96695357.80580387,278609066.44046277,240038641.97710454,238583040.28147227,233018762.85813785
2026-04-29,5504311668.31996,5390109069.954142,5401635360.095919,5765890735.215662,103307627.86258768,83924077.15974723,82853378.10206822,98199375.18256688,272725547.30588824,234283207.7643047,232833406.87670094,226955368.9015099
2026-04-30,5734217111.212757,5617406887.452208,5629171462.997498,6009541737.448136,101609159.4533567,82576577.6655912,81569438.43541178,96731982.06040423,277385117.9189949,238150357.75669554,236649427.0779458,230866782.76333123
2026-05-01,5718374811.9098835,5589437039.380205,5600243752.389281,5959950609.353982,99758131.55140217,80516938.67663138,79529766.850007,94616654.31979617,272233117.41353774,233298329.74477214,231825191.75247023,225794688.87703785
2026-05-04,5802533495.834709,5668264578.259667,5678956762.4931345,6036677955.573801,99500529.35800466,80248198.85194096,79270082.31956525,94395607.8183164,272314671.4085408,232602614.49392635,231129543.55174673,225106930.21429738
2026-05-05,5884487662.877751,5751447546.462943,5763435368.098196,6130584539.49104,99159314.41966379,79852077.99545938,78885083.38870884,93767044.72306171,262391435.60412133,224984385.7058213,223536384.1053043,216940205.22378755
2026-05-06,6065338942.0826435,5925198070.698174,5938427024.579251,6344912135.526124,97442647.77520938,78368363.95573027,77423075.18209454,92343433.09843585,250908304.08665168,215229725.36761177,213817728.29011843,207949964.5072597
2026-05-07,5828912683.354502,5690566278.651299,5703488343.999481,6086887236.284052,97516260.21445167,78125315.68089671,77172886.3438293,92377766.10319778,258875369.27855927,223290744.85655007,221866099.18539062,215588771.67032665
2026-05-08,6068930871.819102,5924427231.329406,5938116701.133352,6338732094.884951,96552694.99842674,77482144.90093933,76545712.62102802,91804767.52415004,251389268.68514296,216019615.24119583,214605120.52169767,209583434.36280075
2026-05-11,6552338841.4881115,6378010264.295697,6393165221.144148,6857198516.929226,96359242.90288381,77396478.40954544,76466010.75351033,91287334.18507472,236579119.67232674,203931754.87189785,202571569.67799446,198266725.07592344
2026-05-12,6525352727.7029915,6359323424.236279,6374270814.62424,6823491393.7845335,98409622.70410614,78937803.00526737,77980238.2981257,93648563.90165418,241886082.4919192,208321799.62394702,206922690.58602172,202134906.40658122
2026-05-13,6692299812.986281,6503732489.043021,6518993583.341203,6991708301.997479,97831581.5760215,77989264.08603224,77051983.41511938,92791298.8788603,230639087.44714344,199499237.39590985,198137607.20512655,193784611.86525822
2026-05-14,6645956749.573111,6458038311.021746,6473046845.976315,6957689548.70127,96623516.35214993,76910604.59338148,75978554.6015706,91854660.63136016,231956443.35197976,203893491.52715582,202548083.83248478,197701774.5917794
2026-05-15,6387084994.868565,6189160827.62044,6202331557.866455,6651969129.321453,98166610.09691924,78123210.59121895,77171515.99293703,92907906.14065292,245803136.32596824,214857647.09585065,213456104.82621384,208090330.3529625
2026-05-18,6137797464.785204,5946555027.707393,5958203474.46152,6363570495.091974,100904229.28398369,80008652.59488222,79038957.95046067,95217006.05686286,261206083.94900513,228053993.82458463,226584646.5243398,220769158.40957367
2026-05-19,6043241022.477479,5859430452.781849,5870815528.597599,6270061458.979834,101456801.27687733,80227332.45602833,79241639.4263225,95739709.96260822,260938354.9301081,227007991.2592119,225510641.15450054,219719664.21891373
2026-05-20,6140589658.369896,5962109853.0004,5974049126.837341,6383619826.507117,99253218.28355739,78638757.77324931,77676570.63636051,93898190.88450603,256627552.9306088,223713716.1401162,222258659.54965025,216735291.53777894
2026-05-21,6308468362.870054,6152646661.692222,6166670215.491383,6594010815.001282,95278522.85668069,76202573.9520904,75267631.6742612,90626023.7417631,238568073.04268616,209820695.76977578,208448439.4763613,203644301.3594079
2026-05-22,6267021967.721482,6106671835.139225,6120854309.859319,6554701559.055311,93673225.21993043,74904756.62066285,73971999.50200337,88813259.2842273,232927760.38422477,205269943.83905432,203908422.4266564,198848441.47202235
2026-05-26,6476020274.088049,6307095589.230138,6322069930.491243,6778270891.580642,92257553.11693211,73531155.48542158,72620873.47001413,87571892.16162181,222300523.6961137,196466161.40138036,195136324.4580707,190540590.52517846
2026-05-27,6418615896.870398,6250373144.00357,6264579565.392688,6713796486.382348,90497387.27735622,71904672.69888909,70990073.94955951,85812981.25206119,225093812.9431482,197111135.75792307,195822538.19546282,191643112.12785217
2026-05-28,6385911133.094593,6232269930.990007,6247259765.277351,6691459586.080446,86517710.07172693,68849231.55829112,67963363.61509025,82356582.31693375,229655038.46413225,200817051.51756096,199544872.1810234,195648681.40823364
2026-05-29,6143333973.847885,5970855806.889544,5984239740.655625,6411714882.113553,86840121.90323748,69004267.31923698,68103728.22034065,82324686.88458832,239585510.6925556,207643121.89397958,206366298.40126166,201997654.29753906
2026-06-01,6101589698.153429,5916913738.538129,5929159418.144359,6359261140.745577,85353377.14023212,68192711.64209382,67301946.539424,81301875.24412382,238313330.09738368,205055631.49717483,203795315.21661994,200787734.38823327
2026-06-02,6542387837.6144,6354024375.199104,6367553249.033809,6822585496.396924,87226932.99043928,69380639.58870465,68475382.67439479,82789687.82862541,233414568.5029085,201123047.99249926,199911238.72420913,194665413.9176747
2026-06-03,6523161235.994256,6363456491.582299,6377703169.873791,6830502628.64208,88026124.99286719,70020078.35333562,69084484.34407471,83554074.37910722,237449919.4225583,206706999.10267398,205471540.29917213,199794993.4704976
2026-06-04,6487891989.012245,6321075061.580604,6335546597.370481,6782402487.360681,87184254.35725603,69283208.51144621,68349748.18140507,82754588.70877375,235975171.06590632,205560020.44959182,204319715.689516,198680633.41510722
2026-06-05,6002340078.112305,5849951690.943469,5864384617.851293,6276493896.928532,90881908.39409728,72147918.46283172,71159741.81314349,85717804.3348221,256287631.88204855,222483361.1909601,221165268.1024023,215352701.36157486
2026-06-08,6145672429.235801,5996503516.700613,6011134614.664762,6438588941.162822,89016476.7372597,70296789.30404621,69347164.64043258,83778295.19282216,254354740.39254117,220546731.3797305,219228652.80593756,213659329.36813042
2026-06-09,5977092413.964093,5835477332.073565,5850443047.557346,6269242154.546439,90527868.85547256,71482283.27345172,70508140.08978486,84914537.7874017,264304201.50374603,228524312.68571573,227202118.4052567,221749517.88743275
2026-06-10,5848720377.566803,5722557770.3657875,5737492809.085464,6149482508.1258745,92502154.96001028,73188003.40277086,72195519.49718894,86797273.41577779,270651775.35755116,234137589.62103784,232786434.51116318,227640958.1235227
2026-06-11,6159482666.163769,6021450578.660215,6036839476.535076,6479632107.012722,90836208.54091993,71679174.52705576,70731237.64555125,85320669.12775426,259250367.1685807,223072604.82865167,221799091.08079466,217656688.06018016
2026-06-12,6271479376.516189,6133065635.91734,6148643068.334883,6593899222.170143,90710237.26044989,71723959.80076467,70787178.68031783,85249647.41223474,262774038.3743951,226832896.98422837,225530951.28594434,219836638.23830736
2026-06-15,6466519821.984462,6320250814.437276,6337186542.980527,6799711771.336744,89127030.11761415,70313443.78409539,69391040.28529656,83947894.6310785,257173836.21034193,221898889.78103918,220645398.1953649,214878543.71715567
2026-06-16,6330770322.493414,6190264298.133817,6206865495.6097145,6661475195.758616,90360011.53005871,71218567.85274543,70281280.40530491,84907855.84634607,260471925.7715767,224295814.5393709,223019781.16294613,217287595.06480494
2026-06-17,6455656945.05095,6329328468.735964,6346392818.819721,6811589161.518207,89088841.75635858,70321928.33063897,69395358.46706468,83984507.95951314,257064993.4212209,221945396.454295,220683944.09649566,214255205.28644976
2026-06-18,6583511499.290693,6453233359.157494,6470800765.959,6945039965.107447,87301126.55316114,68807494.8557026,67901482.8058929,82255060.84845594,249403786.98375657,215433675.43800938,214212549.40673655,207792316.95011446
2026-06-22,6827690574.448726,6709810860.188478,6728781232.488028,7220364088.395919,87715574.30205557,69261175.96945766,68366767.28760754,82824414.43722159,246031934.19072038,212751142.37386173,211529861.62872347,204472613.0252044
2026-06-23,6505799938.129507,6405234829.080222,6424289213.15443,6891780683.632588,87965349.62493387,69719664.99029274,68813085.81446317,83072781.30758318,253728636.11598465,219731014.71737897,218487141.6430834,210995182.53561246
2026-06-24,6348274746.957915,6262198944.533345,6281887963.950117,6733635447.479616,86926316.8891621,68551263.22076172,67637685.44696061,82081169.22753811,261746696.27581608,227796878.2910276,226537259.68913764,218518092.76915607
2026-06-25,6555647985.147054,6430143091.255124,6451307690.758012,6909694382.959273,87545327.15704876,68792936.3087499,67898885.05279681,82437951.97417054,261047761.2708235,226848176.8133772,225604307.32773277,217758196.67767578
2026-06-26,6258330963.429034,6149137265.031216,6168856269.940567,6612555893.921638,85847094.61836784,67435334.68045227,66539873.37908676,81058950.79618797,263578904.6992311,229527167.65175995,228238898.9981545,220600940.42448553
2026-06-29,6498685618.93105,6372367463.250406,6392541521.22659,6854166853.294591,85133831.71464835,67179065.27463485,66300884.090634204,81021086.87636723,256491337.79144365,222859805.18967125,221615313.00096923,214533559.10748115
2026-06-30,6630244023.209922,6497460904.849114,6517677228.052589,7015280781.786206,85005325.45756142,66894656.41783655,66029132.41784144,80858649.93290448,250383648.59672824,217208846.91334167,216010864.53743243,208921700.20922616
2026-07-01,5902497188.263812,5892239357.974209,5910348160.46865,6245756891.688097,85044449.72454333,66979492.36776166,66098116.291239016,80653595.6440351,252498886.22526792,223602097.90563813,222377436.59819013,216647069.21522164
2026-07-02,5573543472.376775,5500827837.116931,5516757577.012669,5890589933.025575,86199312.02375296,68143709.07983658,67244285.80058049,81915475.78390063,254605660.41179404,224680040.62706253,223460939.854184,218795037.6789977
2026-07-06,5699830604.650315,5613704644.6818495,5630178449.878835,6028346051.351037,86337166.63771155,68042038.2393645,67152511.11200468,81805757.28051941,256400839.68087944,225110156.0728163,223894889.6828958,219005257.3901214
2026-07-07,5417049150.785518,5302718558.275032,5318301970.100155,5711691119.660622,87353694.25529644,68819348.56090437,67921168.02845968,82377591.48387663,251965233.77756616,220670752.66323027,219494008.19266662,216917656.6793566
2026-07-08,5687969785.649418,5507071503.394596,5523328343.5527935,5994948890.859297,87294407.1400103,68626724.10420235,67728588.35792457,82412273.35337171,257206748.24406263,223025267.41971317,221830680.67656863,219207778.82012078
2026-07-09,5741023034.079667,5578193670.522455,5594920488.601866,6047603525.8891,87060572.63283671,68484757.019049,67592205.70480315,82152855.31456974,255869965.10890597,221677062.69126496,220477947.26270092,218262304.521851
2026-07-10,5664684841.599359,5493126041.754549,5510371890.2026205,5968213292.584301,89034829.53671938,69894989.84111553,68990328.7665982,83892480.61389863,258210720.4246348,223520413.45341924,222307089.9021888,219263626.60851675
2026-07-13,5333985028.512626,5141366481.081703,5157682357.307712,5616046004.693809,90380305.67457634,70879091.11263432,69960038.4786687,84980301.99769458,260157173.79160312,225058597.57285616,223838610.0600135,220252490.51401106
2026-07-14,5596444241.901851,5396130571.747579,5414092639.111365,5896437477.800592,90019547.1812244,70670526.95258841,69763891.37873459,84725478.30385503,261351241.0013522,225635675.00954792,224400535.20707312,221437343.57902318
2026-07-15,5373266968.024987,5166557619.832237,5184333949.983936,5659217743.017126,90085920.24827375,70526993.74514532,69622142.43193094,84624174.301286,261031201.91655493,225749824.90390232,224506621.30870968,222153921.75442246
2026-07-16,4929994399.087474,4722500094.384339,4738148620.715728,5183740323.421412,92012595.20669194,72198511.82173252,71256740.6591893,85925634.88064194,258393727.5612625,224148324.94239917,222914359.9936655,219245285.2108741
2026-07-17,4974422101.057879,4792245184.392196,4808382838.123157,5231219625.697912,91621509.18862325,72268610.05539975,71336057.25456616,85467946.4010707,254880958.25688732,222822980.56296638,221615179.83110857,218724620.3341349
2026-07-20,5034757540.517305,4842470789.55657,4858736513.264085,5288061984.404523,91445931.88072999,71927914.5839371,70988092.44345474,85045482.27714078,258774170.1247151,225963885.76956153,224741378.6774597,220841116.23687908
2026-07-21,5469101659.468494,5256176891.595913,5273934560.518921,5750231765.948906,90663829.86479758,71135328.51491067,70212855.14984637,84229092.94942872,261801308.92362028,227305685.9142411,226088919.09393594,221982738.31350413
2026-07-22,5604495384.748852,5385448226.516278,5403365160.2993965,5889350320.877207,92572069.53013033,72500805.88681476,71560299.68540096,85784156.47371446,264671633.43775836,229276817.49704623,228046851.7661676,224038752.41097468
2026-07-23,5604956468.275142,5378949912.7629385,5397043031.252841,5885601114.648588,93668594.4451442,73263526.08291622,72295524.27720243,86826654.98649433,264780654.82188776,229243694.3645909,227994178.31297663,224365562.63431123
2026-07-24,5232676714.136406,5003898665.220124,5020584043.386028,5482830958.107843,95057354.41085583,74344412.63404821,73365512.56517869,87999289.88988732,263283474.05568638,227259495.3062262,226038675.28704002,222713472.0312895
2026-07-27,4956285867.97352,4715730093.55553,4731548144.650074,5189116217.822137,94981995.2911306,73536591.30564246,72560090.85659,87242940.34762844,271110444.63070196,233648224.50840622,232407675.35747188,229019627.05269575
2026-07-28,4507540146.591394,4264653422.9992027,4279276172.9507203,4731282032.076427,95785525.54167755,73739474.72594179,72761513.81402536,87858394.26846604,272404038.2912593,234230128.97291243,232997359.85303673,230412547.2479355
2026-07-29,4176106702.192507,3934485798.1870174,3947820222.4661474,4371921148.665718,97485077.70312218,75267521.87458943,74276305.90302514,89459514.99952479,271670688.43241775,233067169.9680348,231838050.7746,229381192.4594029
2026-07-30,4796550653.693896,4543669321.481457,4560118817.092822,5035038090.36182,96608872.76288801,74467274.22824904,73489784.72603571,88806625.36115114,272720775.5452082,232195682.31784132,230976487.2505524,228834598.2082518
2026-07-31,4831849748.418743,4573888063.927679,4590855297.608578,5060175552.324478,97183356.8190023,75025761.50626844,74033619.3068293,89272834.23093896,273582291.9218076,234652904.3907326,233416449.7555834,227672256.88764885
2026-08-03,4966796844.993732,4696943755.705372,4714554231.658275,5208312593.869084,93952504.91160762,71873164.82792866,70912364.01437019,86471822.62886812,284720175.2805337,243704342.21008453,242444188.65645248,236549212.222978
2026-08-04,5154068931.025574,4862587400.083341,4881051574.589625,5404206518.570871,90833462.29462534,69069998.91919339,68136880.3721921,83272515.13198486,297621159.37873316,254277490.56168094,252962579.34358877,246917969.30173346
2026-08-05,5103302201.209853,4819065056.407695,4836753683.168445,5343600461.590833,91883888.04308017,70140858.47422814,69182163.35365582,84307472.96674803,292505252.97988147,250367460.6808741,249081901.35634986,243139666.27159476
2026-08-06,5039949753.66599,4765552804.94873,4783695563.78286,5278574176.016747,93405994.68733735,71877518.6132109,70890253.16292283,85451910.25657594,290282002.9579375,248627587.70443878,247379071.28475124,241357455.78779542
2026-08-07,5107931526.804353,4836060125.423784,4855242168.292991,5353962023.656541,90412336.06987977,69769587.00710031,68796043.2304032,83210365.05587451,300193898.2671038,257362835.67711204,256064237.58645782,249855716.67587712
2026-08-10,4986488862.997629,4721824802.120085,4740464560.176603,5218123571.055333,92119332.6669561,71289650.86120053,70293989.4981252,84530974.1399004,286792924.92046946,245462576.67068458,244188114.91636485,238226449.71858495
2026-08-11,5013077454.938278,4740145637.500516,4759182922.138837,5250548818.188613,91163495.77314255,70522503.29440276,69517577.15478565,83651560.3734694,290225655.1693241,248338884.89429533,247067583.98337874,241029910.01676315
2026-08-12,5277971660.512528,4987067797.526471,5007638718.673314,5522973534.968034,90589515.99162939,69867080.39456035,68883106.2225963,82976934.11435771,298830086.27479386,255441450.242121,254143593.62901944,247913381.1628439
2026-08-13,5090534152.947996,4800427927.519448,4819881876.755939,5319879303.929847,90843718.29466853,70074043.50769442,69072926.71274446,83308317.97199307,293210762.20308876,250201925.8147816,248959268.5443818,242914003.22490323
2026-08-14,5270420413.391797,4966754462.553077,4987431589.985279,5504333459.8213825,91257588.20401663,70427399.99777131,69421900.00245038,83334439.62884371,304224181.2943555,259537880.12347215,258251921.9207944,251943638.38071027
2026-08-17,5303850139.439746,5003678997.459706,5024122664.070451,5542362457.849442,94309821.64255069,72852876.10516432,71833266.93092027,86571634.76716313,313871462.1302218,268194365.38734502,266870941.93031898,260338744.59521252
2026-08-18,5033023410.597158,4748780721.184526,4768537773.644277,5250581293.598505,95957676.01302242,74416174.81009075,73357046.1910478,88112314.32061993,294323407.22170484,251237219.0936546,250025278.67681354,243905210.43239453
2026-08-19,4896526475.8551235,4630164523.722068,4648102472.597889,5112879454.3327875,91273411.18084046,70775728.3785591,69743912.85898726,84062186.57690911,281744479.1751791,241434544.68231922,240242829.88857153,234381217.33743563
2026-08-20,4822541190.137297,4548087568.396684,4565378962.109838,5026963653.636755,94814060.58730419,73676716.23144653,72617068.46137978,86588763.45909366,279072919.4653879,239416218.64323416,238214280.00843462,232357932.80232763
2026-08-21,4768367857.127874,4493403754.055161,4510070219.363058,4966617076.415987,93382589.09526113,72950533.75363632,71900882.1103581,85727875.72304425,282537328.1435498,242425466.46092844,241227743.19353008,235337198.10247
2026-08-24,4502743888.117483,4233021184.27186,4248383812.971503,4681282890.070601,95294579.25108305,74914460.73661646,73831136.00662914,87261223.6031681,276513019.16948134,237086889.2901084,235966547.1259742,230206062.1475714
2026-08-25,4645533947.627605,4370690457.656462,4386059453.805899,4830840408.659942,93213833.49335748,73381273.11494094,72324890.06410906,85334114.59045848,283414052.4748183,243385714.7297772,242230275.76179403,236364412.18987405
2026-08-26,4817087272.730953,4543112111.911673,4558978774.164365,5014148468.048194,91095915.66483256,71961273.1034426,70929214.74626599,83556654.59680137,274740505.33923256,235972977.19547448,234830588.94872406,229127880.58829814
2026-08-27,4860135058.688908,4582305373.507296,4598214385.307542,5063751211.87464,88290999.96660797,69398389.99808602,68403833.78621636,81058000.46231242,270792765.8074542,232967156.5091744,231806052.50499707,226234647.05887073
2026-08-28,4672380913.156299,4403252376.662517,4419070501.163014,4868922746.441347,90291037.96986286,71245056.46104908,70220327.5527283,82732725.35332276,255124300.10775214,218974481.70590723,217908452.4504352,212643430.50110704
2026-08-31,4583518846.766001,4323954602.134506,4338653237.361,4779468424.234745,90186169.04049695,71533624.73561132,70510783.04535179,82569725.21729575,255805624.62025413,220055873.09674242,218991162.81156546,213684999.68499905
2026-09-01,4634668911.631218,4370684675.847899,4385472967.528887,4829296967.386068,90459912.00279967,71917974.90017253,70910063.0051403,83040611.53120705,262379497.81431112,226938486.45632893,225867099.48551595,220711682.52480453
2026-09-02,4644379673.944355,4380810491.595842,4395614626.180062,4844192825.115115,88755269.9983333,70313178.10735819,69327592.98725475,81492281.1933508,258733252.40045062,224143324.92141545,223085464.5760601,218081322.3369263
2026-09-03,4561638170.029584,4288363552.063113,4302776924.733165,4745276883.918695,89024520.39115961,70185389.65786992,69212527.33669187,81361804.00280945,254541753.22360346,218692398.43710563,217677273.77299866,213005802.2140362
2026-09-04,4686605778.085449,4408970732.017187,4424222304.664706,4879533283.308267,88466733.4889612,69781189.17883031,68814385.31152567,80931984.43186854,262488117.7517706,225719534.2882022,224675250.5510494,220419059.75261557
2026-09-08,4921606290.625515,4629716224.368831,4646338152.487343,5135294272.9137125,88115575.13519482,69664713.65925154,68717989.35363011,80624091.27798805,267641584.2618991,229708934.49646235,228668098.1550794,224286082.06952262
2026-09-09,4996040994.894875,4697809343.87429,4714372516.698845,5212628294.404202,89768970.16103175,71037449.49279976,70063760.74340871,81791546.7985616,263840866.1941255,226073356.72711387,225050601.584919,220827709.41446233
2026-09-10,4918908192.206432,4618678470.694252,4634858020.092544,5120953616.951768,91475041.94938862,72616693.70707692,71627808.43040343,82806262.41037188,268292468.26375479,229437650.6037547,228397547.93930313,224029212.29639778
2026-09-11,4939109541.171768,4644290151.336788,4660398305.68666,5139302242.817848,91806579.34576917,72913731.70113616,71927477.6364025,83097141.40440422,270943850.11678964,231469606.49099058,230428117.0661531,226259528.67062995
2026-09-14,4725536396.716276,4433801752.203743,4448619970.940348,4910386576.453184,91107810.53410053,72057601.81455572,71088425.38651504,82376333.79496092,265321018.9845157,227236775.19267723,226178449.76688784,222093173.6487458
2026-09-15,4812342047.474366,4524213497.92712,4539324299.893387,5001284057.536953,91973106.36972085,73283269.69902636,72294355.4598343,82846087.38403209,262329291.2783869,224359603.17251515,223307579.30231878,219461267.63394922
2026-09-16,4860100628.429256,4568440263.6108465,4584073505.804983,5049805192.866959,93404145.85972114,74298255.66616718,73299557.26284097,84096919.80833437,267802056.03731447,229146040.6531835,228079586.83487505,224499569.31940016
2026-09-17,4938921427.099001,4634790336.328294,4650753548.200557,5133387110.510672,93127560.86066136,74281709.37759212,73287819.6140899,84156824.25718296,263381321.93245703,224353347.79376954,223289738.06276783,219303363.560267
